total number of nestable workpieces：376
Processing color group: 0 (1/2), boxes: 167
Allocated time: 266.5s
searchTime: 1000
Start nesting on the 1th large board, remaining blocks count: 175
Utilization of the 1th large board: 97.95646331631282, Time taken for this board: 1.0s
-------------------------------------------------------------------
Start nesting on the 2th large board, remaining blocks count: 174
Utilization of the 2th large board: 98.59312012899758, Time taken for this board: 2.004s
-------------------------------------------------------------------
Start nesting on the 3th large board, remaining blocks count: 164
Utilization of the 3th large board: 99.14041924213922, Time taken for this board: 3.005s
-------------------------------------------------------------------
Start nesting on the 4th large board, remaining blocks count: 153
Utilization of the 4th large board: 98.53859849502821, Time taken for this board: 4.009s
-------------------------------------------------------------------
Start nesting on the 5th large board, remaining blocks count: 144
Utilization of the 5th large board: 97.89562617575919, Time taken for this board: 5.013s
-------------------------------------------------------------------
Start nesting on the 6th large board, remaining blocks count: 134
Utilization of the 6th large board: 98.70834453104004, Time taken for this board: 6.014s
-------------------------------------------------------------------
Start nesting on the 7th large board, remaining blocks count: 115
Utilization of the 7th large board: 98.8616131416286, Time taken for this board: 6.878s
-------------------------------------------------------------------
Start nesting on the 8th large board, remaining blocks count: 102
Utilization of the 8th large board: 98.10255979575383, Time taken for this board: 7.878s
-------------------------------------------------------------------
Start nesting on the 9th large board, remaining blocks count: 90
Utilization of the 9th large board: 97.69917360924482, Time taken for this board: 8.847s
-------------------------------------------------------------------
Start nesting on the 10th large board, remaining blocks count: 81
Utilization of the 10th large board: 98.68630744423541, Time taken for this board: 9.595s
-------------------------------------------------------------------
Start nesting on the 11th large board, remaining blocks count: 77
Utilization of the 11th large board: 97.62678043536684, Time taken for this board: 10.478s
-------------------------------------------------------------------
Start nesting on the 12th large board, remaining blocks count: 68
Utilization of the 12th large board: 96.89223327062618, Time taken for this board: 11.071s
-------------------------------------------------------------------
Start nesting on the 13th large board, remaining blocks count: 50
Utilization of the 13th large board: 95.34049986562752, Time taken for this board: 11.143s
-------------------------------------------------------------------
Start nesting on the 14th large board, remaining blocks count: 42
Utilization of the 14th large board: 98.57146936307444, Time taken for this board: 11.184000000000001s
-------------------------------------------------------------------
Start nesting on the 15th large board, remaining blocks count: 36
Utilization of the 15th large board: 97.79226014512228, Time taken for this board: 11.224s
-------------------------------------------------------------------
Start nesting on the 16th large board, remaining blocks count: 22
Utilization of the 16th large board: 95.97174818597152, Time taken for this board: 11.234s
-------------------------------------------------------------------
Start nesting on the 17th large board, remaining blocks count: 14
Utilization of the 17th large board: 93.74852190271432, Time taken for this board: 11.236s
-------------------------------------------------------------------
Start nesting on the 18th large board, remaining blocks count: 6
Utilization of the 18th large board: 71.75730650362806, Time taken for this board: 11.236s
-------------------------------------------------------------------
Start nesting on the 19th large board, remaining blocks count: 2
Utilization of the 19th large board: 23.586367911851653, Time taken for this board: 11.236s
-------------------------------------------------------------------
Found solution: 19


Start improving solution by repacking.
Selecting boards with low utilization for repacking...
iter43		 Improve solution by repack 0.23586367911851652->0.1194840096748186 , unplacedBoxesSize:1
currentRepackCostTime:0.389s , currentRepackMaxTime:255.25336170212768s
iter13		 Improve solution by repack 0.1194840096748186->0.09837274926095137 , unplacedBoxesSize:2
currentRepackCostTime:0.512s , currentRepackMaxTime:255.25336170212768s
iter40		 Improve solution by repack 0.09837274926095137->0.09608640150497177 , unplacedBoxesSize:2
currentRepackCostTime:0.9560000000000001s , currentRepackMaxTime:255.25336170212768s
iter7		 Improve solution by repack 0.09608640150497177->0.09505845202902445 , unplacedBoxesSize:2
currentRepackCostTime:1.041s , currentRepackMaxTime:255.25336170212768s
iter31		 Improve solution by repack 0.09505845202902445->0.08631281913464123 , unplacedBoxesSize:2
currentRepackCostTime:1.4020000000000001s , currentRepackMaxTime:255.25336170212768s
iter14		 Improve solution by repack 0.08631281913464123->0.04671459285138403 , unplacedBoxesSize:1
currentRepackCostTime:1.542s , currentRepackMaxTime:255.25336170212768s
iter44		 Improve solution by repack 0.04671459285138403->0.03959822628325719 , unplacedBoxesSize:1
currentRepackCostTime:1.972s , currentRepackMaxTime:255.25336170212768s
iter149		 Improve solution by repack 0.03959822628325719->0.026746170384305296 , unplacedBoxesSize:2
currentRepackCostTime:3.491s , currentRepackMaxTime:255.25336170212768s
iter1		 Improve solution by repack 0.026746170384305296->0.025436374630475676 , unplacedBoxesSize:2
currentRepackCostTime:3.495s , currentRepackMaxTime:255.25336170212768s
iter3		 Improve solution by repack 0.025436374630475676->0.02043872614888471 , unplacedBoxesSize:2
currentRepackCostTime:3.5220000000000002s , currentRepackMaxTime:255.25336170212768s
iter10		 Improve solution by repack 0.02043872614888471->0.015217011556033324 , unplacedBoxesSize:1
currentRepackCostTime:3.6390000000000002s , currentRepackMaxTime:255.25336170212768s
iter7		 Improve solution by repack 0.015217011556033324->0.009683552808384843 , unplacedBoxesSize:1
currentRepackCostTime:3.71s , currentRepackMaxTime:255.25336170212768s
iter14		 Improve solution by repack 0.009683552808384843->0.0 , unplacedBoxesSize:0
currentRepackCostTime:3.886s , currentRepackMaxTime:255.25336170212768s
Improved success.
Found solution 18
Start improving solution by repacking.
Selecting boards with low utilization for repacking...
iter1		 Improve solution by repack 0.9597174818597152->0.9591642031711906 , unplacedBoxesSize:9
currentRepackCostTime:0.004s , currentRepackMaxTime:251.36736170212768s
iter4		 Improve solution by repack 0.9591642031711906->0.9472547702230584 , unplacedBoxesSize:8
currentRepackCostTime:0.042s , currentRepackMaxTime:251.36736170212768s
iter19		 Improve solution by repack 0.9472547702230584->0.9466393442622951 , unplacedBoxesSize:11
currentRepackCostTime:0.3s , currentRepackMaxTime:251.36736170212768s
iter9		 Improve solution by repack 0.9466393442622951->0.9368101652781511 , unplacedBoxesSize:8
currentRepackCostTime:0.486s , currentRepackMaxTime:251.36736170212768s
iter11		 Improve solution by repack 0.9368101652781511->0.9346146869121205 , unplacedBoxesSize:8
currentRepackCostTime:0.656s , currentRepackMaxTime:251.36736170212768s
iter3		 Improve solution by repack 0.9346146869121205->0.9264297231926901 , unplacedBoxesSize:9
currentRepackCostTime:0.721s , currentRepackMaxTime:251.36736170212768s
iter10		 Improve solution by repack 0.9264297231926901->0.9237422735823703 , unplacedBoxesSize:7
currentRepackCostTime:0.902s , currentRepackMaxTime:251.36736170212768s
iter2		 Improve solution by repack 0.9237422735823703->0.9232477828540715 , unplacedBoxesSize:6
currentRepackCostTime:0.919s , currentRepackMaxTime:251.36736170212768s
iter16		 Improve solution by repack 0.9232477828540715->0.9226437785541521 , unplacedBoxesSize:8
currentRepackCostTime:1.129s , currentRepackMaxTime:251.36736170212768s
iter5		 Improve solution by repack 0.9226437785541521->0.9178026740123623 , unplacedBoxesSize:11
currentRepackCostTime:1.183s , currentRepackMaxTime:251.36736170212768s
iter12		 Improve solution by repack 0.9178026740123623->0.9166991400161246 , unplacedBoxesSize:12
currentRepackCostTime:1.3880000000000001s , currentRepackMaxTime:251.36736170212768s
iter5		 Improve solution by repack 0.9166991400161246->0.9164381214727224 , unplacedBoxesSize:12
currentRepackCostTime:1.481s , currentRepackMaxTime:251.36736170212768s
iter4		 Improve solution by repack 0.9164381214727224->0.9035350040311744 , unplacedBoxesSize:11
currentRepackCostTime:1.558s , currentRepackMaxTime:251.36736170212768s
iter12		 Improve solution by repack 0.9035350040311744->0.8944917360924483 , unplacedBoxesSize:14
currentRepackCostTime:1.7750000000000001s , currentRepackMaxTime:251.36736170212768s
iter1		 Improve solution by repack 0.8944917360924483->0.8926444504165547 , unplacedBoxesSize:10
currentRepackCostTime:1.793s , currentRepackMaxTime:251.36736170212768s
iter6		 Improve solution by repack 0.8926444504165547->0.89128124160172 , unplacedBoxesSize:11
currentRepackCostTime:1.8880000000000001s , currentRepackMaxTime:251.36736170212768s
iter12		 Improve solution by repack 0.89128124160172->0.8870485084654662 , unplacedBoxesSize:11
currentRepackCostTime:2.077s , currentRepackMaxTime:251.36736170212768s
iter2		 Improve solution by repack 0.8870485084654662->0.8861287288363344 , unplacedBoxesSize:10
currentRepackCostTime:2.104s , currentRepackMaxTime:251.36736170212768s
iter3		 Improve solution by repack 0.8861287288363344->0.8811592985756518 , unplacedBoxesSize:13
currentRepackCostTime:2.15s , currentRepackMaxTime:251.36736170212768s
iter1		 Improve solution by repack 0.8811592985756518->0.8720076928245095 , unplacedBoxesSize:17
currentRepackCostTime:2.172s , currentRepackMaxTime:251.36736170212768s
iter2		 Improve solution by repack 0.8720076928245095->0.8669678849771567 , unplacedBoxesSize:13
currentRepackCostTime:2.206s , currentRepackMaxTime:251.36736170212768s
iter28		 Improve solution by repack 0.8669678849771567->0.866050288900833 , unplacedBoxesSize:15
currentRepackCostTime:2.712s , currentRepackMaxTime:251.36736170212768s
iter4		 Improve solution by repack 0.866050288900833->0.8653448333781242 , unplacedBoxesSize:17
currentRepackCostTime:2.794s , currentRepackMaxTime:251.36736170212768s
iter4		 Improve solution by repack 0.8653448333781242->0.8574643912926632 , unplacedBoxesSize:15
currentRepackCostTime:2.9290000000000003s , currentRepackMaxTime:251.36736170212768s
iter4		 Improve solution by repack 0.8574643912926632->0.8559338887395862 , unplacedBoxesSize:14
currentRepackCostTime:3.017s , currentRepackMaxTime:251.36736170212768s
iter2		 Improve solution by repack 0.8559338887395862->0.8542710292932006 , unplacedBoxesSize:15
currentRepackCostTime:3.0500000000000003s , currentRepackMaxTime:251.36736170212768s
iter8		 Improve solution by repack 0.8542710292932006->0.8533583042192959 , unplacedBoxesSize:13
currentRepackCostTime:3.217s , currentRepackMaxTime:251.36736170212768s
iter69		 Improve solution by repack 0.8533583042192959->0.8529918032786885 , unplacedBoxesSize:13
currentRepackCostTime:4.4350000000000005s , currentRepackMaxTime:251.36736170212768s
iter15		 Improve solution by repack 0.8529918032786885->0.8502102929320074 , unplacedBoxesSize:12
currentRepackCostTime:4.721s , currentRepackMaxTime:251.36736170212768s
iter3		 Improve solution by repack 0.8502102929320074->0.8476975275463585 , unplacedBoxesSize:13
currentRepackCostTime:4.761s , currentRepackMaxTime:251.36736170212768s
iter14		 Improve solution by repack 0.8476975275463585->0.8469316044074173 , unplacedBoxesSize:13
currentRepackCostTime:5.051s , currentRepackMaxTime:251.36736170212768s
iter20		 Improve solution by repack 0.8469316044074173->0.8435655737704918 , unplacedBoxesSize:13
currentRepackCostTime:5.464s , currentRepackMaxTime:251.36736170212768s
iter20		 Improve solution by repack 0.8435655737704918->0.841345068529965 , unplacedBoxesSize:12
currentRepackCostTime:5.819s , currentRepackMaxTime:251.36736170212768s
iter29		 Improve solution by repack 0.841345068529965->0.8409889814565976 , unplacedBoxesSize:11
currentRepackCostTime:6.331s , currentRepackMaxTime:251.36736170212768s
iter2		 Improve solution by repack 0.8409889814565976->0.8389969094329481 , unplacedBoxesSize:12
currentRepackCostTime:6.362s , currentRepackMaxTime:251.36736170212768s
iter2		 Improve solution by repack 0.8389969094329481->0.8335615425960763 , unplacedBoxesSize:12
currentRepackCostTime:6.407s , currentRepackMaxTime:251.36736170212768s
iter14		 Improve solution by repack 0.8335615425960763->0.8305079279763504 , unplacedBoxesSize:12
currentRepackCostTime:6.65s , currentRepackMaxTime:251.36736170212768s
iter5		 Improve solution by repack 0.8305079279763504->0.8295881483472185 , unplacedBoxesSize:11
currentRepackCostTime:6.75s , currentRepackMaxTime:251.36736170212768s
iter24		 Improve solution by repack 0.8295881483472185->0.8258754367105617 , unplacedBoxesSize:11
currentRepackCostTime:7.175s , currentRepackMaxTime:251.36736170212768s
iter2		 Improve solution by repack 0.8258754367105617->0.8237422735823703 , unplacedBoxesSize:12
currentRepackCostTime:7.208s , currentRepackMaxTime:251.36736170212768s
iter1		 Improve solution by repack 0.8237422735823703->0.8174585124966407 , unplacedBoxesSize:13
currentRepackCostTime:7.229s , currentRepackMaxTime:251.36736170212768s
iter11		 Improve solution by repack 0.8174585124966407->0.8158732531577533 , unplacedBoxesSize:13
currentRepackCostTime:7.471s , currentRepackMaxTime:251.36736170212768s
iter38		 Improve solution by repack 0.8158732531577533->0.8132798642837947 , unplacedBoxesSize:14
currentRepackCostTime:8.168000000000001s , currentRepackMaxTime:251.36736170212768s
iter3		 Improve solution by repack 0.8132798642837947->0.8123926699811878 , unplacedBoxesSize:13
currentRepackCostTime:8.258000000000001s , currentRepackMaxTime:251.36736170212768s
iter11		 Improve solution by repack 0.8123926699811878->0.8036732397205052 , unplacedBoxesSize:13
currentRepackCostTime:8.455s , currentRepackMaxTime:251.36736170212768s
iter26		 Improve solution by repack 0.8036732397205052->0.7978078809459823 , unplacedBoxesSize:14
currentRepackCostTime:8.926s , currentRepackMaxTime:251.36736170212768s
iter15		 Improve solution by repack 0.7978078809459823->0.7970419578070411 , unplacedBoxesSize:14
currentRepackCostTime:9.23s , currentRepackMaxTime:251.36736170212768s
iter3		 Improve solution by repack 0.7970419578070411->0.7961777747917226 , unplacedBoxesSize:14
currentRepackCostTime:9.292s , currentRepackMaxTime:251.36736170212768s
iter8		 Improve solution by repack 0.7961777747917226->0.7953594463853804 , unplacedBoxesSize:14
currentRepackCostTime:9.484s , currentRepackMaxTime:251.36736170212768s
iter6		 Improve solution by repack 0.7953594463853804->0.7932632356893309 , unplacedBoxesSize:14
currentRepackCostTime:9.605s , currentRepackMaxTime:251.36736170212768s
iter9		 Improve solution by repack 0.7932632356893309->0.7929266326256382 , unplacedBoxesSize:13
currentRepackCostTime:9.816s , currentRepackMaxTime:251.36736170212768s
iter12		 Improve solution by repack 0.7929266326256382->0.7910709486697124 , unplacedBoxesSize:12
currentRepackCostTime:10.005s , currentRepackMaxTime:251.36736170212768s
iter5		 Improve solution by repack 0.7910709486697124->0.7889518946519752 , unplacedBoxesSize:15
currentRepackCostTime:10.105s , currentRepackMaxTime:251.36736170212768s
iter14		 Improve solution by repack 0.7889518946519752->0.7879037893039506 , unplacedBoxesSize:14
currentRepackCostTime:10.458s , currentRepackMaxTime:251.36736170212768s
iter5		 Improve solution by repack 0.7879037893039506->0.7878191346412255 , unplacedBoxesSize:14
currentRepackCostTime:10.592s , currentRepackMaxTime:251.36736170212768s
iter10		 Improve solution by repack 0.7878191346412255->0.7871190540177372 , unplacedBoxesSize:12
currentRepackCostTime:10.806000000000001s , currentRepackMaxTime:251.36736170212768s
iter8		 Improve solution by repack 0.7871190540177372->0.7866494221983338 , unplacedBoxesSize:13
currentRepackCostTime:10.938s , currentRepackMaxTime:251.36736170212768s
iter29		 Improve solution by repack 0.7866494221983338->0.7843489653319001 , unplacedBoxesSize:13
currentRepackCostTime:11.534s , currentRepackMaxTime:251.36736170212768s
iter22		 Improve solution by repack 0.7843489653319001->0.782228903520559 , unplacedBoxesSize:9
currentRepackCostTime:11.967s , currentRepackMaxTime:251.36736170212768s
iter90		 Improve solution by repack 0.782228903520559->0.781770021499597 , unplacedBoxesSize:8
currentRepackCostTime:13.468s , currentRepackMaxTime:251.36736170212768s
Selecting boards with low utilization for repacking...
iter3		 Improve solution by repack 0.9795646331631281->0.7846027613544746 , unplacedBoxesSize:7
currentRepackCostTime:16.967s , currentRepackMaxTime:251.36736170212768s
iter55		 Improve solution by repack 0.7846027613544746->0.7839942219833378 , unplacedBoxesSize:7
currentRepackCostTime:17.772000000000002s , currentRepackMaxTime:251.36736170212768s
iter120		 Improve solution by repack 0.7839942219833378->0.7831977291050793 , unplacedBoxesSize:7
currentRepackCostTime:19.459s , currentRepackMaxTime:251.36736170212768s
iter3		 Improve solution by repack 0.7831977291050793->0.7822754299919377 , unplacedBoxesSize:6
currentRepackCostTime:19.494s , currentRepackMaxTime:251.36736170212768s
Selecting boards with low utilization for repacking...
iter3		 Improve solution by repack 0.983239048642838->0.7822754299919377 , unplacedBoxesSize:6
currentRepackCostTime:22.536s , currentRepackMaxTime:251.36736170212768s
Selecting boards with low utilization for repacking...
iter4		 Improve solution by repack 0.9837933351249664->0.9806211367911851 , unplacedBoxesSize:12
currentRepackCostTime:26.208000000000002s , currentRepackMaxTime:251.36736170212768s
iter1		 Improve solution by repack 0.9806211367911851->0.8075393039505508 , unplacedBoxesSize:6
currentRepackCostTime:26.214000000000002s , currentRepackMaxTime:251.36736170212768s
iter42		 Improve solution by repack 0.8075393039505508->0.8037795619457134 , unplacedBoxesSize:10
currentRepackCostTime:26.724s , currentRepackMaxTime:251.36736170212768s
iter5		 Improve solution by repack 0.8037795619457134->0.795831765654394 , unplacedBoxesSize:10
currentRepackCostTime:26.774s , currentRepackMaxTime:251.36736170212768s
iter22		 Improve solution by repack 0.795831765654394->0.7958183284063424 , unplacedBoxesSize:9
currentRepackCostTime:27.177s , currentRepackMaxTime:251.36736170212768s
iter64		 Improve solution by repack 0.7958183284063424->0.7936055495834453 , unplacedBoxesSize:13
currentRepackCostTime:28.225s , currentRepackMaxTime:251.36736170212768s
iter7		 Improve solution by repack 0.7936055495834453->0.7868388873958614 , unplacedBoxesSize:14
currentRepackCostTime:28.391000000000002s , currentRepackMaxTime:251.36736170212768s
iter12		 Improve solution by repack 0.7868388873958614->0.783778890083311 , unplacedBoxesSize:13
currentRepackCostTime:28.64s , currentRepackMaxTime:251.36736170212768s
Selecting boards with low utilization for repacking...
iter6		 Improve solution by repack 0.979650295619457->0.7931433082504703 , unplacedBoxesSize:13
currentRepackCostTime:33.774s , currentRepackMaxTime:251.36736170212768s
iter17		 Improve solution by repack 0.7931433082504703->0.7926142166084387 , unplacedBoxesSize:14
currentRepackCostTime:34.083s , currentRepackMaxTime:251.36736170212768s
iter7		 Improve solution by repack 0.7926142166084387->0.7893462778822896 , unplacedBoxesSize:13
currentRepackCostTime:34.223s , currentRepackMaxTime:251.36736170212768s
iter13		 Improve solution by repack 0.7893462778822896->0.7882380408492341 , unplacedBoxesSize:10
currentRepackCostTime:34.476s , currentRepackMaxTime:251.36736170212768s
iter2		 Improve solution by repack 0.7882380408492341->0.7870454850846547 , unplacedBoxesSize:14
currentRepackCostTime:34.509s , currentRepackMaxTime:251.36736170212768s
iter4		 Improve solution by repack 0.7870454850846547->0.7841433754367106 , unplacedBoxesSize:12
currentRepackCostTime:34.59s , currentRepackMaxTime:251.36736170212768s
iter19		 Improve solution by repack 0.7841433754367106->0.7828628056973932 , unplacedBoxesSize:11
currentRepackCostTime:34.94s , currentRepackMaxTime:251.36736170212768s
iter23		 Improve solution by repack 0.7828628056973932->0.7827700886858372 , unplacedBoxesSize:8
currentRepackCostTime:35.407000000000004s , currentRepackMaxTime:251.36736170212768s
iter19		 Improve solution by repack 0.7827700886858372->0.7760286213383499 , unplacedBoxesSize:12
currentRepackCostTime:35.665s , currentRepackMaxTime:251.36736170212768s
iter12		 Improve solution by repack 0.7760286213383499->0.7734251545283526 , unplacedBoxesSize:13
currentRepackCostTime:35.929s , currentRepackMaxTime:251.36736170212768s
iter14		 Improve solution by repack 0.7734251545283526->0.770689330825047 , unplacedBoxesSize:10
currentRepackCostTime:36.215s , currentRepackMaxTime:251.36736170212768s
iter38		 Improve solution by repack 0.770689330825047->0.7693660978231659 , unplacedBoxesSize:7
currentRepackCostTime:36.857s , currentRepackMaxTime:251.36736170212768s
Selecting boards with low utilization for repacking...
iter10		 Improve solution by repack 0.9795646331631281->0.7796412254770223 , unplacedBoxesSize:9
currentRepackCostTime:40.395s , currentRepackMaxTime:251.36736170212768s
iter1		 Improve solution by repack 0.7796412254770223->0.7747692152647139 , unplacedBoxesSize:7
currentRepackCostTime:40.402s , currentRepackMaxTime:251.36736170212768s
iter55		 Improve solution by repack 0.7747692152647139->0.7699072829884439 , unplacedBoxesSize:10
currentRepackCostTime:41.206s , currentRepackMaxTime:251.36736170212768s
iter2		 Improve solution by repack 0.7699072829884439->0.7689183015318464 , unplacedBoxesSize:8
currentRepackCostTime:41.257s , currentRepackMaxTime:251.36736170212768s
iter68		 Improve solution by repack 0.7689183015318464->0.7672315909701694 , unplacedBoxesSize:7
currentRepackCostTime:42.323s , currentRepackMaxTime:251.36736170212768s
Selecting boards with low utilization for repacking...
iter14		 Improve solution by repack 0.9795646331631281->0.7961912120397743 , unplacedBoxesSize:8
currentRepackCostTime:44.418s , currentRepackMaxTime:251.36736170212768s
iter56		 Improve solution by repack 0.7961912120397743->0.7892868180596614 , unplacedBoxesSize:9
currentRepackCostTime:45.292s , currentRepackMaxTime:251.36736170212768s
iter13		 Improve solution by repack 0.7892868180596614->0.7874244154797098 , unplacedBoxesSize:9
currentRepackCostTime:45.526s , currentRepackMaxTime:251.36736170212768s
iter7		 Improve solution by repack 0.7874244154797098->0.7788675759204515 , unplacedBoxesSize:11
currentRepackCostTime:45.626s , currentRepackMaxTime:251.36736170212768s
iter55		 Improve solution by repack 0.7788675759204515->0.777753628056974 , unplacedBoxesSize:11
currentRepackCostTime:46.686s , currentRepackMaxTime:251.36736170212768s
Selecting boards with low utilization for repacking...
iter2		 Improve solution by repack 0.9801148884708412->0.7981295350712174 , unplacedBoxesSize:9
currentRepackCostTime:52.058s , currentRepackMaxTime:251.36736170212768s
iter71		 Improve solution by repack 0.7981295350712174->0.7975564364418166 , unplacedBoxesSize:9
currentRepackCostTime:53.143s , currentRepackMaxTime:251.36736170212768s
iter3		 Improve solution by repack 0.7975564364418166->0.7887342112335394 , unplacedBoxesSize:10
currentRepackCostTime:53.197s , currentRepackMaxTime:251.36736170212768s
iter86		 Improve solution by repack 0.7887342112335394->0.7860333243751679 , unplacedBoxesSize:10
currentRepackCostTime:54.813s , currentRepackMaxTime:251.36736170212768s
iter18		 Improve solution by repack 0.7860333243751679->0.7849690943294814 , unplacedBoxesSize:11
currentRepackCostTime:55.122s , currentRepackMaxTime:251.36736170212768s
iter63		 Improve solution by repack 0.7849690943294814->0.7814518946519753 , unplacedBoxesSize:11
currentRepackCostTime:56.355000000000004s , currentRepackMaxTime:251.36736170212768s
iter25		 Improve solution by repack 0.7814518946519753->0.7777269215264715 , unplacedBoxesSize:14
currentRepackCostTime:56.883s , currentRepackMaxTime:251.36736170212768s
iter131		 Improve solution by repack 0.7777269215264715->0.7767191279226016 , unplacedBoxesSize:14
currentRepackCostTime:59.344s , currentRepackMaxTime:251.36736170212768s
iter95		 Improve solution by repack 0.7767191279226016->0.7762085124966407 , unplacedBoxesSize:14
currentRepackCostTime:61.401s , currentRepackMaxTime:251.36736170212768s
iter10		 Improve solution by repack 0.7762085124966407->0.7750655065842516 , unplacedBoxesSize:14
currentRepackCostTime:61.584s , currentRepackMaxTime:251.36736170212768s
iter29		 Improve solution by repack 0.7750655065842516->0.7722991131416286 , unplacedBoxesSize:16
currentRepackCostTime:62.201s , currentRepackMaxTime:251.36736170212768s
iter1		 Improve solution by repack 0.7722991131416286->0.7687662926632626 , unplacedBoxesSize:16
currentRepackCostTime:62.234s , currentRepackMaxTime:251.36736170212768s
iter32		 Improve solution by repack 0.7687662926632626->0.7675399758129534 , unplacedBoxesSize:17
currentRepackCostTime:62.883s , currentRepackMaxTime:251.36736170212768s
iter7		 Improve solution by repack 0.7675399758129534->0.7674862268207471 , unplacedBoxesSize:16
currentRepackCostTime:63.009s , currentRepackMaxTime:251.36736170212768s
iter26		 Improve solution by repack 0.7674862268207471->0.7657141897339425 , unplacedBoxesSize:17
currentRepackCostTime:63.57s , currentRepackMaxTime:251.36736170212768s
Selecting boards with low utilization for repacking...
iter3		 Improve solution by repack 0.9823703305563021->0.980596613813491 , unplacedBoxesSize:13
currentRepackCostTime:68.394s , currentRepackMaxTime:251.36736170212768s
iter1		 Improve solution by repack 0.980596613813491->0.9785576793872615 , unplacedBoxesSize:9
currentRepackCostTime:68.421s , currentRepackMaxTime:251.36736170212768s
iter2		 Improve solution by repack 0.9785576793872615->0.976887261488847 , unplacedBoxesSize:8
currentRepackCostTime:68.45s , currentRepackMaxTime:251.36736170212768s
iter1		 Improve solution by repack 0.976887261488847->0.9736263773179252 , unplacedBoxesSize:10
currentRepackCostTime:68.46600000000001s , currentRepackMaxTime:251.36736170212768s
iter3		 Improve solution by repack 0.9736263773179252->0.7607894383230315 , unplacedBoxesSize:18
currentRepackCostTime:68.515s , currentRepackMaxTime:251.36736170212768s
iter27		 Improve solution by repack 0.7607894383230315->0.7586168032786885 , unplacedBoxesSize:18
currentRepackCostTime:69.157s , currentRepackMaxTime:251.36736170212768s
iter2		 Improve solution by repack 0.7586168032786885->0.7586060534802472 , unplacedBoxesSize:16
currentRepackCostTime:69.215s , currentRepackMaxTime:251.36736170212768s
iter14		 Improve solution by repack 0.7586060534802472->0.7561433418435904 , unplacedBoxesSize:16
currentRepackCostTime:69.46600000000001s , currentRepackMaxTime:251.36736170212768s
Selecting boards with low utilization for repacking...
iter4		 Improve solution by repack 0.9852045821015856->0.9851619188390218 , unplacedBoxesSize:11
currentRepackCostTime:74.179s , currentRepackMaxTime:251.36736170212768s
iter10		 Improve solution by repack 0.9851619188390218->0.7561433418435904 , unplacedBoxesSize:16
currentRepackCostTime:74.319s , currentRepackMaxTime:251.36736170212768s
Selecting boards with low utilization for repacking...
iter2		 Improve solution by repack 0.9853053614619727->0.9795646331631281 , unplacedBoxesSize:2
currentRepackCostTime:79.81700000000001s , currentRepackMaxTime:251.36736170212768s
iter6		 Improve solution by repack 0.9795646331631281->0.7561433418435904 , unplacedBoxesSize:16
currentRepackCostTime:79.849s , currentRepackMaxTime:251.36736170212768s
Selecting boards with low utilization for repacking...
iter1		 Improve solution by repack 0.9857146936307445->0.9839250201558721 , unplacedBoxesSize:13
currentRepackCostTime:85.462s , currentRepackMaxTime:251.36736170212768s
iter15		 Improve solution by repack 0.9839250201558721->0.7723442958882022 , unplacedBoxesSize:15
currentRepackCostTime:85.834s , currentRepackMaxTime:251.36736170212768s
iter5		 Improve solution by repack 0.7723442958882022->0.7678008263907552 , unplacedBoxesSize:15
currentRepackCostTime:85.906s , currentRepackMaxTime:251.36736170212768s
iter57		 Improve solution by repack 0.7678008263907552->0.7653421459285139 , unplacedBoxesSize:16
currentRepackCostTime:86.914s , currentRepackMaxTime:251.36736170212768s
iter14		 Improve solution by repack 0.7653421459285139->0.7628105683955926 , unplacedBoxesSize:16
currentRepackCostTime:87.2s , currentRepackMaxTime:251.36736170212768s
iter35		 Improve solution by repack 0.7628105683955926->0.7593335124966407 , unplacedBoxesSize:18
currentRepackCostTime:87.987s , currentRepackMaxTime:251.36736170212768s
iter25		 Improve solution by repack 0.7593335124966407->0.7583203439935502 , unplacedBoxesSize:17
currentRepackCostTime:88.64s , currentRepackMaxTime:251.36736170212768s
iter3		 Improve solution by repack 0.7583203439935502->0.7564995968825584 , unplacedBoxesSize:15
currentRepackCostTime:88.69500000000001s , currentRepackMaxTime:251.36736170212768s
Selecting boards with low utilization for repacking...
iter4		 Improve solution by repack 0.9874452432141897->0.7614068798710024 , unplacedBoxesSize:16
currentRepackCostTime:93.932s , currentRepackMaxTime:251.36736170212768s
iter7		 Improve solution by repack 0.7614068798710024->0.7583324375167966 , unplacedBoxesSize:17
currentRepackCostTime:94.09400000000001s , currentRepackMaxTime:251.36736170212768s
iter1		 Improve solution by repack 0.7583324375167966->0.7575794477291051 , unplacedBoxesSize:13
currentRepackCostTime:94.10300000000001s , currentRepackMaxTime:251.36736170212768s
iter14		 Improve solution by repack 0.7575794477291051->0.7566571486159634 , unplacedBoxesSize:12
currentRepackCostTime:94.357s , currentRepackMaxTime:251.36736170212768s
iter29		 Improve solution by repack 0.7566571486159634->0.7564090634238108 , unplacedBoxesSize:15
currentRepackCostTime:94.914s , currentRepackMaxTime:251.36736170212768s
iter2		 Improve solution by repack 0.7564090634238108->0.7526948400967481 , unplacedBoxesSize:14
currentRepackCostTime:94.93900000000001s , currentRepackMaxTime:251.36736170212768s
iter113		 Improve solution by repack 0.7526948400967481->0.7519302606826123 , unplacedBoxesSize:15
currentRepackCostTime:97.253s , currentRepackMaxTime:251.36736170212768s
iter62		 Improve solution by repack 0.7519302606826123->0.7505369860252621 , unplacedBoxesSize:10
currentRepackCostTime:98.586s , currentRepackMaxTime:251.36736170212768s
Selecting boards with low utilization for repacking...
iter4		 Improve solution by repack 0.9879165546895996->0.7739693630744424 , unplacedBoxesSize:10
currentRepackCostTime:101.35300000000001s , currentRepackMaxTime:251.36736170212768s
iter47		 Improve solution by repack 0.7739693630744424->0.7698516863746304 , unplacedBoxesSize:8
currentRepackCostTime:102.144s , currentRepackMaxTime:251.36736170212768s
iter36		 Improve solution by repack 0.7698516863746304->0.7654694638538028 , unplacedBoxesSize:10
currentRepackCostTime:102.58s , currentRepackMaxTime:251.36736170212768s
Selecting boards with low utilization for repacking...
iter1		 Improve solution by repack 0.9902324643912926->0.9792152647137866 , unplacedBoxesSize:9
currentRepackCostTime:105.526s , currentRepackMaxTime:251.36736170212768s
iter15		 Improve solution by repack 0.9792152647137866->0.7851701491534534 , unplacedBoxesSize:9
currentRepackCostTime:105.73700000000001s , currentRepackMaxTime:251.36736170212768s
Selecting boards with low utilization for repacking...
iter1		 Improve solution by repack 0.9917080421929589->0.9902017266863746 , unplacedBoxesSize:7
currentRepackCostTime:109.916s , currentRepackMaxTime:251.36736170212768s
iter7		 Improve solution by repack 0.9902017266863746->0.7909520290244557 , unplacedBoxesSize:9
currentRepackCostTime:110.03s , currentRepackMaxTime:251.36736170212768s
iter46		 Improve solution by repack 0.7909520290244557->0.7879884439666757 , unplacedBoxesSize:7
currentRepackCostTime:110.729s , currentRepackMaxTime:251.36736170212768s
iter11		 Improve solution by repack 0.7879884439666757->0.7710447460360118 , unplacedBoxesSize:10
currentRepackCostTime:110.84700000000001s , currentRepackMaxTime:251.36736170212768s
Selecting boards with low utilization for repacking...
iter3		 Improve solution by repack 0.9931332303144317->0.9907709621069605 , unplacedBoxesSize:9
currentRepackCostTime:114.131s , currentRepackMaxTime:251.36736170212768s
iter4		 Improve solution by repack 0.9907709621069605->0.8098357296425692 , unplacedBoxesSize:11
currentRepackCostTime:114.183s , currentRepackMaxTime:251.36736170212768s
iter3		 Improve solution by repack 0.8098357296425692->0.8028559191077668 , unplacedBoxesSize:15
currentRepackCostTime:114.226s , currentRepackMaxTime:251.36736170212768s
iter8		 Improve solution by repack 0.8028559191077668->0.7982627317925289 , unplacedBoxesSize:16
currentRepackCostTime:114.438s , currentRepackMaxTime:251.36736170212768s
iter3		 Improve solution by repack 0.7982627317925289->0.7926123689868315 , unplacedBoxesSize:15
currentRepackCostTime:114.511s , currentRepackMaxTime:251.36736170212768s
iter8		 Improve solution by repack 0.7926123689868315->0.7912048172534265 , unplacedBoxesSize:13
currentRepackCostTime:114.683s , currentRepackMaxTime:251.36736170212768s
iter17		 Improve solution by repack 0.7912048172534265->0.786019551195915 , unplacedBoxesSize:14
currentRepackCostTime:114.98400000000001s , currentRepackMaxTime:251.36736170212768s
iter6		 Improve solution by repack 0.786019551195915->0.7825540849234076 , unplacedBoxesSize:12
currentRepackCostTime:115.12s , currentRepackMaxTime:251.36736170212768s
iter19		 Improve solution by repack 0.7825540849234076->0.7736472050524053 , unplacedBoxesSize:14
currentRepackCostTime:115.498s , currentRepackMaxTime:251.36736170212768s
iter22		 Improve solution by repack 0.7736472050524053->0.7718654259607632 , unplacedBoxesSize:14
currentRepackCostTime:115.87s , currentRepackMaxTime:251.36736170212768s
iter1		 Improve solution by repack 0.7718654259607632->0.771309123891427 , unplacedBoxesSize:14
currentRepackCostTime:115.88s , currentRepackMaxTime:251.36736170212768s
iter45		 Improve solution by repack 0.771309123891427->0.7707383767804354 , unplacedBoxesSize:13
currentRepackCostTime:116.79s , currentRepackMaxTime:251.36736170212768s
iter7		 Improve solution by repack 0.7707383767804354->0.7697487234614352 , unplacedBoxesSize:12
currentRepackCostTime:116.888s , currentRepackMaxTime:251.36736170212768s
iter129		 Improve solution by repack 0.7697487234614352->0.7655126310131685 , unplacedBoxesSize:15
currentRepackCostTime:119.392s , currentRepackMaxTime:251.36736170212768s
iter7		 Improve solution by repack 0.7655126310131685->0.7582076390755174 , unplacedBoxesSize:14
currentRepackCostTime:119.507s , currentRepackMaxTime:251.36736170212768s
iter13		 Improve solution by repack 0.7582076390755174->0.7568706328943832 , unplacedBoxesSize:16
currentRepackCostTime:119.824s , currentRepackMaxTime:251.36736170212768s
iter19		 Improve solution by repack 0.7568706328943832->0.7531564095673207 , unplacedBoxesSize:15
currentRepackCostTime:120.28s , currentRepackMaxTime:251.36736170212768s
iter95		 Improve solution by repack 0.7531564095673207->0.7525651706530503 , unplacedBoxesSize:14
currentRepackCostTime:122.27s , currentRepackMaxTime:251.36736170212768s
Selecting boards with low utilization for repacking...
iter13		 Improve solution by repack 0.9944309325450148->0.7747420048374094 , unplacedBoxesSize:13
currentRepackCostTime:127.925s , currentRepackMaxTime:251.36736170212768s
iter16		 Improve solution by repack 0.7747420048374094->0.7702603466809997 , unplacedBoxesSize:13
currentRepackCostTime:128.217s , currentRepackMaxTime:251.36736170212768s
iter1		 Improve solution by repack 0.7702603466809997->0.7615785407148616 , unplacedBoxesSize:13
currentRepackCostTime:128.233s , currentRepackMaxTime:251.36736170212768s
iter68		 Improve solution by repack 0.7615785407148616->0.7525651706530503 , unplacedBoxesSize:14
currentRepackCostTime:129.498s , currentRepackMaxTime:251.36736170212768s
Selecting boards with low utilization for repacking...
All low-utilization boards have been repacked once. Restarting repacking process...
Selecting boards with low utilization for repacking...
Selecting boards with low utilization for repacking...
iter1		 Improve solution by repack 0.9795646331631281->0.7525651706530503 , unplacedBoxesSize:14
currentRepackCostTime:135.608s , currentRepackMaxTime:251.36736170212768s
Selecting boards with low utilization for repacking...
iter1		 Improve solution by repack 0.9795646331631281->0.7525651706530503 , unplacedBoxesSize:14
currentRepackCostTime:140.945s , currentRepackMaxTime:251.36736170212768s
Selecting boards with low utilization for repacking...
iter2		 Improve solution by repack 0.9795646331631281->0.7525651706530503 , unplacedBoxesSize:14
currentRepackCostTime:146.327s , currentRepackMaxTime:251.36736170212768s
Selecting boards with low utilization for repacking...
iter2		 Improve solution by repack 0.9838574979844129->0.7738937785541521 , unplacedBoxesSize:14
currentRepackCostTime:151.657s , currentRepackMaxTime:251.36736170212768s
iter51		 Improve solution by repack 0.7738937785541521->0.772235958075786 , unplacedBoxesSize:7
currentRepackCostTime:152.508s , currentRepackMaxTime:251.36736170212768s
iter6		 Improve solution by repack 0.772235958075786->0.7595995700080623 , unplacedBoxesSize:12
currentRepackCostTime:152.576s , currentRepackMaxTime:251.36736170212768s
iter122		 Improve solution by repack 0.7595995700080623->0.757067992475141 , unplacedBoxesSize:12
currentRepackCostTime:154.998s , currentRepackMaxTime:251.36736170212768s
Selecting boards with low utilization for repacking...
iter1		 Improve solution by repack 0.9789571015855952->0.7696378661650094 , unplacedBoxesSize:7
currentRepackCostTime:159.555s , currentRepackMaxTime:251.36736170212768s
iter5		 Improve solution by repack 0.7696378661650094->0.7677252418704649 , unplacedBoxesSize:11
currentRepackCostTime:159.629s , currentRepackMaxTime:251.36736170212768s
iter41		 Improve solution by repack 0.7677252418704649->0.7668029427573233 , unplacedBoxesSize:10
currentRepackCostTime:160.392s , currentRepackMaxTime:251.36736170212768s
iter10		 Improve solution by repack 0.7668029427573233->0.7570263370061812 , unplacedBoxesSize:12
currentRepackCostTime:160.567s , currentRepackMaxTime:251.36736170212768s
Selecting boards with low utilization for repacking...
iter1		 Improve solution by repack 0.9795646331631281->0.7570263370061812 , unplacedBoxesSize:12
currentRepackCostTime:164.06300000000002s , currentRepackMaxTime:251.36736170212768s
Selecting boards with low utilization for repacking...
iter5		 Improve solution by repack 0.9852045821015856->0.7722724066111261 , unplacedBoxesSize:10
currentRepackCostTime:168.633s , currentRepackMaxTime:251.36736170212768s
Selecting boards with low utilization for repacking...
iter6		 Improve solution by repack 0.9857403923676431->0.7781456597688794 , unplacedBoxesSize:14
currentRepackCostTime:173.183s , currentRepackMaxTime:251.36736170212768s
iter16		 Improve solution by repack 0.7781456597688794->0.7781355818328406 , unplacedBoxesSize:14
currentRepackCostTime:173.469s , currentRepackMaxTime:251.36736170212768s
iter18		 Improve solution by repack 0.7781355818328406->0.776399489384574 , unplacedBoxesSize:13
currentRepackCostTime:173.796s , currentRepackMaxTime:251.36736170212768s
iter36		 Improve solution by repack 0.776399489384574->0.7727949475947327 , unplacedBoxesSize:12
currentRepackCostTime:174.455s , currentRepackMaxTime:251.36736170212768s
Selecting boards with low utilization for repacking...
iter1		 Improve solution by repack 0.986384372480516->0.7860670854608977 , unplacedBoxesSize:13
currentRepackCostTime:178.19400000000002s , currentRepackMaxTime:251.36736170212768s
iter19		 Improve solution by repack 0.7860670854608977->0.7829294880408492 , unplacedBoxesSize:10
currentRepackCostTime:178.529s , currentRepackMaxTime:251.36736170212768s
iter10		 Improve solution by repack 0.7829294880408492->0.7818753359312013 , unplacedBoxesSize:15
currentRepackCostTime:178.704s , currentRepackMaxTime:251.36736170212768s
iter3		 Improve solution by repack 0.7818753359312013->0.7805384977156677 , unplacedBoxesSize:15
currentRepackCostTime:178.77100000000002s , currentRepackMaxTime:251.36736170212768s
iter6		 Improve solution by repack 0.7805384977156677->0.7738514512227895 , unplacedBoxesSize:14
currentRepackCostTime:178.882s , currentRepackMaxTime:251.36736170212768s
iter23		 Improve solution by repack 0.7738514512227895->0.7738413732867508 , unplacedBoxesSize:14
currentRepackCostTime:179.34300000000002s , currentRepackMaxTime:251.36736170212768s
iter8		 Improve solution by repack 0.7738413732867508->0.7736640016124697 , unplacedBoxesSize:11
currentRepackCostTime:179.474s , currentRepackMaxTime:251.36736170212768s
iter1		 Improve solution by repack 0.7736640016124697->0.7727595068529965 , unplacedBoxesSize:10
currentRepackCostTime:179.485s , currentRepackMaxTime:251.36736170212768s
iter32		 Improve solution by repack 0.7727595068529965->0.7719935837140554 , unplacedBoxesSize:10
currentRepackCostTime:180.011s , currentRepackMaxTime:251.36736170212768s
iter27		 Improve solution by repack 0.7719935837140554->0.768938793335125 , unplacedBoxesSize:11
currentRepackCostTime:180.422s , currentRepackMaxTime:251.36736170212768s
iter38		 Improve solution by repack 0.768938793335125->0.7684029830690675 , unplacedBoxesSize:11
currentRepackCostTime:181.18800000000002s , currentRepackMaxTime:251.36736170212768s
iter8		 Improve solution by repack 0.7684029830690675->0.7664058720773985 , unplacedBoxesSize:10
currentRepackCostTime:181.338s , currentRepackMaxTime:251.36736170212768s
iter23		 Improve solution by repack 0.7664058720773985->0.7663591776404193 , unplacedBoxesSize:10
currentRepackCostTime:181.68200000000002s , currentRepackMaxTime:251.36736170212768s
iter8		 Improve solution by repack 0.7663591776404193->0.7640676229508196 , unplacedBoxesSize:9
currentRepackCostTime:181.799s , currentRepackMaxTime:251.36736170212768s
iter14		 Improve solution by repack 0.7640676229508196->0.7631631281913465 , unplacedBoxesSize:8
currentRepackCostTime:182.043s , currentRepackMaxTime:251.36736170212768s
iter5		 Improve solution by repack 0.7631631281913465->0.7619752754635851 , unplacedBoxesSize:8
currentRepackCostTime:182.112s , currentRepackMaxTime:251.36736170212768s
iter133		 Improve solution by repack 0.7619752754635851->0.7606745498521902 , unplacedBoxesSize:8
currentRepackCostTime:184.209s , currentRepackMaxTime:251.36736170212768s
iter7		 Improve solution by repack 0.7606745498521902->0.7600833109379199 , unplacedBoxesSize:8
currentRepackCostTime:184.32500000000002s , currentRepackMaxTime:251.36736170212768s
Selecting boards with low utilization for repacking...
iter14		 Improve solution by repack 0.9824921056167696->0.7924415479709755 , unplacedBoxesSize:8
currentRepackCostTime:187.355s , currentRepackMaxTime:251.36736170212768s
iter3		 Improve solution by repack 0.7924415479709755->0.7906092112335394 , unplacedBoxesSize:11
currentRepackCostTime:187.415s , currentRepackMaxTime:251.36736170212768s
iter18		 Improve solution by repack 0.7906092112335394->0.7830312751948401 , unplacedBoxesSize:8
currentRepackCostTime:187.787s , currentRepackMaxTime:251.36736170212768s
iter47		 Improve solution by repack 0.7830312751948401->0.7780433687180865 , unplacedBoxesSize:9
currentRepackCostTime:188.47400000000002s , currentRepackMaxTime:251.36736170212768s
iter3		 Improve solution by repack 0.7780433687180865->0.7706958814834721 , unplacedBoxesSize:8
currentRepackCostTime:188.53s , currentRepackMaxTime:251.36736170212768s
iter57		 Improve solution by repack 0.7706958814834721->0.7687814095673207 , unplacedBoxesSize:7
currentRepackCostTime:189.485s , currentRepackMaxTime:251.36736170212768s
iter7		 Improve solution by repack 0.7687814095673207->0.7642984076861058 , unplacedBoxesSize:8
currentRepackCostTime:189.589s , currentRepackMaxTime:251.36736170212768s
iter136		 Improve solution by repack 0.7642984076861058->0.7566996439129265 , unplacedBoxesSize:7
currentRepackCostTime:191.83s , currentRepackMaxTime:251.36736170212768s
Selecting boards with low utilization for repacking...
iter2		 Improve solution by repack 0.9861760951357162->0.7817428110722925 , unplacedBoxesSize:7
currentRepackCostTime:195.757s , currentRepackMaxTime:251.36736170212768s
iter23		 Improve solution by repack 0.7817428110722925->0.7808102660575115 , unplacedBoxesSize:11
currentRepackCostTime:196.116s , currentRepackMaxTime:251.36736170212768s
iter26		 Improve solution by repack 0.7808102660575115->0.7805499193765117 , unplacedBoxesSize:9
currentRepackCostTime:196.55700000000002s , currentRepackMaxTime:251.36736170212768s
iter26		 Improve solution by repack 0.7805499193765117->0.7788974737973663 , unplacedBoxesSize:10
currentRepackCostTime:197.09s , currentRepackMaxTime:251.36736170212768s
iter39		 Improve solution by repack 0.7788974737973663->0.7788410373555495 , unplacedBoxesSize:10
currentRepackCostTime:197.808s , currentRepackMaxTime:251.36736170212768s
iter5		 Improve solution by repack 0.7788410373555495->0.7696639008331093 , unplacedBoxesSize:12
currentRepackCostTime:197.886s , currentRepackMaxTime:251.36736170212768s
iter5		 Improve solution by repack 0.7696639008331093->0.7644675490459554 , unplacedBoxesSize:17
currentRepackCostTime:197.965s , currentRepackMaxTime:251.36736170212768s
iter38		 Improve solution by repack 0.7644675490459554->0.7626024590163935 , unplacedBoxesSize:16
currentRepackCostTime:198.879s , currentRepackMaxTime:251.36736170212768s
iter1		 Improve solution by repack 0.7626024590163935->0.7605217011556032 , unplacedBoxesSize:13
currentRepackCostTime:198.891s , currentRepackMaxTime:251.36736170212768s
iter18		 Improve solution by repack 0.7605217011556032->0.760107833915614 , unplacedBoxesSize:12
currentRepackCostTime:199.273s , currentRepackMaxTime:251.36736170212768s
iter16		 Improve solution by repack 0.760107833915614->0.7569823300188122 , unplacedBoxesSize:12
currentRepackCostTime:199.573s , currentRepackMaxTime:251.36736170212768s
Selecting boards with low utilization for repacking...
iter7		 Improve solution by repack 0.9879165546895996->0.7943375436710561 , unplacedBoxesSize:11
currentRepackCostTime:203.54500000000002s , currentRepackMaxTime:251.36736170212768s
iter3		 Improve solution by repack 0.7943375436710561->0.786459621069605 , unplacedBoxesSize:14
currentRepackCostTime:203.592s , currentRepackMaxTime:251.36736170212768s
iter3		 Improve solution by repack 0.786459621069605->0.7581664875033594 , unplacedBoxesSize:13
currentRepackCostTime:203.656s , currentRepackMaxTime:251.36736170212768s
iter18		 Improve solution by repack 0.7581664875033594->0.7576306772373018 , unplacedBoxesSize:13
currentRepackCostTime:204.03s , currentRepackMaxTime:251.36736170212768s
iter5		 Improve solution by repack 0.7576306772373018->0.7556795888202096 , unplacedBoxesSize:12
currentRepackCostTime:204.132s , currentRepackMaxTime:251.36736170212768s
iter61		 Improve solution by repack 0.7556795888202096->0.7545884842784197 , unplacedBoxesSize:11
currentRepackCostTime:205.267s , currentRepackMaxTime:251.36736170212768s
Selecting boards with low utilization for repacking...
iter1		 Improve solution by repack 0.9884016393442623->0.9867149287825854 , unplacedBoxesSize:12
currentRepackCostTime:208.492s , currentRepackMaxTime:251.36736170212768s
iter3		 Improve solution by repack 0.9867149287825854->0.7859362402579951 , unplacedBoxesSize:9
currentRepackCostTime:208.542s , currentRepackMaxTime:251.36736170212768s
iter1		 Improve solution by repack 0.7859362402579951->0.7764955657081429 , unplacedBoxesSize:7
currentRepackCostTime:208.554s , currentRepackMaxTime:251.36736170212768s
iter11		 Improve solution by repack 0.7764955657081429->0.7697248723461436 , unplacedBoxesSize:13
currentRepackCostTime:208.711s , currentRepackMaxTime:251.36736170212768s
iter3		 Improve solution by repack 0.7697248723461436->0.7668274657350175 , unplacedBoxesSize:11
currentRepackCostTime:208.798s , currentRepackMaxTime:251.36736170212768s
iter1		 Improve solution by repack 0.7668274657350175->0.7620333915614083 , unplacedBoxesSize:10
currentRepackCostTime:208.808s , currentRepackMaxTime:251.36736170212768s
iter11		 Improve solution by repack 0.7620333915614083->0.761887261488847 , unplacedBoxesSize:9
currentRepackCostTime:208.981s , currentRepackMaxTime:251.36736170212768s
iter105		 Improve solution by repack 0.761887261488847->0.7614975812953508 , unplacedBoxesSize:10
currentRepackCostTime:210.636s , currentRepackMaxTime:251.36736170212768s
iter9		 Improve solution by repack 0.7614975812953508->0.7611033660306369 , unplacedBoxesSize:8
currentRepackCostTime:210.775s , currentRepackMaxTime:251.36736170212768s
Selecting boards with low utilization for repacking...
iter1		 Improve solution by repack 0.9890027882289707->0.9873898145659769 , unplacedBoxesSize:12
currentRepackCostTime:214.797s , currentRepackMaxTime:251.36736170212768s
iter6		 Improve solution by repack 0.9873898145659769->0.782275262026337 , unplacedBoxesSize:12
currentRepackCostTime:214.891s , currentRepackMaxTime:251.36736170212768s
iter8		 Improve solution by repack 0.782275262026337->0.7776548642837947 , unplacedBoxesSize:12
currentRepackCostTime:215.036s , currentRepackMaxTime:251.36736170212768s
iter104		 Improve solution by repack 0.7776548642837947->0.7772507390486428 , unplacedBoxesSize:13
currentRepackCostTime:217.065s , currentRepackMaxTime:251.36736170212768s
iter17		 Improve solution by repack 0.7772507390486428->0.7747050524052673 , unplacedBoxesSize:11
currentRepackCostTime:217.431s , currentRepackMaxTime:251.36736170212768s
iter15		 Improve solution by repack 0.7747050524052673->0.7743335124966406 , unplacedBoxesSize:10
currentRepackCostTime:217.703s , currentRepackMaxTime:251.36736170212768s
iter28		 Improve solution by repack 0.7743335124966406->0.7713165143778555 , unplacedBoxesSize:12
currentRepackCostTime:218.272s , currentRepackMaxTime:251.36736170212768s
iter23		 Improve solution by repack 0.7713165143778555->0.765 , unplacedBoxesSize:12
currentRepackCostTime:218.69s , currentRepackMaxTime:251.36736170212768s
iter53		 Improve solution by repack 0.765->0.7614938860521366 , unplacedBoxesSize:13
currentRepackCostTime:219.667s , currentRepackMaxTime:251.36736170212768s
iter30		 Improve solution by repack 0.7614938860521366->0.7605425288900833 , unplacedBoxesSize:12
currentRepackCostTime:220.208s , currentRepackMaxTime:251.36736170212768s
iter9		 Improve solution by repack 0.7605425288900833->0.7599701021230852 , unplacedBoxesSize:11
currentRepackCostTime:220.366s , currentRepackMaxTime:251.36736170212768s
iter30		 Improve solution by repack 0.7599701021230852->0.7584920048374094 , unplacedBoxesSize:11
currentRepackCostTime:220.91400000000002s , currentRepackMaxTime:251.36736170212768s
Selecting boards with low utilization for repacking...
iter2		 Improve solution by repack 0.9912221177102929->0.9877502687449611 , unplacedBoxesSize:15
currentRepackCostTime:224.872s , currentRepackMaxTime:251.36736170212768s
iter5		 Improve solution by repack 0.9877502687449611->0.9862449610319806 , unplacedBoxesSize:8
currentRepackCostTime:224.96200000000002s , currentRepackMaxTime:251.36736170212768s
iter10		 Improve solution by repack 0.9862449610319806->0.7849821956463316 , unplacedBoxesSize:13
currentRepackCostTime:225.09300000000002s , currentRepackMaxTime:251.36736170212768s
iter4		 Improve solution by repack 0.7849821956463316->0.784659365761892 , unplacedBoxesSize:10
currentRepackCostTime:225.183s , currentRepackMaxTime:251.36736170212768s
iter4		 Improve solution by repack 0.784659365761892->0.7709392636388068 , unplacedBoxesSize:12
currentRepackCostTime:225.23600000000002s , currentRepackMaxTime:251.36736170212768s
iter8		 Improve solution by repack 0.7709392636388068->0.7666534533727493 , unplacedBoxesSize:11
currentRepackCostTime:225.364s , currentRepackMaxTime:251.36736170212768s
iter11		 Improve solution by repack 0.7666534533727493->0.7664858237033055 , unplacedBoxesSize:9
currentRepackCostTime:225.57500000000002s , currentRepackMaxTime:251.36736170212768s
Selecting boards with low utilization for repacking...
iter12		 Improve solution by repack 0.9785884170921795->0.7737117038430529 , unplacedBoxesSize:9
currentRepackCostTime:229.106s , currentRepackMaxTime:251.36736170212768s
iter2		 Improve solution by repack 0.7737117038430529->0.7664858237033055 , unplacedBoxesSize:9
currentRepackCostTime:229.137s , currentRepackMaxTime:251.36736170212768s
Selecting boards with low utilization for repacking...
iter1		 Improve solution by repack 0.9914458478903521->0.9859043267938726 , unplacedBoxesSize:8
currentRepackCostTime:232.975s , currentRepackMaxTime:251.36736170212768s
iter6		 Improve solution by repack 0.9859043267938726->0.9820612738511152 , unplacedBoxesSize:7
currentRepackCostTime:233.062s , currentRepackMaxTime:251.36736170212768s
iter3		 Improve solution by repack 0.9820612738511152->0.9810850577801665 , unplacedBoxesSize:11
currentRepackCostTime:233.08700000000002s , currentRepackMaxTime:251.36736170212768s
iter3		 Improve solution by repack 0.9810850577801665->0.9762506718624027 , unplacedBoxesSize:12
currentRepackCostTime:233.148s , currentRepackMaxTime:251.36736170212768s
iter4		 Improve solution by repack 0.9762506718624027->0.8115825718892772 , unplacedBoxesSize:9
currentRepackCostTime:233.241s , currentRepackMaxTime:251.36736170212768s
iter5		 Improve solution by repack 0.8115825718892772->0.7980102794947596 , unplacedBoxesSize:16
currentRepackCostTime:233.34s , currentRepackMaxTime:251.36736170212768s
iter6		 Improve solution by repack 0.7980102794947596->0.7957921257726418 , unplacedBoxesSize:13
currentRepackCostTime:233.487s , currentRepackMaxTime:251.36736170212768s
iter6		 Improve solution by repack 0.7957921257726418->0.7942653184627788 , unplacedBoxesSize:11
currentRepackCostTime:233.598s , currentRepackMaxTime:251.36736170212768s
iter92		 Improve solution by repack 0.7942653184627788->0.7903675087342111 , unplacedBoxesSize:16
currentRepackCostTime:235.261s , currentRepackMaxTime:251.36736170212768s
iter1		 Improve solution by repack 0.7903675087342111->0.7884372480515991 , unplacedBoxesSize:14
currentRepackCostTime:235.27700000000002s , currentRepackMaxTime:251.36736170212768s
iter7		 Improve solution by repack 0.7884372480515991->0.7860937919914002 , unplacedBoxesSize:14
currentRepackCostTime:235.415s , currentRepackMaxTime:251.36736170212768s
iter1		 Improve solution by repack 0.7860937919914002->0.7797406611126041 , unplacedBoxesSize:12
currentRepackCostTime:235.427s , currentRepackMaxTime:251.36736170212768s
iter50		 Improve solution by repack 0.7797406611126041->0.7773938457403924 , unplacedBoxesSize:12
currentRepackCostTime:236.38s , currentRepackMaxTime:251.36736170212768s
iter78		 Improve solution by repack 0.7773938457403924->0.7749066111260413 , unplacedBoxesSize:12
currentRepackCostTime:237.808s , currentRepackMaxTime:251.36736170212768s
Selecting boards with low utilization for repacking...
All low-utilization boards have been repacked once. Restarting repacking process...
Selecting boards with low utilization for repacking...
Selecting boards with low utilization for repacking...
iter1		 Improve solution by repack 0.9776716608438593->0.7805539505509272 , unplacedBoxesSize:13
currentRepackCostTime:242.79s , currentRepackMaxTime:251.36736170212768s
iter4		 Improve solution by repack 0.7805539505509272->0.780291924213921 , unplacedBoxesSize:12
currentRepackCostTime:242.857s , currentRepackMaxTime:251.36736170212768s
iter22		 Improve solution by repack 0.780291924213921->0.7801457941413598 , unplacedBoxesSize:11
currentRepackCostTime:243.309s , currentRepackMaxTime:251.36736170212768s
iter35		 Improve solution by repack 0.7801457941413598->0.7789256920182748 , unplacedBoxesSize:13
currentRepackCostTime:243.89600000000002s , currentRepackMaxTime:251.36736170212768s
iter3		 Improve solution by repack 0.7789256920182748->0.7727727761354475 , unplacedBoxesSize:14
currentRepackCostTime:243.937s , currentRepackMaxTime:251.36736170212768s
iter28		 Improve solution by repack 0.7727727761354475->0.7720753829615694 , unplacedBoxesSize:12
currentRepackCostTime:244.556s , currentRepackMaxTime:251.36736170212768s
iter62		 Improve solution by repack 0.7720753829615694->0.7699428916957808 , unplacedBoxesSize:15
currentRepackCostTime:245.70000000000002s , currentRepackMaxTime:251.36736170212768s
iter38		 Improve solution by repack 0.7699428916957808->0.7674516259070142 , unplacedBoxesSize:14
currentRepackCostTime:246.556s , currentRepackMaxTime:251.36736170212768s
iter21		 Improve solution by repack 0.7674516259070142->0.7624727895726955 , unplacedBoxesSize:12
currentRepackCostTime:246.978s , currentRepackMaxTime:251.36736170212768s
iter11		 Improve solution by repack 0.7624727895726955->0.761170048374093 , unplacedBoxesSize:10
currentRepackCostTime:247.208s , currentRepackMaxTime:251.36736170212768s
Selecting boards with low utilization for repacking...
iter4		 Improve solution by repack 0.9795646331631281->0.9732444235420585 , unplacedBoxesSize:10
currentRepackCostTime:250.305s , currentRepackMaxTime:251.36736170212768s
iter4		 Improve solution by repack 0.9732444235420585->0.7843204111797903 , unplacedBoxesSize:11
currentRepackCostTime:250.362s , currentRepackMaxTime:251.36736170212768s
iter23		 Improve solution by repack 0.7843204111797903->0.7730771298038162 , unplacedBoxesSize:9
currentRepackCostTime:250.768s , currentRepackMaxTime:251.36736170212768s
iter1		 Improve solution by repack 0.7730771298038162->0.7694191749529696 , unplacedBoxesSize:10
currentRepackCostTime:250.787s , currentRepackMaxTime:251.36736170212768s
iter6		 Improve solution by repack 0.7694191749529696->0.7622386455253964 , unplacedBoxesSize:7
currentRepackCostTime:250.905s , currentRepackMaxTime:251.36736170212768s
Processing color group: 1 (2/2), boxes: 209
Allocated time: 333.5s
searchTime: 1000
Start nesting on the 1th large board, remaining blocks count: 193
Utilization of the 1th large board: 99.17011556033324, Time taken for this board: 1.0s
-------------------------------------------------------------------
Start nesting on the 2th large board, remaining blocks count: 184
Utilization of the 2th large board: 98.93041909348966, Time taken for this board: 2.0s
-------------------------------------------------------------------
Start nesting on the 3th large board, remaining blocks count: 175
Utilization of the 3th large board: 98.57061273851114, Time taken for this board: 3.003s
-------------------------------------------------------------------
Start nesting on the 4th large board, remaining blocks count: 171
Utilization of the 4th large board: 98.50414875033594, Time taken for this board: 4.0040000000000004s
-------------------------------------------------------------------
Start nesting on the 5th large board, remaining blocks count: 162
Utilization of the 5th large board: 99.23293469497447, Time taken for this board: 5.0040000000000004s
-------------------------------------------------------------------
Start nesting on the 6th large board, remaining blocks count: 153
Utilization of the 6th large board: 99.06305428648213, Time taken for this board: 6.005s
-------------------------------------------------------------------
Start nesting on the 7th large board, remaining blocks count: 140
Utilization of the 7th large board: 99.48212846009137, Time taken for this board: 7.005s
-------------------------------------------------------------------
Start nesting on the 8th large board, remaining blocks count: 132
Utilization of the 8th large board: 98.186458613276, Time taken for this board: 8.009s
-------------------------------------------------------------------
Start nesting on the 9th large board, remaining blocks count: 126
Utilization of the 9th large board: 97.61344396667563, Time taken for this board: 9.012s
-------------------------------------------------------------------
Start nesting on the 10th large board, remaining blocks count: 118
Utilization of the 10th large board: 99.59288497715667, Time taken for this board: 10.014s
-------------------------------------------------------------------
Start nesting on the 11th large board, remaining blocks count: 104
Utilization of the 11th large board: 98.29419174952969, Time taken for this board: 11.014s
-------------------------------------------------------------------
Start nesting on the 12th large board, remaining blocks count: 90
Utilization of the 12th large board: 99.00268744961032, Time taken for this board: 11.946s
-------------------------------------------------------------------
Start nesting on the 13th large board, remaining blocks count: 84
Utilization of the 13th large board: 98.32261152915883, Time taken for this board: 12.932s
-------------------------------------------------------------------
Start nesting on the 14th large board, remaining blocks count: 79
Utilization of the 14th large board: 98.67905133028755, Time taken for this board: 13.831s
-------------------------------------------------------------------
Start nesting on the 15th large board, remaining blocks count: 73
Utilization of the 15th large board: 98.9154965063155, Time taken for this board: 14.612s
-------------------------------------------------------------------
Start nesting on the 16th large board, remaining blocks count: 63
Utilization of the 16th large board: 97.99825315775328, Time taken for this board: 14.817s
-------------------------------------------------------------------
Start nesting on the 17th large board, remaining blocks count: 51
Utilization of the 17th large board: 97.8863544746036, Time taken for this board: 14.884s
-------------------------------------------------------------------
Start nesting on the 18th large board, remaining blocks count: 44
Utilization of the 18th large board: 97.73615963450685, Time taken for this board: 14.972s
-------------------------------------------------------------------
Start nesting on the 19th large board, remaining blocks count: 35
Utilization of the 19th large board: 94.0577633700618, Time taken for this board: 15.013s
-------------------------------------------------------------------
Start nesting on the 20th large board, remaining blocks count: 20
Utilization of the 20th large board: 92.09904676162321, Time taken for this board: 15.02s
-------------------------------------------------------------------
Start nesting on the 21th large board, remaining blocks count: 8
Utilization of the 21th large board: 69.88405334587476, Time taken for this board: 15.021s
-------------------------------------------------------------------
Found solution: 21


Start improving solution by repacking.
Selecting boards with low utilization for repacking...
iter17		 Improve solution by repack 0.6988405334587475->0.6934441346412256 , unplacedBoxesSize:8
currentRepackCostTime:0.226s , currentRepackMaxTime:318.4896382978723s
iter9		 Improve solution by repack 0.6934441346412256->0.6754865963450686 , unplacedBoxesSize:6
currentRepackCostTime:0.375s , currentRepackMaxTime:318.4896382978723s
iter2		 Improve solution by repack 0.6754865963450686->0.6546597016930933 , unplacedBoxesSize:6
currentRepackCostTime:0.404s , currentRepackMaxTime:318.4896382978723s
iter11		 Improve solution by repack 0.6546597016930933->0.6439547500671863 , unplacedBoxesSize:5
currentRepackCostTime:0.584s , currentRepackMaxTime:318.4896382978723s
iter8		 Improve solution by repack 0.6439547500671863->0.6348629400698736 , unplacedBoxesSize:6
currentRepackCostTime:0.667s , currentRepackMaxTime:318.4896382978723s
iter9		 Improve solution by repack 0.6348629400698736->0.6302097890352055 , unplacedBoxesSize:9
currentRepackCostTime:0.78s , currentRepackMaxTime:318.4896382978723s
iter11		 Improve solution by repack 0.6302097890352055->0.6266069269013707 , unplacedBoxesSize:9
currentRepackCostTime:0.9430000000000001s , currentRepackMaxTime:318.4896382978723s
iter115		 Improve solution by repack 0.6266069269013707->0.6257120061811341 , unplacedBoxesSize:10
currentRepackCostTime:2.9s , currentRepackMaxTime:318.4896382978723s
iter2		 Improve solution by repack 0.6257120061811341->0.6247465399086267 , unplacedBoxesSize:10
currentRepackCostTime:2.93s , currentRepackMaxTime:318.4896382978723s
iter3		 Improve solution by repack 0.6247465399086267->0.6206367575920452 , unplacedBoxesSize:11
currentRepackCostTime:2.977s , currentRepackMaxTime:318.4896382978723s
iter84		 Improve solution by repack 0.6206367575920452->0.6204803816178447 , unplacedBoxesSize:10
currentRepackCostTime:4.46s , currentRepackMaxTime:318.4896382978723s
iter10		 Improve solution by repack 0.6204803816178447->0.6181082034399356 , unplacedBoxesSize:9
currentRepackCostTime:4.642s , currentRepackMaxTime:318.4896382978723s
iter2		 Improve solution by repack 0.6181082034399356->0.6180302674012362 , unplacedBoxesSize:10
currentRepackCostTime:4.67s , currentRepackMaxTime:318.4896382978723s
iter3		 Improve solution by repack 0.6180302674012362->0.6153522238645526 , unplacedBoxesSize:8
currentRepackCostTime:4.721s , currentRepackMaxTime:318.4896382978723s
iter29		 Improve solution by repack 0.6153522238645526->0.6121219094329481 , unplacedBoxesSize:9
currentRepackCostTime:5.242s , currentRepackMaxTime:318.4896382978723s
iter103		 Improve solution by repack 0.6121219094329481->0.6111419981187852 , unplacedBoxesSize:10
currentRepackCostTime:7.151s , currentRepackMaxTime:318.4896382978723s
iter36		 Improve solution by repack 0.6111419981187852->0.6097152983069067 , unplacedBoxesSize:12
currentRepackCostTime:7.722s , currentRepackMaxTime:318.4896382978723s
iter8		 Improve solution by repack 0.6097152983069067->0.6064762496640689 , unplacedBoxesSize:12
currentRepackCostTime:7.863s , currentRepackMaxTime:318.4896382978723s
iter9		 Improve solution by repack 0.6064762496640689->0.6064016729373825 , unplacedBoxesSize:12
currentRepackCostTime:8.093s , currentRepackMaxTime:318.4896382978723s
iter6		 Improve solution by repack 0.6064016729373825->0.6001683015318462 , unplacedBoxesSize:15
currentRepackCostTime:8.221s , currentRepackMaxTime:318.4896382978723s
iter77		 Improve solution by repack 0.6001683015318462->0.5978940472991131 , unplacedBoxesSize:16
currentRepackCostTime:10.014s , currentRepackMaxTime:318.4896382978723s
iter8		 Improve solution by repack 0.5978940472991131->0.5935057780166622 , unplacedBoxesSize:16
currentRepackCostTime:10.192s , currentRepackMaxTime:318.4896382978723s
iter4		 Improve solution by repack 0.5935057780166622->0.5905846882558452 , unplacedBoxesSize:16
currentRepackCostTime:10.284s , currentRepackMaxTime:318.4896382978723s
iter5		 Improve solution by repack 0.5905846882558452->0.5903780905670519 , unplacedBoxesSize:12
currentRepackCostTime:10.392s , currentRepackMaxTime:318.4896382978723s
iter32		 Improve solution by repack 0.5903780905670519->0.5894107766729374 , unplacedBoxesSize:10
currentRepackCostTime:11.034s , currentRepackMaxTime:318.4896382978723s
iter12		 Improve solution by repack 0.5894107766729374->0.5893810467616232 , unplacedBoxesSize:10
currentRepackCostTime:11.253s , currentRepackMaxTime:318.4896382978723s
iter26		 Improve solution by repack 0.5893810467616232->0.5886532518140285 , unplacedBoxesSize:9
currentRepackCostTime:11.671s , currentRepackMaxTime:318.4896382978723s
Selecting boards with low utilization for repacking...
iter3		 Improve solution by repack 0.9753937113679119->0.5989629803816178 , unplacedBoxesSize:10
currentRepackCostTime:16.92s , currentRepackMaxTime:318.4896382978723s
iter9		 Improve solution by repack 0.5989629803816178->0.5988904192421393 , unplacedBoxesSize:10
currentRepackCostTime:17.111s , currentRepackMaxTime:318.4896382978723s
iter35		 Improve solution by repack 0.5988904192421393->0.5968246103198065 , unplacedBoxesSize:12
currentRepackCostTime:17.711000000000002s , currentRepackMaxTime:318.4896382978723s
iter8		 Improve solution by repack 0.5968246103198065->0.5966774724536416 , unplacedBoxesSize:12
currentRepackCostTime:17.852s , currentRepackMaxTime:318.4896382978723s
iter43		 Improve solution by repack 0.5966774724536416->0.5930465600644987 , unplacedBoxesSize:10
currentRepackCostTime:18.791s , currentRepackMaxTime:318.4896382978723s
iter5		 Improve solution by repack 0.5930465600644987->0.5929360386992744 , unplacedBoxesSize:11
currentRepackCostTime:18.879s , currentRepackMaxTime:318.4896382978723s
iter3		 Improve solution by repack 0.5929360386992744->0.5910677573233002 , unplacedBoxesSize:10
currentRepackCostTime:18.938s , currentRepackMaxTime:318.4896382978723s
iter41		 Improve solution by repack 0.5910677573233002->0.5905900631550658 , unplacedBoxesSize:10
currentRepackCostTime:19.617s , currentRepackMaxTime:318.4896382978723s
iter21		 Improve solution by repack 0.5905900631550658->0.5902942757323301 , unplacedBoxesSize:12
currentRepackCostTime:20.005s , currentRepackMaxTime:318.4896382978723s
iter5		 Improve solution by repack 0.5902942757323301->0.590147137866165 , unplacedBoxesSize:12
currentRepackCostTime:20.094s , currentRepackMaxTime:318.4896382978723s
iter5		 Improve solution by repack 0.590147137866165->0.5893046224133297 , unplacedBoxesSize:12
currentRepackCostTime:20.167s , currentRepackMaxTime:318.4896382978723s
iter110		 Improve solution by repack 0.5893046224133297->0.5878759070142435 , unplacedBoxesSize:12
currentRepackCostTime:22.267s , currentRepackMaxTime:318.4896382978723s
iter37		 Improve solution by repack 0.5878759070142435->0.5862810736361194 , unplacedBoxesSize:10
currentRepackCostTime:22.926000000000002s , currentRepackMaxTime:318.4896382978723s
iter17		 Improve solution by repack 0.5862810736361194->0.5815026202633701 , unplacedBoxesSize:11
currentRepackCostTime:23.229s , currentRepackMaxTime:318.4896382978723s
iter139		 Improve solution by repack 0.5815026202633701->0.5760585192152647 , unplacedBoxesSize:12
currentRepackCostTime:25.873s , currentRepackMaxTime:318.4896382978723s
iter21		 Improve solution by repack 0.5760585192152647->0.5713951222789573 , unplacedBoxesSize:9
currentRepackCostTime:26.27s , currentRepackMaxTime:318.4896382978723s
iter90		 Improve solution by repack 0.5713951222789573->0.570134876377318 , unplacedBoxesSize:9
currentRepackCostTime:27.812s , currentRepackMaxTime:318.4896382978723s
Selecting boards with low utilization for repacking...
iter24		 Improve solution by repack 0.9761344396667563->0.6034367441547971 , unplacedBoxesSize:11
currentRepackCostTime:33.907000000000004s , currentRepackMaxTime:318.4896382978723s
iter19		 Improve solution by repack 0.6034367441547971->0.6025216675624832 , unplacedBoxesSize:11
currentRepackCostTime:34.273s , currentRepackMaxTime:318.4896382978723s
iter8		 Improve solution by repack 0.6025216675624832->0.5959132289707068 , unplacedBoxesSize:15
currentRepackCostTime:34.443s , currentRepackMaxTime:318.4896382978723s
iter1		 Improve solution by repack 0.5959132289707068->0.5921682679387261 , unplacedBoxesSize:16
currentRepackCostTime:34.453s , currentRepackMaxTime:318.4896382978723s
iter6		 Improve solution by repack 0.5921682679387261->0.5916361529158828 , unplacedBoxesSize:16
currentRepackCostTime:34.576s , currentRepackMaxTime:318.4896382978723s
iter10		 Improve solution by repack 0.5916361529158828->0.5899133297500672 , unplacedBoxesSize:15
currentRepackCostTime:34.832s , currentRepackMaxTime:318.4896382978723s
iter5		 Improve solution by repack 0.5899133297500672->0.5881681671593658 , unplacedBoxesSize:14
currentRepackCostTime:34.948s , currentRepackMaxTime:318.4896382978723s
iter36		 Improve solution by repack 0.5881681671593658->0.5860862335393712 , unplacedBoxesSize:12
currentRepackCostTime:35.752s , currentRepackMaxTime:318.4896382978723s
iter28		 Improve solution by repack 0.5860862335393712->0.5847680395055093 , unplacedBoxesSize:13
currentRepackCostTime:36.236000000000004s , currentRepackMaxTime:318.4896382978723s
iter11		 Improve solution by repack 0.5847680395055093->0.5847398212846009 , unplacedBoxesSize:14
currentRepackCostTime:36.457s , currentRepackMaxTime:318.4896382978723s
iter1		 Improve solution by repack 0.5847398212846009->0.5841045753829616 , unplacedBoxesSize:13
currentRepackCostTime:36.471000000000004s , currentRepackMaxTime:318.4896382978723s
iter12		 Improve solution by repack 0.5841045753829616->0.5810319806503629 , unplacedBoxesSize:13
currentRepackCostTime:36.755s , currentRepackMaxTime:318.4896382978723s
iter28		 Improve solution by repack 0.5810319806503629->0.5795888202096211 , unplacedBoxesSize:14
currentRepackCostTime:37.343s , currentRepackMaxTime:318.4896382978723s
iter18		 Improve solution by repack 0.5795888202096211->0.5750913732867509 , unplacedBoxesSize:10
currentRepackCostTime:37.762s , currentRepackMaxTime:318.4896382978723s
iter7		 Improve solution by repack 0.5750913732867509->0.5726748521902715 , unplacedBoxesSize:14
currentRepackCostTime:37.868s , currentRepackMaxTime:318.4896382978723s
iter13		 Improve solution by repack 0.5726748521902715->0.5726022910507927 , unplacedBoxesSize:14
currentRepackCostTime:38.156s , currentRepackMaxTime:318.4896382978723s
iter14		 Improve solution by repack 0.5726022910507927->0.5706607766729374 , unplacedBoxesSize:13
currentRepackCostTime:38.514s , currentRepackMaxTime:318.4896382978723s
iter17		 Improve solution by repack 0.5706607766729374->0.569876041386724 , unplacedBoxesSize:12
currentRepackCostTime:38.861000000000004s , currentRepackMaxTime:318.4896382978723s
iter27		 Improve solution by repack 0.569876041386724->0.5698535339962376 , unplacedBoxesSize:11
currentRepackCostTime:39.482s , currentRepackMaxTime:318.4896382978723s
iter146		 Improve solution by repack 0.5698535339962376->0.5693214189733942 , unplacedBoxesSize:11
currentRepackCostTime:42.331s , currentRepackMaxTime:318.4896382978723s
iter9		 Improve solution by repack 0.5693214189733942->0.5690432679387262 , unplacedBoxesSize:10
currentRepackCostTime:42.493s , currentRepackMaxTime:318.4896382978723s
iter1		 Improve solution by repack 0.5690432679387262->0.5686408223595808 , unplacedBoxesSize:13
currentRepackCostTime:42.508s , currentRepackMaxTime:318.4896382978723s
iter22		 Improve solution by repack 0.5686408223595808->0.5677406947057243 , unplacedBoxesSize:12
currentRepackCostTime:43.018s , currentRepackMaxTime:318.4896382978723s
Selecting boards with low utilization for repacking...
iter7		 Improve solution by repack 0.9737441212039775->0.9704763504434293 , unplacedBoxesSize:7
currentRepackCostTime:49.334s , currentRepackMaxTime:318.4896382978723s
iter15		 Improve solution by repack 0.9704763504434293->0.5818370397742542 , unplacedBoxesSize:12
currentRepackCostTime:49.516s , currentRepackMaxTime:318.4896382978723s
iter12		 Improve solution by repack 0.5818370397742542->0.5813868919645256 , unplacedBoxesSize:12
currentRepackCostTime:49.745000000000005s , currentRepackMaxTime:318.4896382978723s
iter15		 Improve solution by repack 0.5813868919645256->0.5807089828003225 , unplacedBoxesSize:8
currentRepackCostTime:50.084s , currentRepackMaxTime:318.4896382978723s
iter4		 Improve solution by repack 0.5807089828003225->0.5798261556033325 , unplacedBoxesSize:7
currentRepackCostTime:50.148s , currentRepackMaxTime:318.4896382978723s
iter15		 Improve solution by repack 0.5798261556033325->0.5786450214995968 , unplacedBoxesSize:8
currentRepackCostTime:50.415s , currentRepackMaxTime:318.4896382978723s
iter36		 Improve solution by repack 0.5786450214995968->0.5783386522440205 , unplacedBoxesSize:8
currentRepackCostTime:51.019s , currentRepackMaxTime:318.4896382978723s
iter45		 Improve solution by repack 0.5783386522440205->0.57646617172803 , unplacedBoxesSize:14
currentRepackCostTime:51.815s , currentRepackMaxTime:318.4896382978723s
iter11		 Improve solution by repack 0.57646617172803->0.574847655200215 , unplacedBoxesSize:13
currentRepackCostTime:52.06s , currentRepackMaxTime:318.4896382978723s
iter46		 Improve solution by repack 0.574847655200215->0.5702660575114217 , unplacedBoxesSize:6
currentRepackCostTime:53.161s , currentRepackMaxTime:318.4896382978723s
iter78		 Improve solution by repack 0.5702660575114217->0.5697339424885783 , unplacedBoxesSize:6
currentRepackCostTime:54.397s , currentRepackMaxTime:318.4896382978723s
iter61		 Improve solution by repack 0.5697339424885783->0.5688936105885515 , unplacedBoxesSize:8
currentRepackCostTime:55.343s , currentRepackMaxTime:318.4896382978723s
iter90		 Improve solution by repack 0.5688936105885515->0.5680302674012362 , unplacedBoxesSize:8
currentRepackCostTime:56.857s , currentRepackMaxTime:318.4896382978723s
iter49		 Improve solution by repack 0.5680302674012362->0.5672910507927976 , unplacedBoxesSize:8
currentRepackCostTime:57.701s , currentRepackMaxTime:318.4896382978723s
iter80		 Improve solution by repack 0.5672910507927976->0.5671440808922332 , unplacedBoxesSize:9
currentRepackCostTime:59.035000000000004s , currentRepackMaxTime:318.4896382978723s
iter9		 Improve solution by repack 0.5671440808922332->0.566301565439398 , unplacedBoxesSize:9
currentRepackCostTime:59.195s , currentRepackMaxTime:318.4896382978723s
iter5		 Improve solution by repack 0.566301565439398->0.5599114821284601 , unplacedBoxesSize:10
currentRepackCostTime:59.265s , currentRepackMaxTime:318.4896382978723s
iter48		 Improve solution by repack 0.5599114821284601->0.5590729978500403 , unplacedBoxesSize:10
currentRepackCostTime:60.143s , currentRepackMaxTime:318.4896382978723s
iter69		 Improve solution by repack 0.5590729978500403->0.5569826659500134 , unplacedBoxesSize:11
currentRepackCostTime:61.501000000000005s , currentRepackMaxTime:318.4896382978723s
iter24		 Improve solution by repack 0.5569826659500134->0.5535870733673743 , unplacedBoxesSize:9
currentRepackCostTime:62.019s , currentRepackMaxTime:318.4896382978723s
iter32		 Improve solution by repack 0.5535870733673743->0.5535145122278957 , unplacedBoxesSize:9
currentRepackCostTime:62.621s , currentRepackMaxTime:318.4896382978723s
Selecting boards with low utilization for repacking...
iter6		 Improve solution by repack 0.9758016998118785->0.5593959957000807 , unplacedBoxesSize:2
currentRepackCostTime:66.464s , currentRepackMaxTime:318.4896382978723s
iter24		 Improve solution by repack 0.5593959957000807->0.5572188255845203 , unplacedBoxesSize:7
currentRepackCostTime:66.723s , currentRepackMaxTime:318.4896382978723s
iter82		 Improve solution by repack 0.5572188255845203->0.5567616232195646 , unplacedBoxesSize:5
currentRepackCostTime:68.242s , currentRepackMaxTime:318.4896382978723s
iter81		 Improve solution by repack 0.5567616232195646->0.5554657686105885 , unplacedBoxesSize:6
currentRepackCostTime:69.352s , currentRepackMaxTime:318.4896382978723s
iter16		 Improve solution by repack 0.5554657686105885->0.5554220975544208 , unplacedBoxesSize:6
currentRepackCostTime:69.615s , currentRepackMaxTime:318.4896382978723s
iter28		 Improve solution by repack 0.5554220975544208->0.5530101115291588 , unplacedBoxesSize:4
currentRepackCostTime:70.051s , currentRepackMaxTime:318.4896382978723s
Selecting boards with low utilization for repacking...
iter12		 Improve solution by repack 0.9777358237033056->0.6097366299381887 , unplacedBoxesSize:8
currentRepackCostTime:74.757s , currentRepackMaxTime:318.4896382978723s
iter10		 Improve solution by repack 0.6097366299381887->0.6081543939801128 , unplacedBoxesSize:9
currentRepackCostTime:74.944s , currentRepackMaxTime:318.4896382978723s
iter5		 Improve solution by repack 0.6081543939801128->0.6073118785272776 , unplacedBoxesSize:9
currentRepackCostTime:75.052s , currentRepackMaxTime:318.4896382978723s
iter8		 Improve solution by repack 0.6073118785272776->0.6042206396130072 , unplacedBoxesSize:10
currentRepackCostTime:75.202s , currentRepackMaxTime:318.4896382978723s
iter53		 Improve solution by repack 0.6042206396130072->0.6027613544746036 , unplacedBoxesSize:10
currentRepackCostTime:76.172s , currentRepackMaxTime:318.4896382978723s
iter2		 Improve solution by repack 0.6027613544746036->0.5975517334049987 , unplacedBoxesSize:12
currentRepackCostTime:76.221s , currentRepackMaxTime:318.4896382978723s
iter6		 Improve solution by repack 0.5975517334049987->0.5904689599570008 , unplacedBoxesSize:9
currentRepackCostTime:76.361s , currentRepackMaxTime:318.4896382978723s
iter10		 Improve solution by repack 0.5904689599570008->0.5863396936307443 , unplacedBoxesSize:11
currentRepackCostTime:76.557s , currentRepackMaxTime:318.4896382978723s
iter2		 Improve solution by repack 0.5863396936307443->0.5800040311744155 , unplacedBoxesSize:6
currentRepackCostTime:76.589s , currentRepackMaxTime:318.4896382978723s
iter91		 Improve solution by repack 0.5800040311744155->0.578646869121204 , unplacedBoxesSize:6
currentRepackCostTime:78.0s , currentRepackMaxTime:318.4896382978723s
iter32		 Improve solution by repack 0.578646869121204->0.5772037086804622 , unplacedBoxesSize:7
currentRepackCostTime:78.561s , currentRepackMaxTime:318.4896382978723s
iter67		 Improve solution by repack 0.5772037086804622->0.5757282988443967 , unplacedBoxesSize:7
currentRepackCostTime:79.72200000000001s , currentRepackMaxTime:318.4896382978723s
iter24		 Improve solution by repack 0.5757282988443967->0.5753723797366299 , unplacedBoxesSize:5
currentRepackCostTime:80.168s , currentRepackMaxTime:318.4896382978723s
iter2		 Improve solution by repack 0.5753723797366299->0.5745298642837946 , unplacedBoxesSize:5
currentRepackCostTime:80.185s , currentRepackMaxTime:318.4896382978723s
iter91		 Improve solution by repack 0.5745298642837946->0.5706947057242676 , unplacedBoxesSize:6
currentRepackCostTime:81.489s , currentRepackMaxTime:318.4896382978723s
iter95		 Improve solution by repack 0.5706947057242676->0.5660057780166622 , unplacedBoxesSize:6
currentRepackCostTime:82.916s , currentRepackMaxTime:318.4896382978723s
iter12		 Improve solution by repack 0.5660057780166622->0.5657632356893308 , unplacedBoxesSize:5
currentRepackCostTime:83.129s , currentRepackMaxTime:318.4896382978723s
Selecting boards with low utilization for repacking...
iter11		 Improve solution by repack 0.977901269819941->0.5773004568664337 , unplacedBoxesSize:6
currentRepackCostTime:86.652s , currentRepackMaxTime:318.4896382978723s
iter8		 Improve solution by repack 0.5773004568664337->0.5743294813222253 , unplacedBoxesSize:6
currentRepackCostTime:86.761s , currentRepackMaxTime:318.4896382978723s
iter27		 Improve solution by repack 0.5743294813222253->0.5696822090835797 , unplacedBoxesSize:6
currentRepackCostTime:87.19500000000001s , currentRepackMaxTime:318.4896382978723s
iter23		 Improve solution by repack 0.5696822090835797->0.5659285138403655 , unplacedBoxesSize:6
currentRepackCostTime:87.561s , currentRepackMaxTime:318.4896382978723s
iter6		 Improve solution by repack 0.5659285138403655->0.5658559527008868 , unplacedBoxesSize:6
currentRepackCostTime:87.658s , currentRepackMaxTime:318.4896382978723s
iter36		 Improve solution by repack 0.5658559527008868->0.5643966675624832 , unplacedBoxesSize:6
currentRepackCostTime:88.236s , currentRepackMaxTime:318.4896382978723s
iter20		 Improve solution by repack 0.5643966675624832->0.5614337543671056 , unplacedBoxesSize:6
currentRepackCostTime:88.499s , currentRepackMaxTime:318.4896382978723s
iter5		 Improve solution by repack 0.5614337543671056->0.5598212846009137 , unplacedBoxesSize:5
currentRepackCostTime:88.601s , currentRepackMaxTime:318.4896382978723s
iter2		 Improve solution by repack 0.5598212846009137->0.5589787691480784 , unplacedBoxesSize:5
currentRepackCostTime:88.628s , currentRepackMaxTime:318.4896382978723s
Selecting boards with low utilization for repacking...
iter6		 Improve solution by repack 0.9756035004031174->0.5593482934694974 , unplacedBoxesSize:8
currentRepackCostTime:92.107s , currentRepackMaxTime:318.4896382978723s
iter45		 Improve solution by repack 0.5593482934694974->0.5590862671324912 , unplacedBoxesSize:8
currentRepackCostTime:92.98100000000001s , currentRepackMaxTime:318.4896382978723s
iter21		 Improve solution by repack 0.5590862671324912->0.5589653319000268 , unplacedBoxesSize:8
currentRepackCostTime:93.371s , currentRepackMaxTime:318.4896382978723s
iter10		 Improve solution by repack 0.5589653319000268->0.5575060467616232 , unplacedBoxesSize:8
currentRepackCostTime:93.535s , currentRepackMaxTime:318.4896382978723s
iter1		 Improve solution by repack 0.5575060467616232->0.5571400497178178 , unplacedBoxesSize:8
currentRepackCostTime:93.55s , currentRepackMaxTime:318.4896382978723s
iter2		 Improve solution by repack 0.5571400497178178->0.552667965600645 , unplacedBoxesSize:9
currentRepackCostTime:93.575s , currentRepackMaxTime:318.4896382978723s
iter23		 Improve solution by repack 0.552667965600645->0.5525107497984413 , unplacedBoxesSize:11
currentRepackCostTime:94.041s , currentRepackMaxTime:318.4896382978723s
iter1		 Improve solution by repack 0.5525107497984413->0.551668234345606 , unplacedBoxesSize:11
currentRepackCostTime:94.053s , currentRepackMaxTime:318.4896382978723s
iter48		 Improve solution by repack 0.551668234345606->0.547016930932545 , unplacedBoxesSize:11
currentRepackCostTime:95.127s , currentRepackMaxTime:318.4896382978723s
iter28		 Improve solution by repack 0.547016930932545->0.5460958075786079 , unplacedBoxesSize:9
currentRepackCostTime:95.794s , currentRepackMaxTime:318.4896382978723s
Selecting boards with low utilization for repacking...
iter14		 Improve solution by repack 0.9837333714055362->0.5607921257726417 , unplacedBoxesSize:6
currentRepackCostTime:99.94s , currentRepackMaxTime:318.4896382978723s
iter23		 Improve solution by repack 0.5607921257726417->0.5490493147003493 , unplacedBoxesSize:9
currentRepackCostTime:100.286s , currentRepackMaxTime:318.4896382978723s
iter92		 Improve solution by repack 0.5490493147003493->0.5452573233001881 , unplacedBoxesSize:9
currentRepackCostTime:102.122s , currentRepackMaxTime:318.4896382978723s
iter120		 Improve solution by repack 0.5452573233001881->0.5440600644987906 , unplacedBoxesSize:9
currentRepackCostTime:104.482s , currentRepackMaxTime:318.4896382978723s
iter68		 Improve solution by repack 0.5440600644987906->0.5432235958075786 , unplacedBoxesSize:9
currentRepackCostTime:105.965s , currentRepackMaxTime:318.4896382978723s
iter8		 Improve solution by repack 0.5432235958075786->0.5412866165009407 , unplacedBoxesSize:10
currentRepackCostTime:106.116s , currentRepackMaxTime:318.4896382978723s
iter85		 Improve solution by repack 0.5412866165009407->0.54031510346681 , unplacedBoxesSize:10
currentRepackCostTime:107.96600000000001s , currentRepackMaxTime:318.4896382978723s
Selecting boards with low utilization for repacking...
iter1		 Improve solution by repack 0.9831288632088149->0.5593986831496909 , unplacedBoxesSize:13
currentRepackCostTime:115.762s , currentRepackMaxTime:318.4896382978723s
iter3		 Improve solution by repack 0.5593986831496909->0.5593496371943026 , unplacedBoxesSize:12
currentRepackCostTime:115.861s , currentRepackMaxTime:318.4896382978723s
iter46		 Improve solution by repack 0.5593496371943026->0.5588344866971244 , unplacedBoxesSize:12
currentRepackCostTime:116.811s , currentRepackMaxTime:318.4896382978723s
iter16		 Improve solution by repack 0.5588344866971244->0.5554249529696318 , unplacedBoxesSize:10
currentRepackCostTime:117.172s , currentRepackMaxTime:318.4896382978723s
iter118		 Improve solution by repack 0.5554249529696318->0.5542730448804085 , unplacedBoxesSize:11
currentRepackCostTime:119.331s , currentRepackMaxTime:318.4896382978723s
iter25		 Improve solution by repack 0.5542730448804085->0.5497530905670519 , unplacedBoxesSize:12
currentRepackCostTime:119.834s , currentRepackMaxTime:318.4896382978723s
iter54		 Improve solution by repack 0.5497530905670519->0.5490016124697662 , unplacedBoxesSize:12
currentRepackCostTime:121.09100000000001s , currentRepackMaxTime:318.4896382978723s
iter28		 Improve solution by repack 0.5490016124697662->0.5476269819940877 , unplacedBoxesSize:12
currentRepackCostTime:121.712s , currentRepackMaxTime:318.4896382978723s
iter4		 Improve solution by repack 0.5476269819940877->0.5468140284869659 , unplacedBoxesSize:10
currentRepackCostTime:121.798s , currentRepackMaxTime:318.4896382978723s
iter140		 Improve solution by repack 0.5468140284869659->0.5450697057242676 , unplacedBoxesSize:13
currentRepackCostTime:124.477s , currentRepackMaxTime:318.4896382978723s
Selecting boards with low utilization for repacking...
iter8		 Improve solution by repack 0.9777962913195377->0.5450697057242676 , unplacedBoxesSize:13
currentRepackCostTime:132.243s , currentRepackMaxTime:318.4896382978723s
Selecting boards with low utilization for repacking...
iter2		 Improve solution by repack 0.9843501410911045->0.5450697057242676 , unplacedBoxesSize:13
currentRepackCostTime:141.044s , currentRepackMaxTime:318.4896382978723s
Selecting boards with low utilization for repacking...
iter2		 Improve solution by repack 0.9844537758667025->0.5807980045686644 , unplacedBoxesSize:12
currentRepackCostTime:150.099s , currentRepackMaxTime:318.4896382978723s
iter5		 Improve solution by repack 0.5807980045686644->0.5711265452835259 , unplacedBoxesSize:13
currentRepackCostTime:150.19s , currentRepackMaxTime:318.4896382978723s
iter41		 Improve solution by repack 0.5711265452835259->0.5708018677774791 , unplacedBoxesSize:11
currentRepackCostTime:151.31900000000002s , currentRepackMaxTime:318.4896382978723s
iter7		 Improve solution by repack 0.5708018677774791->0.5690029561945713 , unplacedBoxesSize:9
currentRepackCostTime:151.462s , currentRepackMaxTime:318.4896382978723s
Selecting boards with low utilization for repacking...
iter8		 Improve solution by repack 0.9803694987906476->0.5902141561408224 , unplacedBoxesSize:11
currentRepackCostTime:158.127s , currentRepackMaxTime:318.4896382978723s
iter4		 Improve solution by repack 0.5902141561408224->0.5821539908626714 , unplacedBoxesSize:10
currentRepackCostTime:158.24s , currentRepackMaxTime:318.4896382978723s
iter15		 Improve solution by repack 0.5821539908626714->0.5809899892502015 , unplacedBoxesSize:9
currentRepackCostTime:158.579s , currentRepackMaxTime:318.4896382978723s
iter29		 Improve solution by repack 0.5809899892502015->0.5780939263638807 , unplacedBoxesSize:11
currentRepackCostTime:159.184s , currentRepackMaxTime:318.4896382978723s
iter3		 Improve solution by repack 0.5780939263638807->0.5721057847352862 , unplacedBoxesSize:11
currentRepackCostTime:159.243s , currentRepackMaxTime:318.4896382978723s
iter5		 Improve solution by repack 0.5721057847352862->0.5715736697124428 , unplacedBoxesSize:11
currentRepackCostTime:159.354s , currentRepackMaxTime:318.4896382978723s
iter67		 Improve solution by repack 0.5715736697124428->0.568758062348831 , unplacedBoxesSize:10
currentRepackCostTime:160.793s , currentRepackMaxTime:318.4896382978723s
iter7		 Improve solution by repack 0.568758062348831->0.5671267804353669 , unplacedBoxesSize:11
currentRepackCostTime:160.945s , currentRepackMaxTime:318.4896382978723s
iter39		 Improve solution by repack 0.5671267804353669->0.5666366568126848 , unplacedBoxesSize:6
currentRepackCostTime:161.792s , currentRepackMaxTime:318.4896382978723s
Selecting boards with low utilization for repacking...
iter2		 Improve solution by repack 0.9813561542596076->0.5892769080892233 , unplacedBoxesSize:10
currentRepackCostTime:165.113s , currentRepackMaxTime:318.4896382978723s
iter9		 Improve solution by repack 0.5892769080892233->0.5819020424617039 , unplacedBoxesSize:15
currentRepackCostTime:165.312s , currentRepackMaxTime:318.4896382978723s
iter2		 Improve solution by repack 0.5819020424617039->0.581063558183284 , unplacedBoxesSize:15
currentRepackCostTime:165.362s , currentRepackMaxTime:318.4896382978723s
iter12		 Improve solution by repack 0.581063558183284->0.5802210427304488 , unplacedBoxesSize:15
currentRepackCostTime:165.613s , currentRepackMaxTime:318.4896382978723s
iter2		 Improve solution by repack 0.5802210427304488->0.5793059661381349 , unplacedBoxesSize:15
currentRepackCostTime:165.643s , currentRepackMaxTime:318.4896382978723s
iter10		 Improve solution by repack 0.5793059661381349->0.5768657618919645 , unplacedBoxesSize:18
currentRepackCostTime:165.91s , currentRepackMaxTime:318.4896382978723s
iter16		 Improve solution by repack 0.5768657618919645->0.57279427573233 , unplacedBoxesSize:20
currentRepackCostTime:166.276s , currentRepackMaxTime:318.4896382978723s
iter20		 Improve solution by repack 0.57279427573233->0.5724867307175491 , unplacedBoxesSize:20
currentRepackCostTime:166.952s , currentRepackMaxTime:318.4896382978723s
iter8		 Improve solution by repack 0.5724867307175491->0.5724790042999194 , unplacedBoxesSize:16
currentRepackCostTime:167.196s , currentRepackMaxTime:318.4896382978723s
iter30		 Improve solution by repack 0.5724790042999194->0.572081261757592 , unplacedBoxesSize:23
currentRepackCostTime:167.975s , currentRepackMaxTime:318.4896382978723s
iter22		 Improve solution by repack 0.572081261757592->0.5710764915345338 , unplacedBoxesSize:24
currentRepackCostTime:168.709s , currentRepackMaxTime:318.4896382978723s
iter6		 Improve solution by repack 0.5710764915345338->0.571003930395055 , unplacedBoxesSize:24
currentRepackCostTime:168.872s , currentRepackMaxTime:318.4896382978723s
iter66		 Improve solution by repack 0.571003930395055->0.5695679924751411 , unplacedBoxesSize:19
currentRepackCostTime:170.888s , currentRepackMaxTime:318.4896382978723s
iter11		 Improve solution by repack 0.5695679924751411->0.569121875839828 , unplacedBoxesSize:15
currentRepackCostTime:171.17600000000002s , currentRepackMaxTime:318.4896382978723s
iter6		 Improve solution by repack 0.569121875839828->0.5680121271163665 , unplacedBoxesSize:20
currentRepackCostTime:171.356s , currentRepackMaxTime:318.4896382978723s
iter51		 Improve solution by repack 0.5680121271163665->0.5645923474872346 , unplacedBoxesSize:18
currentRepackCostTime:172.83100000000002s , currentRepackMaxTime:318.4896382978723s
iter38		 Improve solution by repack 0.5645923474872346->0.5621481120666487 , unplacedBoxesSize:20
currentRepackCostTime:173.961s , currentRepackMaxTime:318.4896382978723s
iter21		 Improve solution by repack 0.5621481120666487->0.5619263974737974 , unplacedBoxesSize:14
currentRepackCostTime:174.568s , currentRepackMaxTime:318.4896382978723s
iter36		 Improve solution by repack 0.5619263974737974->0.5615179051330288 , unplacedBoxesSize:14
currentRepackCostTime:175.413s , currentRepackMaxTime:318.4896382978723s
iter19		 Improve solution by repack 0.5615179051330288->0.5610677573233002 , unplacedBoxesSize:12
currentRepackCostTime:175.879s , currentRepackMaxTime:318.4896382978723s
iter168		 Improve solution by repack 0.5610677573233002->0.5604469564633163 , unplacedBoxesSize:12
currentRepackCostTime:179.586s , currentRepackMaxTime:318.4896382978723s
iter100		 Improve solution by repack 0.5604469564633163->0.5584555563020693 , unplacedBoxesSize:12
currentRepackCostTime:181.846s , currentRepackMaxTime:318.4896382978723s
Selecting boards with low utilization for repacking...
iter2		 Improve solution by repack 0.973166151572158->0.5797149623757054 , unplacedBoxesSize:11
currentRepackCostTime:188.422s , currentRepackMaxTime:318.4896382978723s
iter3		 Improve solution by repack 0.5797149623757054->0.5670515318462779 , unplacedBoxesSize:13
currentRepackCostTime:188.469s , currentRepackMaxTime:318.4896382978723s
iter4		 Improve solution by repack 0.5670515318462779->0.5665194168234345 , unplacedBoxesSize:13
currentRepackCostTime:188.59900000000002s , currentRepackMaxTime:318.4896382978723s
iter8		 Improve solution by repack 0.5665194168234345->0.5633448669712443 , unplacedBoxesSize:13
currentRepackCostTime:188.776s , currentRepackMaxTime:318.4896382978723s
iter41		 Improve solution by repack 0.5633448669712443->0.5556453238376781 , unplacedBoxesSize:12
currentRepackCostTime:189.611s , currentRepackMaxTime:318.4896382978723s
iter7		 Improve solution by repack 0.5556453238376781->0.5555767938726148 , unplacedBoxesSize:14
currentRepackCostTime:189.748s , currentRepackMaxTime:318.4896382978723s
iter4		 Improve solution by repack 0.5555767938726148->0.5547517468422467 , unplacedBoxesSize:14
currentRepackCostTime:189.851s , currentRepackMaxTime:318.4896382978723s
iter95		 Improve solution by repack 0.5547517468422467->0.5528958949207202 , unplacedBoxesSize:12
currentRepackCostTime:192.245s , currentRepackMaxTime:318.4896382978723s
iter95		 Improve solution by repack 0.5528958949207202->0.5521973259876377 , unplacedBoxesSize:12
currentRepackCostTime:194.31s , currentRepackMaxTime:318.4896382978723s
iter5		 Improve solution by repack 0.5521973259876377->0.5516652109647944 , unplacedBoxesSize:12
currentRepackCostTime:194.427s , currentRepackMaxTime:318.4896382978723s
iter11		 Improve solution by repack 0.5516652109647944->0.551133095941951 , unplacedBoxesSize:12
currentRepackCostTime:194.699s , currentRepackMaxTime:318.4896382978723s
iter114		 Improve solution by repack 0.551133095941951->0.5502863813490997 , unplacedBoxesSize:13
currentRepackCostTime:197.411s , currentRepackMaxTime:318.4896382978723s
iter7		 Improve solution by repack 0.5502863813490997->0.5487787221177103 , unplacedBoxesSize:14
currentRepackCostTime:197.589s , currentRepackMaxTime:318.4896382978723s
iter5		 Improve solution by repack 0.5487787221177103->0.5486315842515452 , unplacedBoxesSize:14
currentRepackCostTime:197.697s , currentRepackMaxTime:318.4896382978723s
iter7		 Improve solution by repack 0.5486315842515452->0.5471722991131417 , unplacedBoxesSize:14
currentRepackCostTime:197.84300000000002s , currentRepackMaxTime:318.4896382978723s
iter159		 Improve solution by repack 0.5471722991131417->0.5436461972588014 , unplacedBoxesSize:9
currentRepackCostTime:201.947s , currentRepackMaxTime:318.4896382978723s
iter31		 Improve solution by repack 0.5436461972588014->0.5411824778285408 , unplacedBoxesSize:13
currentRepackCostTime:202.502s , currentRepackMaxTime:318.4896382978723s
iter22		 Improve solution by repack 0.5411824778285408->0.5404763504434292 , unplacedBoxesSize:10
currentRepackCostTime:202.988s , currentRepackMaxTime:318.4896382978723s
iter4		 Improve solution by repack 0.5404763504434292->0.5404037893039506 , unplacedBoxesSize:10
currentRepackCostTime:203.068s , currentRepackMaxTime:318.4896382978723s
iter15		 Improve solution by repack 0.5404037893039506->0.5394040580489116 , unplacedBoxesSize:10
currentRepackCostTime:203.344s , currentRepackMaxTime:318.4896382978723s
iter55		 Improve solution by repack 0.5394040580489116->0.5392253426498254 , unplacedBoxesSize:14
currentRepackCostTime:204.465s , currentRepackMaxTime:318.4896382978723s
iter9		 Improve solution by repack 0.5392253426498254->0.538693227626982 , unplacedBoxesSize:14
currentRepackCostTime:204.689s , currentRepackMaxTime:318.4896382978723s
iter59		 Improve solution by repack 0.538693227626982->0.5380470639613008 , unplacedBoxesSize:14
currentRepackCostTime:206.03900000000002s , currentRepackMaxTime:318.4896382978723s
iter19		 Improve solution by repack 0.5380470639613008->0.5372529226014513 , unplacedBoxesSize:14
currentRepackCostTime:206.472s , currentRepackMaxTime:318.4896382978723s
Selecting boards with low utilization for repacking...
iter11		 Improve solution by repack 0.9769430260682612->0.54004165546896 , unplacedBoxesSize:10
currentRepackCostTime:215.064s , currentRepackMaxTime:318.4896382978723s
Selecting boards with low utilization for repacking...
iter6		 Improve solution by repack 0.9916178446654125->0.991545283525934 , unplacedBoxesSize:10
currentRepackCostTime:222.048s , currentRepackMaxTime:318.4896382978723s
iter4		 Improve solution by repack 0.991545283525934->0.9900271148800726 , unplacedBoxesSize:7
currentRepackCostTime:222.114s , currentRepackMaxTime:318.4896382978723s
iter8		 Improve solution by repack 0.9900271148800726->0.5627264176296695 , unplacedBoxesSize:8
currentRepackCostTime:222.21800000000002s , currentRepackMaxTime:318.4896382978723s
iter57		 Improve solution by repack 0.5627264176296695->0.561164841440473 , unplacedBoxesSize:10
currentRepackCostTime:223.094s , currentRepackMaxTime:318.4896382978723s
iter21		 Improve solution by repack 0.561164841440473->0.5599704380542865 , unplacedBoxesSize:14
currentRepackCostTime:223.459s , currentRepackMaxTime:318.4896382978723s
iter1		 Improve solution by repack 0.5599704380542865->0.5554192421392099 , unplacedBoxesSize:14
currentRepackCostTime:223.473s , currentRepackMaxTime:318.4896382978723s
iter6		 Improve solution by repack 0.5554192421392099->0.550819000268745 , unplacedBoxesSize:14
currentRepackCostTime:223.59s , currentRepackMaxTime:318.4896382978723s
iter18		 Improve solution by repack 0.550819000268745->0.5499764848159098 , unplacedBoxesSize:14
currentRepackCostTime:223.972s , currentRepackMaxTime:318.4896382978723s
iter24		 Improve solution by repack 0.5499764848159098->0.5492166084385918 , unplacedBoxesSize:14
currentRepackCostTime:224.504s , currentRepackMaxTime:318.4896382978723s
iter22		 Improve solution by repack 0.5492166084385918->0.548272641762967 , unplacedBoxesSize:14
currentRepackCostTime:225.03900000000002s , currentRepackMaxTime:318.4896382978723s
iter29		 Improve solution by repack 0.548272641762967->0.5474361730717549 , unplacedBoxesSize:13
currentRepackCostTime:225.719s , currentRepackMaxTime:318.4896382978723s
iter7		 Improve solution by repack 0.5474361730717549->0.5422373018005913 , unplacedBoxesSize:13
currentRepackCostTime:225.866s , currentRepackMaxTime:318.4896382978723s
iter39		 Improve solution by repack 0.5422373018005913->0.542024993281376 , unplacedBoxesSize:12
currentRepackCostTime:226.65800000000002s , currentRepackMaxTime:318.4896382978723s
iter1		 Improve solution by repack 0.542024993281376->0.5401195915076592 , unplacedBoxesSize:14
currentRepackCostTime:226.669s , currentRepackMaxTime:318.4896382978723s
iter21		 Improve solution by repack 0.5401195915076592->0.5363665681268477 , unplacedBoxesSize:14
currentRepackCostTime:227.148s , currentRepackMaxTime:318.4896382978723s
iter10		 Improve solution by repack 0.5363665681268477->0.5355240526740124 , unplacedBoxesSize:14
currentRepackCostTime:227.323s , currentRepackMaxTime:318.4896382978723s
iter28		 Improve solution by repack 0.5355240526740124->0.5340647675356087 , unplacedBoxesSize:14
currentRepackCostTime:227.864s , currentRepackMaxTime:318.4896382978723s
iter23		 Improve solution by repack 0.5340647675356087->0.5282491265788766 , unplacedBoxesSize:12
currentRepackCostTime:228.344s , currentRepackMaxTime:318.4896382978723s
iter21		 Improve solution by repack 0.5282491265788766->0.5281900026874496 , unplacedBoxesSize:12
currentRepackCostTime:228.81900000000002s , currentRepackMaxTime:318.4896382978723s
iter7		 Improve solution by repack 0.5281900026874496->0.5281725342649826 , unplacedBoxesSize:12
currentRepackCostTime:228.953s , currentRepackMaxTime:318.4896382978723s
iter71		 Improve solution by repack 0.5281725342649826->0.5277129803816178 , unplacedBoxesSize:12
currentRepackCostTime:230.627s , currentRepackMaxTime:318.4896382978723s
iter3		 Improve solution by repack 0.5277129803816178->0.5276404192421392 , unplacedBoxesSize:12
currentRepackCostTime:230.693s , currentRepackMaxTime:318.4896382978723s
iter41		 Improve solution by repack 0.5276404192421392->0.5262261488847084 , unplacedBoxesSize:14
currentRepackCostTime:231.49s , currentRepackMaxTime:318.4896382978723s
iter8		 Improve solution by repack 0.5262261488847084->0.5256940338618651 , unplacedBoxesSize:14
currentRepackCostTime:231.671s , currentRepackMaxTime:318.4896382978723s
iter11		 Improve solution by repack 0.5256940338618651->0.5256456597688793 , unplacedBoxesSize:14
currentRepackCostTime:231.963s , currentRepackMaxTime:318.4896382978723s
Selecting boards with low utilization for repacking...
iter6		 Improve solution by repack 0.9889369457135179->0.987201021230852 , unplacedBoxesSize:5
currentRepackCostTime:239.512s , currentRepackMaxTime:318.4896382978723s
iter14		 Improve solution by repack 0.987201021230852->0.5659160843859178 , unplacedBoxesSize:9
currentRepackCostTime:239.655s , currentRepackMaxTime:318.4896382978723s
iter2		 Improve solution by repack 0.5659160843859178->0.5528905200214995 , unplacedBoxesSize:7
currentRepackCostTime:239.69400000000002s , currentRepackMaxTime:318.4896382978723s
iter6		 Improve solution by repack 0.5528905200214995->0.5523584049986563 , unplacedBoxesSize:7
currentRepackCostTime:239.784s , currentRepackMaxTime:318.4896382978723s
iter6		 Improve solution by repack 0.5523584049986563->0.5514702029024455 , unplacedBoxesSize:9
currentRepackCostTime:239.87300000000002s , currentRepackMaxTime:318.4896382978723s
iter2		 Improve solution by repack 0.5514702029024455->0.5475613074442354 , unplacedBoxesSize:11
currentRepackCostTime:239.898s , currentRepackMaxTime:318.4896382978723s
iter10		 Improve solution by repack 0.5475613074442354->0.5446548306906746 , unplacedBoxesSize:11
currentRepackCostTime:240.082s , currentRepackMaxTime:318.4896382978723s
iter73		 Improve solution by repack 0.5446548306906746->0.5441173407686106 , unplacedBoxesSize:15
currentRepackCostTime:241.482s , currentRepackMaxTime:318.4896382978723s
iter65		 Improve solution by repack 0.5441173407686106->0.5435121607094867 , unplacedBoxesSize:15
currentRepackCostTime:243.173s , currentRepackMaxTime:318.4896382978723s
iter3		 Improve solution by repack 0.5435121607094867->0.5428570948669712 , unplacedBoxesSize:15
currentRepackCostTime:243.278s , currentRepackMaxTime:318.4896382978723s
iter6		 Improve solution by repack 0.5428570948669712->0.5423249798441279 , unplacedBoxesSize:15
currentRepackCostTime:243.42600000000002s , currentRepackMaxTime:318.4896382978723s
iter27		 Improve solution by repack 0.5423249798441279->0.5420629535071217 , unplacedBoxesSize:15
currentRepackCostTime:244.151s , currentRepackMaxTime:318.4896382978723s
iter4		 Improve solution by repack 0.5420629535071217->0.5338146667562483 , unplacedBoxesSize:11
currentRepackCostTime:244.25300000000001s , currentRepackMaxTime:318.4896382978723s
Selecting boards with low utilization for repacking...
iter3		 Improve solution by repack 0.9918372077398548->0.9906478433216876 , unplacedBoxesSize:19
currentRepackCostTime:251.455s , currentRepackMaxTime:318.4896382978723s
iter5		 Improve solution by repack 0.9906478433216876->0.5520516998118785 , unplacedBoxesSize:14
currentRepackCostTime:251.591s , currentRepackMaxTime:318.4896382978723s
iter16		 Improve solution by repack 0.5520516998118785->0.5512078406342381 , unplacedBoxesSize:12
currentRepackCostTime:251.898s , currentRepackMaxTime:318.4896382978723s
iter54		 Improve solution by repack 0.5512078406342381->0.5509115493147003 , unplacedBoxesSize:10
currentRepackCostTime:253.086s , currentRepackMaxTime:318.4896382978723s
iter3		 Improve solution by repack 0.5509115493147003->0.5500690338618651 , unplacedBoxesSize:10
currentRepackCostTime:253.119s , currentRepackMaxTime:318.4896382978723s
iter37		 Improve solution by repack 0.5500690338618651->0.5446269484009675 , unplacedBoxesSize:12
currentRepackCostTime:253.796s , currentRepackMaxTime:318.4896382978723s
iter41		 Improve solution by repack 0.5446269484009675->0.5426355482397205 , unplacedBoxesSize:12
currentRepackCostTime:254.595s , currentRepackMaxTime:318.4896382978723s
iter39		 Improve solution by repack 0.5426355482397205->0.5413593456060198 , unplacedBoxesSize:10
currentRepackCostTime:255.452s , currentRepackMaxTime:318.4896382978723s
Selecting boards with low utilization for repacking...
iter2		 Improve solution by repack 0.9903470169309325->0.5426355482397205 , unplacedBoxesSize:12
currentRepackCostTime:262.53000000000003s , currentRepackMaxTime:318.4896382978723s
iter59		 Improve solution by repack 0.5426355482397205->0.5413593456060198 , unplacedBoxesSize:10
currentRepackCostTime:263.79s , currentRepackMaxTime:318.4896382978723s
Selecting boards with low utilization for repacking...
All low-utilization boards have been repacked once. Restarting repacking process...
Selecting boards with low utilization for repacking...
Selecting boards with low utilization for repacking...
iter7		 Improve solution by repack 0.9786280569739317->0.5625821351787154 , unplacedBoxesSize:9
currentRepackCostTime:273.561s , currentRepackMaxTime:318.4896382978723s
iter35		 Improve solution by repack 0.5625821351787154->0.5625646667562483 , unplacedBoxesSize:9
currentRepackCostTime:274.177s , currentRepackMaxTime:318.4896382978723s
iter67		 Improve solution by repack 0.5625646667562483->0.5565578809459822 , unplacedBoxesSize:13
currentRepackCostTime:275.424s , currentRepackMaxTime:318.4896382978723s
iter8		 Improve solution by repack 0.5565578809459822->0.5557251074979844 , unplacedBoxesSize:11
currentRepackCostTime:275.649s , currentRepackMaxTime:318.4896382978723s
iter170		 Improve solution by repack 0.5557251074979844->0.5537673004568664 , unplacedBoxesSize:12
currentRepackCostTime:279.107s , currentRepackMaxTime:318.4896382978723s
iter40		 Improve solution by repack 0.5537673004568664->0.549478130878796 , unplacedBoxesSize:10
currentRepackCostTime:280.016s , currentRepackMaxTime:318.4896382978723s
Selecting boards with low utilization for repacking...
iter9		 Improve solution by repack 0.9817253426498254->0.5524652311206665 , unplacedBoxesSize:10
currentRepackCostTime:284.732s , currentRepackMaxTime:318.4896382978723s
iter53		 Improve solution by repack 0.5524652311206665->0.549478130878796 , unplacedBoxesSize:10
currentRepackCostTime:285.677s , currentRepackMaxTime:318.4896382978723s
Selecting boards with low utilization for repacking...
iter5		 Improve solution by repack 0.9823083512496641->0.9779731590970169 , unplacedBoxesSize:14
currentRepackCostTime:291.901s , currentRepackMaxTime:318.4896382978723s
iter9		 Improve solution by repack 0.9779731590970169->0.5645303681805967 , unplacedBoxesSize:10
currentRepackCostTime:292.111s , currentRepackMaxTime:318.4896382978723s
iter14		 Improve solution by repack 0.5645303681805967->0.5634102055898952 , unplacedBoxesSize:12
currentRepackCostTime:292.346s , currentRepackMaxTime:318.4896382978723s
iter3		 Improve solution by repack 0.5634102055898952->0.5633376444504166 , unplacedBoxesSize:12
currentRepackCostTime:292.415s , currentRepackMaxTime:318.4896382978723s
iter5		 Improve solution by repack 0.5633376444504166->0.559971613813491 , unplacedBoxesSize:12
currentRepackCostTime:292.511s , currentRepackMaxTime:318.4896382978723s
iter7		 Improve solution by repack 0.559971613813491->0.5584876377317926 , unplacedBoxesSize:10
currentRepackCostTime:292.675s , currentRepackMaxTime:318.4896382978723s
iter29		 Improve solution by repack 0.5584876377317926->0.5551498253157753 , unplacedBoxesSize:9
currentRepackCostTime:293.269s , currentRepackMaxTime:318.4896382978723s
iter175		 Improve solution by repack 0.5551498253157753->0.5550171324912658 , unplacedBoxesSize:10
currentRepackCostTime:296.444s , currentRepackMaxTime:318.4896382978723s
iter91		 Improve solution by repack 0.5550171324912658->0.5540413947863478 , unplacedBoxesSize:9
currentRepackCostTime:298.217s , currentRepackMaxTime:318.4896382978723s
iter52		 Improve solution by repack 0.5540413947863478->0.5520499946251008 , unplacedBoxesSize:9
currentRepackCostTime:299.234s , currentRepackMaxTime:318.4896382978723s
iter1		 Improve solution by repack 0.5520499946251008->0.5511006530502554 , unplacedBoxesSize:9
currentRepackCostTime:299.246s , currentRepackMaxTime:318.4896382978723s
iter8		 Improve solution by repack 0.5511006530502554->0.5510280919107766 , unplacedBoxesSize:9
currentRepackCostTime:299.368s , currentRepackMaxTime:318.4896382978723s
Selecting boards with low utilization for repacking...
iter13		 Improve solution by repack 0.9819986226820747->0.5794121203977425 , unplacedBoxesSize:8
currentRepackCostTime:306.38800000000003s , currentRepackMaxTime:318.4896382978723s
iter38		 Improve solution by repack 0.5794121203977425->0.5768886052136523 , unplacedBoxesSize:8
currentRepackCostTime:307.039s , currentRepackMaxTime:318.4896382978723s
iter17		 Improve solution by repack 0.5768886052136523->0.57338803413061 , unplacedBoxesSize:14
currentRepackCostTime:307.408s , currentRepackMaxTime:318.4896382978723s
iter5		 Improve solution by repack 0.57338803413061->0.571353634775598 , unplacedBoxesSize:14
currentRepackCostTime:307.515s , currentRepackMaxTime:318.4896382978723s
iter2		 Improve solution by repack 0.571353634775598->0.5686809661381349 , unplacedBoxesSize:10
currentRepackCostTime:307.56s , currentRepackMaxTime:318.4896382978723s
iter1		 Improve solution by repack 0.5686809661381349->0.5656144181671594 , unplacedBoxesSize:12
currentRepackCostTime:307.586s , currentRepackMaxTime:318.4896382978723s
iter12		 Improve solution by repack 0.5656144181671594->0.563577331362537 , unplacedBoxesSize:9
currentRepackCostTime:307.849s , currentRepackMaxTime:318.4896382978723s
iter77		 Improve solution by repack 0.563577331362537->0.5613583378124161 , unplacedBoxesSize:8
currentRepackCostTime:309.32s , currentRepackMaxTime:318.4896382978723s
iter19		 Improve solution by repack 0.5613583378124161->0.5604365425960763 , unplacedBoxesSize:9
currentRepackCostTime:309.647s , currentRepackMaxTime:318.4896382978723s
iter10		 Improve solution by repack 0.5604365425960763->0.5576086737436173 , unplacedBoxesSize:10
currentRepackCostTime:309.839s , currentRepackMaxTime:318.4896382978723s
iter13		 Improve solution by repack 0.5576086737436173->0.5506878191346412 , unplacedBoxesSize:9
currentRepackCostTime:310.096s , currentRepackMaxTime:318.4896382978723s
iter2		 Improve solution by repack 0.5506878191346412->0.5499259271701156 , unplacedBoxesSize:9
currentRepackCostTime:310.116s , currentRepackMaxTime:318.4896382978723s
Selecting boards with low utilization for repacking...
iter2		 Improve solution by repack 0.9829130018812147->0.9817253426498254 , unplacedBoxesSize:8
currentRepackCostTime:317.008s , currentRepackMaxTime:318.4896382978723s
iter2		 Improve solution by repack 0.9817253426498254->0.9777129803816179 , unplacedBoxesSize:7
currentRepackCostTime:317.034s , currentRepackMaxTime:318.4896382978723s
iter1		 Improve solution by repack 0.9777129803816179->0.5710711166353131 , unplacedBoxesSize:10
currentRepackCostTime:317.048s , currentRepackMaxTime:318.4896382978723s
iter5		 Improve solution by repack 0.5710711166353131->0.5678182948132223 , unplacedBoxesSize:11
currentRepackCostTime:317.15000000000003s , currentRepackMaxTime:318.4896382978723s
iter20		 Improve solution by repack 0.5678182948132223->0.5601770357430798 , unplacedBoxesSize:8
currentRepackCostTime:317.605s , currentRepackMaxTime:318.4896382978723s
