total number of nestable workpieces：922
Start priority-first combined packing.
Start nesting on the 1th large board, remaining blocks count: 209
Utilization of the 1th large board: 94.32306275194841, Time taken for this board: 3.14s
-------------------------------------------------------------------
Start nesting on the 2th large board, remaining blocks count: 207
Utilization of the 2th large board: 94.20212980381618, Time taken for this board: 5.697s
-------------------------------------------------------------------
Start nesting on the 3th large board, remaining blocks count: 205
Utilization of the 3th large board: 92.6847621607095, Time taken for this board: 8.451s
-------------------------------------------------------------------
Start nesting on the 4th large board, remaining blocks count: 205
Utilization of the 4th large board: 92.6847621607095, Time taken for this board: 11.138s
-------------------------------------------------------------------
Start nesting on the 5th large board, remaining blocks count: 204
Utilization of the 5th large board: 96.73320343993551, Time taken for this board: 13.815s
-------------------------------------------------------------------
Start nesting on the 6th large board, remaining blocks count: 204
Utilization of the 6th large board: 96.36495565708142, Time taken for this board: 16.275s
-------------------------------------------------------------------
Start nesting on the 7th large board, remaining blocks count: 200
Utilization of the 7th large board: 93.07256113947864, Time taken for this board: 18.583000000000002s
-------------------------------------------------------------------
Start nesting on the 8th large board, remaining blocks count: 198
Utilization of the 8th large board: 94.31577532921257, Time taken for this board: 20.43s
-------------------------------------------------------------------
Start nesting on the 9th large board, remaining blocks count: 198
Utilization of the 9th large board: 94.31577532921257, Time taken for this board: 22.289s
-------------------------------------------------------------------
Start nesting on the 10th large board, remaining blocks count: 198
Utilization of the 10th large board: 94.31577532921257, Time taken for this board: 24.151s
-------------------------------------------------------------------
Start nesting on the 11th large board, remaining blocks count: 196
Utilization of the 11th large board: 92.13779897876914, Time taken for this board: 25.955000000000002s
-------------------------------------------------------------------
Start nesting on the 12th large board, remaining blocks count: 196
Utilization of the 12th large board: 92.13779897876914, Time taken for this board: 27.865000000000002s
-------------------------------------------------------------------
Start nesting on the 13th large board, remaining blocks count: 196
Utilization of the 13th large board: 92.13779897876914, Time taken for this board: 29.622s
-------------------------------------------------------------------
Start nesting on the 14th large board, remaining blocks count: 196
Utilization of the 14th large board: 92.13779897876914, Time taken for this board: 31.283s
-------------------------------------------------------------------
Start nesting on the 15th large board, remaining blocks count: 195
Utilization of the 15th large board: 92.95691682343455, Time taken for this board: 32.826s
-------------------------------------------------------------------
Start nesting on the 16th large board, remaining blocks count: 193
Utilization of the 16th large board: 89.02492609513573, Time taken for this board: 33.925s
-------------------------------------------------------------------
Start nesting on the 17th large board, remaining blocks count: 193
Utilization of the 17th large board: 89.02492609513573, Time taken for this board: 35.044000000000004s
-------------------------------------------------------------------
Start nesting on the 18th large board, remaining blocks count: 192
Utilization of the 18th large board: 90.28970706799247, Time taken for this board: 36.144s
-------------------------------------------------------------------
Start nesting on the 19th large board, remaining blocks count: 192
Utilization of the 19th large board: 90.28970706799247, Time taken for this board: 37.267s
-------------------------------------------------------------------
Start nesting on the 20th large board, remaining blocks count: 189
Utilization of the 20th large board: 90.64957336737436, Time taken for this board: 38.46s
-------------------------------------------------------------------
Start nesting on the 21th large board, remaining blocks count: 189
Utilization of the 21th large board: 90.64957336737436, Time taken for this board: 39.658s
-------------------------------------------------------------------
Start nesting on the 22th large board, remaining blocks count: 187
Utilization of the 22th large board: 90.34021432410643, Time taken for this board: 40.828s
-------------------------------------------------------------------
Start nesting on the 23th large board, remaining blocks count: 183
Utilization of the 23th large board: 97.25127653856491, Time taken for this board: 42.1s
-------------------------------------------------------------------
Start nesting on the 24th large board, remaining blocks count: 179
Utilization of the 24th large board: 97.1991400161247, Time taken for this board: 43.321s
-------------------------------------------------------------------
Start nesting on the 25th large board, remaining blocks count: 175
Utilization of the 25th large board: 96.72897070679925, Time taken for this board: 44.534s
-------------------------------------------------------------------
Start nesting on the 26th large board, remaining blocks count: 173
Utilization of the 26th large board: 96.59147406611126, Time taken for this board: 45.721000000000004s
-------------------------------------------------------------------
Start nesting on the 27th large board, remaining blocks count: 173
Utilization of the 27th large board: 96.59147406611126, Time taken for this board: 46.907000000000004s
-------------------------------------------------------------------
Start nesting on the 28th large board, remaining blocks count: 170
Utilization of the 28th large board: 96.91584923407687, Time taken for this board: 48.427s
-------------------------------------------------------------------
Start nesting on the 29th large board, remaining blocks count: 168
Utilization of the 29th large board: 96.28490325181403, Time taken for this board: 49.913000000000004s
-------------------------------------------------------------------
Start nesting on the 30th large board, remaining blocks count: 164
Utilization of the 30th large board: 96.01666218758399, Time taken for this board: 51.354s
-------------------------------------------------------------------
Start nesting on the 31th large board, remaining blocks count: 162
Utilization of the 31th large board: 95.75661784466541, Time taken for this board: 52.777s
-------------------------------------------------------------------
Start nesting on the 32th large board, remaining blocks count: 162
Utilization of the 32th large board: 95.75661784466541, Time taken for this board: 54.198s
-------------------------------------------------------------------
Start nesting on the 33th large board, remaining blocks count: 160
Utilization of the 33th large board: 95.69457135178716, Time taken for this board: 55.604s
-------------------------------------------------------------------
Start nesting on the 34th large board, remaining blocks count: 160
Utilization of the 34th large board: 95.69457135178716, Time taken for this board: 57.018s
-------------------------------------------------------------------
Start nesting on the 35th large board, remaining blocks count: 156
Utilization of the 35th large board: 95.65123622682076, Time taken for this board: 58.403s
-------------------------------------------------------------------
Start nesting on the 36th large board, remaining blocks count: 154
Utilization of the 36th large board: 95.5236159634507, Time taken for this board: 59.681000000000004s
-------------------------------------------------------------------
Start nesting on the 37th large board, remaining blocks count: 152
Utilization of the 37th large board: 95.20723595807578, Time taken for this board: 60.938s
-------------------------------------------------------------------
Start nesting on the 38th large board, remaining blocks count: 150
Utilization of the 38th large board: 95.18758398280032, Time taken for this board: 62.159s
-------------------------------------------------------------------
Start nesting on the 39th large board, remaining blocks count: 148
Utilization of the 39th large board: 94.96254367105617, Time taken for this board: 63.359s
-------------------------------------------------------------------
Start nesting on the 40th large board, remaining blocks count: 145
Utilization of the 40th large board: 88.64391292663262, Time taken for this board: 63.885s
-------------------------------------------------------------------
Start nesting on the 41th large board, remaining blocks count: 145
Utilization of the 41th large board: 88.64391292663262, Time taken for this board: 64.41s
-------------------------------------------------------------------
Start nesting on the 42th large board, remaining blocks count: 142
Utilization of the 42th large board: 99.05331228164471, Time taken for this board: 65.419s
-------------------------------------------------------------------
Start nesting on the 43th large board, remaining blocks count: 136
Utilization of the 43th large board: 98.85514646600376, Time taken for this board: 66.352s
-------------------------------------------------------------------
Start nesting on the 44th large board, remaining blocks count: 132
Utilization of the 44th large board: 98.67508734211233, Time taken for this board: 67.31400000000001s
-------------------------------------------------------------------
Start nesting on the 45th large board, remaining blocks count: 130
Utilization of the 45th large board: 99.00483740929857, Time taken for this board: 68.23s
-------------------------------------------------------------------
Start nesting on the 46th large board, remaining blocks count: 126
Utilization of the 46th large board: 99.25396398817523, Time taken for this board: 68.728s
-------------------------------------------------------------------
Start nesting on the 47th large board, remaining blocks count: 120
Utilization of the 47th large board: 99.17599435635582, Time taken for this board: 69.191s
-------------------------------------------------------------------
Start nesting on the 48th large board, remaining blocks count: 116
Utilization of the 48th large board: 99.07521499596884, Time taken for this board: 69.659s
-------------------------------------------------------------------
Start nesting on the 49th large board, remaining blocks count: 110
Utilization of the 49th large board: 98.0559661381349, Time taken for this board: 70.034s
-------------------------------------------------------------------
Start nesting on the 50th large board, remaining blocks count: 108
Utilization of the 50th large board: 98.05284197796291, Time taken for this board: 70.423s
-------------------------------------------------------------------
Start nesting on the 51th large board, remaining blocks count: 104
Utilization of the 51th large board: 97.80012093523246, Time taken for this board: 70.761s
-------------------------------------------------------------------
Start nesting on the 52th large board, remaining blocks count: 102
Utilization of the 52th large board: 97.93839021768342, Time taken for this board: 71.09700000000001s
-------------------------------------------------------------------
Start nesting on the 53th large board, remaining blocks count: 100
Utilization of the 53th large board: 98.11448535339962, Time taken for this board: 71.434s
-------------------------------------------------------------------
Start nesting on the 54th large board, remaining blocks count: 100
Utilization of the 54th large board: 98.11448535339962, Time taken for this board: 71.768s
-------------------------------------------------------------------
Start nesting on the 55th large board, remaining blocks count: 96
Utilization of the 55th large board: 97.89962375705454, Time taken for this board: 72.09400000000001s
-------------------------------------------------------------------
Start nesting on the 56th large board, remaining blocks count: 96
Utilization of the 56th large board: 98.20438054286481, Time taken for this board: 72.423s
-------------------------------------------------------------------
Start nesting on the 57th large board, remaining blocks count: 90
Utilization of the 57th large board: 97.63964660037624, Time taken for this board: 72.7s
-------------------------------------------------------------------
Start nesting on the 58th large board, remaining blocks count: 84
Utilization of the 58th large board: 97.08761085729644, Time taken for this board: 72.94500000000001s
-------------------------------------------------------------------
Start nesting on the 59th large board, remaining blocks count: 80
Utilization of the 59th large board: 97.57279629131955, Time taken for this board: 73.172s
-------------------------------------------------------------------
Start nesting on the 60th large board, remaining blocks count: 78
Utilization of the 60th large board: 97.28604541789842, Time taken for this board: 73.375s
-------------------------------------------------------------------
Start nesting on the 61th large board, remaining blocks count: 74
Utilization of the 61th large board: 96.96694436979307, Time taken for this board: 73.569s
-------------------------------------------------------------------
Start nesting on the 62th large board, remaining blocks count: 74
Utilization of the 62th large board: 96.96694436979307, Time taken for this board: 73.763s
-------------------------------------------------------------------
Start nesting on the 63th large board, remaining blocks count: 72
Utilization of the 63th large board: 96.70253292125771, Time taken for this board: 73.95700000000001s
-------------------------------------------------------------------
Start nesting on the 64th large board, remaining blocks count: 66
Utilization of the 64th large board: 95.56134103735556, Time taken for this board: 74.135s
-------------------------------------------------------------------
Start nesting on the 65th large board, remaining blocks count: 64
Utilization of the 65th large board: 95.29635850577802, Time taken for this board: 74.214s
-------------------------------------------------------------------
Start nesting on the 66th large board, remaining blocks count: 62
Utilization of the 66th large board: 95.22423407686105, Time taken for this board: 74.288s
-------------------------------------------------------------------
Start nesting on the 67th large board, remaining blocks count: 60
Utilization of the 67th large board: 95.20169309325449, Time taken for this board: 74.357s
-------------------------------------------------------------------
Start nesting on the 68th large board, remaining blocks count: 60
Utilization of the 68th large board: 95.20169309325449, Time taken for this board: 74.427s
-------------------------------------------------------------------
Start nesting on the 69th large board, remaining blocks count: 56
Utilization of the 69th large board: 95.1649758129535, Time taken for this board: 74.488s
-------------------------------------------------------------------
Start nesting on the 70th large board, remaining blocks count: 54
Utilization of the 70th large board: 94.55616769685568, Time taken for this board: 74.543s
-------------------------------------------------------------------
Start nesting on the 71th large board, remaining blocks count: 50
Utilization of the 71th large board: 96.05079279763504, Time taken for this board: 74.592s
-------------------------------------------------------------------
Start nesting on the 72th large board, remaining blocks count: 46
Utilization of the 72th large board: 96.06275194840097, Time taken for this board: 74.635s
-------------------------------------------------------------------
Start nesting on the 73th large board, remaining blocks count: 42
Utilization of the 73th large board: 95.53211502284333, Time taken for this board: 74.672s
-------------------------------------------------------------------
Start nesting on the 74th large board, remaining blocks count: 38
Utilization of the 74th large board: 93.40815640956733, Time taken for this board: 74.699s
-------------------------------------------------------------------
Start nesting on the 75th large board, remaining blocks count: 34
Utilization of the 75th large board: 92.45169309325449, Time taken for this board: 74.727s
-------------------------------------------------------------------
Start nesting on the 76th large board, remaining blocks count: 30
Utilization of the 76th large board: 96.42139209889814, Time taken for this board: 74.74s
-------------------------------------------------------------------
Start nesting on the 77th large board, remaining blocks count: 26
Utilization of the 77th large board: 90.96785138403655, Time taken for this board: 74.75s
-------------------------------------------------------------------
Start nesting on the 78th large board, remaining blocks count: 22
Utilization of the 78th large board: 92.1194571351787, Time taken for this board: 74.759s
-------------------------------------------------------------------
Start nesting on the 79th large board, remaining blocks count: 20
Utilization of the 79th large board: 91.85864015049717, Time taken for this board: 74.765s
-------------------------------------------------------------------
Start nesting on the 80th large board, remaining blocks count: 14
Utilization of the 80th large board: 91.3512496640688, Time taken for this board: 74.768s
-------------------------------------------------------------------
Start nesting on the 81th large board, remaining blocks count: 12
Utilization of the 81th large board: 84.07350174684224, Time taken for this board: 74.769s
-------------------------------------------------------------------
Start nesting on the 82th large board, remaining blocks count: 4
Utilization of the 82th large board: 39.885245901639344, Time taken for this board: 74.769s
-------------------------------------------------------------------
Start global repack optimization for 82 boards, time=287.976s.
Start improving solution by repacking.
Selecting boards with low utilization for repacking...
iter54		 Improve solution by repack 0.39885245901639343->0.3968496371943026 , unplacedBoxesSize:3
currentRepackCostTime:0.10300000000000001s , currentRepackMaxTime:287.976s
iter4		 Improve solution by repack 0.3968496371943026->0.38292394517602796 , unplacedBoxesSize:2
currentRepackCostTime:0.109s , currentRepackMaxTime:287.976s
iter52		 Improve solution by repack 0.38292394517602796->0.3811461972588014 , unplacedBoxesSize:2
currentRepackCostTime:0.202s , currentRepackMaxTime:287.976s
iter16		 Improve solution by repack 0.3811461972588014->0.3283606557377049 , unplacedBoxesSize:2
currentRepackCostTime:0.232s , currentRepackMaxTime:287.976s
iter43		 Improve solution by repack 0.3283606557377049->0.3243664337543671 , unplacedBoxesSize:2
currentRepackCostTime:0.317s , currentRepackMaxTime:287.976s
iter46		 Improve solution by repack 0.3243664337543671->0.31403050255307713 , unplacedBoxesSize:3
currentRepackCostTime:0.398s , currentRepackMaxTime:287.976s
iter10		 Improve solution by repack 0.31403050255307713->0.29720370868046225 , unplacedBoxesSize:2
currentRepackCostTime:0.422s , currentRepackMaxTime:287.976s
iter3		 Improve solution by repack 0.29720370868046225->0.29323300188121476 , unplacedBoxesSize:2
currentRepackCostTime:0.432s , currentRepackMaxTime:287.976s
iter81		 Improve solution by repack 0.29323300188121476->0.27964189733942485 , unplacedBoxesSize:2
currentRepackCostTime:0.612s , currentRepackMaxTime:287.976s
iter28		 Improve solution by repack 0.27964189733942485->0.2699153453372749 , unplacedBoxesSize:2
currentRepackCostTime:0.674s , currentRepackMaxTime:287.976s
iter6		 Improve solution by repack 0.2699153453372749->0.2655771298038162 , unplacedBoxesSize:2
currentRepackCostTime:0.683s , currentRepackMaxTime:287.976s
iter430		 Improve solution by repack 0.2655771298038162->0.25349231792528887 , unplacedBoxesSize:4
currentRepackCostTime:1.603s , currentRepackMaxTime:287.976s
iter3		 Improve solution by repack 0.25349231792528887->0.2520451491534534 , unplacedBoxesSize:2
currentRepackCostTime:1.614s , currentRepackMaxTime:287.976s
iter15		 Improve solution by repack 0.2520451491534534->0.239798441279226 , unplacedBoxesSize:2
currentRepackCostTime:1.6440000000000001s , currentRepackMaxTime:287.976s
iter1		 Improve solution by repack 0.239798441279226->0.23380610051061543 , unplacedBoxesSize:2
currentRepackCostTime:1.6480000000000001s , currentRepackMaxTime:287.976s
iter38		 Improve solution by repack 0.23380610051061543->0.22085259338887395 , unplacedBoxesSize:2
currentRepackCostTime:1.737s , currentRepackMaxTime:287.976s
iter22		 Improve solution by repack 0.22085259338887395->0.17285810266057514 , unplacedBoxesSize:1
currentRepackCostTime:1.796s , currentRepackMaxTime:287.976s
iter545		 Improve solution by repack 0.17285810266057514->0.15298810803547433 , unplacedBoxesSize:1
currentRepackCostTime:2.814s , currentRepackMaxTime:287.976s
iter41		 Improve solution by repack 0.15298810803547433->0.12434560601988713 , unplacedBoxesSize:1
currentRepackCostTime:2.8810000000000002s , currentRepackMaxTime:287.976s
Selecting boards with low utilization for repacking...
iter7		 Improve solution by repack 0.8864391292663263->0.8522897070679926 , unplacedBoxesSize:3
currentRepackCostTime:4.904s , currentRepackMaxTime:287.976s
iter36		 Improve solution by repack 0.8522897070679926->0.2025503896801935 , unplacedBoxesSize:1
currentRepackCostTime:4.955s , currentRepackMaxTime:287.976s
iter113		 Improve solution by repack 0.2025503896801935->0.18091373286750875 , unplacedBoxesSize:1
currentRepackCostTime:5.138s , currentRepackMaxTime:287.976s
Selecting boards with low utilization for repacking...
iter6		 Improve solution by repack 0.8617535608707337->0.8593348562214459 , unplacedBoxesSize:5
currentRepackCostTime:7.007000000000001s , currentRepackMaxTime:287.976s
iter8		 Improve solution by repack 0.8593348562214459->0.847546358505778 , unplacedBoxesSize:3
currentRepackCostTime:7.032s , currentRepackMaxTime:287.976s
iter24		 Improve solution by repack 0.847546358505778->0.18091373286750875 , unplacedBoxesSize:1
currentRepackCostTime:7.071s , currentRepackMaxTime:287.976s
iter644		 Improve solution by repack 0.18091373286750875->0.17285810266057514 , unplacedBoxesSize:1
currentRepackCostTime:8.248s , currentRepackMaxTime:287.976s
Selecting boards with low utilization for repacking...
iter1		 Improve solution by repack 0.8864391292663263->0.17285810266057514 , unplacedBoxesSize:1
currentRepackCostTime:10.088000000000001s , currentRepackMaxTime:287.976s
iter152		 Improve solution by repack 0.17285810266057514->0.15644181671593657 , unplacedBoxesSize:1
currentRepackCostTime:10.394s , currentRepackMaxTime:287.976s
iter43		 Improve solution by repack 0.15644181671593657->0.15565170653050253 , unplacedBoxesSize:1
currentRepackCostTime:10.484s , currentRepackMaxTime:287.976s
Selecting boards with low utilization for repacking...
iter3		 Improve solution by repack 0.8901219430260682->0.8783334453104005 , unplacedBoxesSize:3
currentRepackCostTime:12.374s , currentRepackMaxTime:287.976s
iter12		 Improve solution by repack 0.8783334453104005->0.2025503896801935 , unplacedBoxesSize:1
currentRepackCostTime:12.394s , currentRepackMaxTime:287.976s
Selecting boards with low utilization for repacking...
iter27		 Improve solution by repack 0.8314347621607096->0.25112738511152916 , unplacedBoxesSize:2
currentRepackCostTime:14.258000000000001s , currentRepackMaxTime:287.976s
iter1		 Improve solution by repack 0.25112738511152916->0.24970135716205322 , unplacedBoxesSize:2
currentRepackCostTime:14.26s , currentRepackMaxTime:287.976s
iter33		 Improve solution by repack 0.24970135716205322->0.2457071351787154 , unplacedBoxesSize:2
currentRepackCostTime:14.333s , currentRepackMaxTime:287.976s
iter65		 Improve solution by repack 0.2457071351787154->0.24494893845740393 , unplacedBoxesSize:3
currentRepackCostTime:14.475s , currentRepackMaxTime:287.976s
iter1		 Improve solution by repack 0.24494893845740393->0.24480986294006987 , unplacedBoxesSize:3
currentRepackCostTime:14.477s , currentRepackMaxTime:287.976s
iter4		 Improve solution by repack 0.24480986294006987->0.24037086804622415 , unplacedBoxesSize:2
currentRepackCostTime:14.489s , currentRepackMaxTime:287.976s
iter4		 Improve solution by repack 0.24037086804622415->0.2357874227358237 , unplacedBoxesSize:2
currentRepackCostTime:14.495000000000001s , currentRepackMaxTime:287.976s
iter29		 Improve solution by repack 0.2357874227358237->0.21052539639881754 , unplacedBoxesSize:2
currentRepackCostTime:14.554s , currentRepackMaxTime:287.976s
iter93		 Improve solution by repack 0.21052539639881754->0.18678379467884978 , unplacedBoxesSize:2
currentRepackCostTime:14.775s , currentRepackMaxTime:287.976s
iter1		 Improve solution by repack 0.18678379467884978->0.17285810266057514 , unplacedBoxesSize:1
currentRepackCostTime:14.777000000000001s , currentRepackMaxTime:287.976s
iter322		 Improve solution by repack 0.17285810266057514->0.1688873958613276 , unplacedBoxesSize:1
currentRepackCostTime:15.355s , currentRepackMaxTime:287.976s
iter104		 Improve solution by repack 0.1688873958613276->0.13555495834453105 , unplacedBoxesSize:1
currentRepackCostTime:15.532s , currentRepackMaxTime:287.976s
iter10		 Improve solution by repack 0.13555495834453105->0.12434560601988713 , unplacedBoxesSize:1
currentRepackCostTime:15.55s , currentRepackMaxTime:287.976s
iter52		 Improve solution by repack 0.12434560601988713->0.11834990593926363 , unplacedBoxesSize:1
currentRepackCostTime:15.655000000000001s , currentRepackMaxTime:287.976s
iter120		 Improve solution by repack 0.11834990593926363->0.1129857565170653 , unplacedBoxesSize:1
currentRepackCostTime:15.91s , currentRepackMaxTime:287.976s
iter16		 Improve solution by repack 0.1129857565170653->0.10961703843052943 , unplacedBoxesSize:1
currentRepackCostTime:15.943s , currentRepackMaxTime:287.976s
iter6		 Improve solution by repack 0.10961703843052943->0.09671324912657887 , unplacedBoxesSize:1
currentRepackCostTime:15.958s , currentRepackMaxTime:287.976s
iter107		 Improve solution by repack 0.09671324912657887->0.09271902714324107 , unplacedBoxesSize:1
currentRepackCostTime:16.206s , currentRepackMaxTime:287.976s
Selecting boards with low utilization for repacking...
iter1		 Improve solution by repack 0.8668553480247245->0.09271902714324107 , unplacedBoxesSize:1
currentRepackCostTime:18.275000000000002s , currentRepackMaxTime:287.976s
Selecting boards with low utilization for repacking...
iter5		 Improve solution by repack 0.8943825584520291->0.8881349099704381 , unplacedBoxesSize:3
currentRepackCostTime:20.318s , currentRepackMaxTime:287.976s
iter40		 Improve solution by repack 0.8881349099704381->0.11834990593926363 , unplacedBoxesSize:1
currentRepackCostTime:20.379s , currentRepackMaxTime:287.976s
iter165		 Improve solution by repack 0.11834990593926363->0.1175967481859715 , unplacedBoxesSize:2
currentRepackCostTime:20.709s , currentRepackMaxTime:287.976s
iter11		 Improve solution by repack 0.1175967481859715->0.10797097554420855 , unplacedBoxesSize:1
currentRepackCostTime:20.737000000000002s , currentRepackMaxTime:287.976s
iter129		 Improve solution by repack 0.10797097554420855->0.10778352593388874 , unplacedBoxesSize:1
currentRepackCostTime:21.021s , currentRepackMaxTime:287.976s
iter649		 Improve solution by repack 0.10778352593388874->0.1070337274926095 , unplacedBoxesSize:1
currentRepackCostTime:22.342s , currentRepackMaxTime:287.976s
Selecting boards with low utilization for repacking...
iter7		 Improve solution by repack 0.8934936844934157->0.1070337274926095 , unplacedBoxesSize:1
currentRepackCostTime:24.417s , currentRepackMaxTime:287.976s
Selecting boards with low utilization for repacking...
iter5		 Improve solution by repack 0.9036136119322763->0.8757293066380004 , unplacedBoxesSize:3
currentRepackCostTime:26.522000000000002s , currentRepackMaxTime:287.976s
iter20		 Improve solution by repack 0.8757293066380004->0.8664982531577532 , unplacedBoxesSize:3
currentRepackCostTime:26.555s , currentRepackMaxTime:287.976s
iter2		 Improve solution by repack 0.8664982531577532->0.1070337274926095 , unplacedBoxesSize:1
currentRepackCostTime:26.556s , currentRepackMaxTime:287.976s
iter625		 Improve solution by repack 0.1070337274926095->0.09987503359312014 , unplacedBoxesSize:1
currentRepackCostTime:27.88s , currentRepackMaxTime:287.976s
iter24		 Improve solution by repack 0.09987503359312014->0.09671324912657887 , unplacedBoxesSize:1
currentRepackCostTime:27.941s , currentRepackMaxTime:287.976s
iter15		 Improve solution by repack 0.09671324912657887->0.09271902714324107 , unplacedBoxesSize:1
currentRepackCostTime:27.965s , currentRepackMaxTime:287.976s
Selecting boards with low utilization for repacking...
iter1		 Improve solution by repack 0.8696600376242947->0.17382424079548509 , unplacedBoxesSize:1
currentRepackCostTime:30.061s , currentRepackMaxTime:287.976s
iter86		 Improve solution by repack 0.17382424079548509->0.15644181671593657 , unplacedBoxesSize:1
currentRepackCostTime:30.214000000000002s , currentRepackMaxTime:287.976s
iter3		 Improve solution by repack 0.15644181671593657->0.15565170653050253 , unplacedBoxesSize:1
currentRepackCostTime:30.219s , currentRepackMaxTime:287.976s
iter1		 Improve solution by repack 0.15565170653050253->0.09271902714324107 , unplacedBoxesSize:1
currentRepackCostTime:30.221s , currentRepackMaxTime:287.976s
Selecting boards with low utilization for repacking...
iter6		 Improve solution by repack 0.8696600376242947->0.8664982531577532 , unplacedBoxesSize:3
currentRepackCostTime:32.26s , currentRepackMaxTime:287.976s
iter13		 Improve solution by repack 0.8664982531577532->0.09671324912657887 , unplacedBoxesSize:1
currentRepackCostTime:32.283s , currentRepackMaxTime:287.976s
iter83		 Improve solution by repack 0.09671324912657887->0.09271902714324107 , unplacedBoxesSize:1
currentRepackCostTime:32.459s , currentRepackMaxTime:287.976s
Selecting boards with low utilization for repacking...
iter20		 Improve solution by repack 0.8664982531577532->0.09271902714324107 , unplacedBoxesSize:1
currentRepackCostTime:34.532000000000004s , currentRepackMaxTime:287.976s
Selecting boards with low utilization for repacking...
iter23		 Improve solution by repack 0.8664982531577532->0.8543425826390755 , unplacedBoxesSize:3
currentRepackCostTime:36.63s , currentRepackMaxTime:287.976s
iter12		 Improve solution by repack 0.8543425826390755->0.2025503896801935 , unplacedBoxesSize:1
currentRepackCostTime:36.654s , currentRepackMaxTime:287.976s
iter59		 Improve solution by repack 0.2025503896801935->0.1984923407686106 , unplacedBoxesSize:2
currentRepackCostTime:36.768s , currentRepackMaxTime:287.976s
iter2		 Improve solution by repack 0.1984923407686106->0.1860481053480247 , unplacedBoxesSize:2
currentRepackCostTime:36.774s , currentRepackMaxTime:287.976s
iter11		 Improve solution by repack 0.1860481053480247->0.1831805966138135 , unplacedBoxesSize:2
currentRepackCostTime:36.800000000000004s , currentRepackMaxTime:287.976s
iter34		 Improve solution by repack 0.1831805966138135->0.17757323300188121 , unplacedBoxesSize:2
currentRepackCostTime:36.886s , currentRepackMaxTime:287.976s
iter3		 Improve solution by repack 0.17757323300188121->0.16833982800322492 , unplacedBoxesSize:2
currentRepackCostTime:36.895s , currentRepackMaxTime:287.976s
iter8		 Improve solution by repack 0.16833982800322492->0.15441413598495027 , unplacedBoxesSize:1
currentRepackCostTime:36.912s , currentRepackMaxTime:287.976s
iter56		 Improve solution by repack 0.15441413598495027->0.15298810803547433 , unplacedBoxesSize:1
currentRepackCostTime:37.023s , currentRepackMaxTime:287.976s
iter357		 Improve solution by repack 0.15298810803547433->0.10923273313625369 , unplacedBoxesSize:1
currentRepackCostTime:37.719s , currentRepackMaxTime:287.976s
iter13		 Improve solution by repack 0.10923273313625369->0.10778352593388874 , unplacedBoxesSize:1
currentRepackCostTime:37.745s , currentRepackMaxTime:287.976s
iter9		 Improve solution by repack 0.10778352593388874->0.1070337274926095 , unplacedBoxesSize:1
currentRepackCostTime:37.762s , currentRepackMaxTime:287.976s
Selecting boards with low utilization for repacking...
iter5		 Improve solution by repack 0.8681980650362806->0.1070337274926095 , unplacedBoxesSize:1
currentRepackCostTime:39.864000000000004s , currentRepackMaxTime:287.976s
Selecting boards with low utilization for repacking...
iter15		 Improve solution by repack 0.8681980650362806->0.1070337274926095 , unplacedBoxesSize:1
currentRepackCostTime:41.984s , currentRepackMaxTime:287.976s
iter383		 Improve solution by repack 0.1070337274926095->0.09671324912657887 , unplacedBoxesSize:1
currentRepackCostTime:42.788000000000004s , currentRepackMaxTime:287.976s
iter21		 Improve solution by repack 0.09671324912657887->0.09598898145659768 , unplacedBoxesSize:2
currentRepackCostTime:42.83s , currentRepackMaxTime:287.976s
iter74		 Improve solution by repack 0.09598898145659768->0.09271902714324107 , unplacedBoxesSize:1
currentRepackCostTime:43.025s , currentRepackMaxTime:287.976s
Selecting boards with low utilization for repacking...
iter2		 Improve solution by repack 0.8790110185434024->0.8681980650362806 , unplacedBoxesSize:3
currentRepackCostTime:45.096000000000004s , currentRepackMaxTime:287.976s
iter38		 Improve solution by repack 0.8681980650362806->0.09271902714324107 , unplacedBoxesSize:1
currentRepackCostTime:45.167s , currentRepackMaxTime:287.976s
Selecting boards with low utilization for repacking...
iter22		 Improve solution by repack 0.8790110185434024->0.09271902714324107 , unplacedBoxesSize:1
currentRepackCostTime:47.273s , currentRepackMaxTime:287.976s
Selecting boards with low utilization for repacking...
iter5		 Improve solution by repack 0.9006496909432948->0.8696600376242947 , unplacedBoxesSize:3
currentRepackCostTime:49.392s , currentRepackMaxTime:287.976s
iter20		 Improve solution by repack 0.8696600376242947->0.8681980650362806 , unplacedBoxesSize:3
currentRepackCostTime:49.425000000000004s , currentRepackMaxTime:287.976s
iter11		 Improve solution by repack 0.8681980650362806->0.8664982531577532 , unplacedBoxesSize:3
currentRepackCostTime:49.443s , currentRepackMaxTime:287.976s
iter51		 Improve solution by repack 0.8664982531577532->0.09271902714324107 , unplacedBoxesSize:1
currentRepackCostTime:49.532000000000004s , currentRepackMaxTime:287.976s
Selecting boards with low utilization for repacking...
iter27		 Improve solution by repack 0.8664982531577532->0.09271902714324107 , unplacedBoxesSize:1
currentRepackCostTime:51.634s , currentRepackMaxTime:287.976s
Selecting boards with low utilization for repacking...
iter3		 Improve solution by repack 0.8960823703305563->0.8885736361193228 , unplacedBoxesSize:4
currentRepackCostTime:53.704s , currentRepackMaxTime:287.976s
iter10		 Improve solution by repack 0.8885736361193228->0.15644181671593657 , unplacedBoxesSize:1
currentRepackCostTime:53.727000000000004s , currentRepackMaxTime:287.976s
iter126		 Improve solution by repack 0.15644181671593657->0.1260225745767267 , unplacedBoxesSize:1
currentRepackCostTime:53.966s , currentRepackMaxTime:287.976s
iter52		 Improve solution by repack 0.1260225745767267->0.1129857565170653 , unplacedBoxesSize:1
currentRepackCostTime:54.067s , currentRepackMaxTime:287.976s
iter64		 Improve solution by repack 0.1129857565170653->0.1127882289707068 , unplacedBoxesSize:1
currentRepackCostTime:54.206s , currentRepackMaxTime:287.976s
iter46		 Improve solution by repack 0.1127882289707068->0.10797097554420855 , unplacedBoxesSize:1
currentRepackCostTime:54.294000000000004s , currentRepackMaxTime:287.976s
iter56		 Improve solution by repack 0.10797097554420855->0.10778352593388874 , unplacedBoxesSize:1
currentRepackCostTime:54.412s , currentRepackMaxTime:287.976s
iter55		 Improve solution by repack 0.10778352593388874->0.1070337274926095 , unplacedBoxesSize:1
currentRepackCostTime:54.528s , currentRepackMaxTime:287.976s
Selecting boards with low utilization for repacking...
iter1		 Improve solution by repack 0.903483606557377->0.8930808250470303 , unplacedBoxesSize:3
currentRepackCostTime:56.626s , currentRepackMaxTime:287.976s
iter13		 Improve solution by repack 0.8930808250470303->0.432879938188659 , unplacedBoxesSize:3
currentRepackCostTime:56.648s , currentRepackMaxTime:287.976s
iter7		 Improve solution by repack 0.432879938188659->0.4188101316850309 , unplacedBoxesSize:4
currentRepackCostTime:56.666000000000004s , currentRepackMaxTime:287.976s
iter15		 Improve solution by repack 0.4188101316850309->0.40629736629938185 , unplacedBoxesSize:3
currentRepackCostTime:56.707s , currentRepackMaxTime:287.976s
iter73		 Improve solution by repack 0.40629736629938185->0.1070337274926095 , unplacedBoxesSize:1
currentRepackCostTime:56.875s , currentRepackMaxTime:287.976s
Selecting boards with low utilization for repacking...
iter8		 Improve solution by repack 0.903483606557377->0.8664982531577532 , unplacedBoxesSize:3
currentRepackCostTime:58.948s , currentRepackMaxTime:287.976s
iter6		 Improve solution by repack 0.8664982531577532->0.8616554689599569 , unplacedBoxesSize:3
currentRepackCostTime:58.957s , currentRepackMaxTime:287.976s
iter33		 Improve solution by repack 0.8616554689599569->0.1070337274926095 , unplacedBoxesSize:1
currentRepackCostTime:59.012s , currentRepackMaxTime:287.976s
iter422		 Improve solution by repack 0.1070337274926095->0.09904763504434293 , unplacedBoxesSize:1
currentRepackCostTime:59.914s , currentRepackMaxTime:287.976s
Selecting boards with low utilization for repacking...
iter3		 Improve solution by repack 0.914692958882021->0.8974879064767536 , unplacedBoxesSize:3
currentRepackCostTime:62.056000000000004s , currentRepackMaxTime:287.976s
iter14		 Improve solution by repack 0.8974879064767536->0.8664982531577532 , unplacedBoxesSize:3
currentRepackCostTime:62.078s , currentRepackMaxTime:287.976s
iter21		 Improve solution by repack 0.8664982531577532->0.8616554689599569 , unplacedBoxesSize:3
currentRepackCostTime:62.116s , currentRepackMaxTime:287.976s
iter8		 Improve solution by repack 0.8616554689599569->0.8597500671862403 , unplacedBoxesSize:3
currentRepackCostTime:62.129s , currentRepackMaxTime:287.976s
iter84		 Improve solution by repack 0.8597500671862403->0.1957608841709218 , unplacedBoxesSize:2
currentRepackCostTime:62.281s , currentRepackMaxTime:287.976s
iter311		 Improve solution by repack 0.1957608841709218->0.1824566648750336 , unplacedBoxesSize:2
currentRepackCostTime:63.051s , currentRepackMaxTime:287.976s
iter678		 Improve solution by repack 0.1824566648750336->0.18012227895726957 , unplacedBoxesSize:2
currentRepackCostTime:64.675s , currentRepackMaxTime:287.976s
iter14		 Improve solution by repack 0.18012227895726957->0.17285810266057514 , unplacedBoxesSize:1
currentRepackCostTime:64.706s , currentRepackMaxTime:287.976s
iter90		 Improve solution by repack 0.17285810266057514->0.1688873958613276 , unplacedBoxesSize:1
currentRepackCostTime:64.888s , currentRepackMaxTime:287.976s
iter55		 Improve solution by repack 0.1688873958613276->0.16465197527546357 , unplacedBoxesSize:1
currentRepackCostTime:64.986s , currentRepackMaxTime:287.976s
iter29		 Improve solution by repack 0.16465197527546357->0.15644181671593657 , unplacedBoxesSize:1
currentRepackCostTime:65.039s , currentRepackMaxTime:287.976s
iter15		 Improve solution by repack 0.15644181671593657->0.15565170653050253 , unplacedBoxesSize:1
currentRepackCostTime:65.065s , currentRepackMaxTime:287.976s
Selecting boards with low utilization for repacking...
iter1		 Improve solution by repack 0.8858102660575115->0.8794020424617038 , unplacedBoxesSize:3
currentRepackCostTime:67.001s , currentRepackMaxTime:287.976s
iter31		 Improve solution by repack 0.8794020424617038->0.8714962375705456 , unplacedBoxesSize:4
currentRepackCostTime:67.055s , currentRepackMaxTime:287.976s
iter6		 Improve solution by repack 0.8714962375705456->0.8584426229508196 , unplacedBoxesSize:3
currentRepackCostTime:67.07300000000001s , currentRepackMaxTime:287.976s
iter18		 Improve solution by repack 0.8584426229508196->0.849840096748186 , unplacedBoxesSize:4
currentRepackCostTime:67.109s , currentRepackMaxTime:287.976s
iter4		 Improve solution by repack 0.849840096748186->0.32850980919107764 , unplacedBoxesSize:2
currentRepackCostTime:67.119s , currentRepackMaxTime:287.976s
iter140		 Improve solution by repack 0.32850980919107764->0.20364619725880143 , unplacedBoxesSize:2
currentRepackCostTime:67.407s , currentRepackMaxTime:287.976s
iter117		 Improve solution by repack 0.20364619725880143->0.18943227626981995 , unplacedBoxesSize:2
currentRepackCostTime:67.68900000000001s , currentRepackMaxTime:287.976s
iter50		 Improve solution by repack 0.18943227626981995->0.18091373286750875 , unplacedBoxesSize:1
currentRepackCostTime:67.804s , currentRepackMaxTime:287.976s
iter18		 Improve solution by repack 0.18091373286750875->0.17322359580757862 , unplacedBoxesSize:2
currentRepackCostTime:67.831s , currentRepackMaxTime:287.976s
iter131		 Improve solution by repack 0.17322359580757862->0.14759271701155605 , unplacedBoxesSize:2
currentRepackCostTime:68.183s , currentRepackMaxTime:287.976s
iter102		 Improve solution by repack 0.14759271701155605->0.12740526740123623 , unplacedBoxesSize:1
currentRepackCostTime:68.44500000000001s , currentRepackMaxTime:287.976s
iter66		 Improve solution by repack 0.12740526740123623->0.1260225745767267 , unplacedBoxesSize:1
currentRepackCostTime:68.58s , currentRepackMaxTime:287.976s
iter11		 Improve solution by repack 0.1260225745767267->0.11377586670249933 , unplacedBoxesSize:1
currentRepackCostTime:68.60000000000001s , currentRepackMaxTime:287.976s
iter17		 Improve solution by repack 0.11377586670249933->0.11357833915614082 , unplacedBoxesSize:1
currentRepackCostTime:68.639s , currentRepackMaxTime:287.976s
iter3		 Improve solution by repack 0.11357833915614082->0.1129857565170653 , unplacedBoxesSize:1
currentRepackCostTime:68.646s , currentRepackMaxTime:287.976s
iter9		 Improve solution by repack 0.1129857565170653->0.1127882289707068 , unplacedBoxesSize:1
currentRepackCostTime:68.662s , currentRepackMaxTime:287.976s
iter16		 Improve solution by repack 0.1127882289707068->0.1070337274926095 , unplacedBoxesSize:1
currentRepackCostTime:68.68900000000001s , currentRepackMaxTime:287.976s
iter179		 Improve solution by repack 0.1070337274926095->0.09904763504434293 , unplacedBoxesSize:1
currentRepackCostTime:69.055s , currentRepackMaxTime:287.976s
iter104		 Improve solution by repack 0.09904763504434293->0.09671324912657887 , unplacedBoxesSize:1
currentRepackCostTime:69.267s , currentRepackMaxTime:287.976s
iter237		 Improve solution by repack 0.09671324912657887->0.09271902714324107 , unplacedBoxesSize:1
currentRepackCostTime:69.759s , currentRepackMaxTime:287.976s
iter717		 Improve solution by repack 0.09271902714324107->0.08340902983069066 , unplacedBoxesSize:1
currentRepackCostTime:71.252s , currentRepackMaxTime:287.976s
iter582		 Improve solution by repack 0.08340902983069066->0.06960225745767266 , unplacedBoxesSize:1
currentRepackCostTime:72.48s , currentRepackMaxTime:287.976s
iter892		 Improve solution by repack 0.06960225745767266->0.05487368986831497 , unplacedBoxesSize:1
currentRepackCostTime:74.459s , currentRepackMaxTime:287.976s
Selecting boards with low utilization for repacking...
iter12		 Improve solution by repack 0.8934936844934157->0.8625040311744155 , unplacedBoxesSize:3
currentRepackCostTime:76.675s , currentRepackMaxTime:287.976s
iter3		 Improve solution by repack 0.8625040311744155->0.05487368986831497 , unplacedBoxesSize:1
currentRepackCostTime:76.681s , currentRepackMaxTime:287.976s
Selecting boards with low utilization for repacking...
iter8		 Improve solution by repack 0.9121680999731254->0.8837033055630208 , unplacedBoxesSize:3
currentRepackCostTime:78.921s , currentRepackMaxTime:287.976s
iter8		 Improve solution by repack 0.8837033055630208->0.8625040311744155 , unplacedBoxesSize:3
currentRepackCostTime:78.932s , currentRepackMaxTime:287.976s
iter37		 Improve solution by repack 0.8625040311744155->0.8616554689599569 , unplacedBoxesSize:3
currentRepackCostTime:78.999s , currentRepackMaxTime:287.976s
iter8		 Improve solution by repack 0.8616554689599569->0.8568886052136523 , unplacedBoxesSize:4
currentRepackCostTime:79.012s , currentRepackMaxTime:287.976s
iter6		 Improve solution by repack 0.8568886052136523->0.855626847621607 , unplacedBoxesSize:4
currentRepackCostTime:79.024s , currentRepackMaxTime:287.976s
iter12		 Improve solution by repack 0.855626847621607->0.8541776404192422 , unplacedBoxesSize:4
currentRepackCostTime:79.052s , currentRepackMaxTime:287.976s
iter5		 Improve solution by repack 0.8541776404192422->0.09671324912657887 , unplacedBoxesSize:1
currentRepackCostTime:79.062s , currentRepackMaxTime:287.976s
iter12		 Improve solution by repack 0.09671324912657887->0.09271902714324107 , unplacedBoxesSize:1
currentRepackCostTime:79.08200000000001s , currentRepackMaxTime:287.976s
Selecting boards with low utilization for repacking...
iter7		 Improve solution by repack 0.8816332746573502->0.8804407417360924 , unplacedBoxesSize:3
currentRepackCostTime:81.211s , currentRepackMaxTime:287.976s
iter24		 Improve solution by repack 0.8804407417360924->0.8664982531577532 , unplacedBoxesSize:3
currentRepackCostTime:81.253s , currentRepackMaxTime:287.976s
iter8		 Improve solution by repack 0.8664982531577532->0.09271902714324107 , unplacedBoxesSize:1
currentRepackCostTime:81.267s , currentRepackMaxTime:287.976s
Selecting boards with low utilization for repacking...
iter10		 Improve solution by repack 0.9212389142703574->0.9191245632894383 , unplacedBoxesSize:3
currentRepackCostTime:83.38s , currentRepackMaxTime:287.976s
iter1		 Improve solution by repack 0.9191245632894383->0.8881349099704381 , unplacedBoxesSize:3
currentRepackCostTime:83.382s , currentRepackMaxTime:287.976s
iter58		 Improve solution by repack 0.8881349099704381->0.11834990593926363 , unplacedBoxesSize:1
currentRepackCostTime:83.482s , currentRepackMaxTime:287.976s
iter181		 Improve solution by repack 0.11834990593926363->0.10961703843052943 , unplacedBoxesSize:1
currentRepackCostTime:83.836s , currentRepackMaxTime:287.976s
iter3		 Improve solution by repack 0.10961703843052943->0.09271902714324107 , unplacedBoxesSize:1
currentRepackCostTime:83.84100000000001s , currentRepackMaxTime:287.976s
Selecting boards with low utilization for repacking...
iter1		 Improve solution by repack 0.9217166084385917->0.8428594463853804 , unplacedBoxesSize:4
currentRepackCostTime:85.923s , currentRepackMaxTime:287.976s
iter9		 Improve solution by repack 0.8428594463853804->0.09271902714324107 , unplacedBoxesSize:1
currentRepackCostTime:85.946s , currentRepackMaxTime:287.976s
Selecting boards with low utilization for repacking...
iter1		 Improve solution by repack 0.8744117844665412->0.8620471647406611 , unplacedBoxesSize:4
currentRepackCostTime:88.071s , currentRepackMaxTime:287.976s
iter9		 Improve solution by repack 0.8620471647406611->0.15644181671593657 , unplacedBoxesSize:1
currentRepackCostTime:88.09s , currentRepackMaxTime:287.976s
iter82		 Improve solution by repack 0.15644181671593657->0.15565170653050253 , unplacedBoxesSize:1
currentRepackCostTime:88.245s , currentRepackMaxTime:287.976s
iter101		 Improve solution by repack 0.15565170653050253->0.1260225745767267 , unplacedBoxesSize:1
currentRepackCostTime:88.44800000000001s , currentRepackMaxTime:287.976s
iter210		 Improve solution by repack 0.1260225745767267->0.1127882289707068 , unplacedBoxesSize:1
currentRepackCostTime:88.828s , currentRepackMaxTime:287.976s
iter83		 Improve solution by repack 0.1127882289707068->0.10923273313625369 , unplacedBoxesSize:1
currentRepackCostTime:88.999s , currentRepackMaxTime:287.976s
iter91		 Improve solution by repack 0.10923273313625369->0.1070337274926095 , unplacedBoxesSize:1
currentRepackCostTime:89.193s , currentRepackMaxTime:287.976s
iter117		 Improve solution by repack 0.1070337274926095->0.1023189330825047 , unplacedBoxesSize:1
currentRepackCostTime:89.441s , currentRepackMaxTime:287.976s
iter29		 Improve solution by repack 0.1023189330825047->0.09904763504434293 , unplacedBoxesSize:1
currentRepackCostTime:89.517s , currentRepackMaxTime:287.976s
Selecting boards with low utilization for repacking...
iter16		 Improve solution by repack 0.8516930932545015->0.8434829346949745 , unplacedBoxesSize:3
currentRepackCostTime:91.688s , currentRepackMaxTime:287.976s
iter17		 Improve solution by repack 0.8434829346949745->0.09904763504434293 , unplacedBoxesSize:1
currentRepackCostTime:91.72s , currentRepackMaxTime:287.976s
Selecting boards with low utilization for repacking...
iter1		 Improve solution by repack 0.914692958882021->0.8837033055630208 , unplacedBoxesSize:3
currentRepackCostTime:93.82000000000001s , currentRepackMaxTime:287.976s
iter1		 Improve solution by repack 0.8837033055630208->0.09904763504434293 , unplacedBoxesSize:1
currentRepackCostTime:93.821s , currentRepackMaxTime:287.976s
Selecting boards with low utilization for repacking...
iter4		 Improve solution by repack 0.9346217414673476->0.8837033055630208 , unplacedBoxesSize:3
currentRepackCostTime:95.929s , currentRepackMaxTime:287.976s
iter1		 Improve solution by repack 0.8837033055630208->0.09904763504434293 , unplacedBoxesSize:1
currentRepackCostTime:95.93s , currentRepackMaxTime:287.976s
Selecting boards with low utilization for repacking...
iter13		 Improve solution by repack 0.8837033055630208->0.8664982531577532 , unplacedBoxesSize:3
currentRepackCostTime:98.065s , currentRepackMaxTime:287.976s
iter31		 Improve solution by repack 0.8664982531577532->0.8516930932545015 , unplacedBoxesSize:3
currentRepackCostTime:98.114s , currentRepackMaxTime:287.976s
iter55		 Improve solution by repack 0.8516930932545015->0.8434829346949745 , unplacedBoxesSize:3
currentRepackCostTime:98.21300000000001s , currentRepackMaxTime:287.976s
iter14		 Improve solution by repack 0.8434829346949745->0.8422487234614352 , unplacedBoxesSize:4
currentRepackCostTime:98.23400000000001s , currentRepackMaxTime:287.976s
iter9		 Improve solution by repack 0.8422487234614352->0.8403184627788229 , unplacedBoxesSize:4
currentRepackCostTime:98.256s , currentRepackMaxTime:287.976s
iter12		 Improve solution by repack 0.8403184627788229->0.836865090029562 , unplacedBoxesSize:3
currentRepackCostTime:98.286s , currentRepackMaxTime:287.976s
iter64		 Improve solution by repack 0.836865090029562->0.8356033324375167 , unplacedBoxesSize:3
currentRepackCostTime:98.412s , currentRepackMaxTime:287.976s
iter2		 Improve solution by repack 0.8356033324375167->0.8302700886858372 , unplacedBoxesSize:3
currentRepackCostTime:98.415s , currentRepackMaxTime:287.976s
iter51		 Improve solution by repack 0.8302700886858372->0.1260225745767267 , unplacedBoxesSize:1
currentRepackCostTime:98.506s , currentRepackMaxTime:287.976s
iter223		 Improve solution by repack 0.1260225745767267->0.1127882289707068 , unplacedBoxesSize:1
currentRepackCostTime:98.946s , currentRepackMaxTime:287.976s
iter75		 Improve solution by repack 0.1127882289707068->0.10797097554420855 , unplacedBoxesSize:1
currentRepackCostTime:99.096s , currentRepackMaxTime:287.976s
iter5		 Improve solution by repack 0.10797097554420855->0.1070337274926095 , unplacedBoxesSize:1
currentRepackCostTime:99.107s , currentRepackMaxTime:287.976s
iter313		 Improve solution by repack 0.1070337274926095->0.09904763504434293 , unplacedBoxesSize:1
currentRepackCostTime:99.757s , currentRepackMaxTime:287.976s
Selecting boards with low utilization for repacking...
iter6		 Improve solution by repack 0.9174092985756518->0.8867743886052136 , unplacedBoxesSize:3
currentRepackCostTime:101.849s , currentRepackMaxTime:287.976s
iter14		 Improve solution by repack 0.8867743886052136->0.8794020424617038 , unplacedBoxesSize:3
currentRepackCostTime:101.871s , currentRepackMaxTime:287.976s
iter6		 Improve solution by repack 0.8794020424617038->0.8664982531577532 , unplacedBoxesSize:3
currentRepackCostTime:101.879s , currentRepackMaxTime:287.976s
iter2		 Improve solution by repack 0.8664982531577532->0.23072829884439666 , unplacedBoxesSize:2
currentRepackCostTime:101.882s , currentRepackMaxTime:287.976s
iter9		 Improve solution by repack 0.23072829884439666->0.21701625907014246 , unplacedBoxesSize:2
currentRepackCostTime:101.905s , currentRepackMaxTime:287.976s
iter6		 Improve solution by repack 0.21701625907014246->0.21481725342649824 , unplacedBoxesSize:2
currentRepackCostTime:101.921s , currentRepackMaxTime:287.976s
iter20		 Improve solution by repack 0.21481725342649824->0.20608136253695244 , unplacedBoxesSize:2
currentRepackCostTime:101.96900000000001s , currentRepackMaxTime:287.976s
iter9		 Improve solution by repack 0.20608136253695244->0.20584923407686104 , unplacedBoxesSize:2
currentRepackCostTime:101.996s , currentRepackMaxTime:287.976s
iter21		 Improve solution by repack 0.20584923407686104->0.15441413598495027 , unplacedBoxesSize:1
currentRepackCostTime:102.05s , currentRepackMaxTime:287.976s
iter53		 Improve solution by repack 0.15441413598495027->0.1488497715667831 , unplacedBoxesSize:1
currentRepackCostTime:102.144s , currentRepackMaxTime:287.976s
iter109		 Improve solution by repack 0.1488497715667831->0.11834990593926363 , unplacedBoxesSize:1
currentRepackCostTime:102.35300000000001s , currentRepackMaxTime:287.976s
iter321		 Improve solution by repack 0.11834990593926363->0.1175967481859715 , unplacedBoxesSize:2
currentRepackCostTime:103.019s , currentRepackMaxTime:287.976s
iter2		 Improve solution by repack 0.1175967481859715->0.10961703843052943 , unplacedBoxesSize:1
currentRepackCostTime:103.021s , currentRepackMaxTime:287.976s
iter107		 Improve solution by repack 0.10961703843052943->0.09271902714324107 , unplacedBoxesSize:1
currentRepackCostTime:103.252s , currentRepackMaxTime:287.976s
Selecting boards with low utilization for repacking...
iter1		 Improve solution by repack 0.914692958882021->0.8837033055630208 , unplacedBoxesSize:3
currentRepackCostTime:105.414s , currentRepackMaxTime:287.976s
iter48		 Improve solution by repack 0.8837033055630208->0.8794020424617038 , unplacedBoxesSize:3
currentRepackCostTime:105.49300000000001s , currentRepackMaxTime:287.976s
iter3		 Improve solution by repack 0.8794020424617038->0.09271902714324107 , unplacedBoxesSize:1
currentRepackCostTime:105.495s , currentRepackMaxTime:287.976s
Selecting boards with low utilization for repacking...
iter17		 Improve solution by repack 0.8794020424617038->0.15565170653050253 , unplacedBoxesSize:1
currentRepackCostTime:107.625s , currentRepackMaxTime:287.976s
iter82		 Improve solution by repack 0.15565170653050253->0.11975309056705186 , unplacedBoxesSize:1
currentRepackCostTime:107.776s , currentRepackMaxTime:287.976s
iter8		 Improve solution by repack 0.11975309056705186->0.11885245901639344 , unplacedBoxesSize:1
currentRepackCostTime:107.789s , currentRepackMaxTime:287.976s
iter6		 Improve solution by repack 0.11885245901639344->0.11360655737704918 , unplacedBoxesSize:1
currentRepackCostTime:107.801s , currentRepackMaxTime:287.976s
iter26		 Improve solution by repack 0.11360655737704918->0.10778352593388874 , unplacedBoxesSize:1
currentRepackCostTime:107.857s , currentRepackMaxTime:287.976s
iter24		 Improve solution by repack 0.10778352593388874->0.1070337274926095 , unplacedBoxesSize:1
currentRepackCostTime:107.912s , currentRepackMaxTime:287.976s
iter627		 Improve solution by repack 0.1070337274926095->0.1023189330825047 , unplacedBoxesSize:1
currentRepackCostTime:109.208s , currentRepackMaxTime:287.976s
iter21		 Improve solution by repack 0.1023189330825047->0.09904763504434293 , unplacedBoxesSize:1
currentRepackCostTime:109.265s , currentRepackMaxTime:287.976s
iter271		 Improve solution by repack 0.09904763504434293->0.09671324912657887 , unplacedBoxesSize:1
currentRepackCostTime:109.84400000000001s , currentRepackMaxTime:287.976s
Selecting boards with low utilization for repacking...
iter20		 Improve solution by repack 0.8794020424617038->0.8724939532383769 , unplacedBoxesSize:3
currentRepackCostTime:111.959s , currentRepackMaxTime:287.976s
iter41		 Improve solution by repack 0.8724939532383769->0.1376404192421392 , unplacedBoxesSize:1
currentRepackCostTime:112.03s , currentRepackMaxTime:287.976s
iter13		 Improve solution by repack 0.1376404192421392->0.12434560601988713 , unplacedBoxesSize:1
currentRepackCostTime:112.057s , currentRepackMaxTime:287.976s
iter25		 Improve solution by repack 0.12434560601988713->0.09671324912657887 , unplacedBoxesSize:1
currentRepackCostTime:112.105s , currentRepackMaxTime:287.976s
Selecting boards with low utilization for repacking...
iter15		 Improve solution by repack 0.9028970706799248->0.8943825584520291 , unplacedBoxesSize:4
currentRepackCostTime:114.23700000000001s , currentRepackMaxTime:287.976s
iter2		 Improve solution by repack 0.8943825584520291->0.23164740661112607 , unplacedBoxesSize:1
currentRepackCostTime:114.24000000000001s , currentRepackMaxTime:287.976s
iter122		 Improve solution by repack 0.23164740661112607->0.2044967750604676 , unplacedBoxesSize:2
currentRepackCostTime:114.46300000000001s , currentRepackMaxTime:287.976s
iter42		 Improve solution by repack 0.2044967750604676->0.16265721580220371 , unplacedBoxesSize:2
currentRepackCostTime:114.56700000000001s , currentRepackMaxTime:287.976s
iter7		 Improve solution by repack 0.16265721580220371->0.15441413598495027 , unplacedBoxesSize:1
currentRepackCostTime:114.586s , currentRepackMaxTime:287.976s
iter157		 Improve solution by repack 0.15441413598495027->0.12434560601988713 , unplacedBoxesSize:1
currentRepackCostTime:114.885s , currentRepackMaxTime:287.976s
iter103		 Improve solution by repack 0.12434560601988713->0.09671324912657887 , unplacedBoxesSize:1
currentRepackCostTime:115.084s , currentRepackMaxTime:287.976s
iter541		 Improve solution by repack 0.09671324912657887->0.07000871136791184 , unplacedBoxesSize:2
currentRepackCostTime:116.23100000000001s , currentRepackMaxTime:287.976s
iter3		 Improve solution by repack 0.07000871136791184->0.05487368986831497 , unplacedBoxesSize:1
currentRepackCostTime:116.24300000000001s , currentRepackMaxTime:287.976s
Selecting boards with low utilization for repacking...
iter13		 Improve solution by repack 0.9028970706799248->0.8837033055630208 , unplacedBoxesSize:3
currentRepackCostTime:118.522s , currentRepackMaxTime:287.976s
iter11		 Improve solution by repack 0.8837033055630208->0.05487368986831497 , unplacedBoxesSize:1
currentRepackCostTime:118.537s , currentRepackMaxTime:287.976s
Selecting boards with low utilization for repacking...
iter11		 Improve solution by repack 0.9069221983337812->0.8943825584520291 , unplacedBoxesSize:4
currentRepackCostTime:120.785s , currentRepackMaxTime:287.976s
iter73		 Improve solution by repack 0.8943825584520291->0.05487368986831497 , unplacedBoxesSize:1
currentRepackCostTime:120.937s , currentRepackMaxTime:287.976s
Selecting boards with low utilization for repacking...
iter4		 Improve solution by repack 0.9103916957807041->0.9069221983337812 , unplacedBoxesSize:4
currentRepackCostTime:123.164s , currentRepackMaxTime:287.976s
iter17		 Improve solution by repack 0.9069221983337812->0.05487368986831497 , unplacedBoxesSize:1
currentRepackCostTime:123.202s , currentRepackMaxTime:287.976s
Selecting boards with low utilization for repacking...
iter6		 Improve solution by repack 0.9069221983337812->0.8946459285138404 , unplacedBoxesSize:4
currentRepackCostTime:125.468s , currentRepackMaxTime:287.976s
iter6		 Improve solution by repack 0.8946459285138404->0.14759271701155605 , unplacedBoxesSize:2
currentRepackCostTime:125.482s , currentRepackMaxTime:287.976s
iter220		 Improve solution by repack 0.14759271701155605->0.09671324912657887 , unplacedBoxesSize:1
currentRepackCostTime:126.039s , currentRepackMaxTime:287.976s
iter124		 Improve solution by repack 0.09671324912657887->0.08340902983069066 , unplacedBoxesSize:1
currentRepackCostTime:126.295s , currentRepackMaxTime:287.976s
iter117		 Improve solution by repack 0.08340902983069066->0.06960225745767266 , unplacedBoxesSize:1
currentRepackCostTime:126.537s , currentRepackMaxTime:287.976s
Selecting boards with low utilization for repacking...
iter17		 Improve solution by repack 0.8834184359043268->0.06960225745767266 , unplacedBoxesSize:1
currentRepackCostTime:128.824s , currentRepackMaxTime:287.976s
Selecting boards with low utilization for repacking...
iter12		 Improve solution by repack 0.9389404729911314->0.914692958882021 , unplacedBoxesSize:3
currentRepackCostTime:131.14000000000001s , currentRepackMaxTime:287.976s
iter12		 Improve solution by repack 0.914692958882021->0.8837033055630208 , unplacedBoxesSize:3
currentRepackCostTime:131.162s , currentRepackMaxTime:287.976s
iter10		 Improve solution by repack 0.8837033055630208->0.8794020424617038 , unplacedBoxesSize:3
currentRepackCostTime:131.175s , currentRepackMaxTime:287.976s
iter4		 Improve solution by repack 0.8794020424617038->0.06960225745767266 , unplacedBoxesSize:1
currentRepackCostTime:131.179s , currentRepackMaxTime:287.976s
Selecting boards with low utilization for repacking...
iter1		 Improve solution by repack 0.914692958882021->0.9095175799516259 , unplacedBoxesSize:5
currentRepackCostTime:133.38400000000001s , currentRepackMaxTime:287.976s
iter10		 Improve solution by repack 0.9095175799516259->0.9083082504703036 , unplacedBoxesSize:5
currentRepackCostTime:133.41400000000002s , currentRepackMaxTime:287.976s
iter14		 Improve solution by repack 0.9083082504703036->0.09748656275194839 , unplacedBoxesSize:2
currentRepackCostTime:133.457s , currentRepackMaxTime:287.976s
iter1		 Improve solution by repack 0.09748656275194839->0.06960225745767266 , unplacedBoxesSize:1
currentRepackCostTime:133.458s , currentRepackMaxTime:287.976s
iter735		 Improve solution by repack 0.06960225745767266->0.05487368986831497 , unplacedBoxesSize:1
currentRepackCostTime:135.048s , currentRepackMaxTime:287.976s
Selecting boards with low utilization for repacking...
iter10		 Improve solution by repack 0.9410722923945176->0.8895397742542328 , unplacedBoxesSize:4
currentRepackCostTime:137.339s , currentRepackMaxTime:287.976s
iter4		 Improve solution by repack 0.8895397742542328->0.8837033055630208 , unplacedBoxesSize:3
currentRepackCostTime:137.344s , currentRepackMaxTime:287.976s
iter13		 Improve solution by repack 0.8837033055630208->0.05487368986831497 , unplacedBoxesSize:1
currentRepackCostTime:137.365s , currentRepackMaxTime:287.976s
Selecting boards with low utilization for repacking...
iter1		 Improve solution by repack 0.9420212980381618->0.9268476216070949 , unplacedBoxesSize:1
currentRepackCostTime:139.6s , currentRepackMaxTime:287.976s
iter2		 Improve solution by repack 0.9268476216070949->0.8724939532383769 , unplacedBoxesSize:3
currentRepackCostTime:139.602s , currentRepackMaxTime:287.976s
iter4		 Improve solution by repack 0.8724939532383769->0.0724697661918839 , unplacedBoxesSize:1
currentRepackCostTime:139.61s , currentRepackMaxTime:287.976s
iter34		 Improve solution by repack 0.0724697661918839->0.05487368986831497 , unplacedBoxesSize:1
currentRepackCostTime:139.695s , currentRepackMaxTime:287.976s
Selecting boards with low utilization for repacking...
iter1		 Improve solution by repack 0.9431577532921257->0.8864196452566514 , unplacedBoxesSize:4
currentRepackCostTime:141.879s , currentRepackMaxTime:287.976s
iter14		 Improve solution by repack 0.8864196452566514->0.8724939532383769 , unplacedBoxesSize:3
currentRepackCostTime:141.903s , currentRepackMaxTime:287.976s
iter50		 Improve solution by repack 0.8724939532383769->0.8664982531577532 , unplacedBoxesSize:3
currentRepackCostTime:141.99s , currentRepackMaxTime:287.976s
iter136		 Improve solution by repack 0.8664982531577532->0.05487368986831497 , unplacedBoxesSize:1
currentRepackCostTime:142.217s , currentRepackMaxTime:287.976s
Selecting boards with low utilization for repacking...
iter5		 Improve solution by repack 0.9461206664875034->0.15298810803547433 , unplacedBoxesSize:1
currentRepackCostTime:144.441s , currentRepackMaxTime:287.976s
iter168		 Improve solution by repack 0.15298810803547433->0.11443966675624832 , unplacedBoxesSize:1
currentRepackCostTime:144.80100000000002s , currentRepackMaxTime:287.976s
iter1		 Improve solution by repack 0.11443966675624832->0.05487368986831497 , unplacedBoxesSize:1
currentRepackCostTime:144.803s , currentRepackMaxTime:287.976s
Selecting boards with low utilization for repacking...
iter10		 Improve solution by repack 0.9268476216070949->0.9174744692287019 , unplacedBoxesSize:5
currentRepackCostTime:147.08s , currentRepackMaxTime:287.976s
iter4		 Improve solution by repack 0.9174744692287019->0.912067992475141 , unplacedBoxesSize:4
currentRepackCostTime:147.096s , currentRepackMaxTime:287.976s
iter4		 Improve solution by repack 0.912067992475141->0.903483606557377 , unplacedBoxesSize:3
currentRepackCostTime:147.104s , currentRepackMaxTime:287.976s
iter3		 Improve solution by repack 0.903483606557377->0.8724939532383769 , unplacedBoxesSize:3
currentRepackCostTime:147.107s , currentRepackMaxTime:287.976s
iter23		 Improve solution by repack 0.8724939532383769->0.8664982531577532 , unplacedBoxesSize:3
currentRepackCostTime:147.147s , currentRepackMaxTime:287.976s
iter1		 Improve solution by repack 0.8664982531577532->0.05487368986831497 , unplacedBoxesSize:1
currentRepackCostTime:147.148s , currentRepackMaxTime:287.976s
Selecting boards with low utilization for repacking...
iter6		 Improve solution by repack 0.948305730986294->0.9432306275194839 , unplacedBoxesSize:3
currentRepackCostTime:149.38s , currentRepackMaxTime:287.976s
iter4		 Improve solution by repack 0.9432306275194839->0.9392098898145659 , unplacedBoxesSize:7
currentRepackCostTime:149.388s , currentRepackMaxTime:287.976s
iter2		 Improve solution by repack 0.9392098898145659->0.9186502284332169 , unplacedBoxesSize:5
currentRepackCostTime:149.398s , currentRepackMaxTime:287.976s
iter4		 Improve solution by repack 0.9186502284332169->0.907392166084386 , unplacedBoxesSize:5
currentRepackCostTime:149.41400000000002s , currentRepackMaxTime:287.976s
iter5		 Improve solution by repack 0.907392166084386->0.13125503896801935 , unplacedBoxesSize:1
currentRepackCostTime:149.43200000000002s , currentRepackMaxTime:287.976s
iter6		 Improve solution by repack 0.13125503896801935->0.12734345606019887 , unplacedBoxesSize:2
currentRepackCostTime:149.447s , currentRepackMaxTime:287.976s
iter4		 Improve solution by repack 0.12734345606019887->0.12447594732598764 , unplacedBoxesSize:2
currentRepackCostTime:149.45600000000002s , currentRepackMaxTime:287.976s
iter12		 Improve solution by repack 0.12447594732598764->0.10974737973662994 , unplacedBoxesSize:2
currentRepackCostTime:149.493s , currentRepackMaxTime:287.976s
iter86		 Improve solution by repack 0.10974737973662994->0.09671324912657887 , unplacedBoxesSize:1
currentRepackCostTime:149.738s , currentRepackMaxTime:287.976s
iter79		 Improve solution by repack 0.09671324912657887->0.0724697661918839 , unplacedBoxesSize:1
currentRepackCostTime:149.903s , currentRepackMaxTime:287.976s
iter13		 Improve solution by repack 0.0724697661918839->0.06960225745767266 , unplacedBoxesSize:1
currentRepackCostTime:149.933s , currentRepackMaxTime:287.976s
Selecting boards with low utilization for repacking...
iter5		 Improve solution by repack 0.9246328271969901->0.9178177909164204 , unplacedBoxesSize:5
currentRepackCostTime:152.093s , currentRepackMaxTime:287.976s
iter21		 Improve solution by repack 0.9178177909164204->0.17285810266057514 , unplacedBoxesSize:1
currentRepackCostTime:152.141s , currentRepackMaxTime:287.976s
iter101		 Improve solution by repack 0.17285810266057514->0.1688873958613276 , unplacedBoxesSize:1
currentRepackCostTime:152.32500000000002s , currentRepackMaxTime:287.976s
iter32		 Improve solution by repack 0.1688873958613276->0.10797097554420855 , unplacedBoxesSize:1
currentRepackCostTime:152.389s , currentRepackMaxTime:287.976s
iter25		 Improve solution by repack 0.10797097554420855->0.1070337274926095 , unplacedBoxesSize:1
currentRepackCostTime:152.447s , currentRepackMaxTime:287.976s
iter480		 Improve solution by repack 0.1070337274926095->0.09671324912657887 , unplacedBoxesSize:1
currentRepackCostTime:153.484s , currentRepackMaxTime:287.976s
iter734		 Improve solution by repack 0.09671324912657887->0.08340902983069066 , unplacedBoxesSize:1
currentRepackCostTime:155.013s , currentRepackMaxTime:287.976s
Selecting boards with low utilization for repacking...
iter2		 Improve solution by repack 0.9495674885783392->0.914692958882021 , unplacedBoxesSize:3
currentRepackCostTime:157.122s , currentRepackMaxTime:287.976s
iter15		 Improve solution by repack 0.914692958882021->0.9131772373018007 , unplacedBoxesSize:6
currentRepackCostTime:157.14600000000002s , currentRepackMaxTime:287.976s
iter12		 Improve solution by repack 0.9131772373018007->0.8664982531577532 , unplacedBoxesSize:3
currentRepackCostTime:157.184s , currentRepackMaxTime:287.976s
iter3		 Improve solution by repack 0.8664982531577532->0.08340902983069066 , unplacedBoxesSize:1
currentRepackCostTime:157.187s , currentRepackMaxTime:287.976s
Selecting boards with low utilization for repacking...
iter2		 Improve solution by repack 0.9520723595807579->0.9252042461703843 , unplacedBoxesSize:6
currentRepackCostTime:159.33s , currentRepackMaxTime:287.976s
iter21		 Improve solution by repack 0.9252042461703843->0.9237782182209084 , unplacedBoxesSize:6
currentRepackCostTime:159.393s , currentRepackMaxTime:287.976s
iter11		 Improve solution by repack 0.9237782182209084->0.9210198871271164 , unplacedBoxesSize:6
currentRepackCostTime:159.416s , currentRepackMaxTime:287.976s
iter10		 Improve solution by repack 0.9210198871271164->0.08340902983069066 , unplacedBoxesSize:1
currentRepackCostTime:159.44400000000002s , currentRepackMaxTime:287.976s
Selecting boards with low utilization for repacking...
iter1		 Improve solution by repack 0.9520723595807579->0.9268476216070949 , unplacedBoxesSize:1
currentRepackCostTime:161.535s , currentRepackMaxTime:287.976s
iter4		 Improve solution by repack 0.9268476216070949->0.915214324106423 , unplacedBoxesSize:3
currentRepackCostTime:161.542s , currentRepackMaxTime:287.976s
iter9		 Improve solution by repack 0.915214324106423->0.9131772373018007 , unplacedBoxesSize:6
currentRepackCostTime:161.555s , currentRepackMaxTime:287.976s
iter4		 Improve solution by repack 0.9131772373018007->0.08340902983069066 , unplacedBoxesSize:1
currentRepackCostTime:161.56900000000002s , currentRepackMaxTime:287.976s
Selecting boards with low utilization for repacking...
iter1		 Improve solution by repack 0.9543946519752754->0.946893476216071 , unplacedBoxesSize:4
currentRepackCostTime:163.683s , currentRepackMaxTime:287.976s
iter3		 Improve solution by repack 0.946893476216071->0.9450675221714593 , unplacedBoxesSize:6
currentRepackCostTime:163.689s , currentRepackMaxTime:287.976s
iter1		 Improve solution by repack 0.9450675221714593->0.9442774119860253 , unplacedBoxesSize:6
currentRepackCostTime:163.693s , currentRepackMaxTime:287.976s
iter24		 Improve solution by repack 0.9442774119860253->0.9439505509271701 , unplacedBoxesSize:3
currentRepackCostTime:163.77s , currentRepackMaxTime:287.976s
iter60		 Improve solution by repack 0.9439505509271701->0.2643227626981994 , unplacedBoxesSize:2
currentRepackCostTime:163.867s , currentRepackMaxTime:287.976s
iter127		 Improve solution by repack 0.2643227626981994->0.17285810266057514 , unplacedBoxesSize:1
currentRepackCostTime:164.117s , currentRepackMaxTime:287.976s
iter13		 Improve solution by repack 0.17285810266057514->0.1688873958613276 , unplacedBoxesSize:1
currentRepackCostTime:164.142s , currentRepackMaxTime:287.976s
iter13		 Improve solution by repack 0.1688873958613276->0.15644181671593657 , unplacedBoxesSize:1
currentRepackCostTime:164.17000000000002s , currentRepackMaxTime:287.976s
iter7		 Improve solution by repack 0.15644181671593657->0.15565170653050253 , unplacedBoxesSize:1
currentRepackCostTime:164.186s , currentRepackMaxTime:287.976s
iter38		 Improve solution by repack 0.15565170653050253->0.14207202364955657 , unplacedBoxesSize:2
currentRepackCostTime:164.261s , currentRepackMaxTime:287.976s
iter32		 Improve solution by repack 0.14207202364955657->0.13920451491534533 , unplacedBoxesSize:2
currentRepackCostTime:164.341s , currentRepackMaxTime:287.976s
iter3		 Improve solution by repack 0.13920451491534533->0.12447594732598764 , unplacedBoxesSize:2
currentRepackCostTime:164.35s , currentRepackMaxTime:287.976s
iter17		 Improve solution by repack 0.12447594732598764->0.11417092179521635 , unplacedBoxesSize:1
currentRepackCostTime:164.397s , currentRepackMaxTime:287.976s
iter13		 Improve solution by repack 0.11417092179521635->0.11377586670249933 , unplacedBoxesSize:1
currentRepackCostTime:164.419s , currentRepackMaxTime:287.976s
iter8		 Improve solution by repack 0.11377586670249933->0.1127882289707068 , unplacedBoxesSize:1
currentRepackCostTime:164.433s , currentRepackMaxTime:287.976s
iter45		 Improve solution by repack 0.1127882289707068->0.08340902983069066 , unplacedBoxesSize:1
currentRepackCostTime:164.555s , currentRepackMaxTime:287.976s
Selecting boards with low utilization for repacking...
iter2		 Improve solution by repack 0.9349983203439934->0.9288722789572695 , unplacedBoxesSize:6
currentRepackCostTime:166.678s , currentRepackMaxTime:287.976s
iter1		 Improve solution by repack 0.9288722789572695->0.9266591642031712 , unplacedBoxesSize:6
currentRepackCostTime:166.679s , currentRepackMaxTime:287.976s
iter5		 Improve solution by repack 0.9266591642031712->0.9124828675087342 , unplacedBoxesSize:4
currentRepackCostTime:166.692s , currentRepackMaxTime:287.976s
iter36		 Improve solution by repack 0.9124828675087342->0.11834990593926363 , unplacedBoxesSize:1
currentRepackCostTime:166.764s , currentRepackMaxTime:287.976s
iter11		 Improve solution by repack 0.11834990593926363->0.09271902714324107 , unplacedBoxesSize:1
currentRepackCostTime:166.79500000000002s , currentRepackMaxTime:287.976s
iter40		 Improve solution by repack 0.09271902714324107->0.08340902983069066 , unplacedBoxesSize:1
currentRepackCostTime:166.883s , currentRepackMaxTime:287.976s
Selecting boards with low utilization for repacking...
iter3		 Improve solution by repack 0.9313548105348024->0.9306648078473528 , unplacedBoxesSize:6
currentRepackCostTime:169.007s , currentRepackMaxTime:287.976s
iter8		 Improve solution by repack 0.9306648078473528->0.9212600779360387 , unplacedBoxesSize:6
currentRepackCostTime:169.02700000000002s , currentRepackMaxTime:287.976s
iter2		 Improve solution by repack 0.9212600779360387->0.9188897473797366 , unplacedBoxesSize:7
currentRepackCostTime:169.031s , currentRepackMaxTime:287.976s
iter25		 Improve solution by repack 0.9188897473797366->0.8950255307712981 , unplacedBoxesSize:6
currentRepackCostTime:169.107s , currentRepackMaxTime:287.976s
iter5		 Improve solution by repack 0.8950255307712981->0.8531940338618651 , unplacedBoxesSize:3
currentRepackCostTime:169.125s , currentRepackMaxTime:287.976s
iter139		 Improve solution by repack 0.8531940338618651->0.08340902983069066 , unplacedBoxesSize:1
currentRepackCostTime:169.368s , currentRepackMaxTime:287.976s
Selecting boards with low utilization for repacking...
iter1		 Improve solution by repack 0.9376528486965869->0.915214324106423 , unplacedBoxesSize:3
currentRepackCostTime:171.457s , currentRepackMaxTime:287.976s
iter40		 Improve solution by repack 0.915214324106423->0.08340902983069066 , unplacedBoxesSize:1
currentRepackCostTime:171.52100000000002s , currentRepackMaxTime:287.976s
iter467		 Improve solution by repack 0.08340902983069066->0.0724697661918839 , unplacedBoxesSize:1
currentRepackCostTime:172.497s , currentRepackMaxTime:287.976s
iter274		 Improve solution by repack 0.0724697661918839->0.06960225745767266 , unplacedBoxesSize:1
currentRepackCostTime:173.076s , currentRepackMaxTime:287.976s
Selecting boards with low utilization for repacking...
iter21		 Improve solution by repack 0.8858102660575115->0.8842246707874227 , unplacedBoxesSize:3
currentRepackCostTime:175.342s , currentRepackMaxTime:287.976s
iter16		 Improve solution by repack 0.8842246707874227->0.8837033055630208 , unplacedBoxesSize:3
currentRepackCostTime:175.369s , currentRepackMaxTime:287.976s
iter10		 Improve solution by repack 0.8837033055630208->0.06960225745767266 , unplacedBoxesSize:1
currentRepackCostTime:175.385s , currentRepackMaxTime:287.976s
Selecting boards with low utilization for repacking...
iter1		 Improve solution by repack 0.9378607901101854->0.9268476216070949 , unplacedBoxesSize:1
currentRepackCostTime:177.583s , currentRepackMaxTime:287.976s
iter6		 Improve solution by repack 0.9268476216070949->0.9212389142703574 , unplacedBoxesSize:4
currentRepackCostTime:177.591s , currentRepackMaxTime:287.976s
iter4		 Improve solution by repack 0.9212389142703574->0.8943825584520291 , unplacedBoxesSize:4
currentRepackCostTime:177.6s , currentRepackMaxTime:287.976s
iter14		 Improve solution by repack 0.8943825584520291->0.8664982531577532 , unplacedBoxesSize:3
currentRepackCostTime:177.62800000000001s , currentRepackMaxTime:287.976s
iter80		 Improve solution by repack 0.8664982531577532->0.11357833915614082 , unplacedBoxesSize:1
currentRepackCostTime:177.766s , currentRepackMaxTime:287.976s
iter10		 Improve solution by repack 0.11357833915614082->0.1127882289707068 , unplacedBoxesSize:1
currentRepackCostTime:177.788s , currentRepackMaxTime:287.976s
iter2		 Improve solution by repack 0.1127882289707068->0.10797097554420855 , unplacedBoxesSize:1
currentRepackCostTime:177.793s , currentRepackMaxTime:287.976s
iter15		 Improve solution by repack 0.10797097554420855->0.10778352593388874 , unplacedBoxesSize:1
currentRepackCostTime:177.824s , currentRepackMaxTime:287.976s
iter3		 Improve solution by repack 0.10778352593388874->0.09904763504434293 , unplacedBoxesSize:1
currentRepackCostTime:177.83700000000002s , currentRepackMaxTime:287.976s
Selecting boards with low utilization for repacking...
iter2		 Improve solution by repack 0.9531229844127923->0.9268476216070949 , unplacedBoxesSize:1
currentRepackCostTime:179.939s , currentRepackMaxTime:287.976s
iter6		 Improve solution by repack 0.9268476216070949->0.8976289975812953 , unplacedBoxesSize:4
currentRepackCostTime:179.947s , currentRepackMaxTime:287.976s
iter22		 Improve solution by repack 0.8976289975812953->0.09904763504434293 , unplacedBoxesSize:1
currentRepackCostTime:179.992s , currentRepackMaxTime:287.976s
iter486		 Improve solution by repack 0.09904763504434293->0.06960225745767266 , unplacedBoxesSize:1
currentRepackCostTime:181.022s , currentRepackMaxTime:287.976s
Selecting boards with low utilization for repacking...
iter1		 Improve solution by repack 0.9544134641225478->0.9333106019887127 , unplacedBoxesSize:6
currentRepackCostTime:183.231s , currentRepackMaxTime:287.976s
iter4		 Improve solution by repack 0.9333106019887127->0.8664982531577532 , unplacedBoxesSize:3
currentRepackCostTime:183.245s , currentRepackMaxTime:287.976s
iter61		 Improve solution by repack 0.8664982531577532->0.06960225745767266 , unplacedBoxesSize:1
currentRepackCostTime:183.35s , currentRepackMaxTime:287.976s
Selecting boards with low utilization for repacking...
iter3		 Improve solution by repack 0.9546203977425423->0.9003782585326525 , unplacedBoxesSize:4
currentRepackCostTime:185.53s , currentRepackMaxTime:287.976s
iter50		 Improve solution by repack 0.9003782585326525->0.06960225745767266 , unplacedBoxesSize:1
currentRepackCostTime:185.637s , currentRepackMaxTime:287.976s
Selecting boards with low utilization for repacking...
iter1		 Improve solution by repack 0.9552361596345069->0.9432306275194839 , unplacedBoxesSize:3
currentRepackCostTime:187.863s , currentRepackMaxTime:287.976s
iter6		 Improve solution by repack 0.9432306275194839->0.9306355818328407 , unplacedBoxesSize:5
currentRepackCostTime:187.873s , currentRepackMaxTime:287.976s
iter1		 Improve solution by repack 0.9306355818328407->0.8833915614082236 , unplacedBoxesSize:3
currentRepackCostTime:187.874s , currentRepackMaxTime:287.976s
iter15		 Improve solution by repack 0.8833915614082236->0.09671324912657887 , unplacedBoxesSize:1
currentRepackCostTime:187.899s , currentRepackMaxTime:287.976s
iter24		 Improve solution by repack 0.09671324912657887->0.06960225745767266 , unplacedBoxesSize:1
currentRepackCostTime:187.941s , currentRepackMaxTime:287.976s
Selecting boards with low utilization for repacking...
iter9		 Improve solution by repack 0.9432306275194839->0.06960225745767266 , unplacedBoxesSize:1
currentRepackCostTime:190.168s , currentRepackMaxTime:287.976s
Selecting boards with low utilization for repacking...
iter10		 Improve solution by repack 0.9559889814565976->0.9470303681805967 , unplacedBoxesSize:5
currentRepackCostTime:192.423s , currentRepackMaxTime:287.976s
iter9		 Improve solution by repack 0.9470303681805967->0.9402841977962914 , unplacedBoxesSize:5
currentRepackCostTime:192.448s , currentRepackMaxTime:287.976s
iter8		 Improve solution by repack 0.9402841977962914->0.9331470034936845 , unplacedBoxesSize:5
currentRepackCostTime:192.47400000000002s , currentRepackMaxTime:287.976s
iter1		 Improve solution by repack 0.9331470034936845->0.9325544208546089 , unplacedBoxesSize:5
currentRepackCostTime:192.477s , currentRepackMaxTime:287.976s
iter7		 Improve solution by repack 0.9325544208546089->0.908310937919914 , unplacedBoxesSize:5
currentRepackCostTime:192.496s , currentRepackMaxTime:287.976s
iter5		 Improve solution by repack 0.908310937919914->0.9070071889277076 , unplacedBoxesSize:4
currentRepackCostTime:192.513s , currentRepackMaxTime:287.976s
iter1		 Improve solution by repack 0.9070071889277076->0.9057968288094599 , unplacedBoxesSize:4
currentRepackCostTime:192.514s , currentRepackMaxTime:287.976s
iter56		 Improve solution by repack 0.9057968288094599->0.3385622144584789 , unplacedBoxesSize:3
currentRepackCostTime:192.639s , currentRepackMaxTime:287.976s
iter1		 Improve solution by repack 0.3385622144584789->0.3383646869121204 , unplacedBoxesSize:3
currentRepackCostTime:192.643s , currentRepackMaxTime:287.976s
iter54		 Improve solution by repack 0.3383646869121204->0.3074022440204246 , unplacedBoxesSize:2
currentRepackCostTime:192.788s , currentRepackMaxTime:287.976s
iter2		 Improve solution by repack 0.3074022440204246->0.30597621607094866 , unplacedBoxesSize:2
currentRepackCostTime:192.793s , currentRepackMaxTime:287.976s
iter208		 Improve solution by repack 0.30597621607094866->0.1488497715667831 , unplacedBoxesSize:1
currentRepackCostTime:193.22400000000002s , currentRepackMaxTime:287.976s
iter206		 Improve solution by repack 0.1488497715667831->0.14439364418167158 , unplacedBoxesSize:1
currentRepackCostTime:193.65800000000002s , currentRepackMaxTime:287.976s
iter151		 Improve solution by repack 0.14439364418167158->0.12285944638538028 , unplacedBoxesSize:1
currentRepackCostTime:193.946s , currentRepackMaxTime:287.976s
iter976		 Improve solution by repack 0.12285944638538028->0.10797097554420855 , unplacedBoxesSize:1
currentRepackCostTime:195.876s , currentRepackMaxTime:287.976s
iter36		 Improve solution by repack 0.10797097554420855->0.10778352593388874 , unplacedBoxesSize:1
currentRepackCostTime:195.965s , currentRepackMaxTime:287.976s
iter15		 Improve solution by repack 0.10778352593388874->0.1070337274926095 , unplacedBoxesSize:1
currentRepackCostTime:195.994s , currentRepackMaxTime:287.976s
iter11		 Improve solution by repack 0.1070337274926095->0.09904763504434293 , unplacedBoxesSize:1
currentRepackCostTime:196.026s , currentRepackMaxTime:287.976s
iter350		 Improve solution by repack 0.09904763504434293->0.09671324912657887 , unplacedBoxesSize:1
currentRepackCostTime:196.809s , currentRepackMaxTime:287.976s
Selecting boards with low utilization for repacking...
iter4		 Improve solution by repack 0.9597309191077668->0.944853366030637 , unplacedBoxesSize:4
currentRepackCostTime:198.84300000000002s , currentRepackMaxTime:287.976s
iter4		 Improve solution by repack 0.944853366030637->0.8996462644450417 , unplacedBoxesSize:4
currentRepackCostTime:198.851s , currentRepackMaxTime:287.976s
iter8		 Improve solution by repack 0.8996462644450417->0.8955952700886859 , unplacedBoxesSize:3
currentRepackCostTime:198.872s , currentRepackMaxTime:287.976s
iter7		 Improve solution by repack 0.8955952700886859->0.28704178984144046 , unplacedBoxesSize:2
currentRepackCostTime:198.883s , currentRepackMaxTime:287.976s
iter3		 Improve solution by repack 0.28704178984144046->0.27513302875571083 , unplacedBoxesSize:2
currentRepackCostTime:198.892s , currentRepackMaxTime:287.976s
iter20		 Improve solution by repack 0.27513302875571083->0.26795821015855953 , unplacedBoxesSize:2
currentRepackCostTime:198.928s , currentRepackMaxTime:287.976s
iter4		 Improve solution by repack 0.26795821015855953->0.26622110991668907 , unplacedBoxesSize:2
currentRepackCostTime:198.935s , currentRepackMaxTime:287.976s
iter3		 Improve solution by repack 0.26622110991668907->0.26597084117172803 , unplacedBoxesSize:3
currentRepackCostTime:198.946s , currentRepackMaxTime:287.976s
iter16		 Improve solution by repack 0.26597084117172803->0.2520451491534534 , unplacedBoxesSize:2
currentRepackCostTime:198.991s , currentRepackMaxTime:287.976s
iter24		 Improve solution by repack 0.2520451491534534->0.24577566514377858 , unplacedBoxesSize:2
currentRepackCostTime:199.04s , currentRepackMaxTime:287.976s
iter36		 Improve solution by repack 0.24577566514377858->0.20775463585057782 , unplacedBoxesSize:2
currentRepackCostTime:199.13s , currentRepackMaxTime:287.976s
iter7		 Improve solution by repack 0.20775463585057782->0.2025503896801935 , unplacedBoxesSize:1
currentRepackCostTime:199.144s , currentRepackMaxTime:287.976s
iter32		 Improve solution by repack 0.2025503896801935->0.09671324912657887 , unplacedBoxesSize:1
currentRepackCostTime:199.20600000000002s , currentRepackMaxTime:287.976s
iter15		 Improve solution by repack 0.09671324912657887->0.08340902983069066 , unplacedBoxesSize:1
currentRepackCostTime:199.24s , currentRepackMaxTime:287.976s
Selecting boards with low utilization for repacking...
iter2		 Improve solution by repack 0.9604246170384306->0.9597110991668907 , unplacedBoxesSize:6
currentRepackCostTime:201.315s , currentRepackMaxTime:287.976s
iter1		 Improve solution by repack 0.9597110991668907->0.9474425557645795 , unplacedBoxesSize:7
currentRepackCostTime:201.318s , currentRepackMaxTime:287.976s
iter2		 Improve solution by repack 0.9474425557645795->0.9374052674012363 , unplacedBoxesSize:7
currentRepackCostTime:201.324s , currentRepackMaxTime:287.976s
iter2		 Improve solution by repack 0.9374052674012363->0.9268476216070949 , unplacedBoxesSize:1
currentRepackCostTime:201.327s , currentRepackMaxTime:287.976s
iter2		 Improve solution by repack 0.9268476216070949->0.915214324106423 , unplacedBoxesSize:3
currentRepackCostTime:201.328s , currentRepackMaxTime:287.976s
iter8		 Improve solution by repack 0.915214324106423->0.8790110185434024 , unplacedBoxesSize:4
currentRepackCostTime:201.34s , currentRepackMaxTime:287.976s
iter11		 Improve solution by repack 0.8790110185434024->0.15565170653050253 , unplacedBoxesSize:1
currentRepackCostTime:201.366s , currentRepackMaxTime:287.976s
iter10		 Improve solution by repack 0.15565170653050253->0.1488497715667831 , unplacedBoxesSize:1
currentRepackCostTime:201.38400000000001s , currentRepackMaxTime:287.976s
iter222		 Improve solution by repack 0.1488497715667831->0.09671324912657887 , unplacedBoxesSize:1
currentRepackCostTime:201.841s , currentRepackMaxTime:287.976s
iter24		 Improve solution by repack 0.09671324912657887->0.08340902983069066 , unplacedBoxesSize:1
currentRepackCostTime:201.88s , currentRepackMaxTime:287.976s
Selecting boards with low utilization for repacking...
iter6		 Improve solution by repack 0.9658673743617308->0.9505106154259607 , unplacedBoxesSize:8
currentRepackCostTime:204.037s , currentRepackMaxTime:287.976s
iter5		 Improve solution by repack 0.9505106154259607->0.9348837678043537 , unplacedBoxesSize:7
currentRepackCostTime:204.056s , currentRepackMaxTime:287.976s
iter7		 Improve solution by repack 0.9348837678043537->0.9209580757860789 , unplacedBoxesSize:6
currentRepackCostTime:204.08s , currentRepackMaxTime:287.976s
iter22		 Improve solution by repack 0.9209580757860789->0.9063410373555495 , unplacedBoxesSize:7
currentRepackCostTime:204.137s , currentRepackMaxTime:287.976s
iter3		 Improve solution by repack 0.9063410373555495->0.8959043267938726 , unplacedBoxesSize:4
currentRepackCostTime:204.143s , currentRepackMaxTime:287.976s
iter3		 Improve solution by repack 0.8959043267938726->0.8833915614082236 , unplacedBoxesSize:3
currentRepackCostTime:204.15s , currentRepackMaxTime:287.976s
iter1		 Improve solution by repack 0.8833915614082236->0.8708977761354474 , unplacedBoxesSize:3
currentRepackCostTime:204.15200000000002s , currentRepackMaxTime:287.976s
iter3		 Improve solution by repack 0.8708977761354474->0.8560649019080891 , unplacedBoxesSize:4
currentRepackCostTime:204.157s , currentRepackMaxTime:287.976s
iter5		 Improve solution by repack 0.8560649019080891->0.800647675356087 , unplacedBoxesSize:3
currentRepackCostTime:204.166s , currentRepackMaxTime:287.976s
iter6		 Improve solution by repack 0.800647675356087->0.08340902983069066 , unplacedBoxesSize:1
currentRepackCostTime:204.177s , currentRepackMaxTime:287.976s
Selecting boards with low utilization for repacking...
iter1		 Improve solution by repack 0.9016848629400699->0.8837033055630208 , unplacedBoxesSize:3
currentRepackCostTime:206.298s , currentRepackMaxTime:287.976s
iter31		 Improve solution by repack 0.8837033055630208->0.8664982531577532 , unplacedBoxesSize:3
currentRepackCostTime:206.35s , currentRepackMaxTime:287.976s
iter35		 Improve solution by repack 0.8664982531577532->0.800647675356087 , unplacedBoxesSize:3
currentRepackCostTime:206.407s , currentRepackMaxTime:287.976s
iter25		 Improve solution by repack 0.800647675356087->0.7994101048105349 , unplacedBoxesSize:3
currentRepackCostTime:206.45600000000002s , currentRepackMaxTime:287.976s
iter9		 Improve solution by repack 0.7994101048105349->0.08340902983069066 , unplacedBoxesSize:1
currentRepackCostTime:206.47s , currentRepackMaxTime:287.976s
iter499		 Improve solution by repack 0.08340902983069066->0.0724697661918839 , unplacedBoxesSize:1
currentRepackCostTime:207.511s , currentRepackMaxTime:287.976s
iter21		 Improve solution by repack 0.0724697661918839->0.06960225745767266 , unplacedBoxesSize:1
currentRepackCostTime:207.556s , currentRepackMaxTime:287.976s
Selecting boards with low utilization for repacking...
iter4		 Improve solution by repack 0.9682870868046225->0.9268476216070949 , unplacedBoxesSize:1
currentRepackCostTime:209.751s , currentRepackMaxTime:287.976s
iter9		 Improve solution by repack 0.9268476216070949->0.8664982531577532 , unplacedBoxesSize:3
currentRepackCostTime:209.76s , currentRepackMaxTime:287.976s
iter5		 Improve solution by repack 0.8664982531577532->0.8652660575114216 , unplacedBoxesSize:3
currentRepackCostTime:209.768s , currentRepackMaxTime:287.976s
iter9		 Improve solution by repack 0.8652660575114216->0.8562657887664605 , unplacedBoxesSize:3
currentRepackCostTime:209.78300000000002s , currentRepackMaxTime:287.976s
iter51		 Improve solution by repack 0.8562657887664605->0.8494638538027413 , unplacedBoxesSize:3
currentRepackCostTime:209.875s , currentRepackMaxTime:287.976s
iter5		 Improve solution by repack 0.8494638538027413->0.15441413598495027 , unplacedBoxesSize:1
currentRepackCostTime:209.88400000000001s , currentRepackMaxTime:287.976s
iter19		 Improve solution by repack 0.15441413598495027->0.15298810803547433 , unplacedBoxesSize:1
currentRepackCostTime:209.925s , currentRepackMaxTime:287.976s
iter80		 Improve solution by repack 0.15298810803547433->0.1488497715667831 , unplacedBoxesSize:1
currentRepackCostTime:210.09s , currentRepackMaxTime:287.976s
iter103		 Improve solution by repack 0.1488497715667831->0.09705724267669981 , unplacedBoxesSize:1
currentRepackCostTime:210.312s , currentRepackMaxTime:287.976s
iter34		 Improve solution by repack 0.09705724267669981->0.09671324912657887 , unplacedBoxesSize:1
currentRepackCostTime:210.39000000000001s , currentRepackMaxTime:287.976s
iter4		 Improve solution by repack 0.09671324912657887->0.08340902983069066 , unplacedBoxesSize:1
currentRepackCostTime:210.40200000000002s , currentRepackMaxTime:287.976s
iter30		 Improve solution by repack 0.08340902983069066->0.0724697661918839 , unplacedBoxesSize:1
currentRepackCostTime:210.467s , currentRepackMaxTime:287.976s
iter92		 Improve solution by repack 0.0724697661918839->0.06960225745767266 , unplacedBoxesSize:1
currentRepackCostTime:210.661s , currentRepackMaxTime:287.976s
iter398		 Improve solution by repack 0.06960225745767266->0.04799449072829884 , unplacedBoxesSize:1
currentRepackCostTime:211.529s , currentRepackMaxTime:287.976s
Selecting boards with low utilization for repacking...
iter2		 Improve solution by repack 0.971649758129535->0.941071620532115 , unplacedBoxesSize:6
currentRepackCostTime:213.738s , currentRepackMaxTime:287.976s
iter14		 Improve solution by repack 0.941071620532115->0.9185363477559796 , unplacedBoxesSize:6
currentRepackCostTime:213.774s , currentRepackMaxTime:287.976s
iter16		 Improve solution by repack 0.9185363477559796->0.04799449072829884 , unplacedBoxesSize:1
currentRepackCostTime:213.818s , currentRepackMaxTime:287.976s
Selecting boards with low utilization for repacking...
iter1		 Improve solution by repack 0.9749227358237034->0.9557316581564096 , unplacedBoxesSize:7
currentRepackCostTime:216.304s , currentRepackMaxTime:287.976s
iter2		 Improve solution by repack 0.9557316581564096->0.9458722453641495 , unplacedBoxesSize:4
currentRepackCostTime:216.311s , currentRepackMaxTime:287.976s
iter33		 Improve solution by repack 0.9458722453641495->0.9398790647675356 , unplacedBoxesSize:4
currentRepackCostTime:216.385s , currentRepackMaxTime:287.976s
iter3		 Improve solution by repack 0.9398790647675356->0.17285810266057514 , unplacedBoxesSize:1
currentRepackCostTime:216.39000000000001s , currentRepackMaxTime:287.976s
iter44		 Improve solution by repack 0.17285810266057514->0.1688873958613276 , unplacedBoxesSize:1
currentRepackCostTime:216.467s , currentRepackMaxTime:287.976s
iter13		 Improve solution by repack 0.1688873958613276->0.15565170653050253 , unplacedBoxesSize:1
currentRepackCostTime:216.501s , currentRepackMaxTime:287.976s
iter19		 Improve solution by repack 0.15565170653050253->0.1488497715667831 , unplacedBoxesSize:1
currentRepackCostTime:216.53300000000002s , currentRepackMaxTime:287.976s
iter39		 Improve solution by repack 0.1488497715667831->0.07587879602257458 , unplacedBoxesSize:2
currentRepackCostTime:216.606s , currentRepackMaxTime:287.976s
iter6		 Improve solution by repack 0.07587879602257458->0.04799449072829884 , unplacedBoxesSize:1
currentRepackCostTime:216.619s , currentRepackMaxTime:287.976s
Selecting boards with low utilization for repacking...
iter1		 Improve solution by repack 0.9767824509540446->0.914692958882021 , unplacedBoxesSize:3
currentRepackCostTime:218.981s , currentRepackMaxTime:287.976s
iter4		 Improve solution by repack 0.914692958882021->0.9115876108572964 , unplacedBoxesSize:4
currentRepackCostTime:218.98600000000002s , currentRepackMaxTime:287.976s
iter8		 Improve solution by repack 0.9115876108572964->0.8837033055630208 , unplacedBoxesSize:3
currentRepackCostTime:218.998s , currentRepackMaxTime:287.976s
iter3		 Improve solution by repack 0.8837033055630208->0.8681980650362806 , unplacedBoxesSize:3
currentRepackCostTime:219.002s , currentRepackMaxTime:287.976s
iter12		 Improve solution by repack 0.8681980650362806->0.04799449072829884 , unplacedBoxesSize:1
currentRepackCostTime:219.02100000000002s , currentRepackMaxTime:287.976s
Selecting boards with low utilization for repacking...
iter1		 Improve solution by repack 0.9853708680462241->0.9682746573501747 , unplacedBoxesSize:4
currentRepackCostTime:221.31300000000002s , currentRepackMaxTime:287.976s
iter53		 Improve solution by repack 0.9682746573501747->0.19684426229508198 , unplacedBoxesSize:2
currentRepackCostTime:221.412s , currentRepackMaxTime:287.976s
iter19		 Improve solution by repack 0.19684426229508198->0.17285810266057514 , unplacedBoxesSize:1
currentRepackCostTime:221.454s , currentRepackMaxTime:287.976s
iter27		 Improve solution by repack 0.17285810266057514->0.16216541252351518 , unplacedBoxesSize:2
currentRepackCostTime:221.504s , currentRepackMaxTime:287.976s
iter6		 Improve solution by repack 0.16216541252351518->0.16078271969900565 , unplacedBoxesSize:2
currentRepackCostTime:221.516s , currentRepackMaxTime:287.976s
iter4		 Improve solution by repack 0.16078271969900565->0.15644181671593657 , unplacedBoxesSize:1
currentRepackCostTime:221.53s , currentRepackMaxTime:287.976s
iter9		 Improve solution by repack 0.15644181671593657->0.15565170653050253 , unplacedBoxesSize:1
currentRepackCostTime:221.546s , currentRepackMaxTime:287.976s
iter47		 Improve solution by repack 0.15565170653050253->0.13560064498790647 , unplacedBoxesSize:1
currentRepackCostTime:221.644s , currentRepackMaxTime:287.976s
iter3		 Improve solution by repack 0.13560064498790647->0.13337946788497715 , unplacedBoxesSize:1
currentRepackCostTime:221.653s , currentRepackMaxTime:287.976s
iter36		 Improve solution by repack 0.13337946788497715->0.11834990593926363 , unplacedBoxesSize:1
currentRepackCostTime:221.723s , currentRepackMaxTime:287.976s
iter141		 Improve solution by repack 0.11834990593926363->0.10594430260682612 , unplacedBoxesSize:1
currentRepackCostTime:222.026s , currentRepackMaxTime:287.976s
iter6		 Improve solution by repack 0.10594430260682612->0.09987503359312014 , unplacedBoxesSize:1
currentRepackCostTime:222.04s , currentRepackMaxTime:287.976s
iter19		 Improve solution by repack 0.09987503359312014->0.09671324912657887 , unplacedBoxesSize:1
currentRepackCostTime:222.079s , currentRepackMaxTime:287.976s
Selecting boards with low utilization for repacking...
iter2		 Improve solution by repack 0.8763914270357431->0.8673790647675356 , unplacedBoxesSize:4
currentRepackCostTime:224.177s , currentRepackMaxTime:287.976s
iter3		 Improve solution by repack 0.8673790647675356->0.09671324912657887 , unplacedBoxesSize:1
currentRepackCostTime:224.18200000000002s , currentRepackMaxTime:287.976s
Selecting boards with low utilization for repacking...
iter1		 Improve solution by repack 0.9875638269282451->0.9456977291050793 , unplacedBoxesSize:7
currentRepackCostTime:226.24800000000002s , currentRepackMaxTime:287.976s
iter16		 Improve solution by repack 0.9456977291050793->0.9424986562751948 , unplacedBoxesSize:7
currentRepackCostTime:226.291s , currentRepackMaxTime:287.976s
iter13		 Improve solution by repack 0.9424986562751948->0.927518476216071 , unplacedBoxesSize:3
currentRepackCostTime:226.327s , currentRepackMaxTime:287.976s
iter17		 Improve solution by repack 0.927518476216071->0.886394786347756 , unplacedBoxesSize:4
currentRepackCostTime:226.359s , currentRepackMaxTime:287.976s
iter32		 Improve solution by repack 0.886394786347756->0.8751854340231121 , unplacedBoxesSize:4
currentRepackCostTime:226.424s , currentRepackMaxTime:287.976s
iter40		 Improve solution by repack 0.8751854340231121->0.1957608841709218 , unplacedBoxesSize:2
currentRepackCostTime:226.506s , currentRepackMaxTime:287.976s
iter5		 Improve solution by repack 0.1957608841709218->0.1539213249126579 , unplacedBoxesSize:2
currentRepackCostTime:226.516s , currentRepackMaxTime:287.976s
iter1		 Improve solution by repack 0.1539213249126579->0.15298810803547433 , unplacedBoxesSize:1
currentRepackCostTime:226.518s , currentRepackMaxTime:287.976s
iter374		 Improve solution by repack 0.15298810803547433->0.14439364418167158 , unplacedBoxesSize:1
currentRepackCostTime:227.27100000000002s , currentRepackMaxTime:287.976s
Selecting boards with low utilization for repacking...
iter1		 Improve solution by repack 0.9917599435635582->0.9875870061811342 , unplacedBoxesSize:6
currentRepackCostTime:229.254s , currentRepackMaxTime:287.976s
iter2		 Improve solution by repack 0.9875870061811342->0.9865993684493416 , unplacedBoxesSize:6
currentRepackCostTime:229.25900000000001s , currentRepackMaxTime:287.976s
iter8		 Improve solution by repack 0.9865993684493416->0.9852593388873958 , unplacedBoxesSize:6
currentRepackCostTime:229.279s , currentRepackMaxTime:287.976s
iter2		 Improve solution by repack 0.9852593388873958->0.9800964122547703 , unplacedBoxesSize:7
currentRepackCostTime:229.285s , currentRepackMaxTime:287.976s
iter2		 Improve solution by repack 0.9800964122547703->0.9741376646062886 , unplacedBoxesSize:7
currentRepackCostTime:229.291s , currentRepackMaxTime:287.976s
iter3		 Improve solution by repack 0.9741376646062886->0.9736089088954581 , unplacedBoxesSize:7
currentRepackCostTime:229.303s , currentRepackMaxTime:287.976s
iter4		 Improve solution by repack 0.9736089088954581->0.9371217414673475 , unplacedBoxesSize:6
currentRepackCostTime:229.32s , currentRepackMaxTime:287.976s
iter15		 Improve solution by repack 0.9371217414673475->0.9193939801128728 , unplacedBoxesSize:4
currentRepackCostTime:229.362s , currentRepackMaxTime:287.976s
iter93		 Improve solution by repack 0.9193939801128728->0.9166984681537221 , unplacedBoxesSize:4
currentRepackCostTime:229.56s , currentRepackMaxTime:287.976s
iter2		 Improve solution by repack 0.9166984681537221->0.9118812147272238 , unplacedBoxesSize:4
currentRepackCostTime:229.564s , currentRepackMaxTime:287.976s
iter2		 Improve solution by repack 0.9118812147272238->0.9036710561676968 , unplacedBoxesSize:4
currentRepackCostTime:229.567s , currentRepackMaxTime:287.976s
iter4		 Improve solution by repack 0.9036710561676968->0.21583982800322493 , unplacedBoxesSize:2
currentRepackCostTime:229.576s , currentRepackMaxTime:287.976s
iter67		 Improve solution by repack 0.21583982800322493->0.2157377049180328 , unplacedBoxesSize:2
currentRepackCostTime:229.738s , currentRepackMaxTime:287.976s
iter748		 Improve solution by repack 0.2157377049180328->0.2025503896801935 , unplacedBoxesSize:1
currentRepackCostTime:231.46800000000002s , currentRepackMaxTime:287.976s
Selecting boards with low utilization for repacking...
iter1		 Improve solution by repack 0.9921348427841978->0.33274657350174686 , unplacedBoxesSize:3
currentRepackCostTime:233.28s , currentRepackMaxTime:287.976s
iter2		 Improve solution by repack 0.33274657350174686->0.3317589357699543 , unplacedBoxesSize:3
currentRepackCostTime:233.284s , currentRepackMaxTime:287.976s
iter2		 Improve solution by repack 0.3317589357699543->0.31885514646600377 , unplacedBoxesSize:3
currentRepackCostTime:233.291s , currentRepackMaxTime:287.976s
iter21		 Improve solution by repack 0.31885514646600377->0.31747245364149423 , unplacedBoxesSize:3
currentRepackCostTime:233.34900000000002s , currentRepackMaxTime:287.976s
iter1		 Improve solution by repack 0.31747245364149423->0.31728500403117443 , unplacedBoxesSize:3
currentRepackCostTime:233.35s , currentRepackMaxTime:287.976s
iter47		 Improve solution by repack 0.31728500403117443->0.3124677506046762 , unplacedBoxesSize:3
currentRepackCostTime:233.48000000000002s , currentRepackMaxTime:287.976s
iter34		 Improve solution by repack 0.3124677506046762->0.3115305025530771 , unplacedBoxesSize:3
currentRepackCostTime:233.567s , currentRepackMaxTime:287.976s
iter14		 Improve solution by repack 0.3115305025530771->0.30279461166353133 , unplacedBoxesSize:3
currentRepackCostTime:233.607s , currentRepackMaxTime:287.976s
iter46		 Improve solution by repack 0.30279461166353133->0.2996949744692287 , unplacedBoxesSize:3
currentRepackCostTime:233.768s , currentRepackMaxTime:287.976s
iter12		 Improve solution by repack 0.2996949744692287->0.285167965600645 , unplacedBoxesSize:3
currentRepackCostTime:233.814s , currentRepackMaxTime:287.976s
iter2		 Improve solution by repack 0.285167965600645->0.2846654125235152 , unplacedBoxesSize:3
currentRepackCostTime:233.816s , currentRepackMaxTime:287.976s
iter48		 Improve solution by repack 0.2846654125235152->0.271361193227627 , unplacedBoxesSize:3
currentRepackCostTime:233.958s , currentRepackMaxTime:287.976s
iter36		 Improve solution by repack 0.271361193227627->0.22525396398817524 , unplacedBoxesSize:2
currentRepackCostTime:234.059s , currentRepackMaxTime:287.976s
iter67		 Improve solution by repack 0.22525396398817524->0.21052539639881754 , unplacedBoxesSize:2
currentRepackCostTime:234.214s , currentRepackMaxTime:287.976s
iter3		 Improve solution by repack 0.21052539639881754->0.2037234614350981 , unplacedBoxesSize:2
currentRepackCostTime:234.221s , currentRepackMaxTime:287.976s
iter159		 Improve solution by repack 0.2037234614350981->0.2025503896801935 , unplacedBoxesSize:1
currentRepackCostTime:234.621s , currentRepackMaxTime:287.976s
Selecting boards with low utilization for repacking...
All low-utilization boards have been repacked once. Restarting repacking process...
Selecting boards with low utilization for repacking...
iter602		 Improve solution by repack 0.2025503896801935->0.19127788228970705 , unplacedBoxesSize:2
currentRepackCostTime:237.53s , currentRepackMaxTime:287.976s
iter17		 Improve solution by repack 0.19127788228970705->0.18777479172265518 , unplacedBoxesSize:1
currentRepackCostTime:237.573s , currentRepackMaxTime:287.976s
iter23		 Improve solution by repack 0.18777479172265518->0.17285810266057514 , unplacedBoxesSize:1
currentRepackCostTime:237.618s , currentRepackMaxTime:287.976s
iter77		 Improve solution by repack 0.17285810266057514->0.1688873958613276 , unplacedBoxesSize:1
currentRepackCostTime:237.755s , currentRepackMaxTime:287.976s
iter30		 Improve solution by repack 0.1688873958613276->0.14439364418167158 , unplacedBoxesSize:1
currentRepackCostTime:237.814s , currentRepackMaxTime:287.976s
iter16		 Improve solution by repack 0.14439364418167158->0.13575315775329214 , unplacedBoxesSize:2
currentRepackCostTime:237.845s , currentRepackMaxTime:287.976s
iter24		 Improve solution by repack 0.13575315775329214->0.1078688524590164 , unplacedBoxesSize:1
currentRepackCostTime:237.921s , currentRepackMaxTime:287.976s
iter48		 Improve solution by repack 0.1078688524590164->0.10778352593388874 , unplacedBoxesSize:1
currentRepackCostTime:238.03s , currentRepackMaxTime:287.976s
iter43		 Improve solution by repack 0.10778352593388874->0.1070337274926095 , unplacedBoxesSize:1
currentRepackCostTime:238.121s , currentRepackMaxTime:287.976s
iter316		 Improve solution by repack 0.1070337274926095->0.1023189330825047 , unplacedBoxesSize:1
currentRepackCostTime:238.76500000000001s , currentRepackMaxTime:287.976s
iter16		 Improve solution by repack 0.1023189330825047->0.09904763504434293 , unplacedBoxesSize:1
currentRepackCostTime:238.799s , currentRepackMaxTime:287.976s
iter968		 Improve solution by repack 0.09904763504434293->0.09271902714324107 , unplacedBoxesSize:1
currentRepackCostTime:240.852s , currentRepackMaxTime:287.976s
iter34		 Improve solution by repack 0.09271902714324107->0.08340902983069066 , unplacedBoxesSize:1
currentRepackCostTime:240.924s , currentRepackMaxTime:287.976s
iter247		 Improve solution by repack 0.08340902983069066->0.0724697661918839 , unplacedBoxesSize:1
currentRepackCostTime:241.42600000000002s , currentRepackMaxTime:287.976s
iter64		 Improve solution by repack 0.0724697661918839->0.06960225745767266 , unplacedBoxesSize:1
currentRepackCostTime:241.567s , currentRepackMaxTime:287.976s
iter24		 Improve solution by repack 0.06960225745767266->0.05487368986831497 , unplacedBoxesSize:1
currentRepackCostTime:241.62s , currentRepackMaxTime:287.976s
iter65		 Improve solution by repack 0.05487368986831497->0.04799449072829884 , unplacedBoxesSize:1
currentRepackCostTime:241.768s , currentRepackMaxTime:287.976s
Selecting boards with low utilization for repacking...
iter2		 Improve solution by repack 0.8914421526471379->0.8837033055630208 , unplacedBoxesSize:3
currentRepackCostTime:244.00400000000002s , currentRepackMaxTime:287.976s
iter32		 Improve solution by repack 0.8837033055630208->0.8831772373018006 , unplacedBoxesSize:4
currentRepackCostTime:244.061s , currentRepackMaxTime:287.976s
iter37		 Improve solution by repack 0.8831772373018006->0.8802264176296695 , unplacedBoxesSize:4
currentRepackCostTime:244.149s , currentRepackMaxTime:287.976s
iter1		 Improve solution by repack 0.8802264176296695->0.87754165546896 , unplacedBoxesSize:4
currentRepackCostTime:244.151s , currentRepackMaxTime:287.976s
iter1		 Improve solution by repack 0.87754165546896->0.8773542058586402 , unplacedBoxesSize:4
currentRepackCostTime:244.154s , currentRepackMaxTime:287.976s
iter36		 Improve solution by repack 0.8773542058586402->0.8736814700349368 , unplacedBoxesSize:4
currentRepackCostTime:244.246s , currentRepackMaxTime:287.976s
iter29		 Improve solution by repack 0.8736814700349368->0.8644504165546896 , unplacedBoxesSize:4
currentRepackCostTime:244.309s , currentRepackMaxTime:287.976s
iter3		 Improve solution by repack 0.8644504165546896->0.8637006181134103 , unplacedBoxesSize:4
currentRepackCostTime:244.32s , currentRepackMaxTime:287.976s
iter40		 Improve solution by repack 0.8637006181134103->0.1070337274926095 , unplacedBoxesSize:1
currentRepackCostTime:244.412s , currentRepackMaxTime:287.976s
iter64		 Improve solution by repack 0.1070337274926095->0.09671324912657887 , unplacedBoxesSize:1
currentRepackCostTime:244.55s , currentRepackMaxTime:287.976s
iter34		 Improve solution by repack 0.09671324912657887->0.0724697661918839 , unplacedBoxesSize:1
currentRepackCostTime:244.636s , currentRepackMaxTime:287.976s
iter5		 Improve solution by repack 0.0724697661918839->0.06960225745767266 , unplacedBoxesSize:1
currentRepackCostTime:244.65200000000002s , currentRepackMaxTime:287.976s
iter730		 Improve solution by repack 0.06960225745767266->0.04799449072829884 , unplacedBoxesSize:1
currentRepackCostTime:246.229s , currentRepackMaxTime:287.976s
Selecting boards with low utilization for repacking...
iter37		 Improve solution by repack 0.8837033055630208->0.11065573770491803 , unplacedBoxesSize:1
currentRepackCostTime:248.526s , currentRepackMaxTime:287.976s
iter4		 Improve solution by repack 0.11065573770491803->0.1078688524590164 , unplacedBoxesSize:1
currentRepackCostTime:248.537s , currentRepackMaxTime:287.976s
iter235		 Improve solution by repack 0.1078688524590164->0.1070337274926095 , unplacedBoxesSize:1
currentRepackCostTime:249.01500000000001s , currentRepackMaxTime:287.976s
iter481		 Improve solution by repack 0.1070337274926095->0.10317287019618382 , unplacedBoxesSize:1
currentRepackCostTime:250.012s , currentRepackMaxTime:287.976s
iter6		 Improve solution by repack 0.10317287019618382->0.09671324912657887 , unplacedBoxesSize:1
currentRepackCostTime:250.02100000000002s , currentRepackMaxTime:287.976s
iter102		 Improve solution by repack 0.09671324912657887->0.08340902983069066 , unplacedBoxesSize:1
currentRepackCostTime:250.247s , currentRepackMaxTime:287.976s
iter64		 Improve solution by repack 0.08340902983069066->0.06960225745767266 , unplacedBoxesSize:1
currentRepackCostTime:250.37s , currentRepackMaxTime:287.976s
Selecting boards with low utilization for repacking...
iter10		 Improve solution by repack 0.8686126041386724->0.8635578473528621 , unplacedBoxesSize:3
currentRepackCostTime:252.66s , currentRepackMaxTime:287.976s
iter4		 Improve solution by repack 0.8635578473528621->0.8418086535877451 , unplacedBoxesSize:3
currentRepackCostTime:252.67000000000002s , currentRepackMaxTime:287.976s
iter35		 Improve solution by repack 0.8418086535877451->0.8371126713249126 , unplacedBoxesSize:3
currentRepackCostTime:252.727s , currentRepackMaxTime:287.976s
iter7		 Improve solution by repack 0.8371126713249126->0.8306530502553078 , unplacedBoxesSize:3
currentRepackCostTime:252.73600000000002s , currentRepackMaxTime:287.976s
iter17		 Improve solution by repack 0.8306530502553078->0.8064095673206128 , unplacedBoxesSize:3
currentRepackCostTime:252.764s , currentRepackMaxTime:287.976s
iter50		 Improve solution by repack 0.8064095673206128->0.7570780704111798 , unplacedBoxesSize:2
currentRepackCostTime:252.86s , currentRepackMaxTime:287.976s
iter21		 Improve solution by repack 0.7570780704111798->0.06960225745767266 , unplacedBoxesSize:1
currentRepackCostTime:252.89600000000002s , currentRepackMaxTime:287.976s
iter566		 Improve solution by repack 0.06960225745767266->0.0 , unplacedBoxesSize:0
currentRepackCostTime:254.141s , currentRepackMaxTime:287.976s
Improved success.
Global repack result: 82 -> 81 boards.
Start nesting on the 1th large board, remaining blocks count: 267
Utilization of the 1th large board: 98.80062483203442, Time taken for this board: 11.611s
-------------------------------------------------------------------
Start nesting on the 2th large board, remaining blocks count: 260
Utilization of the 2th large board: 98.93204111797903, Time taken for this board: 25.34s
-------------------------------------------------------------------
Start nesting on the 3th large board, remaining blocks count: 253
Utilization of the 3th large board: 99.93573636119322, Time taken for this board: 33.991s
-------------------------------------------------------------------
Start nesting on the 4th large board, remaining blocks count: 250
Utilization of the 4th large board: 98.70209621069606, Time taken for this board: 43.85s
-------------------------------------------------------------------
Start nesting on the 5th large board, remaining blocks count: 239
Utilization of the 5th large board: 99.54823972050524, Time taken for this board: 52.805s
-------------------------------------------------------------------
Start nesting on the 6th large board, remaining blocks count: 227
Utilization of the 6th large board: 99.46244289169579, Time taken for this board: 61.014s
-------------------------------------------------------------------
Start nesting on the 7th large board, remaining blocks count: 221
Utilization of the 7th large board: 99.62285004031175, Time taken for this board: 72.642s
-------------------------------------------------------------------
Start nesting on the 8th large board, remaining blocks count: 212
Utilization of the 8th large board: 99.2128124160172, Time taken for this board: 81.45s
-------------------------------------------------------------------
Start nesting on the 9th large board, remaining blocks count: 207
Utilization of the 9th large board: 99.78130878796023, Time taken for this board: 87.931s
-------------------------------------------------------------------
Start nesting on the 10th large board, remaining blocks count: 203
Utilization of the 10th large board: 99.29242811072294, Time taken for this board: 93.785s
-------------------------------------------------------------------
Start nesting on the 11th large board, remaining blocks count: 200
Utilization of the 11th large board: 99.805730986294, Time taken for this board: 100.785s
-------------------------------------------------------------------
Start nesting on the 12th large board, remaining blocks count: 199
Utilization of the 12th large board: 99.21838887395862, Time taken for this board: 107.084s
-------------------------------------------------------------------
Start nesting on the 13th large board, remaining blocks count: 190
Utilization of the 13th large board: 99.34251316850309, Time taken for this board: 114.492s
-------------------------------------------------------------------
Start nesting on the 14th large board, remaining blocks count: 182
Utilization of the 14th large board: 99.33918744961032, Time taken for this board: 120.75200000000001s
-------------------------------------------------------------------
Start nesting on the 15th large board, remaining blocks count: 174
Utilization of the 15th large board: 99.49351652781509, Time taken for this board: 126.096s
-------------------------------------------------------------------
Start nesting on the 16th large board, remaining blocks count: 168
Utilization of the 16th large board: 99.3469497446923, Time taken for this board: 131.431s
-------------------------------------------------------------------
Start nesting on the 17th large board, remaining blocks count: 162
Utilization of the 17th large board: 99.58186643375437, Time taken for this board: 136.339s
-------------------------------------------------------------------
Start nesting on the 18th large board, remaining blocks count: 156
Utilization of the 18th large board: 99.15126981994088, Time taken for this board: 141.242s
-------------------------------------------------------------------
Start nesting on the 19th large board, remaining blocks count: 148
Utilization of the 19th large board: 99.40358774522979, Time taken for this board: 144.948s
-------------------------------------------------------------------
Start nesting on the 20th large board, remaining blocks count: 140
Utilization of the 20th large board: 99.22315909701693, Time taken for this board: 148.915s
-------------------------------------------------------------------
Start nesting on the 21th large board, remaining blocks count: 138
Utilization of the 21th large board: 99.12926632625638, Time taken for this board: 152.524s
-------------------------------------------------------------------
Start nesting on the 22th large board, remaining blocks count: 132
Utilization of the 22th large board: 99.06584251545284, Time taken for this board: 157.18800000000002s
-------------------------------------------------------------------
Start nesting on the 23th large board, remaining blocks count: 124
Utilization of the 23th large board: 98.91326256382693, Time taken for this board: 158.772s
-------------------------------------------------------------------
Start nesting on the 24th large board, remaining blocks count: 114
Utilization of the 24th large board: 98.32555092717011, Time taken for this board: 159.973s
-------------------------------------------------------------------
Start nesting on the 25th large board, remaining blocks count: 110
Utilization of the 25th large board: 98.66232195646332, Time taken for this board: 161.104s
-------------------------------------------------------------------
Start nesting on the 26th large board, remaining blocks count: 94
Utilization of the 26th large board: 98.91171728030099, Time taken for this board: 162.065s
-------------------------------------------------------------------
Start nesting on the 27th large board, remaining blocks count: 88
Utilization of the 27th large board: 98.54074845471646, Time taken for this board: 162.832s
-------------------------------------------------------------------
Start nesting on the 28th large board, remaining blocks count: 72
Utilization of the 28th large board: 98.13628728836333, Time taken for this board: 163.312s
-------------------------------------------------------------------
Start nesting on the 29th large board, remaining blocks count: 66
Utilization of the 29th large board: 97.26201508331093, Time taken for this board: 163.614s
-------------------------------------------------------------------
Start nesting on the 30th large board, remaining blocks count: 58
Utilization of the 30th large board: 95.42975678581027, Time taken for this board: 163.68800000000002s
-------------------------------------------------------------------
Start nesting on the 31th large board, remaining blocks count: 50
Utilization of the 31th large board: 94.26941682343455, Time taken for this board: 163.739s
-------------------------------------------------------------------
Start nesting on the 32th large board, remaining blocks count: 42
Utilization of the 32th large board: 93.98159097016931, Time taken for this board: 163.778s
-------------------------------------------------------------------
Start nesting on the 33th large board, remaining blocks count: 36
Utilization of the 33th large board: 92.36438457403924, Time taken for this board: 163.812s
-------------------------------------------------------------------
Start nesting on the 34th large board, remaining blocks count: 34
Utilization of the 34th large board: 90.83485622144585, Time taken for this board: 163.846s
-------------------------------------------------------------------
Start nesting on the 35th large board, remaining blocks count: 30
Utilization of the 35th large board: 92.65815640956733, Time taken for this board: 163.863s
-------------------------------------------------------------------
Start nesting on the 36th large board, remaining blocks count: 28
Utilization of the 36th large board: 95.25584520290245, Time taken for this board: 163.879s
-------------------------------------------------------------------
Start nesting on the 37th large board, remaining blocks count: 22
Utilization of the 37th large board: 91.12227895726956, Time taken for this board: 163.895s
-------------------------------------------------------------------
Start nesting on the 38th large board, remaining blocks count: 18
Utilization of the 38th large board: 86.75167965600644, Time taken for this board: 163.911s
-------------------------------------------------------------------
Start nesting on the 39th large board, remaining blocks count: 16
Utilization of the 39th large board: 86.17058586401504, Time taken for this board: 163.916s
-------------------------------------------------------------------
Start nesting on the 40th large board, remaining blocks count: 14
Utilization of the 40th large board: 85.88941144853534, Time taken for this board: 163.922s
-------------------------------------------------------------------
Start nesting on the 41th large board, remaining blocks count: 10
Utilization of the 41th large board: 85.45485084654663, Time taken for this board: 163.925s
-------------------------------------------------------------------
Start nesting on the 42th large board, remaining blocks count: 8
Utilization of the 42th large board: 79.50483740929857, Time taken for this board: 163.92600000000002s
-------------------------------------------------------------------
Start nesting on the 43th large board, remaining blocks count: 8
Utilization of the 43th large board: 78.89451760279495, Time taken for this board: 163.927s
-------------------------------------------------------------------
Start nesting on the 44th large board, remaining blocks count: 4
Utilization of the 44th large board: 42.14915345337275, Time taken for this board: 163.927s
-------------------------------------------------------------------
Start global repack optimization for 44 boards, time=99.676s.
Start improving solution by repacking.
Selecting boards with low utilization for repacking...
iter16		 Improve solution by repack 0.4214915345337275->0.4094275732330019 , unplacedBoxesSize:4
currentRepackCostTime:0.18s , currentRepackMaxTime:99.676s
iter3		 Improve solution by repack 0.4094275732330019->0.40474737973662994 , unplacedBoxesSize:4
currentRepackCostTime:0.209s , currentRepackMaxTime:99.676s
iter3		 Improve solution by repack 0.40474737973662994->0.4021230851921527 , unplacedBoxesSize:4
currentRepackCostTime:0.241s , currentRepackMaxTime:99.676s
iter5		 Improve solution by repack 0.4021230851921527->0.38473427841977964 , unplacedBoxesSize:4
currentRepackCostTime:0.3s , currentRepackMaxTime:99.676s
iter9		 Improve solution by repack 0.38473427841977964->0.37978198065036284 , unplacedBoxesSize:4
currentRepackCostTime:0.4s , currentRepackMaxTime:99.676s
iter8		 Improve solution by repack 0.37978198065036284->0.31041655468959956 , unplacedBoxesSize:3
currentRepackCostTime:0.48s , currentRepackMaxTime:99.676s
iter2		 Improve solution by repack 0.31041655468959956->0.29002821822090835 , unplacedBoxesSize:3
currentRepackCostTime:0.498s , currentRepackMaxTime:99.676s
iter35		 Improve solution by repack 0.29002821822090835->0.24276740123622684 , unplacedBoxesSize:3
currentRepackCostTime:0.849s , currentRepackMaxTime:99.676s
iter1		 Improve solution by repack 0.24276740123622684->0.2109110454178984 , unplacedBoxesSize:2
currentRepackCostTime:0.86s , currentRepackMaxTime:99.676s
iter5		 Improve solution by repack 0.2109110454178984->0.20647675356087072 , unplacedBoxesSize:2
currentRepackCostTime:0.917s , currentRepackMaxTime:99.676s
iter4		 Improve solution by repack 0.20647675356087072->0.19596949744692288 , unplacedBoxesSize:3
currentRepackCostTime:0.9460000000000001s , currentRepackMaxTime:99.676s
iter7		 Improve solution by repack 0.19596949744692288->0.16776740123622683 , unplacedBoxesSize:2
currentRepackCostTime:1.026s , currentRepackMaxTime:99.676s
iter1		 Improve solution by repack 0.16776740123622683->0.1401780435366837 , unplacedBoxesSize:4
currentRepackCostTime:1.04s , currentRepackMaxTime:99.676s
iter1		 Improve solution by repack 0.1401780435366837->0.0985655737704918 , unplacedBoxesSize:2
currentRepackCostTime:1.061s , currentRepackMaxTime:99.676s
iter7		 Improve solution by repack 0.0985655737704918->0.0667461703843053 , unplacedBoxesSize:1
currentRepackCostTime:1.153s , currentRepackMaxTime:99.676s
iter46		 Improve solution by repack 0.0667461703843053->0.06534936844934157 , unplacedBoxesSize:2
currentRepackCostTime:1.618s , currentRepackMaxTime:99.676s
iter5		 Improve solution by repack 0.06534936844934157->0.03915614082235958 , unplacedBoxesSize:1
currentRepackCostTime:1.673s , currentRepackMaxTime:99.676s
iter9		 Improve solution by repack 0.03915614082235958->0.0 , unplacedBoxesSize:0
currentRepackCostTime:1.7730000000000001s , currentRepackMaxTime:99.676s
Improved success.
Global repack result: 44 -> 43 boards.
