total number of nestable workpieces：277
Processing color group: 0 (1/1), boxes: 277
searchTime: 1000
Start nesting on the 1th large board, remaining blocks count: 140
Utilization of the 1th large board: 97.97530905670519, Time taken for this board: 1.0s
-------------------------------------------------------------------
Start nesting on the 2th large board, remaining blocks count: 138
Utilization of the 2th large board: 98.01155603332437, Time taken for this board: 2.001s
-------------------------------------------------------------------
Start nesting on the 3th large board, remaining blocks count: 133
Utilization of the 3th large board: 98.45891561408224, Time taken for this board: 3.001s
-------------------------------------------------------------------
Start nesting on the 4th large board, remaining blocks count: 128
Utilization of the 4th large board: 98.03319000268745, Time taken for this board: 3.959s
-------------------------------------------------------------------
Start nesting on the 5th large board, remaining blocks count: 124
Utilization of the 5th large board: 98.02566514377857, Time taken for this board: 4.875s
-------------------------------------------------------------------
Start nesting on the 6th large board, remaining blocks count: 120
Utilization of the 6th large board: 97.51881214727224, Time taken for this board: 5.765s
-------------------------------------------------------------------
Start nesting on the 7th large board, remaining blocks count: 114
Utilization of the 7th large board: 97.33646869121203, Time taken for this board: 6.695s
-------------------------------------------------------------------
Start nesting on the 8th large board, remaining blocks count: 113
Utilization of the 8th large board: 97.35353399623757, Time taken for this board: 7.695s
-------------------------------------------------------------------
Start nesting on the 9th large board, remaining blocks count: 106
Utilization of the 9th large board: 96.09446385380274, Time taken for this board: 8.335s
-------------------------------------------------------------------
Start nesting on the 10th large board, remaining blocks count: 100
Utilization of the 10th large board: 93.73380811609782, Time taken for this board: 8.808s
-------------------------------------------------------------------
Start nesting on the 11th large board, remaining blocks count: 97
Utilization of the 11th large board: 95.75651706530503, Time taken for this board: 9.252s
-------------------------------------------------------------------
Start nesting on the 12th large board, remaining blocks count: 95
Utilization of the 12th large board: 96.65311744154798, Time taken for this board: 9.67s
-------------------------------------------------------------------
Start nesting on the 13th large board, remaining blocks count: 91
Utilization of the 13th large board: 97.00870061811341, Time taken for this board: 10.083s
-------------------------------------------------------------------
Start nesting on the 14th large board, remaining blocks count: 87
Utilization of the 14th large board: 97.32568529965064, Time taken for this board: 10.4s
-------------------------------------------------------------------
Start nesting on the 15th large board, remaining blocks count: 81
Utilization of the 15th large board: 97.91081564095673, Time taken for this board: 10.679s
-------------------------------------------------------------------
Start nesting on the 16th large board, remaining blocks count: 80
Utilization of the 16th large board: 98.3580972856759, Time taken for this board: 10.983s
-------------------------------------------------------------------
Start nesting on the 17th large board, remaining blocks count: 75
Utilization of the 17th large board: 99.11902042461705, Time taken for this board: 11.227s
-------------------------------------------------------------------
Start nesting on the 18th large board, remaining blocks count: 73
Utilization of the 18th large board: 98.92270223058317, Time taken for this board: 11.462s
-------------------------------------------------------------------
Start nesting on the 19th large board, remaining blocks count: 67
Utilization of the 19th large board: 99.06819403386186, Time taken for this board: 11.639000000000001s
-------------------------------------------------------------------
Start nesting on the 20th large board, remaining blocks count: 63
Utilization of the 20th large board: 98.37073367374362, Time taken for this board: 11.705s
-------------------------------------------------------------------
Start nesting on the 21th large board, remaining blocks count: 53
Utilization of the 21th large board: 97.2637731792529, Time taken for this board: 11.758000000000001s
-------------------------------------------------------------------
Start nesting on the 22th large board, remaining blocks count: 49
Utilization of the 22th large board: 96.63679118516528, Time taken for this board: 11.807s
-------------------------------------------------------------------
Start nesting on the 23th large board, remaining blocks count: 43
Utilization of the 23th large board: 95.96318194033863, Time taken for this board: 11.849s
-------------------------------------------------------------------
Start nesting on the 24th large board, remaining blocks count: 35
Utilization of the 24th large board: 92.78419779629132, Time taken for this board: 11.879s
-------------------------------------------------------------------
Start nesting on the 25th large board, remaining blocks count: 29
Utilization of the 25th large board: 90.93644181671594, Time taken for this board: 11.891s
-------------------------------------------------------------------
Start nesting on the 26th large board, remaining blocks count: 29
Utilization of the 26th large board: 90.67058586401504, Time taken for this board: 11.903s
-------------------------------------------------------------------
Start nesting on the 27th large board, remaining blocks count: 23
Utilization of the 27th large board: 91.11280569739317, Time taken for this board: 11.91s
-------------------------------------------------------------------
Start nesting on the 28th large board, remaining blocks count: 19
Utilization of the 28th large board: 91.1150228433217, Time taken for this board: 11.917s
-------------------------------------------------------------------
Start nesting on the 29th large board, remaining blocks count: 17
Utilization of the 29th large board: 90.6818731523784, Time taken for this board: 11.924s
-------------------------------------------------------------------
Start nesting on the 30th large board, remaining blocks count: 17
Utilization of the 30th large board: 90.6818731523784, Time taken for this board: 11.93s
-------------------------------------------------------------------
Start nesting on the 31th large board, remaining blocks count: 17
Utilization of the 31th large board: 90.04360386992744, Time taken for this board: 11.937s
-------------------------------------------------------------------
Start nesting on the 32th large board, remaining blocks count: 11
Utilization of the 32th large board: 89.65614082235957, Time taken for this board: 11.94s
-------------------------------------------------------------------
Start nesting on the 33th large board, remaining blocks count: 9
Utilization of the 33th large board: 85.62321956463316, Time taken for this board: 11.942s
-------------------------------------------------------------------
Start nesting on the 34th large board, remaining blocks count: 9
Utilization of the 34th large board: 84.17602794947595, Time taken for this board: 11.944s
-------------------------------------------------------------------
Start nesting on the 35th large board, remaining blocks count: 6
Utilization of the 35th large board: 76.58155065842516, Time taken for this board: 11.945s
-------------------------------------------------------------------
Start nesting on the 36th large board, remaining blocks count: 2
Utilization of the 36th large board: 8.755173340499866, Time taken for this board: 11.945s
-------------------------------------------------------------------
Found solution: 36


Lower Bound LB=34
Start improving solution by repacking.
Selecting boards with low utilization for repacking...
iter70		 Improve solution by repack 0.08755173340499867->0.0 , unplacedBoxesSize:0
currentRepackCostTime:0.371s , currentRepackMaxTime:586.862s
Improved success.
Found solution 35
Start improving solution by repacking.
Selecting boards with low utilization for repacking...
iter6		 Improve solution by repack 0.8417602794947595->0.8275329212577264 , unplacedBoxesSize:5
currentRepackCostTime:0.042s , currentRepackMaxTime:586.491s
iter20		 Improve solution by repack 0.8275329212577264->0.8051269819940876 , unplacedBoxesSize:11
currentRepackCostTime:0.15s , currentRepackMaxTime:586.491s
iter4		 Improve solution by repack 0.8051269819940876->0.7513242407954851 , unplacedBoxesSize:9
currentRepackCostTime:0.197s , currentRepackMaxTime:586.491s
iter6		 Improve solution by repack 0.7513242407954851->0.7353675087342112 , unplacedBoxesSize:8
currentRepackCostTime:0.247s , currentRepackMaxTime:586.491s
iter5		 Improve solution by repack 0.7353675087342112->0.7306288632088148 , unplacedBoxesSize:8
currentRepackCostTime:0.28800000000000003s , currentRepackMaxTime:586.491s
iter10		 Improve solution by repack 0.7306288632088148->0.7013269282450953 , unplacedBoxesSize:6
currentRepackCostTime:0.371s , currentRepackMaxTime:586.491s
iter1		 Improve solution by repack 0.7013269282450953->0.6709540446116635 , unplacedBoxesSize:4
currentRepackCostTime:0.377s , currentRepackMaxTime:586.491s
iter2		 Improve solution by repack 0.6709540446116635->0.6573810803547434 , unplacedBoxesSize:3
currentRepackCostTime:0.386s , currentRepackMaxTime:586.491s
iter1		 Improve solution by repack 0.6573810803547434->0.6257067992475142 , unplacedBoxesSize:4
currentRepackCostTime:0.397s , currentRepackMaxTime:586.491s
iter3		 Improve solution by repack 0.6257067992475142->0.5977116366568127 , unplacedBoxesSize:3
currentRepackCostTime:0.41200000000000003s , currentRepackMaxTime:586.491s
iter43		 Improve solution by repack 0.5977116366568127->0.5920343993550121 , unplacedBoxesSize:3
currentRepackCostTime:0.65s , currentRepackMaxTime:586.491s
iter40		 Improve solution by repack 0.5920343993550121->0.5699324778285407 , unplacedBoxesSize:3
currentRepackCostTime:0.855s , currentRepackMaxTime:586.491s
iter74		 Improve solution by repack 0.5699324778285407->0.5612506718624026 , unplacedBoxesSize:4
currentRepackCostTime:1.283s , currentRepackMaxTime:586.491s
iter5		 Improve solution by repack 0.5612506718624026->0.5598498387530234 , unplacedBoxesSize:5
currentRepackCostTime:1.323s , currentRepackMaxTime:586.491s
iter4		 Improve solution by repack 0.5598498387530234->0.5504424213920989 , unplacedBoxesSize:5
currentRepackCostTime:1.35s , currentRepackMaxTime:586.491s
iter2		 Improve solution by repack 0.5504424213920989->0.5413769819940877 , unplacedBoxesSize:6
currentRepackCostTime:1.364s , currentRepackMaxTime:586.491s
iter11		 Improve solution by repack 0.5413769819940877->0.5340301666218759 , unplacedBoxesSize:6
currentRepackCostTime:1.432s , currentRepackMaxTime:586.491s
iter17		 Improve solution by repack 0.5340301666218759->0.5337946788497716 , unplacedBoxesSize:5
currentRepackCostTime:1.552s , currentRepackMaxTime:586.491s
iter8		 Improve solution by repack 0.5337946788497716->0.5034815909701693 , unplacedBoxesSize:2
currentRepackCostTime:1.617s , currentRepackMaxTime:586.491s
iter6		 Improve solution by repack 0.5034815909701693->0.49765788766460634 , unplacedBoxesSize:3
currentRepackCostTime:1.657s , currentRepackMaxTime:586.491s
iter11		 Improve solution by repack 0.49765788766460634->0.4759217952163397 , unplacedBoxesSize:2
currentRepackCostTime:1.725s , currentRepackMaxTime:586.491s
iter49		 Improve solution by repack 0.4759217952163397->0.47583277344799785 , unplacedBoxesSize:3
currentRepackCostTime:1.995s , currentRepackMaxTime:586.491s
iter16		 Improve solution by repack 0.47583277344799785->0.47186475409836065 , unplacedBoxesSize:5
currentRepackCostTime:2.093s , currentRepackMaxTime:586.491s
iter7		 Improve solution by repack 0.47186475409836065->0.46662422735823705 , unplacedBoxesSize:3
currentRepackCostTime:2.1430000000000002s , currentRepackMaxTime:586.491s
iter28		 Improve solution by repack 0.46662422735823705->0.4646959822628326 , unplacedBoxesSize:2
currentRepackCostTime:2.335s , currentRepackMaxTime:586.491s
iter3		 Improve solution by repack 0.4646959822628326->0.4605623488309594 , unplacedBoxesSize:2
currentRepackCostTime:2.35s , currentRepackMaxTime:586.491s
iter4		 Improve solution by repack 0.4605623488309594->0.4536199946251008 , unplacedBoxesSize:3
currentRepackCostTime:2.373s , currentRepackMaxTime:586.491s
iter1		 Improve solution by repack 0.4536199946251008->0.4377428782585327 , unplacedBoxesSize:5
currentRepackCostTime:2.3810000000000002s , currentRepackMaxTime:586.491s
iter1		 Improve solution by repack 0.4377428782585327->0.42454044611663533 , unplacedBoxesSize:4
currentRepackCostTime:2.388s , currentRepackMaxTime:586.491s
iter1		 Improve solution by repack 0.42454044611663533->0.4011031980650363 , unplacedBoxesSize:4
currentRepackCostTime:2.396s , currentRepackMaxTime:586.491s
iter1		 Improve solution by repack 0.4011031980650363->0.39870532115022844 , unplacedBoxesSize:5
currentRepackCostTime:2.4090000000000003s , currentRepackMaxTime:586.491s
iter8		 Improve solution by repack 0.39870532115022844->0.37696922870196187 , unplacedBoxesSize:4
currentRepackCostTime:2.486s , currentRepackMaxTime:586.491s
iter5		 Improve solution by repack 0.37696922870196187->0.37223058317656543 , unplacedBoxesSize:4
currentRepackCostTime:2.5180000000000002s , currentRepackMaxTime:586.491s
iter19		 Improve solution by repack 0.37223058317656543->0.3650550927170116 , unplacedBoxesSize:4
currentRepackCostTime:2.656s , currentRepackMaxTime:586.491s
iter5		 Improve solution by repack 0.3650550927170116->0.3612342112335393 , unplacedBoxesSize:3
currentRepackCostTime:2.691s , currentRepackMaxTime:586.491s
iter12		 Improve solution by repack 0.3612342112335393->0.3517407954850847 , unplacedBoxesSize:3
currentRepackCostTime:2.7680000000000002s , currentRepackMaxTime:586.491s
iter181		 Improve solution by repack 0.3517407954850847->0.3391581564095673 , unplacedBoxesSize:4
currentRepackCostTime:3.914s , currentRepackMaxTime:586.491s
iter33		 Improve solution by repack 0.3391581564095673->0.33247211771029295 , unplacedBoxesSize:4
currentRepackCostTime:4.15s , currentRepackMaxTime:586.491s
iter64		 Improve solution by repack 0.33247211771029295->0.329111461972588 , unplacedBoxesSize:3
currentRepackCostTime:4.6000000000000005s , currentRepackMaxTime:586.491s
iter16		 Improve solution by repack 0.329111461972588->0.3234980515990325 , unplacedBoxesSize:3
currentRepackCostTime:4.703s , currentRepackMaxTime:586.491s
iter6		 Improve solution by repack 0.3234980515990325->0.32197493953238376 , unplacedBoxesSize:4
currentRepackCostTime:4.739s , currentRepackMaxTime:586.491s
iter34		 Improve solution by repack 0.32197493953238376->0.31147944101048103 , unplacedBoxesSize:3
currentRepackCostTime:4.989s , currentRepackMaxTime:586.491s
iter23		 Improve solution by repack 0.31147944101048103->0.30904729911314166 , unplacedBoxesSize:3
currentRepackCostTime:5.172s , currentRepackMaxTime:586.491s
iter111		 Improve solution by repack 0.30904729911314166->0.29943966675624833 , unplacedBoxesSize:3
currentRepackCostTime:5.933s , currentRepackMaxTime:586.491s
iter256		 Improve solution by repack 0.29943966675624833->0.29733102660575117 , unplacedBoxesSize:4
currentRepackCostTime:7.596s , currentRepackMaxTime:586.491s
iter30		 Improve solution by repack 0.29733102660575117->0.2686532518140285 , unplacedBoxesSize:5
currentRepackCostTime:7.844s , currentRepackMaxTime:586.491s
iter20		 Improve solution by repack 0.2686532518140285->0.25994121203977427 , unplacedBoxesSize:4
currentRepackCostTime:8.014s , currentRepackMaxTime:586.491s
iter41		 Improve solution by repack 0.25994121203977427->0.2504477962913196 , unplacedBoxesSize:4
currentRepackCostTime:8.374s , currentRepackMaxTime:586.491s
iter20		 Improve solution by repack 0.2504477962913196->0.24942824509540448 , unplacedBoxesSize:2
currentRepackCostTime:8.528s , currentRepackMaxTime:586.491s
Selecting boards with low utilization for repacking...
iter5		 Improve solution by repack 0.9278829615694706->0.9258136253695244 , unplacedBoxesSize:5
currentRepackCostTime:14.631s , currentRepackMaxTime:586.491s
iter3		 Improve solution by repack 0.9258136253695244->0.9114602929320075 , unplacedBoxesSize:4
currentRepackCostTime:14.643s , currentRepackMaxTime:586.491s
iter5		 Improve solution by repack 0.9114602929320075->0.9104091642031712 , unplacedBoxesSize:4
currentRepackCostTime:14.67s , currentRepackMaxTime:586.491s
iter6		 Improve solution by repack 0.9104091642031712->0.2999099704380543 , unplacedBoxesSize:3
currentRepackCostTime:14.694s , currentRepackMaxTime:586.491s
iter1		 Improve solution by repack 0.2999099704380543->0.2967186240257995 , unplacedBoxesSize:3
currentRepackCostTime:14.701s , currentRepackMaxTime:586.491s
iter99		 Improve solution by repack 0.2967186240257995->0.2855798172534265 , unplacedBoxesSize:3
currentRepackCostTime:15.354000000000001s , currentRepackMaxTime:586.491s
iter12		 Improve solution by repack 0.2855798172534265->0.2775033593120129 , unplacedBoxesSize:3
currentRepackCostTime:15.458s , currentRepackMaxTime:586.491s
iter21		 Improve solution by repack 0.2775033593120129->0.2758851787153991 , unplacedBoxesSize:3
currentRepackCostTime:15.604000000000001s , currentRepackMaxTime:586.491s
iter3		 Improve solution by repack 0.2758851787153991->0.27345303681805966 , unplacedBoxesSize:3
currentRepackCostTime:15.625s , currentRepackMaxTime:586.491s
iter6		 Improve solution by repack 0.27345303681805966->0.2730495834453104 , unplacedBoxesSize:2
currentRepackCostTime:15.669s , currentRepackMaxTime:586.491s
iter23		 Improve solution by repack 0.2730495834453104->0.27292663262563827 , unplacedBoxesSize:2
currentRepackCostTime:15.813s , currentRepackMaxTime:586.491s
iter73		 Improve solution by repack 0.27292663262563827->0.2689277076054824 , unplacedBoxesSize:2
currentRepackCostTime:16.274s , currentRepackMaxTime:586.491s
iter118		 Improve solution by repack 0.2689277076054824->0.2566816715936576 , unplacedBoxesSize:2
currentRepackCostTime:16.977s , currentRepackMaxTime:586.491s
iter20		 Improve solution by repack 0.2566816715936576->0.2519430260682612 , unplacedBoxesSize:2
currentRepackCostTime:17.092s , currentRepackMaxTime:586.491s
iter35		 Improve solution by repack 0.2519430260682612->0.23922097554420854 , unplacedBoxesSize:3
currentRepackCostTime:17.29s , currentRepackMaxTime:586.491s
iter22		 Improve solution by repack 0.23922097554420854->0.22618650900295617 , unplacedBoxesSize:3
currentRepackCostTime:17.445s , currentRepackMaxTime:586.491s
iter13		 Improve solution by repack 0.22618650900295617->0.2257444235420586 , unplacedBoxesSize:2
currentRepackCostTime:17.541s , currentRepackMaxTime:586.491s
iter216		 Improve solution by repack 0.2257444235420586->0.22044074173609246 , unplacedBoxesSize:2
currentRepackCostTime:18.945s , currentRepackMaxTime:586.491s
iter17		 Improve solution by repack 0.22044074173609246->0.2172493953238377 , unplacedBoxesSize:2
currentRepackCostTime:19.071s , currentRepackMaxTime:586.491s
iter5		 Improve solution by repack 0.2172493953238377->0.2140580489115829 , unplacedBoxesSize:2
currentRepackCostTime:19.099s , currentRepackMaxTime:586.491s
iter7		 Improve solution by repack 0.2140580489115829->0.20445041655468962 , unplacedBoxesSize:2
currentRepackCostTime:19.143s , currentRepackMaxTime:586.491s
iter6		 Improve solution by repack 0.20445041655468962->0.19958142972319268 , unplacedBoxesSize:2
currentRepackCostTime:19.178s , currentRepackMaxTime:586.491s
iter1		 Improve solution by repack 0.19958142972319268->0.1948427841977963 , unplacedBoxesSize:2
currentRepackCostTime:19.188s , currentRepackMaxTime:586.491s
iter333		 Improve solution by repack 0.1948427841977963->0.18850376242945444 , unplacedBoxesSize:2
currentRepackCostTime:21.328s , currentRepackMaxTime:586.491s
iter118		 Improve solution by repack 0.18850376242945444->0.17625772641762968 , unplacedBoxesSize:2
currentRepackCostTime:22.113s , currentRepackMaxTime:586.491s
iter57		 Improve solution by repack 0.17625772641762968->0.16644719161515723 , unplacedBoxesSize:2
currentRepackCostTime:22.495s , currentRepackMaxTime:586.491s
iter53		 Improve solution by repack 0.16644719161515723->0.15853735554958345 , unplacedBoxesSize:2
currentRepackCostTime:22.875s , currentRepackMaxTime:586.491s
Selecting boards with low utilization for repacking...
iter4		 Improve solution by repack 0.9419258935769954->0.9307823837678043 , unplacedBoxesSize:6
currentRepackCostTime:29.539s , currentRepackMaxTime:586.491s
iter5		 Improve solution by repack 0.9307823837678043->0.9000356087073368 , unplacedBoxesSize:4
currentRepackCostTime:29.582s , currentRepackMaxTime:586.491s
iter49		 Improve solution by repack 0.9000356087073368->0.2256597688793335 , unplacedBoxesSize:3
currentRepackCostTime:29.848s , currentRepackMaxTime:586.491s
iter10		 Improve solution by repack 0.2256597688793335->0.20392367643106693 , unplacedBoxesSize:2
currentRepackCostTime:29.915s , currentRepackMaxTime:586.491s
iter30		 Improve solution by repack 0.20392367643106693->0.1992461703843053 , unplacedBoxesSize:3
currentRepackCostTime:30.095s , currentRepackMaxTime:586.491s
iter2		 Improve solution by repack 0.1992461703843053->0.18916554689599568 , unplacedBoxesSize:2
currentRepackCostTime:30.111s , currentRepackMaxTime:586.491s
Selecting boards with low utilization for repacking...
iter3		 Improve solution by repack 0.9521318194033862->0.9514989250201559 , unplacedBoxesSize:9
currentRepackCostTime:37.042s , currentRepackMaxTime:586.491s
iter1		 Improve solution by repack 0.9514989250201559->0.9485427304488041 , unplacedBoxesSize:9
currentRepackCostTime:37.049s , currentRepackMaxTime:586.491s
iter10		 Improve solution by repack 0.9485427304488041->0.2614814565976888 , unplacedBoxesSize:3
currentRepackCostTime:37.143s , currentRepackMaxTime:586.491s
iter139		 Improve solution by repack 0.2614814565976888->0.25051867777479175 , unplacedBoxesSize:3
currentRepackCostTime:38.277s , currentRepackMaxTime:586.491s
iter29		 Improve solution by repack 0.25051867777479175->0.24685098091910776 , unplacedBoxesSize:2
currentRepackCostTime:38.511s , currentRepackMaxTime:586.491s
iter1		 Improve solution by repack 0.24685098091910776->0.24668368718086536 , unplacedBoxesSize:2
currentRepackCostTime:38.515s , currentRepackMaxTime:586.491s
iter4		 Improve solution by repack 0.24668368718086536->0.2434923407686106 , unplacedBoxesSize:2
currentRepackCostTime:38.542s , currentRepackMaxTime:586.491s
iter10		 Improve solution by repack 0.2434923407686106->0.24106019887127114 , unplacedBoxesSize:2
currentRepackCostTime:38.608000000000004s , currentRepackMaxTime:586.491s
iter45		 Improve solution by repack 0.24106019887127114->0.23388470841171727 , unplacedBoxesSize:2
currentRepackCostTime:38.898s , currentRepackMaxTime:586.491s
iter6		 Improve solution by repack 0.23388470841171727->0.19958142972319268 , unplacedBoxesSize:2
currentRepackCostTime:38.936s , currentRepackMaxTime:586.491s
Selecting boards with low utilization for repacking...
iter5		 Improve solution by repack 0.9286569470572427->0.9276511690405805 , unplacedBoxesSize:6
currentRepackCostTime:44.837s , currentRepackMaxTime:586.491s
iter1		 Improve solution by repack 0.9276511690405805->0.9258949207202365 , unplacedBoxesSize:6
currentRepackCostTime:44.845s , currentRepackMaxTime:586.491s
iter3		 Improve solution by repack 0.9258949207202365->0.922104944907283 , unplacedBoxesSize:7
currentRepackCostTime:44.869s , currentRepackMaxTime:586.491s
iter12		 Improve solution by repack 0.922104944907283->0.27671728030099435 , unplacedBoxesSize:3
currentRepackCostTime:44.965s , currentRepackMaxTime:586.491s
iter128		 Improve solution by repack 0.27671728030099435->0.2680005374899221 , unplacedBoxesSize:2
currentRepackCostTime:45.824s , currentRepackMaxTime:586.491s
iter7		 Improve solution by repack 0.2680005374899221->0.25051867777479175 , unplacedBoxesSize:3
currentRepackCostTime:45.869s , currentRepackMaxTime:586.491s
iter37		 Improve solution by repack 0.25051867777479175->0.24214189733942487 , unplacedBoxesSize:2
currentRepackCostTime:46.113s , currentRepackMaxTime:586.491s
iter32		 Improve solution by repack 0.24214189733942487->0.2391319537758667 , unplacedBoxesSize:4
currentRepackCostTime:46.328s , currentRepackMaxTime:586.491s
iter4		 Improve solution by repack 0.2391319537758667->0.2360595270088686 , unplacedBoxesSize:3
currentRepackCostTime:46.362s , currentRepackMaxTime:586.491s
iter1		 Improve solution by repack 0.2360595270088686->0.22820747110991668 , unplacedBoxesSize:2
currentRepackCostTime:46.37s , currentRepackMaxTime:586.491s
iter100		 Improve solution by repack 0.22820747110991668->0.22232061273851114 , unplacedBoxesSize:1
currentRepackCostTime:47.008s , currentRepackMaxTime:586.491s
iter349		 Improve solution by repack 0.22232061273851114->0.2186488847084117 , unplacedBoxesSize:2
currentRepackCostTime:48.93s , currentRepackMaxTime:586.491s
iter126		 Improve solution by repack 0.2186488847084117->0.2140580489115829 , unplacedBoxesSize:2
currentRepackCostTime:49.738s , currentRepackMaxTime:586.491s
iter31		 Improve solution by repack 0.2140580489115829->0.20675692018274655 , unplacedBoxesSize:2
currentRepackCostTime:49.935s , currentRepackMaxTime:586.491s
iter24		 Improve solution by repack 0.20675692018274655->0.20201827465735017 , unplacedBoxesSize:2
currentRepackCostTime:50.08s , currentRepackMaxTime:586.491s
iter51		 Improve solution by repack 0.20201827465735017->0.1948427841977963 , unplacedBoxesSize:2
currentRepackCostTime:50.481s , currentRepackMaxTime:586.491s
Selecting boards with low utilization for repacking...
iter14		 Improve solution by repack 0.8836381349099705->0.1948427841977963 , unplacedBoxesSize:2
currentRepackCostTime:55.545s , currentRepackMaxTime:586.491s
Selecting boards with low utilization for repacking...
iter6		 Improve solution by repack 0.9510225745767268->0.9509016393442623 , unplacedBoxesSize:7
currentRepackCostTime:62.086s , currentRepackMaxTime:586.491s
iter51		 Improve solution by repack 0.9509016393442623->0.9477102929320075 , unplacedBoxesSize:7
currentRepackCostTime:62.447s , currentRepackMaxTime:586.491s
iter17		 Improve solution by repack 0.9477102929320075->0.942693496371943 , unplacedBoxesSize:7
currentRepackCostTime:62.582s , currentRepackMaxTime:586.491s
iter5		 Improve solution by repack 0.942693496371943->0.27702835259338887 , unplacedBoxesSize:3
currentRepackCostTime:62.606s , currentRepackMaxTime:586.491s
iter25		 Improve solution by repack 0.27702835259338887->0.27472319269013706 , unplacedBoxesSize:3
currentRepackCostTime:62.78s , currentRepackMaxTime:586.491s
iter2		 Improve solution by repack 0.27472319269013706->0.24425826390755173 , unplacedBoxesSize:3
currentRepackCostTime:62.791000000000004s , currentRepackMaxTime:586.491s
iter2		 Improve solution by repack 0.24425826390755173->0.24106019887127114 , unplacedBoxesSize:2
currentRepackCostTime:62.801s , currentRepackMaxTime:586.491s
iter56		 Improve solution by repack 0.24106019887127114->0.22252217145928513 , unplacedBoxesSize:2
currentRepackCostTime:63.156s , currentRepackMaxTime:586.491s
iter172		 Improve solution by repack 0.22252217145928513->0.21799314700349368 , unplacedBoxesSize:2
currentRepackCostTime:64.206s , currentRepackMaxTime:586.491s
iter4		 Improve solution by repack 0.21799314700349368->0.21482094866971246 , unplacedBoxesSize:5
currentRepackCostTime:64.236s , currentRepackMaxTime:586.491s
iter2		 Improve solution by repack 0.21482094866971246->0.19120935232464392 , unplacedBoxesSize:3
currentRepackCostTime:64.252s , currentRepackMaxTime:586.491s
iter3		 Improve solution by repack 0.19120935232464392->0.19038027411986028 , unplacedBoxesSize:3
currentRepackCostTime:64.274s , currentRepackMaxTime:586.491s
iter4		 Improve solution by repack 0.19038027411986028->0.18850376242945444 , unplacedBoxesSize:2
currentRepackCostTime:64.294s , currentRepackMaxTime:586.491s
iter182		 Improve solution by repack 0.18850376242945444->0.17562819134641225 , unplacedBoxesSize:1
currentRepackCostTime:65.527s , currentRepackMaxTime:586.491s
iter33		 Improve solution by repack 0.17562819134641225->0.16676766998118783 , unplacedBoxesSize:1
currentRepackCostTime:65.71300000000001s , currentRepackMaxTime:586.491s
Selecting boards with low utilization for repacking...
iter7		 Improve solution by repack 0.9514834721848966->0.9440540177371675 , unplacedBoxesSize:8
currentRepackCostTime:71.75s , currentRepackMaxTime:586.491s
iter1		 Improve solution by repack 0.9440540177371675->0.22399724536414942 , unplacedBoxesSize:2
currentRepackCostTime:71.755s , currentRepackMaxTime:586.491s
iter25		 Improve solution by repack 0.22399724536414942->0.19602391830153185 , unplacedBoxesSize:3
currentRepackCostTime:71.9s , currentRepackMaxTime:586.491s
iter9		 Improve solution by repack 0.19602391830153185->0.1834883095941951 , unplacedBoxesSize:2
currentRepackCostTime:71.97200000000001s , currentRepackMaxTime:586.491s
iter53		 Improve solution by repack 0.1834883095941951->0.18133969363074443 , unplacedBoxesSize:3
currentRepackCostTime:72.359s , currentRepackMaxTime:586.491s
iter36		 Improve solution by repack 0.18133969363074443->0.17465365493147006 , unplacedBoxesSize:3
currentRepackCostTime:72.643s , currentRepackMaxTime:586.491s
iter30		 Improve solution by repack 0.17465365493147006->0.16081664875033594 , unplacedBoxesSize:3
currentRepackCostTime:72.874s , currentRepackMaxTime:586.491s
iter1		 Improve solution by repack 0.16081664875033594->0.14949576726686375 , unplacedBoxesSize:3
currentRepackCostTime:72.881s , currentRepackMaxTime:586.491s
iter4		 Improve solution by repack 0.14949576726686375->0.1485121607094867 , unplacedBoxesSize:3
currentRepackCostTime:72.91s , currentRepackMaxTime:586.491s
iter3		 Improve solution by repack 0.1485121607094867->0.12775967481859715 , unplacedBoxesSize:2
currentRepackCostTime:72.932s , currentRepackMaxTime:586.491s
Selecting boards with low utilization for repacking...
iter1		 Improve solution by repack 0.9491474066111261->0.12775967481859715 , unplacedBoxesSize:2
currentRepackCostTime:79.641s , currentRepackMaxTime:586.491s
Selecting boards with low utilization for repacking...
iter1		 Improve solution by repack 0.9500490459553884->0.9321140150497178 , unplacedBoxesSize:8
currentRepackCostTime:87.01s , currentRepackMaxTime:586.491s
iter3		 Improve solution by repack 0.9321140150497178->0.17510346680999733 , unplacedBoxesSize:2
currentRepackCostTime:87.034s , currentRepackMaxTime:586.491s
iter488		 Improve solution by repack 0.17510346680999733->0.1623555495834453 , unplacedBoxesSize:2
currentRepackCostTime:90.355s , currentRepackMaxTime:586.491s
iter73		 Improve solution by repack 0.1623555495834453->0.15368818865896264 , unplacedBoxesSize:3
currentRepackCostTime:90.87s , currentRepackMaxTime:586.491s
iter2		 Improve solution by repack 0.15368818865896264->0.14949576726686375 , unplacedBoxesSize:3
currentRepackCostTime:90.881s , currentRepackMaxTime:586.491s
iter136		 Improve solution by repack 0.14949576726686375->0.14723696586938995 , unplacedBoxesSize:2
currentRepackCostTime:92.038s , currentRepackMaxTime:586.491s
iter34		 Improve solution by repack 0.14723696586938995->0.14480482397205052 , unplacedBoxesSize:2
currentRepackCostTime:92.276s , currentRepackMaxTime:586.491s
iter265		 Improve solution by repack 0.14480482397205052->0.14236797903789303 , unplacedBoxesSize:2
currentRepackCostTime:94.061s , currentRepackMaxTime:586.491s
iter305		 Improve solution by repack 0.14236797903789303->0.13762933351249665 , unplacedBoxesSize:2
currentRepackCostTime:96.232s , currentRepackMaxTime:586.491s
Selecting boards with low utilization for repacking...
iter2		 Improve solution by repack 0.9402196990056437->0.939332840634238 , unplacedBoxesSize:5
currentRepackCostTime:102.785s , currentRepackMaxTime:586.491s
iter2		 Improve solution by repack 0.939332840634238->0.9332215802203709 , unplacedBoxesSize:5
currentRepackCostTime:102.803s , currentRepackMaxTime:586.491s
iter1		 Improve solution by repack 0.9332215802203709->0.9322755979575383 , unplacedBoxesSize:5
currentRepackCostTime:102.808s , currentRepackMaxTime:586.491s
iter1		 Improve solution by repack 0.9322755979575383->0.9316413598495028 , unplacedBoxesSize:7
currentRepackCostTime:102.816s , currentRepackMaxTime:586.491s
iter8		 Improve solution by repack 0.9316413598495028->0.25287288363343186 , unplacedBoxesSize:3
currentRepackCostTime:102.86200000000001s , currentRepackMaxTime:586.491s
iter173		 Improve solution by repack 0.25287288363343186->0.24164707067992475 , unplacedBoxesSize:3
currentRepackCostTime:104.071s , currentRepackMaxTime:586.491s
iter6		 Improve solution by repack 0.24164707067992475->0.24143509809191077 , unplacedBoxesSize:3
currentRepackCostTime:104.11200000000001s , currentRepackMaxTime:586.491s
iter1		 Improve solution by repack 0.24143509809191077->0.2272651840902983 , unplacedBoxesSize:4
currentRepackCostTime:104.124s , currentRepackMaxTime:586.491s
iter12		 Improve solution by repack 0.2272651840902983->0.22588853802741196 , unplacedBoxesSize:3
currentRepackCostTime:104.232s , currentRepackMaxTime:586.491s
iter13		 Improve solution by repack 0.22588853802741196->0.22158660306369257 , unplacedBoxesSize:3
currentRepackCostTime:104.33s , currentRepackMaxTime:586.491s
iter1		 Improve solution by repack 0.22158660306369257->0.21042024993281377 , unplacedBoxesSize:3
currentRepackCostTime:104.334s , currentRepackMaxTime:586.491s
Selecting boards with low utilization for repacking...
iter1		 Improve solution by repack 0.9167757323300189->0.21042024993281377 , unplacedBoxesSize:3
currentRepackCostTime:111.229s , currentRepackMaxTime:586.491s
iter38		 Improve solution by repack 0.21042024993281377->0.20655670518677777 , unplacedBoxesSize:3
currentRepackCostTime:111.506s , currentRepackMaxTime:586.491s
iter1		 Improve solution by repack 0.20655670518677777->0.20518005912389142 , unplacedBoxesSize:2
currentRepackCostTime:111.51s , currentRepackMaxTime:586.491s
iter26		 Improve solution by repack 0.20518005912389142->0.19057175490459552 , unplacedBoxesSize:2
currentRepackCostTime:111.69200000000001s , currentRepackMaxTime:586.491s
iter71		 Improve solution by repack 0.19057175490459552->0.17942589357699543 , unplacedBoxesSize:4
currentRepackCostTime:112.182s , currentRepackMaxTime:586.491s
iter2		 Improve solution by repack 0.17942589357699543->0.17123185971513033 , unplacedBoxesSize:4
currentRepackCostTime:112.199s , currentRepackMaxTime:586.491s
iter14		 Improve solution by repack 0.17123185971513033->0.17021230851921526 , unplacedBoxesSize:2
currentRepackCostTime:112.32000000000001s , currentRepackMaxTime:586.491s
iter344		 Improve solution by repack 0.17021230851921526->0.14949576726686375 , unplacedBoxesSize:3
currentRepackCostTime:114.68s , currentRepackMaxTime:586.491s
iter90		 Improve solution by repack 0.14949576726686375->0.14627082773447997 , unplacedBoxesSize:3
currentRepackCostTime:115.424s , currentRepackMaxTime:586.491s
iter2		 Improve solution by repack 0.14627082773447997->0.12775967481859715 , unplacedBoxesSize:2
currentRepackCostTime:115.437s , currentRepackMaxTime:586.491s
Selecting boards with low utilization for repacking...
iter2		 Improve solution by repack 0.943556503628057->0.942584654662725 , unplacedBoxesSize:7
currentRepackCostTime:122.336s , currentRepackMaxTime:586.491s
iter16		 Improve solution by repack 0.942584654662725->0.21042024993281377 , unplacedBoxesSize:3
currentRepackCostTime:122.453s , currentRepackMaxTime:586.491s
iter179		 Improve solution by repack 0.21042024993281377->0.2008344531040043 , unplacedBoxesSize:3
currentRepackCostTime:123.739s , currentRepackMaxTime:586.491s
iter1		 Improve solution by repack 0.2008344531040043->0.18008196721311476 , unplacedBoxesSize:2
currentRepackCostTime:123.74300000000001s , currentRepackMaxTime:586.491s
iter167		 Improve solution by repack 0.18008196721311476->0.17562819134641225 , unplacedBoxesSize:1
currentRepackCostTime:124.84100000000001s , currentRepackMaxTime:586.491s
iter185		 Improve solution by repack 0.17562819134641225->0.16676766998118783 , unplacedBoxesSize:1
currentRepackCostTime:125.87s , currentRepackMaxTime:586.491s
Selecting boards with low utilization for repacking...
iter7		 Improve solution by repack 0.9562194302606826->0.9177828540714862 , unplacedBoxesSize:5
currentRepackCostTime:129.184s , currentRepackMaxTime:586.491s
iter7		 Improve solution by repack 0.9177828540714862->0.9155885514646601 , unplacedBoxesSize:4
currentRepackCostTime:129.233s , currentRepackMaxTime:586.491s
iter4		 Improve solution by repack 0.9155885514646601->0.906701827465735 , unplacedBoxesSize:6
currentRepackCostTime:129.254s , currentRepackMaxTime:586.491s
iter8		 Improve solution by repack 0.906701827465735->0.8860743079817253 , unplacedBoxesSize:6
currentRepackCostTime:129.30700000000002s , currentRepackMaxTime:586.491s
iter4		 Improve solution by repack 0.8860743079817253->0.8691830153184628 , unplacedBoxesSize:3
currentRepackCostTime:129.338s , currentRepackMaxTime:586.491s
iter1		 Improve solution by repack 0.8691830153184628->0.24942824509540448 , unplacedBoxesSize:2
currentRepackCostTime:129.339s , currentRepackMaxTime:586.491s
iter116		 Improve solution by repack 0.24942824509540448->0.2484110454178984 , unplacedBoxesSize:2
currentRepackCostTime:130.067s , currentRepackMaxTime:586.491s
iter14		 Improve solution by repack 0.2484110454178984->0.17626108572964258 , unplacedBoxesSize:1
currentRepackCostTime:130.15200000000002s , currentRepackMaxTime:586.491s
iter12		 Improve solution by repack 0.17626108572964258->0.16973730180059124 , unplacedBoxesSize:2
currentRepackCostTime:130.213s , currentRepackMaxTime:586.491s
iter13		 Improve solution by repack 0.16973730180059124->0.1623555495834453 , unplacedBoxesSize:2
currentRepackCostTime:130.32s , currentRepackMaxTime:586.491s
iter174		 Improve solution by repack 0.1623555495834453->0.15877452297769418 , unplacedBoxesSize:2
currentRepackCostTime:131.472s , currentRepackMaxTime:586.491s
iter79		 Improve solution by repack 0.15877452297769418->0.15618180596613815 , unplacedBoxesSize:3
currentRepackCostTime:132.001s , currentRepackMaxTime:586.491s
iter62		 Improve solution by repack 0.15618180596613815->0.13444571351787155 , unplacedBoxesSize:2
currentRepackCostTime:132.458s , currentRepackMaxTime:586.491s
iter88		 Improve solution by repack 0.13444571351787155->0.12775967481859715 , unplacedBoxesSize:2
currentRepackCostTime:133.05100000000002s , currentRepackMaxTime:586.491s
Selecting boards with low utilization for repacking...
iter3		 Improve solution by repack 0.9545357430798173->0.9434392636388068 , unplacedBoxesSize:6
currentRepackCostTime:140.052s , currentRepackMaxTime:586.491s
iter3		 Improve solution by repack 0.9434392636388068->0.936172399892502 , unplacedBoxesSize:6
currentRepackCostTime:140.07s , currentRepackMaxTime:586.491s
iter20		 Improve solution by repack 0.936172399892502->0.20256349099704382 , unplacedBoxesSize:3
currentRepackCostTime:140.206s , currentRepackMaxTime:586.491s
iter240		 Improve solution by repack 0.20256349099704382->0.19898246439129266 , unplacedBoxesSize:3
currentRepackCostTime:142.07500000000002s , currentRepackMaxTime:586.491s
iter9		 Improve solution by repack 0.19898246439129266->0.1890415882827197 , unplacedBoxesSize:3
currentRepackCostTime:142.157s , currentRepackMaxTime:586.491s
iter11		 Improve solution by repack 0.1890415882827197->0.16087913195377587 , unplacedBoxesSize:3
currentRepackCostTime:142.244s , currentRepackMaxTime:586.491s
iter20		 Improve solution by repack 0.16087913195377587->0.15614048642837947 , unplacedBoxesSize:3
currentRepackCostTime:142.423s , currentRepackMaxTime:586.491s
iter1		 Improve solution by repack 0.15614048642837947->0.13762933351249665 , unplacedBoxesSize:2
currentRepackCostTime:142.427s , currentRepackMaxTime:586.491s
iter4		 Improve solution by repack 0.13762933351249665->0.12775967481859715 , unplacedBoxesSize:2
currentRepackCostTime:142.456s , currentRepackMaxTime:586.491s
Selecting boards with low utilization for repacking...
iter1		 Improve solution by repack 0.9248024724536416->0.9153315640956732 , unplacedBoxesSize:6
currentRepackCostTime:148.085s , currentRepackMaxTime:586.491s
iter1		 Improve solution by repack 0.9153315640956732->0.9138383499059393 , unplacedBoxesSize:7
currentRepackCostTime:148.092s , currentRepackMaxTime:586.491s
iter14		 Improve solution by repack 0.9138383499059393->0.9088128191346413 , unplacedBoxesSize:7
currentRepackCostTime:148.219s , currentRepackMaxTime:586.491s
iter33		 Improve solution by repack 0.9088128191346413->0.9057807041117979 , unplacedBoxesSize:6
currentRepackCostTime:148.461s , currentRepackMaxTime:586.491s
iter18		 Improve solution by repack 0.9057807041117979->0.9045713517871541 , unplacedBoxesSize:3
currentRepackCostTime:148.578s , currentRepackMaxTime:586.491s
iter44		 Improve solution by repack 0.9045713517871541->0.2251810669174953 , unplacedBoxesSize:3
currentRepackCostTime:148.79s , currentRepackMaxTime:586.491s
iter72		 Improve solution by repack 0.2251810669174953->0.21607733136253696 , unplacedBoxesSize:3
currentRepackCostTime:149.333s , currentRepackMaxTime:586.491s
iter27		 Improve solution by repack 0.21607733136253696->0.21130710830421928 , unplacedBoxesSize:2
currentRepackCostTime:149.526s , currentRepackMaxTime:586.491s
Selecting boards with low utilization for repacking...
iter29		 Improve solution by repack 0.8792999193765116->0.21130710830421928 , unplacedBoxesSize:2
currentRepackCostTime:155.678s , currentRepackMaxTime:586.491s
Selecting boards with low utilization for repacking...
iter7		 Improve solution by repack 0.8976874496103198->0.21130710830421928 , unplacedBoxesSize:2
currentRepackCostTime:162.471s , currentRepackMaxTime:586.491s
Selecting boards with low utilization for repacking...
iter6		 Improve solution by repack 0.924271365224402->0.8792999193765116 , unplacedBoxesSize:3
currentRepackCostTime:168.839s , currentRepackMaxTime:586.491s
iter6		 Improve solution by repack 0.8792999193765116->0.21130710830421928 , unplacedBoxesSize:2
currentRepackCostTime:168.865s , currentRepackMaxTime:586.491s
Selecting boards with low utilization for repacking...
iter1		 Improve solution by repack 0.9598152378392905->0.934310669174953 , unplacedBoxesSize:7
currentRepackCostTime:175.189s , currentRepackMaxTime:586.491s
iter1		 Improve solution by repack 0.934310669174953->0.9269201827465735 , unplacedBoxesSize:7
currentRepackCostTime:175.195s , currentRepackMaxTime:586.491s
iter1		 Improve solution by repack 0.9269201827465735->0.34497850040311745 , unplacedBoxesSize:3
currentRepackCostTime:175.199s , currentRepackMaxTime:586.491s
iter12		 Improve solution by repack 0.34497850040311745->0.342546358505778 , unplacedBoxesSize:3
currentRepackCostTime:175.272s , currentRepackMaxTime:586.491s
iter15		 Improve solution by repack 0.342546358505778->0.33967213114754097 , unplacedBoxesSize:3
currentRepackCostTime:175.37s , currentRepackMaxTime:586.491s
iter10		 Improve solution by repack 0.33967213114754097->0.3385595270088686 , unplacedBoxesSize:3
currentRepackCostTime:175.43200000000002s , currentRepackMaxTime:586.491s
iter15		 Improve solution by repack 0.3385595270088686->0.32962510077936036 , unplacedBoxesSize:3
currentRepackCostTime:175.525s , currentRepackMaxTime:586.491s
iter19		 Improve solution by repack 0.32962510077936036->0.3119047299113142 , unplacedBoxesSize:3
currentRepackCostTime:175.648s , currentRepackMaxTime:586.491s
iter13		 Improve solution by repack 0.3119047299113142->0.3035689330825047 , unplacedBoxesSize:2
currentRepackCostTime:175.737s , currentRepackMaxTime:586.491s
iter7		 Improve solution by repack 0.3035689330825047->0.2955327868852459 , unplacedBoxesSize:3
currentRepackCostTime:175.786s , currentRepackMaxTime:586.491s
iter21		 Improve solution by repack 0.2955327868852459->0.2954991937651169 , unplacedBoxesSize:3
currentRepackCostTime:175.92600000000002s , currentRepackMaxTime:586.491s
iter1		 Improve solution by repack 0.2954991937651169->0.29519349637194303 , unplacedBoxesSize:3
currentRepackCostTime:175.936s , currentRepackMaxTime:586.491s
iter6		 Improve solution by repack 0.29519349637194303->0.29200214995968826 , unplacedBoxesSize:3
currentRepackCostTime:175.97s , currentRepackMaxTime:586.491s
iter1		 Improve solution by repack 0.29200214995968826->0.2728305563020693 , unplacedBoxesSize:3
currentRepackCostTime:175.979s , currentRepackMaxTime:586.491s
iter9		 Improve solution by repack 0.2728305563020693->0.27063155065842515 , unplacedBoxesSize:3
currentRepackCostTime:176.052s , currentRepackMaxTime:586.491s
iter3		 Improve solution by repack 0.27063155065842515->0.25212039774254236 , unplacedBoxesSize:2
currentRepackCostTime:176.074s , currentRepackMaxTime:586.491s
iter12		 Improve solution by repack 0.25212039774254236->0.25167058586401503 , unplacedBoxesSize:3
currentRepackCostTime:176.147s , currentRepackMaxTime:586.491s
iter260		 Improve solution by repack 0.25167058586401503->0.2409281779091642 , unplacedBoxesSize:3
currentRepackCostTime:177.913s , currentRepackMaxTime:586.491s
iter7		 Improve solution by repack 0.2409281779091642->0.2367760682612201 , unplacedBoxesSize:3
currentRepackCostTime:177.967s , currentRepackMaxTime:586.491s
iter3		 Improve solution by repack 0.2367760682612201->0.23641326256382694 , unplacedBoxesSize:3
currentRepackCostTime:177.989s , currentRepackMaxTime:586.491s
iter3		 Improve solution by repack 0.23641326256382694->0.23055462241332975 , unplacedBoxesSize:3
currentRepackCostTime:178.00900000000001s , currentRepackMaxTime:586.491s
iter1		 Improve solution by repack 0.23055462241332975->0.21146264445041657 , unplacedBoxesSize:2
currentRepackCostTime:178.01500000000001s , currentRepackMaxTime:586.491s
iter255		 Improve solution by repack 0.21146264445041657->0.20477660575114218 , unplacedBoxesSize:2
currentRepackCostTime:179.639s , currentRepackMaxTime:586.491s
Selecting boards with low utilization for repacking...
iter13		 Improve solution by repack 0.9614277076054824->0.9601027949475948 , unplacedBoxesSize:11
currentRepackCostTime:186.049s , currentRepackMaxTime:586.491s
iter4		 Improve solution by repack 0.9601027949475948->0.24263941144853535 , unplacedBoxesSize:3
currentRepackCostTime:186.086s , currentRepackMaxTime:586.491s
iter94		 Improve solution by repack 0.24263941144853535->0.23422265520021499 , unplacedBoxesSize:2
currentRepackCostTime:186.814s , currentRepackMaxTime:586.491s
iter78		 Improve solution by repack 0.23422265520021499->0.23388470841171727 , unplacedBoxesSize:2
currentRepackCostTime:187.3s , currentRepackMaxTime:586.491s
iter12		 Improve solution by repack 0.23388470841171727->0.2287671324912658 , unplacedBoxesSize:2
currentRepackCostTime:187.379s , currentRepackMaxTime:586.491s
iter8		 Improve solution by repack 0.2287671324912658->0.21915950013437246 , unplacedBoxesSize:2
currentRepackCostTime:187.43s , currentRepackMaxTime:586.491s
iter10		 Improve solution by repack 0.21915950013437246->0.21295753829615693 , unplacedBoxesSize:3
currentRepackCostTime:187.488s , currentRepackMaxTime:586.491s
iter4		 Improve solution by repack 0.21295753829615693->0.21126511690405803 , unplacedBoxesSize:3
currentRepackCostTime:187.516s , currentRepackMaxTime:586.491s
iter15		 Improve solution by repack 0.21126511690405803->0.21035004031174415 , unplacedBoxesSize:2
currentRepackCostTime:187.61s , currentRepackMaxTime:586.491s
iter63		 Improve solution by repack 0.21035004031174415->0.20477660575114218 , unplacedBoxesSize:2
currentRepackCostTime:188.034s , currentRepackMaxTime:586.491s
iter422		 Improve solution by repack 0.20477660575114218->0.20177136522440203 , unplacedBoxesSize:2
currentRepackCostTime:190.70000000000002s , currentRepackMaxTime:586.491s
iter4		 Improve solution by repack 0.20177136522440203->0.20157383767804354 , unplacedBoxesSize:3
currentRepackCostTime:190.729s , currentRepackMaxTime:586.491s
iter9		 Improve solution by repack 0.20157383767804354->0.20141561408223596 , unplacedBoxesSize:2
currentRepackCostTime:190.798s , currentRepackMaxTime:586.491s
iter5		 Improve solution by repack 0.20141561408223596->0.19778923676431065 , unplacedBoxesSize:3
currentRepackCostTime:190.827s , currentRepackMaxTime:586.491s
iter67		 Improve solution by repack 0.19778923676431065->0.19110319806503628 , unplacedBoxesSize:3
currentRepackCostTime:191.305s , currentRepackMaxTime:586.491s
iter76		 Improve solution by repack 0.19110319806503628->0.1891816715936576 , unplacedBoxesSize:3
currentRepackCostTime:191.889s , currentRepackMaxTime:586.491s
iter15		 Improve solution by repack 0.1891816715936576->0.18850376242945444 , unplacedBoxesSize:2
currentRepackCostTime:191.999s , currentRepackMaxTime:586.491s
iter55		 Improve solution by repack 0.18850376242945444->0.18630475678581027 , unplacedBoxesSize:2
currentRepackCostTime:192.352s , currentRepackMaxTime:586.491s
Selecting boards with low utilization for repacking...
iter4		 Improve solution by repack 0.9537053211502284->0.9455603332437517 , unplacedBoxesSize:6
currentRepackCostTime:197.183s , currentRepackMaxTime:586.491s
iter2		 Improve solution by repack 0.9455603332437517->0.9437153990862671 , unplacedBoxesSize:7
currentRepackCostTime:197.197s , currentRepackMaxTime:586.491s
iter6		 Improve solution by repack 0.9437153990862671->0.9321156947057243 , unplacedBoxesSize:5
currentRepackCostTime:197.247s , currentRepackMaxTime:586.491s
iter4		 Improve solution by repack 0.9321156947057243->0.931482800322494 , unplacedBoxesSize:5
currentRepackCostTime:197.266s , currentRepackMaxTime:586.491s
iter7		 Improve solution by repack 0.931482800322494->0.2582343456060199 , unplacedBoxesSize:2
currentRepackCostTime:197.31300000000002s , currentRepackMaxTime:586.491s
iter52		 Improve solution by repack 0.2582343456060199->0.2563128191346412 , unplacedBoxesSize:2
currentRepackCostTime:197.62800000000001s , currentRepackMaxTime:586.491s
iter200		 Improve solution by repack 0.2563128191346412->0.24566715936576192 , unplacedBoxesSize:3
currentRepackCostTime:198.841s , currentRepackMaxTime:586.491s
iter2		 Improve solution by repack 0.24566715936576192->0.24323501746842247 , unplacedBoxesSize:3
currentRepackCostTime:198.854s , currentRepackMaxTime:586.491s
iter6		 Improve solution by repack 0.24323501746842247->0.23415143778554154 , unplacedBoxesSize:3
currentRepackCostTime:198.90800000000002s , currentRepackMaxTime:586.491s
iter1		 Improve solution by repack 0.23415143778554154->0.23171459285138404 , unplacedBoxesSize:3
currentRepackCostTime:198.915s , currentRepackMaxTime:586.491s
iter23		 Improve solution by repack 0.23171459285138404->0.21653419779629132 , unplacedBoxesSize:3
currentRepackCostTime:199.084s , currentRepackMaxTime:586.491s
iter12		 Improve solution by repack 0.21653419779629132->0.21461267132491268 , unplacedBoxesSize:3
currentRepackCostTime:199.172s , currentRepackMaxTime:586.491s
iter21		 Improve solution by repack 0.21461267132491268->0.21095068529965064 , unplacedBoxesSize:3
currentRepackCostTime:199.339s , currentRepackMaxTime:586.491s
iter13		 Improve solution by repack 0.21095068529965064->0.20608169846815372 , unplacedBoxesSize:3
currentRepackCostTime:199.425s , currentRepackMaxTime:586.491s
iter1		 Improve solution by repack 0.20608169846815372->0.20445041655468962 , unplacedBoxesSize:2
currentRepackCostTime:199.433s , currentRepackMaxTime:586.491s
iter158		 Improve solution by repack 0.20445041655468962->0.20432007524858908 , unplacedBoxesSize:2
currentRepackCostTime:200.39600000000002s , currentRepackMaxTime:586.491s
iter152		 Improve solution by repack 0.20432007524858908->0.1939041924213921 , unplacedBoxesSize:2
currentRepackCostTime:201.37s , currentRepackMaxTime:586.491s
iter96		 Improve solution by repack 0.1939041924213921->0.18482061273851114 , unplacedBoxesSize:2
currentRepackCostTime:201.959s , currentRepackMaxTime:586.491s
iter52		 Improve solution by repack 0.18482061273851114->0.18434560601988711 , unplacedBoxesSize:2
currentRepackCostTime:202.25900000000001s , currentRepackMaxTime:586.491s
iter181		 Improve solution by repack 0.18434560601988711->0.1705032249395324 , unplacedBoxesSize:2
currentRepackCostTime:203.471s , currentRepackMaxTime:586.491s
iter15		 Improve solution by repack 0.1705032249395324->0.16606355818328408 , unplacedBoxesSize:2
currentRepackCostTime:203.579s , currentRepackMaxTime:586.491s
iter9		 Improve solution by repack 0.16606355818328408->0.16456866433754366 , unplacedBoxesSize:1
currentRepackCostTime:203.632s , currentRepackMaxTime:586.491s
iter296		 Improve solution by repack 0.16456866433754366->0.16437113679118517 , unplacedBoxesSize:2
currentRepackCostTime:205.269s , currentRepackMaxTime:586.491s
iter329		 Improve solution by repack 0.16437113679118517->0.15938961300725613 , unplacedBoxesSize:2
currentRepackCostTime:207.338s , currentRepackMaxTime:586.491s
iter80		 Improve solution by repack 0.15938961300725613->0.15465096748185972 , unplacedBoxesSize:2
currentRepackCostTime:207.875s , currentRepackMaxTime:586.491s
iter301		 Improve solution by repack 0.15465096748185972->0.14431537221177104 , unplacedBoxesSize:2
currentRepackCostTime:209.901s , currentRepackMaxTime:586.491s
iter271		 Improve solution by repack 0.14431537221177104->0.13762933351249665 , unplacedBoxesSize:2
currentRepackCostTime:211.683s , currentRepackMaxTime:586.491s
Selecting boards with low utilization for repacking...
iter1		 Improve solution by repack 0.9546036011824778->0.9421173743617307 , unplacedBoxesSize:8
currentRepackCostTime:218.439s , currentRepackMaxTime:586.491s
iter3		 Improve solution by repack 0.9421173743617307->0.13762933351249665 , unplacedBoxesSize:2
currentRepackCostTime:218.466s , currentRepackMaxTime:586.491s
Selecting boards with low utilization for repacking...
iter1		 Improve solution by repack 0.9530055764579414->0.9489427707605482 , unplacedBoxesSize:6
currentRepackCostTime:225.106s , currentRepackMaxTime:586.491s
iter1		 Improve solution by repack 0.9489427707605482->0.9348629400698737 , unplacedBoxesSize:7
currentRepackCostTime:225.113s , currentRepackMaxTime:586.491s
iter6		 Improve solution by repack 0.9348629400698737->0.9340644316044074 , unplacedBoxesSize:6
currentRepackCostTime:225.163s , currentRepackMaxTime:586.491s
iter7		 Improve solution by repack 0.9340644316044074->0.21687919914001613 , unplacedBoxesSize:3
currentRepackCostTime:225.20600000000002s , currentRepackMaxTime:586.491s
iter63		 Improve solution by repack 0.21687919914001613->0.21542898414404732 , unplacedBoxesSize:3
currentRepackCostTime:225.665s , currentRepackMaxTime:586.491s
iter1		 Improve solution by repack 0.21542898414404732->0.2112671324912658 , unplacedBoxesSize:2
currentRepackCostTime:225.67000000000002s , currentRepackMaxTime:586.491s
iter18		 Improve solution by repack 0.2112671324912658->0.20768610588551464 , unplacedBoxesSize:2
currentRepackCostTime:225.792s , currentRepackMaxTime:586.491s
iter1		 Improve solution by repack 0.20768610588551464->0.19958142972319268 , unplacedBoxesSize:2
currentRepackCostTime:225.799s , currentRepackMaxTime:586.491s
iter74		 Improve solution by repack 0.19958142972319268->0.19701357162053212 , unplacedBoxesSize:2
currentRepackCostTime:226.287s , currentRepackMaxTime:586.491s
iter3		 Improve solution by repack 0.19701357162053212->0.17626108572964258 , unplacedBoxesSize:1
currentRepackCostTime:226.30100000000002s , currentRepackMaxTime:586.491s
iter23		 Improve solution by repack 0.17626108572964258->0.16456866433754366 , unplacedBoxesSize:1
currentRepackCostTime:226.42600000000002s , currentRepackMaxTime:586.491s
Selecting boards with low utilization for repacking...
iter1		 Improve solution by repack 0.9603104004299919->0.9474657350174684 , unplacedBoxesSize:9
currentRepackCostTime:231.577s , currentRepackMaxTime:586.491s
iter15		 Improve solution by repack 0.9474657350174684->0.2786784466541252 , unplacedBoxesSize:4
currentRepackCostTime:231.678s , currentRepackMaxTime:586.491s
iter8		 Improve solution by repack 0.2786784466541252->0.2699267669981188 , unplacedBoxesSize:2
currentRepackCostTime:231.733s , currentRepackMaxTime:586.491s
iter33		 Improve solution by repack 0.2699267669981188->0.26929387261488846 , unplacedBoxesSize:2
currentRepackCostTime:231.917s , currentRepackMaxTime:586.491s
iter119		 Improve solution by repack 0.26929387261488846->0.264764848159097 , unplacedBoxesSize:2
currentRepackCostTime:232.6s , currentRepackMaxTime:586.491s
iter168		 Improve solution by repack 0.264764848159097->0.20069470572426765 , unplacedBoxesSize:2
currentRepackCostTime:233.632s , currentRepackMaxTime:586.491s
iter341		 Improve solution by repack 0.20069470572426765->0.19582571889277076 , unplacedBoxesSize:2
currentRepackCostTime:235.739s , currentRepackMaxTime:586.491s
iter7		 Improve solution by repack 0.19582571889277076->0.19108707336737438 , unplacedBoxesSize:2
currentRepackCostTime:235.776s , currentRepackMaxTime:586.491s
iter100		 Improve solution by repack 0.19108707336737438->0.18723327062617576 , unplacedBoxesSize:3
currentRepackCostTime:236.412s , currentRepackMaxTime:586.491s
iter20		 Improve solution by repack 0.18723327062617576->0.1777623622682075 , unplacedBoxesSize:3
currentRepackCostTime:236.56900000000002s , currentRepackMaxTime:586.491s
iter32		 Improve solution by repack 0.1777623622682075->0.17263134909970437 , unplacedBoxesSize:3
currentRepackCostTime:236.815s , currentRepackMaxTime:586.491s
iter11		 Improve solution by repack 0.17263134909970437->0.16807108304219295 , unplacedBoxesSize:3
currentRepackCostTime:236.891s , currentRepackMaxTime:586.491s
iter17		 Improve solution by repack 0.16807108304219295->0.16581564095673204 , unplacedBoxesSize:2
currentRepackCostTime:237.014s , currentRepackMaxTime:586.491s
Selecting boards with low utilization for repacking...
iter10		 Improve solution by repack 0.9506423004568665->0.9423548777210426 , unplacedBoxesSize:11
currentRepackCostTime:242.381s , currentRepackMaxTime:586.491s
iter4		 Improve solution by repack 0.9423548777210426->0.9328675087342112 , unplacedBoxesSize:11
currentRepackCostTime:242.419s , currentRepackMaxTime:586.491s
iter2		 Improve solution by repack 0.9328675087342112->0.9306799247514109 , unplacedBoxesSize:8
currentRepackCostTime:242.434s , currentRepackMaxTime:586.491s
iter1		 Improve solution by repack 0.9306799247514109->0.9222692152647138 , unplacedBoxesSize:7
currentRepackCostTime:242.439s , currentRepackMaxTime:586.491s
iter3		 Improve solution by repack 0.9222692152647138->0.2325917092179522 , unplacedBoxesSize:3
currentRepackCostTime:242.457s , currentRepackMaxTime:586.491s
iter12		 Improve solution by repack 0.2325917092179522->0.22811139478634776 , unplacedBoxesSize:3
currentRepackCostTime:242.53300000000002s , currentRepackMaxTime:586.491s
iter14		 Improve solution by repack 0.22811139478634776->0.2232202364955657 , unplacedBoxesSize:3
currentRepackCostTime:242.62900000000002s , currentRepackMaxTime:586.491s
iter130		 Improve solution by repack 0.2232202364955657->0.2229998656275195 , unplacedBoxesSize:3
currentRepackCostTime:243.519s , currentRepackMaxTime:586.491s
iter42		 Improve solution by repack 0.2229998656275195->0.21946183821553344 , unplacedBoxesSize:2
currentRepackCostTime:243.823s , currentRepackMaxTime:586.491s
iter23		 Improve solution by repack 0.21946183821553344->0.21912389142703573 , unplacedBoxesSize:2
currentRepackCostTime:243.96200000000002s , currentRepackMaxTime:586.491s
iter3		 Improve solution by repack 0.21912389142703573->0.20439868314969092 , unplacedBoxesSize:2
currentRepackCostTime:243.971s , currentRepackMaxTime:586.491s
Selecting boards with low utilization for repacking...
iter1		 Improve solution by repack 0.962905186777748->0.9603460091373287 , unplacedBoxesSize:6
currentRepackCostTime:249.579s , currentRepackMaxTime:586.491s
iter5		 Improve solution by repack 0.9603460091373287->0.2589216608438592 , unplacedBoxesSize:2
currentRepackCostTime:249.607s , currentRepackMaxTime:586.491s
iter26		 Improve solution by repack 0.2589216608438592->0.25820142434829346 , unplacedBoxesSize:2
currentRepackCostTime:249.763s , currentRepackMaxTime:586.491s
iter8		 Improve solution by repack 0.25820142434829346->0.2416013840365493 , unplacedBoxesSize:3
currentRepackCostTime:249.816s , currentRepackMaxTime:586.491s
iter87		 Improve solution by repack 0.2416013840365493->0.2353688524590164 , unplacedBoxesSize:3
currentRepackCostTime:250.48000000000002s , currentRepackMaxTime:586.491s
iter2		 Improve solution by repack 0.2353688524590164->0.2336764310669175 , unplacedBoxesSize:3
currentRepackCostTime:250.495s , currentRepackMaxTime:586.491s
iter20		 Improve solution by repack 0.2336764310669175->0.22650094060736362 , unplacedBoxesSize:3
currentRepackCostTime:250.64000000000001s , currentRepackMaxTime:586.491s
iter9		 Improve solution by repack 0.22650094060736362->0.22315506584251546 , unplacedBoxesSize:2
currentRepackCostTime:250.701s , currentRepackMaxTime:586.491s
iter70		 Improve solution by repack 0.22315506584251546->0.2136616500940607 , unplacedBoxesSize:2
currentRepackCostTime:251.13500000000002s , currentRepackMaxTime:586.491s
iter34		 Improve solution by repack 0.2136616500940607->0.21146264445041657 , unplacedBoxesSize:2
currentRepackCostTime:251.356s , currentRepackMaxTime:586.491s
Selecting boards with low utilization for repacking...
iter1		 Improve solution by repack 0.9716500940607364->0.9587751948400968 , unplacedBoxesSize:7
currentRepackCostTime:256.824s , currentRepackMaxTime:586.491s
iter4		 Improve solution by repack 0.9587751948400968->0.2826854340231121 , unplacedBoxesSize:3
currentRepackCostTime:256.85s , currentRepackMaxTime:586.491s
iter53		 Improve solution by repack 0.2826854340231121->0.2770229776941682 , unplacedBoxesSize:3
currentRepackCostTime:257.201s , currentRepackMaxTime:586.491s
iter194		 Improve solution by repack 0.2770229776941682->0.27543603869927435 , unplacedBoxesSize:4
currentRepackCostTime:258.541s , currentRepackMaxTime:586.491s
iter1		 Improve solution by repack 0.27543603869927435->0.24758868583714055 , unplacedBoxesSize:3
currentRepackCostTime:258.547s , currentRepackMaxTime:586.491s
iter18		 Improve solution by repack 0.24758868583714055->0.24647540983606558 , unplacedBoxesSize:3
currentRepackCostTime:258.683s , currentRepackMaxTime:586.491s
iter14		 Improve solution by repack 0.24647540983606558->0.24173676431066918 , unplacedBoxesSize:3
currentRepackCostTime:258.773s , currentRepackMaxTime:586.491s
iter2		 Improve solution by repack 0.24173676431066918->0.2350507256113948 , unplacedBoxesSize:3
currentRepackCostTime:258.784s , currentRepackMaxTime:586.491s
iter111		 Improve solution by repack 0.2350507256113948->0.23068563558183283 , unplacedBoxesSize:3
currentRepackCostTime:259.547s , currentRepackMaxTime:586.491s
iter89		 Improve solution by repack 0.23068563558183283->0.22942253426498252 , unplacedBoxesSize:3
currentRepackCostTime:260.158s , currentRepackMaxTime:586.491s
iter45		 Improve solution by repack 0.22942253426498252->0.22455354743348563 , unplacedBoxesSize:3
currentRepackCostTime:260.478s , currentRepackMaxTime:586.491s
iter78		 Improve solution by repack 0.22455354743348563->0.22208243751679657 , unplacedBoxesSize:2
currentRepackCostTime:261.029s , currentRepackMaxTime:586.491s
iter6		 Improve solution by repack 0.22208243751679657->0.20697561139478635 , unplacedBoxesSize:2
currentRepackCostTime:261.06s , currentRepackMaxTime:586.491s
iter20		 Improve solution by repack 0.20697561139478635->0.20477660575114218 , unplacedBoxesSize:2
currentRepackCostTime:261.196s , currentRepackMaxTime:586.491s
Selecting boards with low utilization for repacking...
iter2		 Improve solution by repack 0.9638544746036011->0.9177069336199946 , unplacedBoxesSize:4
currentRepackCostTime:267.47700000000003s , currentRepackMaxTime:586.491s
iter4		 Improve solution by repack 0.9177069336199946->0.9166212039774254 , unplacedBoxesSize:4
currentRepackCostTime:267.5s , currentRepackMaxTime:586.491s
iter36		 Improve solution by repack 0.9166212039774254->0.21146264445041657 , unplacedBoxesSize:2
currentRepackCostTime:267.707s , currentRepackMaxTime:586.491s
iter428		 Improve solution by repack 0.21146264445041657->0.20477660575114218 , unplacedBoxesSize:2
currentRepackCostTime:270.413s , currentRepackMaxTime:586.491s
Selecting boards with low utilization for repacking...
iter2		 Improve solution by repack 0.9722920585864016->0.9426545283525934 , unplacedBoxesSize:9
currentRepackCostTime:274.526s , currentRepackMaxTime:586.491s
iter2		 Improve solution by repack 0.9426545283525934->0.2619900564364418 , unplacedBoxesSize:2
currentRepackCostTime:274.54s , currentRepackMaxTime:586.491s
iter54		 Improve solution by repack 0.2619900564364418->0.2350507256113948 , unplacedBoxesSize:3
currentRepackCostTime:274.845s , currentRepackMaxTime:586.491s
iter37		 Improve solution by repack 0.2350507256113948->0.22942253426498252 , unplacedBoxesSize:3
currentRepackCostTime:275.11400000000003s , currentRepackMaxTime:586.491s
iter62		 Improve solution by repack 0.22942253426498252->0.22455354743348563 , unplacedBoxesSize:3
currentRepackCostTime:275.505s , currentRepackMaxTime:586.491s
iter37		 Improve solution by repack 0.22455354743348563->0.21981490190808922 , unplacedBoxesSize:3
currentRepackCostTime:275.785s , currentRepackMaxTime:586.491s
iter23		 Improve solution by repack 0.21981490190808922->0.20477660575114218 , unplacedBoxesSize:2
currentRepackCostTime:275.938s , currentRepackMaxTime:586.491s
Selecting boards with low utilization for repacking...
iter1		 Improve solution by repack 0.9730972856758936->0.24090264713786616 , unplacedBoxesSize:3
currentRepackCostTime:281.695s , currentRepackMaxTime:586.491s
iter185		 Improve solution by repack 0.24090264713786616->0.23847050524052674 , unplacedBoxesSize:3
currentRepackCostTime:282.981s , currentRepackMaxTime:586.491s
iter9		 Improve solution by repack 0.23847050524052674->0.23603366030636924 , unplacedBoxesSize:3
currentRepackCostTime:283.058s , currentRepackMaxTime:586.491s
iter34		 Improve solution by repack 0.23603366030636924->0.22219127922601453 , unplacedBoxesSize:3
currentRepackCostTime:283.306s , currentRepackMaxTime:586.491s
iter3		 Improve solution by repack 0.22219127922601453->0.2111861730717549 , unplacedBoxesSize:3
currentRepackCostTime:283.324s , currentRepackMaxTime:586.491s
iter207		 Improve solution by repack 0.2111861730717549->0.20697561139478635 , unplacedBoxesSize:2
currentRepackCostTime:284.786s , currentRepackMaxTime:586.491s
iter55		 Improve solution by repack 0.20697561139478635->0.20477660575114218 , unplacedBoxesSize:2
currentRepackCostTime:285.122s , currentRepackMaxTime:586.491s
Selecting boards with low utilization for repacking...
iter3		 Improve solution by repack 0.9792051867777479->0.9782568529965062 , unplacedBoxesSize:9
currentRepackCostTime:289.068s , currentRepackMaxTime:586.491s
iter1		 Improve solution by repack 0.9782568529965062->0.9654226014512227 , unplacedBoxesSize:8
currentRepackCostTime:289.077s , currentRepackMaxTime:586.491s
iter1		 Improve solution by repack 0.9654226014512227->0.24722923945176029 , unplacedBoxesSize:2
currentRepackCostTime:289.084s , currentRepackMaxTime:586.491s
iter160		 Improve solution by repack 0.24722923945176029->0.22478097285675896 , unplacedBoxesSize:2
currentRepackCostTime:290.056s , currentRepackMaxTime:586.491s
iter69		 Improve solution by repack 0.22478097285675896->0.21929051330287558 , unplacedBoxesSize:3
currentRepackCostTime:290.48s , currentRepackMaxTime:586.491s
iter5		 Improve solution by repack 0.21929051330287558->0.198538027411986 , unplacedBoxesSize:2
currentRepackCostTime:290.512s , currentRepackMaxTime:586.491s
iter34		 Improve solution by repack 0.198538027411986->0.19534668099973126 , unplacedBoxesSize:2
currentRepackCostTime:290.722s , currentRepackMaxTime:586.491s
iter85		 Improve solution by repack 0.19534668099973126->0.1948427841977963 , unplacedBoxesSize:2
currentRepackCostTime:291.242s , currentRepackMaxTime:586.491s
iter80		 Improve solution by repack 0.1948427841977963->0.18008196721311476 , unplacedBoxesSize:2
currentRepackCostTime:291.733s , currentRepackMaxTime:586.491s
iter143		 Improve solution by repack 0.18008196721311476->0.17632625638269284 , unplacedBoxesSize:2
currentRepackCostTime:292.613s , currentRepackMaxTime:586.491s
Selecting boards with low utilization for repacking...
iter1		 Improve solution by repack 0.9839193093254501->0.9155818328406343 , unplacedBoxesSize:4
currentRepackCostTime:299.015s , currentRepackMaxTime:586.491s
iter9		 Improve solution by repack 0.9155818328406343->0.9144584789035206 , unplacedBoxesSize:4
currentRepackCostTime:299.057s , currentRepackMaxTime:586.491s
iter2		 Improve solution by repack 0.9144584789035206->0.9124056033324376 , unplacedBoxesSize:5
currentRepackCostTime:299.067s , currentRepackMaxTime:586.491s
iter5		 Improve solution by repack 0.9124056033324376->0.9086122682074711 , unplacedBoxesSize:6
currentRepackCostTime:299.099s , currentRepackMaxTime:586.491s
iter12		 Improve solution by repack 0.9086122682074711->0.906050792797635 , unplacedBoxesSize:5
currentRepackCostTime:299.181s , currentRepackMaxTime:586.491s
iter9		 Improve solution by repack 0.906050792797635->0.8995767266863747 , unplacedBoxesSize:6
currentRepackCostTime:299.233s , currentRepackMaxTime:586.491s
iter6		 Improve solution by repack 0.8995767266863747->0.2585118247782854 , unplacedBoxesSize:3
currentRepackCostTime:299.27500000000003s , currentRepackMaxTime:586.491s
iter43		 Improve solution by repack 0.2585118247782854->0.24722923945176029 , unplacedBoxesSize:2
currentRepackCostTime:299.586s , currentRepackMaxTime:586.491s
iter46		 Improve solution by repack 0.24722923945176029->0.23718220908357968 , unplacedBoxesSize:2
currentRepackCostTime:299.858s , currentRepackMaxTime:586.491s
iter5		 Improve solution by repack 0.23718220908357968->0.23422265520021499 , unplacedBoxesSize:2
currentRepackCostTime:299.88800000000003s , currentRepackMaxTime:586.491s
iter40		 Improve solution by repack 0.23422265520021499->0.21946183821553344 , unplacedBoxesSize:2
currentRepackCostTime:300.14s , currentRepackMaxTime:586.491s
iter276		 Improve solution by repack 0.21946183821553344->0.21912389142703573 , unplacedBoxesSize:2
currentRepackCostTime:301.857s , currentRepackMaxTime:586.491s
iter85		 Improve solution by repack 0.21912389142703573->0.2165788766460629 , unplacedBoxesSize:3
currentRepackCostTime:302.396s , currentRepackMaxTime:586.491s
iter2		 Improve solution by repack 0.2165788766460629->0.20445041655468962 , unplacedBoxesSize:2
currentRepackCostTime:302.409s , currentRepackMaxTime:586.491s
iter25		 Improve solution by repack 0.20445041655468962->0.19958142972319268 , unplacedBoxesSize:2
currentRepackCostTime:302.549s , currentRepackMaxTime:586.491s
iter32		 Improve solution by repack 0.19958142972319268->0.1948427841977963 , unplacedBoxesSize:2
currentRepackCostTime:302.726s , currentRepackMaxTime:586.491s
iter178		 Improve solution by repack 0.1948427841977963->0.1940983606557377 , unplacedBoxesSize:2
currentRepackCostTime:303.823s , currentRepackMaxTime:586.491s
iter2		 Improve solution by repack 0.1940983606557377->0.19090701424348294 , unplacedBoxesSize:2
currentRepackCostTime:303.841s , currentRepackMaxTime:586.491s
iter3		 Improve solution by repack 0.19090701424348294->0.18129938188658962 , unplacedBoxesSize:2
currentRepackCostTime:303.86400000000003s , currentRepackMaxTime:586.491s
iter26		 Improve solution by repack 0.18129938188658962->0.17109916689062082 , unplacedBoxesSize:1
currentRepackCostTime:304.033s , currentRepackMaxTime:586.491s
iter28		 Improve solution by repack 0.17109916689062082->0.16676766998118783 , unplacedBoxesSize:1
currentRepackCostTime:304.197s , currentRepackMaxTime:586.491s
iter326		 Improve solution by repack 0.16676766998118783->0.16456866433754366 , unplacedBoxesSize:1
currentRepackCostTime:306.047s , currentRepackMaxTime:586.491s
Selecting boards with low utilization for repacking...
iter7		 Improve solution by repack 0.9892502015587208->0.9879219295888202 , unplacedBoxesSize:10
currentRepackCostTime:311.82s , currentRepackMaxTime:586.491s
iter5		 Improve solution by repack 0.9879219295888202->0.9782995162590702 , unplacedBoxesSize:9
currentRepackCostTime:311.868s , currentRepackMaxTime:586.491s
iter5		 Improve solution by repack 0.9782995162590702->0.9753433216877183 , unplacedBoxesSize:9
currentRepackCostTime:311.90500000000003s , currentRepackMaxTime:586.491s
iter46		 Improve solution by repack 0.9753433216877183->0.9727284332168772 , unplacedBoxesSize:9
currentRepackCostTime:312.294s , currentRepackMaxTime:586.491s
iter16		 Improve solution by repack 0.9727284332168772->0.27940472991131415 , unplacedBoxesSize:3
currentRepackCostTime:312.418s , currentRepackMaxTime:586.491s
iter2		 Improve solution by repack 0.27940472991131415->0.2792542327331362 , unplacedBoxesSize:3
currentRepackCostTime:312.42900000000003s , currentRepackMaxTime:586.491s
iter5		 Improve solution by repack 0.2792542327331362->0.27812819134641226 , unplacedBoxesSize:2
currentRepackCostTime:312.456s , currentRepackMaxTime:586.491s
iter1		 Improve solution by repack 0.27812819134641226->0.2667287019618382 , unplacedBoxesSize:2
currentRepackCostTime:312.464s , currentRepackMaxTime:586.491s
iter39		 Improve solution by repack 0.2667287019618382->0.2619900564364418 , unplacedBoxesSize:2
currentRepackCostTime:312.687s , currentRepackMaxTime:586.491s
iter246		 Improve solution by repack 0.2619900564364418->0.26087745229776943 , unplacedBoxesSize:2
currentRepackCostTime:314.163s , currentRepackMaxTime:586.491s
iter42		 Improve solution by repack 0.26087745229776943->0.24106019887127114 , unplacedBoxesSize:2
currentRepackCostTime:314.397s , currentRepackMaxTime:586.491s
iter99		 Improve solution by repack 0.24106019887127114->0.23862335393711367 , unplacedBoxesSize:2
currentRepackCostTime:315.033s , currentRepackMaxTime:586.491s
iter48		 Improve solution by repack 0.23862335393711367->0.23388470841171727 , unplacedBoxesSize:2
currentRepackCostTime:315.321s , currentRepackMaxTime:586.491s
iter47		 Improve solution by repack 0.23388470841171727->0.22478097285675896 , unplacedBoxesSize:2
currentRepackCostTime:315.606s , currentRepackMaxTime:586.491s
iter19		 Improve solution by repack 0.22478097285675896->0.22034130610051061 , unplacedBoxesSize:2
currentRepackCostTime:315.72700000000003s , currentRepackMaxTime:586.491s
iter230		 Improve solution by repack 0.22034130610051061->0.2140580489115829 , unplacedBoxesSize:2
currentRepackCostTime:317.19100000000003s , currentRepackMaxTime:586.491s
iter42		 Improve solution by repack 0.2140580489115829->0.209189062080086 , unplacedBoxesSize:2
currentRepackCostTime:317.41s , currentRepackMaxTime:586.491s
iter3		 Improve solution by repack 0.209189062080086->0.20432007524858908 , unplacedBoxesSize:2
currentRepackCostTime:317.428s , currentRepackMaxTime:586.491s
iter59		 Improve solution by repack 0.20432007524858908->0.19958142972319268 , unplacedBoxesSize:2
currentRepackCostTime:317.782s , currentRepackMaxTime:586.491s
iter41		 Improve solution by repack 0.19958142972319268->0.1948427841977963 , unplacedBoxesSize:2
currentRepackCostTime:318.04200000000003s , currentRepackMaxTime:586.491s
iter481		 Improve solution by repack 0.1948427841977963->0.19108707336737438 , unplacedBoxesSize:2
currentRepackCostTime:321.014s , currentRepackMaxTime:586.491s
iter226		 Improve solution by repack 0.19108707336737438->0.18916554689599568 , unplacedBoxesSize:2
currentRepackCostTime:322.462s , currentRepackMaxTime:586.491s
Selecting boards with low utilization for repacking...
iter1		 Improve solution by repack 0.9913061005106155->0.9866951088417093 , unplacedBoxesSize:9
currentRepackCostTime:328.81600000000003s , currentRepackMaxTime:586.491s
iter3		 Improve solution by repack 0.9866951088417093->0.9866507659231389 , unplacedBoxesSize:9
currentRepackCostTime:328.84000000000003s , currentRepackMaxTime:586.491s
iter1		 Improve solution by repack 0.9866507659231389->0.9801404192421392 , unplacedBoxesSize:8
currentRepackCostTime:328.848s , currentRepackMaxTime:586.491s
iter8		 Improve solution by repack 0.9801404192421392->0.3142602794947595 , unplacedBoxesSize:4
currentRepackCostTime:328.892s , currentRepackMaxTime:586.491s
iter8		 Improve solution by repack 0.3142602794947595->0.31384305294275733 , unplacedBoxesSize:4
currentRepackCostTime:328.955s , currentRepackMaxTime:586.491s
iter2		 Improve solution by repack 0.31384305294275733->0.30230751142166085 , unplacedBoxesSize:5
currentRepackCostTime:328.97s , currentRepackMaxTime:586.491s
iter5		 Improve solution by repack 0.30230751142166085->0.279485689330825 , unplacedBoxesSize:4
currentRepackCostTime:329.008s , currentRepackMaxTime:586.491s
iter5		 Improve solution by repack 0.279485689330825->0.2690852593388874 , unplacedBoxesSize:4
currentRepackCostTime:329.046s , currentRepackMaxTime:586.491s
iter34		 Improve solution by repack 0.2690852593388874->0.26297131147540986 , unplacedBoxesSize:4
currentRepackCostTime:329.307s , currentRepackMaxTime:586.491s
iter23		 Improve solution by repack 0.26297131147540986->0.25977694168234344 , unplacedBoxesSize:3
currentRepackCostTime:329.49s , currentRepackMaxTime:586.491s
iter5		 Improve solution by repack 0.25977694168234344->0.2581308787960226 , unplacedBoxesSize:2
currentRepackCostTime:329.524s , currentRepackMaxTime:586.491s
iter44		 Improve solution by repack 0.2581308787960226->0.2577045821015856 , unplacedBoxesSize:3
currentRepackCostTime:329.788s , currentRepackMaxTime:586.491s
iter27		 Improve solution by repack 0.2577045821015856->0.25177371674281107 , unplacedBoxesSize:2
currentRepackCostTime:330.00100000000003s , currentRepackMaxTime:586.491s
iter46		 Improve solution by repack 0.25177371674281107->0.25174012362268205 , unplacedBoxesSize:2
currentRepackCostTime:330.285s , currentRepackMaxTime:586.491s
iter13		 Improve solution by repack 0.25174012362268205->0.24213249126578876 , unplacedBoxesSize:2
currentRepackCostTime:330.366s , currentRepackMaxTime:586.491s
iter24		 Improve solution by repack 0.24213249126578876->0.23388470841171727 , unplacedBoxesSize:2
currentRepackCostTime:330.51300000000003s , currentRepackMaxTime:586.491s
iter262		 Improve solution by repack 0.23388470841171727->0.23204548508465464 , unplacedBoxesSize:3
currentRepackCostTime:332.085s , currentRepackMaxTime:586.491s
iter20		 Improve solution by repack 0.23204548508465464->0.2309943563558183 , unplacedBoxesSize:3
currentRepackCostTime:332.232s , currentRepackMaxTime:586.491s
iter7		 Improve solution by repack 0.2309943563558183->0.23012899758129535 , unplacedBoxesSize:2
currentRepackCostTime:332.279s , currentRepackMaxTime:586.491s
Selecting boards with low utilization for repacking...
All low-utilization boards have been repacked once. Restarting repacking process...
Selecting boards with low utilization for repacking...
Selecting boards with low utilization for repacking...
iter6		 Improve solution by repack 0.9437644450416555->0.9385004031174415 , unplacedBoxesSize:7
currentRepackCostTime:339.377s , currentRepackMaxTime:586.491s
iter12		 Improve solution by repack 0.9385004031174415->0.93714324106423 , unplacedBoxesSize:7
currentRepackCostTime:339.472s , currentRepackMaxTime:586.491s
iter9		 Improve solution by repack 0.93714324106423->0.32108707336737435 , unplacedBoxesSize:3
currentRepackCostTime:339.548s , currentRepackMaxTime:586.491s
iter6		 Improve solution by repack 0.32108707336737435->0.28329011018543404 , unplacedBoxesSize:2
currentRepackCostTime:339.585s , currentRepackMaxTime:586.491s
iter13		 Improve solution by repack 0.28329011018543404->0.2831604407417361 , unplacedBoxesSize:3
currentRepackCostTime:339.656s , currentRepackMaxTime:586.491s
iter1		 Improve solution by repack 0.2831604407417361->0.2647420048374093 , unplacedBoxesSize:2
currentRepackCostTime:339.661s , currentRepackMaxTime:586.491s
iter2		 Improve solution by repack 0.2647420048374093->0.2615506584251545 , unplacedBoxesSize:2
currentRepackCostTime:339.673s , currentRepackMaxTime:586.491s
iter59		 Improve solution by repack 0.2615506584251545->0.2604017737167428 , unplacedBoxesSize:3
currentRepackCostTime:340.029s , currentRepackMaxTime:586.491s
iter1		 Improve solution by repack 0.2604017737167428->0.2434923407686106 , unplacedBoxesSize:2
currentRepackCostTime:340.034s , currentRepackMaxTime:586.491s
iter15		 Improve solution by repack 0.2434923407686106->0.23388470841171727 , unplacedBoxesSize:2
currentRepackCostTime:340.11400000000003s , currentRepackMaxTime:586.491s
Selecting boards with low utilization for repacking...
iter2		 Improve solution by repack 0.9315096748185971->0.9196284600913733 , unplacedBoxesSize:9
currentRepackCostTime:346.137s , currentRepackMaxTime:586.491s
iter5		 Improve solution by repack 0.9196284600913733->0.23012899758129535 , unplacedBoxesSize:2
currentRepackCostTime:346.177s , currentRepackMaxTime:586.491s
iter279		 Improve solution by repack 0.23012899758129535->0.22932545014780972 , unplacedBoxesSize:2
currentRepackCostTime:347.979s , currentRepackMaxTime:586.491s
iter373		 Improve solution by repack 0.22932545014780972->0.2257444235420586 , unplacedBoxesSize:2
currentRepackCostTime:350.35s , currentRepackMaxTime:586.491s
iter60		 Improve solution by repack 0.2257444235420586->0.22033391561408225 , unplacedBoxesSize:3
currentRepackCostTime:350.736s , currentRepackMaxTime:586.491s
iter2		 Improve solution by repack 0.22033391561408225->0.21649086267132492 , unplacedBoxesSize:3
currentRepackCostTime:350.75600000000003s , currentRepackMaxTime:586.491s
iter3		 Improve solution by repack 0.21649086267132492->0.20764176296694437 , unplacedBoxesSize:2
currentRepackCostTime:350.774s , currentRepackMaxTime:586.491s
iter8		 Improve solution by repack 0.20764176296694437->0.20201827465735017 , unplacedBoxesSize:2
currentRepackCostTime:350.819s , currentRepackMaxTime:586.491s
iter57		 Improve solution by repack 0.20201827465735017->0.19958142972319268 , unplacedBoxesSize:2
currentRepackCostTime:351.175s , currentRepackMaxTime:586.491s
iter4		 Improve solution by repack 0.19958142972319268->0.1948427841977963 , unplacedBoxesSize:2
currentRepackCostTime:351.204s , currentRepackMaxTime:586.491s
iter545		 Improve solution by repack 0.1948427841977963->0.1940983606557377 , unplacedBoxesSize:2
currentRepackCostTime:354.615s , currentRepackMaxTime:586.491s
iter8		 Improve solution by repack 0.1940983606557377->0.19090701424348294 , unplacedBoxesSize:2
currentRepackCostTime:354.664s , currentRepackMaxTime:586.491s
iter5		 Improve solution by repack 0.19090701424348294->0.18603802741198602 , unplacedBoxesSize:2
currentRepackCostTime:354.697s , currentRepackMaxTime:586.491s
iter4		 Improve solution by repack 0.18603802741198602->0.18129938188658962 , unplacedBoxesSize:2
currentRepackCostTime:354.723s , currentRepackMaxTime:586.491s
iter420		 Improve solution by repack 0.18129938188658962->0.17562819134641225 , unplacedBoxesSize:1
currentRepackCostTime:357.385s , currentRepackMaxTime:586.491s
iter203		 Improve solution by repack 0.17562819134641225->0.16456866433754366 , unplacedBoxesSize:1
currentRepackCostTime:358.479s , currentRepackMaxTime:586.491s
Selecting boards with low utilization for repacking...
iter5		 Improve solution by repack 0.9331167696855683->0.16456866433754366 , unplacedBoxesSize:1
currentRepackCostTime:363.161s , currentRepackMaxTime:586.491s
Selecting boards with low utilization for repacking...
iter12		 Improve solution by repack 0.9488245767266863->0.9380882155334588 , unplacedBoxesSize:9
currentRepackCostTime:368.839s , currentRepackMaxTime:586.491s
iter1		 Improve solution by repack 0.9380882155334588->0.21912389142703573 , unplacedBoxesSize:2
currentRepackCostTime:368.845s , currentRepackMaxTime:586.491s
iter27		 Improve solution by repack 0.21912389142703573->0.21238040849234077 , unplacedBoxesSize:2
currentRepackCostTime:369.004s , currentRepackMaxTime:586.491s
iter4		 Improve solution by repack 0.21238040849234077->0.209189062080086 , unplacedBoxesSize:2
currentRepackCostTime:369.026s , currentRepackMaxTime:586.491s
iter5		 Improve solution by repack 0.209189062080086->0.20675692018274655 , unplacedBoxesSize:2
currentRepackCostTime:369.055s , currentRepackMaxTime:586.491s
iter4		 Improve solution by repack 0.20675692018274655->0.19826256382692825 , unplacedBoxesSize:2
currentRepackCostTime:369.076s , currentRepackMaxTime:586.491s
iter521		 Improve solution by repack 0.19826256382692825->0.19582571889277076 , unplacedBoxesSize:2
currentRepackCostTime:372.339s , currentRepackMaxTime:586.491s
iter13		 Improve solution by repack 0.19582571889277076->0.19108707336737438 , unplacedBoxesSize:2
currentRepackCostTime:372.40500000000003s , currentRepackMaxTime:586.491s
iter175		 Improve solution by repack 0.19108707336737438->0.18129938188658962 , unplacedBoxesSize:2
currentRepackCostTime:373.51300000000003s , currentRepackMaxTime:586.491s
iter36		 Improve solution by repack 0.18129938188658962->0.1796069604944907 , unplacedBoxesSize:2
currentRepackCostTime:373.723s , currentRepackMaxTime:586.491s
iter11		 Improve solution by repack 0.1796069604944907->0.17483203439935502 , unplacedBoxesSize:3
currentRepackCostTime:373.8s , currentRepackMaxTime:586.491s
iter35		 Improve solution by repack 0.17483203439935502->0.15927741198602527 , unplacedBoxesSize:3
currentRepackCostTime:374.04900000000004s , currentRepackMaxTime:586.491s
iter8		 Improve solution by repack 0.15927741198602527->0.15340835796828808 , unplacedBoxesSize:2
currentRepackCostTime:374.118s , currentRepackMaxTime:586.491s
iter116		 Improve solution by repack 0.15340835796828808->0.14905401773716742 , unplacedBoxesSize:2
currentRepackCostTime:374.877s , currentRepackMaxTime:586.491s
iter2		 Improve solution by repack 0.14905401773716742->0.14236797903789303 , unplacedBoxesSize:2
currentRepackCostTime:374.889s , currentRepackMaxTime:586.491s
iter189		 Improve solution by repack 0.14236797903789303->0.13762933351249665 , unplacedBoxesSize:2
currentRepackCostTime:376.152s , currentRepackMaxTime:586.491s
iter16		 Improve solution by repack 0.13762933351249665->0.1338736226820747 , unplacedBoxesSize:2
currentRepackCostTime:376.255s , currentRepackMaxTime:586.491s
iter27		 Improve solution by repack 0.1338736226820747->0.1319564633163128 , unplacedBoxesSize:2
currentRepackCostTime:376.43s , currentRepackMaxTime:586.491s
iter1		 Improve solution by repack 0.1319564633163128->0.12389613007256114 , unplacedBoxesSize:2
currentRepackCostTime:376.437s , currentRepackMaxTime:586.491s
Selecting boards with low utilization for repacking...
iter18		 Improve solution by repack 0.9362459688255845->0.12389613007256114 , unplacedBoxesSize:2
currentRepackCostTime:383.793s , currentRepackMaxTime:586.491s
Selecting boards with low utilization for repacking...
iter1		 Improve solution by repack 0.9413685837140553->0.9389787691480784 , unplacedBoxesSize:9
currentRepackCostTime:390.93600000000004s , currentRepackMaxTime:586.491s
iter3		 Improve solution by repack 0.9389787691480784->0.937754971781779 , unplacedBoxesSize:5
currentRepackCostTime:390.959s , currentRepackMaxTime:586.491s
iter7		 Improve solution by repack 0.937754971781779->0.9207880945982262 , unplacedBoxesSize:5
currentRepackCostTime:391.00600000000003s , currentRepackMaxTime:586.491s
iter28		 Improve solution by repack 0.9207880945982262->0.9178319000268745 , unplacedBoxesSize:5
currentRepackCostTime:391.192s , currentRepackMaxTime:586.491s
iter1		 Improve solution by repack 0.9178319000268745->0.9114602929320075 , unplacedBoxesSize:4
currentRepackCostTime:391.201s , currentRepackMaxTime:586.491s
iter4		 Improve solution by repack 0.9114602929320075->0.12389613007256114 , unplacedBoxesSize:2
currentRepackCostTime:391.224s , currentRepackMaxTime:586.491s
Selecting boards with low utilization for repacking...
iter1		 Improve solution by repack 0.9549472050524053->0.9439874496103199 , unplacedBoxesSize:6
currentRepackCostTime:399.318s , currentRepackMaxTime:586.491s
iter3		 Improve solution by repack 0.9439874496103199->0.15819940876108574 , unplacedBoxesSize:2
currentRepackCostTime:399.34000000000003s , currentRepackMaxTime:586.491s
Selecting boards with low utilization for repacking...
iter3		 Improve solution by repack 0.9377378392905132->0.9141769685568396 , unplacedBoxesSize:7
currentRepackCostTime:406.163s , currentRepackMaxTime:586.491s
iter8		 Improve solution by repack 0.9141769685568396->0.15819940876108574 , unplacedBoxesSize:2
currentRepackCostTime:406.231s , currentRepackMaxTime:586.491s
iter533		 Improve solution by repack 0.15819940876108574->0.1571143509809191 , unplacedBoxesSize:2
currentRepackCostTime:409.875s , currentRepackMaxTime:586.491s
iter20		 Improve solution by repack 0.1571143509809191->0.14905401773716742 , unplacedBoxesSize:2
currentRepackCostTime:409.991s , currentRepackMaxTime:586.491s
iter85		 Improve solution by repack 0.14905401773716742->0.14236797903789303 , unplacedBoxesSize:2
currentRepackCostTime:410.52s , currentRepackMaxTime:586.491s
iter367		 Improve solution by repack 0.14236797903789303->0.13762933351249665 , unplacedBoxesSize:2
currentRepackCostTime:413.019s , currentRepackMaxTime:586.491s
iter327		 Improve solution by repack 0.13762933351249665->0.13646331631281913 , unplacedBoxesSize:1
currentRepackCostTime:415.197s , currentRepackMaxTime:586.491s
iter259		 Improve solution by repack 0.13646331631281913->0.1319564633163128 , unplacedBoxesSize:2
currentRepackCostTime:416.737s , currentRepackMaxTime:586.491s
iter10		 Improve solution by repack 0.1319564633163128->0.12389613007256114 , unplacedBoxesSize:2
currentRepackCostTime:416.81100000000004s , currentRepackMaxTime:586.491s
iter22		 Improve solution by repack 0.12389613007256114->0.11915748454716475 , unplacedBoxesSize:2
currentRepackCostTime:416.967s , currentRepackMaxTime:586.491s
Selecting boards with low utilization for repacking...
iter13		 Improve solution by repack 0.930940607363612->0.8981980650362806 , unplacedBoxesSize:6
currentRepackCostTime:421.246s , currentRepackMaxTime:586.491s
iter2		 Improve solution by repack 0.8981980650362806->0.8930415210964794 , unplacedBoxesSize:6
currentRepackCostTime:421.258s , currentRepackMaxTime:586.491s
iter9		 Improve solution by repack 0.8930415210964794->0.8929185702768072 , unplacedBoxesSize:6
currentRepackCostTime:421.312s , currentRepackMaxTime:586.491s
iter5		 Improve solution by repack 0.8929185702768072->0.13646331631281913 , unplacedBoxesSize:1
currentRepackCostTime:421.344s , currentRepackMaxTime:586.491s
iter17		 Improve solution by repack 0.13646331631281913->0.1319564633163128 , unplacedBoxesSize:2
currentRepackCostTime:421.437s , currentRepackMaxTime:586.491s
iter20		 Improve solution by repack 0.1319564633163128->0.12876511690405806 , unplacedBoxesSize:2
currentRepackCostTime:421.57s , currentRepackMaxTime:586.491s
iter2		 Improve solution by repack 0.12876511690405806->0.11915748454716475 , unplacedBoxesSize:2
currentRepackCostTime:421.582s , currentRepackMaxTime:586.491s
Selecting boards with low utilization for repacking...
iter1		 Improve solution by repack 0.9311391427035742->0.12876511690405806 , unplacedBoxesSize:2
currentRepackCostTime:428.382s , currentRepackMaxTime:586.491s
iter2		 Improve solution by repack 0.12876511690405806->0.12389613007256114 , unplacedBoxesSize:2
currentRepackCostTime:428.39300000000003s , currentRepackMaxTime:586.491s
iter323		 Improve solution by repack 0.12389613007256114->0.12169779629131953 , unplacedBoxesSize:2
currentRepackCostTime:430.555s , currentRepackMaxTime:586.491s
iter40		 Improve solution by repack 0.12169779629131953->0.11811676968556839 , unplacedBoxesSize:2
currentRepackCostTime:430.844s , currentRepackMaxTime:586.491s
Selecting boards with low utilization for repacking...
iter2		 Improve solution by repack 0.9165150497178177->0.9092045149153454 , unplacedBoxesSize:8
currentRepackCostTime:435.968s , currentRepackMaxTime:586.491s
iter5		 Improve solution by repack 0.9092045149153454->0.11811676968556839 , unplacedBoxesSize:2
currentRepackCostTime:435.998s , currentRepackMaxTime:586.491s
Selecting boards with low utilization for repacking...
iter3		 Improve solution by repack 0.9569363074442354->0.9531258398280033 , unplacedBoxesSize:10
currentRepackCostTime:442.87s , currentRepackMaxTime:586.491s
iter1		 Improve solution by repack 0.9531258398280033->0.9518449341574846 , unplacedBoxesSize:7
currentRepackCostTime:442.879s , currentRepackMaxTime:586.491s
iter5		 Improve solution by repack 0.9518449341574846->0.22618986831496907 , unplacedBoxesSize:3
currentRepackCostTime:442.916s , currentRepackMaxTime:586.491s
iter48		 Improve solution by repack 0.22618986831496907->0.2067092179521634 , unplacedBoxesSize:3
currentRepackCostTime:443.278s , currentRepackMaxTime:586.491s
iter26		 Improve solution by repack 0.2067092179521634->0.1811193227626982 , unplacedBoxesSize:3
currentRepackCostTime:443.468s , currentRepackMaxTime:586.491s
iter66		 Improve solution by repack 0.1811193227626982->0.17443328406342382 , unplacedBoxesSize:3
currentRepackCostTime:443.945s , currentRepackMaxTime:586.491s
iter93		 Improve solution by repack 0.17443328406342382->0.16488847084117172 , unplacedBoxesSize:2
currentRepackCostTime:444.66200000000003s , currentRepackMaxTime:586.491s
iter296		 Improve solution by repack 0.16488847084117172->0.16345606019887127 , unplacedBoxesSize:1
currentRepackCostTime:446.60900000000004s , currentRepackMaxTime:586.491s
Selecting boards with low utilization for repacking...
iter3		 Improve solution by repack 0.9295935232464392->0.9008398280032249 , unplacedBoxesSize:9
currentRepackCostTime:449.95s , currentRepackMaxTime:586.491s
iter9		 Improve solution by repack 0.9008398280032249->0.8962201021230852 , unplacedBoxesSize:6
currentRepackCostTime:450.03000000000003s , currentRepackMaxTime:586.491s
iter5		 Improve solution by repack 0.8962201021230852->0.8755925826390755 , unplacedBoxesSize:6
currentRepackCostTime:450.062s , currentRepackMaxTime:586.491s
iter11		 Improve solution by repack 0.8755925826390755->0.17109916689062082 , unplacedBoxesSize:1
currentRepackCostTime:450.132s , currentRepackMaxTime:586.491s
iter63		 Improve solution by repack 0.17109916689062082->0.16456866433754366 , unplacedBoxesSize:1
currentRepackCostTime:450.461s , currentRepackMaxTime:586.491s
Selecting boards with low utilization for repacking...
iter6		 Improve solution by repack 0.9492965600644988->0.16456866433754366 , unplacedBoxesSize:1
currentRepackCostTime:456.173s , currentRepackMaxTime:586.491s
Selecting boards with low utilization for repacking...
iter2		 Improve solution by repack 0.9606611126041386->0.8999274388605213 , unplacedBoxesSize:3
currentRepackCostTime:461.922s , currentRepackMaxTime:586.491s
iter3		 Improve solution by repack 0.8999274388605213->0.16456866433754366 , unplacedBoxesSize:1
currentRepackCostTime:461.933s , currentRepackMaxTime:586.491s
Selecting boards with low utilization for repacking...
iter1		 Improve solution by repack 0.9640422601451222->0.9629189062080086 , unplacedBoxesSize:9
currentRepackCostTime:467.648s , currentRepackMaxTime:586.491s
iter7		 Improve solution by repack 0.9629189062080086->0.8817461703843054 , unplacedBoxesSize:5
currentRepackCostTime:467.706s , currentRepackMaxTime:586.491s
iter2		 Improve solution by repack 0.8817461703843054->0.2560830421929589 , unplacedBoxesSize:3
currentRepackCostTime:467.717s , currentRepackMaxTime:586.491s
iter3		 Improve solution by repack 0.2560830421929589->0.2558626713249127 , unplacedBoxesSize:3
currentRepackCostTime:467.73400000000004s , currentRepackMaxTime:586.491s
iter5		 Improve solution by repack 0.2558626713249127->0.252983069067455 , unplacedBoxesSize:2
currentRepackCostTime:467.773s , currentRepackMaxTime:586.491s
iter113		 Improve solution by repack 0.252983069067455->0.24968657618919646 , unplacedBoxesSize:3
currentRepackCostTime:468.463s , currentRepackMaxTime:586.491s
iter5		 Improve solution by repack 0.24968657618919646->0.2434923407686106 , unplacedBoxesSize:2
currentRepackCostTime:468.50100000000003s , currentRepackMaxTime:586.491s
iter77		 Improve solution by repack 0.2434923407686106->0.24060198871271163 , unplacedBoxesSize:3
currentRepackCostTime:468.969s , currentRepackMaxTime:586.491s
iter8		 Improve solution by repack 0.24060198871271163->0.23388470841171727 , unplacedBoxesSize:2
currentRepackCostTime:469.021s , currentRepackMaxTime:586.491s
iter293		 Improve solution by repack 0.23388470841171727->0.22618650900295617 , unplacedBoxesSize:3
currentRepackCostTime:470.78700000000003s , currentRepackMaxTime:586.491s
iter31		 Improve solution by repack 0.22618650900295617->0.2116259070142435 , unplacedBoxesSize:2
currentRepackCostTime:471.015s , currentRepackMaxTime:586.491s
iter41		 Improve solution by repack 0.2116259070142435->0.20432007524858908 , unplacedBoxesSize:2
currentRepackCostTime:471.264s , currentRepackMaxTime:586.491s
iter21		 Improve solution by repack 0.20432007524858908->0.19958142972319268 , unplacedBoxesSize:2
currentRepackCostTime:471.379s , currentRepackMaxTime:586.491s
iter29		 Improve solution by repack 0.19958142972319268->0.19534668099973126 , unplacedBoxesSize:2
currentRepackCostTime:471.571s , currentRepackMaxTime:586.491s
iter2		 Improve solution by repack 0.19534668099973126->0.18921459285138403 , unplacedBoxesSize:2
currentRepackCostTime:471.583s , currentRepackMaxTime:586.491s
iter44		 Improve solution by repack 0.18921459285138403->0.1867824509540446 , unplacedBoxesSize:2
currentRepackCostTime:471.873s , currentRepackMaxTime:586.491s
iter177		 Improve solution by repack 0.1867824509540446->0.1796069604944907 , unplacedBoxesSize:2
currentRepackCostTime:472.995s , currentRepackMaxTime:586.491s
iter16		 Improve solution by repack 0.1796069604944907->0.17109916689062082 , unplacedBoxesSize:1
currentRepackCostTime:473.091s , currentRepackMaxTime:586.491s
iter103		 Improve solution by repack 0.17109916689062082->0.16676766998118783 , unplacedBoxesSize:1
currentRepackCostTime:473.689s , currentRepackMaxTime:586.491s
Selecting boards with low utilization for repacking...
iter3		 Improve solution by repack 0.9370189465197528->0.9333092582639075 , unplacedBoxesSize:7
currentRepackCostTime:477.733s , currentRepackMaxTime:586.491s
iter1		 Improve solution by repack 0.9333092582639075->0.9030250604676162 , unplacedBoxesSize:5
currentRepackCostTime:477.74s , currentRepackMaxTime:586.491s
iter2		 Improve solution by repack 0.9030250604676162->0.8836381349099705 , unplacedBoxesSize:3
currentRepackCostTime:477.748s , currentRepackMaxTime:586.491s
iter6		 Improve solution by repack 0.8836381349099705->0.16676766998118783 , unplacedBoxesSize:1
currentRepackCostTime:477.778s , currentRepackMaxTime:586.491s
Selecting boards with low utilization for repacking...
iter3		 Improve solution by repack 0.9495555630206933->0.940627855415211 , unplacedBoxesSize:6
currentRepackCostTime:483.648s , currentRepackMaxTime:586.491s
iter3		 Improve solution by repack 0.940627855415211->0.8742575920451491 , unplacedBoxesSize:3
currentRepackCostTime:483.666s , currentRepackMaxTime:586.491s
iter4		 Improve solution by repack 0.8742575920451491->0.16676766998118783 , unplacedBoxesSize:1
currentRepackCostTime:483.682s , currentRepackMaxTime:586.491s
Selecting boards with low utilization for repacking...
iter4		 Improve solution by repack 0.964134641225477->0.2605556302069336 , unplacedBoxesSize:3
currentRepackCostTime:489.519s , currentRepackMaxTime:586.491s
iter21		 Improve solution by repack 0.2605556302069336->0.2543194033861865 , unplacedBoxesSize:2
currentRepackCostTime:489.642s , currentRepackMaxTime:586.491s
iter503		 Improve solution by repack 0.2543194033861865->0.25386959150765925 , unplacedBoxesSize:3
currentRepackCostTime:492.788s , currentRepackMaxTime:586.491s
iter34		 Improve solution by repack 0.25386959150765925->0.24942824509540448 , unplacedBoxesSize:2
currentRepackCostTime:493.021s , currentRepackMaxTime:586.491s
iter41		 Improve solution by repack 0.24942824509540448->0.24777210427304486 , unplacedBoxesSize:3
currentRepackCostTime:493.262s , currentRepackMaxTime:586.491s
iter2		 Improve solution by repack 0.24777210427304486->0.24131315506584253 , unplacedBoxesSize:4
currentRepackCostTime:493.28000000000003s , currentRepackMaxTime:586.491s
iter2		 Improve solution by repack 0.24131315506584253->0.22292562483203443 , unplacedBoxesSize:3
currentRepackCostTime:493.291s , currentRepackMaxTime:586.491s
iter3		 Improve solution by repack 0.22292562483203443->0.22271365224402043 , unplacedBoxesSize:3
currentRepackCostTime:493.31100000000004s , currentRepackMaxTime:586.491s
iter20		 Improve solution by repack 0.22271365224402043->0.21747312550389677 , unplacedBoxesSize:2
currentRepackCostTime:493.458s , currentRepackMaxTime:586.491s
iter10		 Improve solution by repack 0.21747312550389677->0.2136616500940607 , unplacedBoxesSize:2
currentRepackCostTime:493.52000000000004s , currentRepackMaxTime:586.491s
iter131		 Improve solution by repack 0.2136616500940607->0.20680663800053747 , unplacedBoxesSize:3
currentRepackCostTime:494.35900000000004s , currentRepackMaxTime:586.491s
iter1		 Improve solution by repack 0.20680663800053747->0.2024287825853265 , unplacedBoxesSize:3
currentRepackCostTime:494.362s , currentRepackMaxTime:586.491s
iter6		 Improve solution by repack 0.2024287825853265->0.1796069604944907 , unplacedBoxesSize:2
currentRepackCostTime:494.402s , currentRepackMaxTime:586.491s
iter10		 Improve solution by repack 0.1796069604944907->0.17562819134641225 , unplacedBoxesSize:1
currentRepackCostTime:494.479s , currentRepackMaxTime:586.491s
iter250		 Improve solution by repack 0.17562819134641225->0.17057914539102392 , unplacedBoxesSize:1
currentRepackCostTime:495.915s , currentRepackMaxTime:586.491s
iter373		 Improve solution by repack 0.17057914539102392->0.15392300456866434 , unplacedBoxesSize:2
currentRepackCostTime:498.06100000000004s , currentRepackMaxTime:586.491s
iter139		 Improve solution by repack 0.15392300456866434->0.15149086267132492 , unplacedBoxesSize:2
currentRepackCostTime:498.995s , currentRepackMaxTime:586.491s
iter2		 Improve solution by repack 0.15149086267132492->0.14905401773716742 , unplacedBoxesSize:2
currentRepackCostTime:499.00600000000003s , currentRepackMaxTime:586.491s
iter52		 Improve solution by repack 0.14905401773716742->0.14431537221177104 , unplacedBoxesSize:2
currentRepackCostTime:499.357s , currentRepackMaxTime:586.491s
Selecting boards with low utilization for repacking...
iter14		 Improve solution by repack 0.9584251545283525->0.16456866433754366 , unplacedBoxesSize:1
currentRepackCostTime:503.769s , currentRepackMaxTime:586.491s
iter77		 Improve solution by repack 0.16456866433754366->0.14595404461166353 , unplacedBoxesSize:1
currentRepackCostTime:504.218s , currentRepackMaxTime:586.491s
iter561		 Improve solution by repack 0.14595404461166353->0.14431537221177104 , unplacedBoxesSize:2
currentRepackCostTime:507.444s , currentRepackMaxTime:586.491s
Selecting boards with low utilization for repacking...
iter1		 Improve solution by repack 0.9621271163665681->0.9369342918570277 , unplacedBoxesSize:6
currentRepackCostTime:514.138s , currentRepackMaxTime:586.491s
iter1		 Improve solution by repack 0.9369342918570277->0.14431537221177104 , unplacedBoxesSize:2
currentRepackCostTime:514.142s , currentRepackMaxTime:586.491s
Selecting boards with low utilization for repacking...
iter8		 Improve solution by repack 0.965952082773448->0.14431537221177104 , unplacedBoxesSize:2
currentRepackCostTime:520.972s , currentRepackMaxTime:586.491s
Selecting boards with low utilization for repacking...
iter7		 Improve solution by repack 0.965952082773448->0.21799314700349368 , unplacedBoxesSize:2
currentRepackCostTime:527.812s , currentRepackMaxTime:586.491s
iter66		 Improve solution by repack 0.21799314700349368->0.21146264445041657 , unplacedBoxesSize:2
currentRepackCostTime:528.248s , currentRepackMaxTime:586.491s
iter332		 Improve solution by repack 0.21146264445041657->0.1948427841977963 , unplacedBoxesSize:2
currentRepackCostTime:530.351s , currentRepackMaxTime:586.491s
iter61		 Improve solution by repack 0.1948427841977963->0.1867824509540446 , unplacedBoxesSize:2
currentRepackCostTime:530.736s , currentRepackMaxTime:586.491s
iter73		 Improve solution by repack 0.1867824509540446->0.18129938188658962 , unplacedBoxesSize:2
currentRepackCostTime:531.195s , currentRepackMaxTime:586.491s
iter40		 Improve solution by repack 0.18129938188658962->0.17562819134641225 , unplacedBoxesSize:1
currentRepackCostTime:531.467s , currentRepackMaxTime:586.491s
iter119		 Improve solution by repack 0.17562819134641225->0.16676766998118783 , unplacedBoxesSize:1
currentRepackCostTime:532.121s , currentRepackMaxTime:586.491s
iter10		 Improve solution by repack 0.16676766998118783->0.16456866433754366 , unplacedBoxesSize:1
currentRepackCostTime:532.164s , currentRepackMaxTime:586.491s
Selecting boards with low utilization for repacking...
iter1		 Improve solution by repack 0.9566487503359312->0.24675423273313624 , unplacedBoxesSize:2
currentRepackCostTime:537.687s , currentRepackMaxTime:586.491s
iter108		 Improve solution by repack 0.24675423273313624->0.2434923407686106 , unplacedBoxesSize:2
currentRepackCostTime:538.345s , currentRepackMaxTime:586.491s
iter1		 Improve solution by repack 0.2434923407686106->0.23610857296425694 , unplacedBoxesSize:3
currentRepackCostTime:538.35s , currentRepackMaxTime:586.491s
iter13		 Improve solution by repack 0.23610857296425694->0.23025127653856492 , unplacedBoxesSize:3
currentRepackCostTime:538.432s , currentRepackMaxTime:586.491s
iter23		 Improve solution by repack 0.23025127653856492->0.2240150497178178 , unplacedBoxesSize:2
currentRepackCostTime:538.609s , currentRepackMaxTime:586.491s
iter284		 Improve solution by repack 0.2240150497178178->0.22034130610051061 , unplacedBoxesSize:2
currentRepackCostTime:540.3770000000001s , currentRepackMaxTime:586.491s
iter2		 Improve solution by repack 0.22034130610051061->0.2177727761354475 , unplacedBoxesSize:2
currentRepackCostTime:540.393s , currentRepackMaxTime:586.491s
iter8		 Improve solution by repack 0.2177727761354475->0.21124227358237033 , unplacedBoxesSize:2
currentRepackCostTime:540.441s , currentRepackMaxTime:586.491s
iter70		 Improve solution by repack 0.21124227358237033->0.20768610588551464 , unplacedBoxesSize:2
currentRepackCostTime:540.885s , currentRepackMaxTime:586.491s
iter57		 Improve solution by repack 0.20768610588551464->0.20445041655468962 , unplacedBoxesSize:2
currentRepackCostTime:541.247s , currentRepackMaxTime:586.491s
iter37		 Improve solution by repack 0.20445041655468962->0.20201827465735017 , unplacedBoxesSize:2
currentRepackCostTime:541.46s , currentRepackMaxTime:586.491s
iter287		 Improve solution by repack 0.20201827465735017->0.19958142972319268 , unplacedBoxesSize:2
currentRepackCostTime:543.255s , currentRepackMaxTime:586.491s
iter9		 Improve solution by repack 0.19958142972319268->0.198538027411986 , unplacedBoxesSize:2
currentRepackCostTime:543.32s , currentRepackMaxTime:586.491s
iter18		 Improve solution by repack 0.198538027411986->0.19534668099973126 , unplacedBoxesSize:2
currentRepackCostTime:543.438s , currentRepackMaxTime:586.491s
iter14		 Improve solution by repack 0.19534668099973126->0.18921459285138403 , unplacedBoxesSize:2
currentRepackCostTime:543.533s , currentRepackMaxTime:586.491s
iter32		 Improve solution by repack 0.18921459285138403->0.18603802741198602 , unplacedBoxesSize:2
currentRepackCostTime:543.756s , currentRepackMaxTime:586.491s
iter127		 Improve solution by repack 0.18603802741198602->0.18573904864283794 , unplacedBoxesSize:2
currentRepackCostTime:544.535s , currentRepackMaxTime:586.491s
iter10		 Improve solution by repack 0.18573904864283794->0.18187449610319809 , unplacedBoxesSize:1
currentRepackCostTime:544.609s , currentRepackMaxTime:586.491s
iter19		 Improve solution by repack 0.18187449610319809->0.1796069604944907 , unplacedBoxesSize:2
currentRepackCostTime:544.724s , currentRepackMaxTime:586.491s
iter247		 Improve solution by repack 0.1796069604944907->0.1736660171996775 , unplacedBoxesSize:2
currentRepackCostTime:546.303s , currentRepackMaxTime:586.491s
iter11		 Improve solution by repack 0.1736660171996775->0.17219564633163126 , unplacedBoxesSize:2
currentRepackCostTime:546.381s , currentRepackMaxTime:586.491s
iter3		 Improve solution by repack 0.17219564633163126->0.1686320881483472 , unplacedBoxesSize:2
currentRepackCostTime:546.402s , currentRepackMaxTime:586.491s
iter64		 Improve solution by repack 0.1686320881483472->0.13863813490997043 , unplacedBoxesSize:2
currentRepackCostTime:546.821s , currentRepackMaxTime:586.491s
iter14		 Improve solution by repack 0.13863813490997043->0.13521163665681268 , unplacedBoxesSize:2
currentRepackCostTime:546.92s , currentRepackMaxTime:586.491s
iter105		 Improve solution by repack 0.13521163665681268->0.13444571351787155 , unplacedBoxesSize:2
currentRepackCostTime:547.669s , currentRepackMaxTime:586.491s
iter121		 Improve solution by repack 0.13444571351787155->0.12955455522708947 , unplacedBoxesSize:2
currentRepackCostTime:548.471s , currentRepackMaxTime:586.491s
iter285		 Improve solution by repack 0.12955455522708947->0.11832874227358238 , unplacedBoxesSize:2
currentRepackCostTime:550.3870000000001s , currentRepackMaxTime:586.491s
iter11		 Improve solution by repack 0.11832874227358238->0.11811676968556839 , unplacedBoxesSize:2
currentRepackCostTime:550.4540000000001s , currentRepackMaxTime:586.491s
Selecting boards with low utilization for repacking...
iter1		 Improve solution by repack 0.9640177371674282->0.9249858908895457 , unplacedBoxesSize:6
currentRepackCostTime:556.039s , currentRepackMaxTime:586.491s
iter4		 Improve solution by repack 0.9249858908895457->0.11811676968556839 , unplacedBoxesSize:2
currentRepackCostTime:556.062s , currentRepackMaxTime:586.491s
Selecting boards with low utilization for repacking...
iter1		 Improve solution by repack 0.9640177371674282->0.9566776404192422 , unplacedBoxesSize:5
currentRepackCostTime:562.912s , currentRepackMaxTime:586.491s
iter2		 Improve solution by repack 0.9566776404192422->0.9205982934694975 , unplacedBoxesSize:8
currentRepackCostTime:562.924s , currentRepackMaxTime:586.491s
iter6		 Improve solution by repack 0.9205982934694975->0.9163974737973664 , unplacedBoxesSize:6
currentRepackCostTime:562.989s , currentRepackMaxTime:586.491s
iter12		 Improve solution by repack 0.9163974737973664->0.15392300456866434 , unplacedBoxesSize:2
currentRepackCostTime:563.065s , currentRepackMaxTime:586.491s
iter8		 Improve solution by repack 0.15392300456866434->0.14905401773716742 , unplacedBoxesSize:2
currentRepackCostTime:563.124s , currentRepackMaxTime:586.491s
iter41		 Improve solution by repack 0.14905401773716742->0.14431537221177104 , unplacedBoxesSize:2
currentRepackCostTime:563.396s , currentRepackMaxTime:586.491s
iter191		 Improve solution by repack 0.14431537221177104->0.1335729642569202 , unplacedBoxesSize:2
currentRepackCostTime:564.625s , currentRepackMaxTime:586.491s
iter493		 Improve solution by repack 0.1335729642569202->0.12907954850846545 , unplacedBoxesSize:2
currentRepackCostTime:567.923s , currentRepackMaxTime:586.491s
Selecting boards with low utilization for repacking...
iter2		 Improve solution by repack 0.9704622413329751->0.9683798038161784 , unplacedBoxesSize:7
currentRepackCostTime:574.165s , currentRepackMaxTime:586.491s
iter2		 Improve solution by repack 0.9683798038161784->0.9359587476484815 , unplacedBoxesSize:7
currentRepackCostTime:574.182s , currentRepackMaxTime:586.491s
iter2		 Improve solution by repack 0.9359587476484815->0.21126511690405803 , unplacedBoxesSize:3
currentRepackCostTime:574.196s , currentRepackMaxTime:586.491s
iter64		 Improve solution by repack 0.21126511690405803->0.183357296425692 , unplacedBoxesSize:2
currentRepackCostTime:574.633s , currentRepackMaxTime:586.491s
iter13		 Improve solution by repack 0.183357296425692->0.1815180730986294 , unplacedBoxesSize:3
currentRepackCostTime:574.711s , currentRepackMaxTime:586.491s
iter13		 Improve solution by repack 0.1815180730986294->0.18046694436979308 , unplacedBoxesSize:3
currentRepackCostTime:574.802s , currentRepackMaxTime:586.491s
iter1		 Improve solution by repack 0.18046694436979308->0.1652311206664875 , unplacedBoxesSize:3
currentRepackCostTime:574.811s , currentRepackMaxTime:586.491s
iter5		 Improve solution by repack 0.1652311206664875->0.15372278957269553 , unplacedBoxesSize:3
currentRepackCostTime:574.848s , currentRepackMaxTime:586.491s
iter30		 Improve solution by repack 0.15372278957269553->0.13521163665681268 , unplacedBoxesSize:2
currentRepackCostTime:575.082s , currentRepackMaxTime:586.491s
iter62		 Improve solution by repack 0.13521163665681268->0.12907954850846545 , unplacedBoxesSize:2
currentRepackCostTime:575.517s , currentRepackMaxTime:586.491s
iter212		 Improve solution by repack 0.12907954850846545->0.12885917764041924 , unplacedBoxesSize:2
currentRepackCostTime:576.92s , currentRepackMaxTime:586.491s
iter12		 Improve solution by repack 0.12885917764041924->0.1214774254232733 , unplacedBoxesSize:2
currentRepackCostTime:577.0070000000001s , currentRepackMaxTime:586.491s
iter4		 Improve solution by repack 0.1214774254232733->0.11810837140553615 , unplacedBoxesSize:2
currentRepackCostTime:577.032s , currentRepackMaxTime:586.491s
iter51		 Improve solution by repack 0.11810837140553615->0.10702902445579145 , unplacedBoxesSize:1
currentRepackCostTime:577.373s , currentRepackMaxTime:586.491s
iter14		 Improve solution by repack 0.10702902445579145->0.09366568126847623 , unplacedBoxesSize:1
currentRepackCostTime:577.445s , currentRepackMaxTime:586.491s
Selecting boards with low utilization for repacking...
iter6		 Improve solution by repack 0.9711935635581833->0.9709617710292932 , unplacedBoxesSize:8
currentRepackCostTime:581.283s , currentRepackMaxTime:586.491s
iter1		 Improve solution by repack 0.9709617710292932->0.9680180059123891 , unplacedBoxesSize:10
currentRepackCostTime:581.294s , currentRepackMaxTime:586.491s
iter2		 Improve solution by repack 0.9680180059123891->0.9454313356624564 , unplacedBoxesSize:9
currentRepackCostTime:581.312s , currentRepackMaxTime:586.491s
iter6		 Improve solution by repack 0.9454313356624564->0.9220985622144585 , unplacedBoxesSize:7
currentRepackCostTime:581.361s , currentRepackMaxTime:586.491s
iter2		 Improve solution by repack 0.9220985622144585->0.9077966272507391 , unplacedBoxesSize:7
currentRepackCostTime:581.378s , currentRepackMaxTime:586.491s
iter16		 Improve solution by repack 0.9077966272507391->0.18121741467347485 , unplacedBoxesSize:2
currentRepackCostTime:581.491s , currentRepackMaxTime:586.491s
iter7		 Improve solution by repack 0.18121741467347485->0.17142972319269015 , unplacedBoxesSize:2
currentRepackCostTime:581.539s , currentRepackMaxTime:586.491s
iter22		 Improve solution by repack 0.17142972319269015->0.14602660575114215 , unplacedBoxesSize:2
currentRepackCostTime:581.6800000000001s , currentRepackMaxTime:586.491s
iter11		 Improve solution by repack 0.14602660575114215->0.13646331631281913 , unplacedBoxesSize:1
currentRepackCostTime:581.75s , currentRepackMaxTime:586.491s
iter1		 Improve solution by repack 0.13646331631281913->0.13462409298575653 , unplacedBoxesSize:2
currentRepackCostTime:581.76s , currentRepackMaxTime:586.491s
iter66		 Improve solution by repack 0.13462409298575653->0.13086838215533458 , unplacedBoxesSize:2
currentRepackCostTime:582.217s , currentRepackMaxTime:586.491s
