total number of nestable workpieces：375
Start priority-first combined packing.
Start nesting on the 1th large board, remaining blocks count: 189
Utilization of the 1th large board: 97.7561475409836, Time taken for this board: 4.557s
-------------------------------------------------------------------
Start nesting on the 2th large board, remaining blocks count: 184
Utilization of the 2th large board: 98.93019349637196, Time taken for this board: 10.555s
-------------------------------------------------------------------
Start nesting on the 3th large board, remaining blocks count: 178
Utilization of the 3th large board: 99.61549314700349, Time taken for this board: 16.563s
-------------------------------------------------------------------
Start nesting on the 4th large board, remaining blocks count: 169
Utilization of the 4th large board: 98.27593388873957, Time taken for this board: 22.647000000000002s
-------------------------------------------------------------------
Start nesting on the 5th large board, remaining blocks count: 163
Utilization of the 5th large board: 98.30180059123892, Time taken for this board: 28.906000000000002s
-------------------------------------------------------------------
Start nesting on the 6th large board, remaining blocks count: 152
Utilization of the 6th large board: 98.84416151572158, Time taken for this board: 35.303s
-------------------------------------------------------------------
Start nesting on the 7th large board, remaining blocks count: 142
Utilization of the 7th large board: 98.93496371943027, Time taken for this board: 39.207s
-------------------------------------------------------------------
Start nesting on the 8th large board, remaining blocks count: 135
Utilization of the 8th large board: 99.55969497446922, Time taken for this board: 42.834s
-------------------------------------------------------------------
Start nesting on the 9th large board, remaining blocks count: 127
Utilization of the 9th large board: 98.55018812147273, Time taken for this board: 44.499s
-------------------------------------------------------------------
Start nesting on the 10th large board, remaining blocks count: 121
Utilization of the 10th large board: 98.22690472991131, Time taken for this board: 46.258s
-------------------------------------------------------------------
Start nesting on the 11th large board, remaining blocks count: 115
Utilization of the 11th large board: 98.28843052942759, Time taken for this board: 48.048s
-------------------------------------------------------------------
Start nesting on the 12th large board, remaining blocks count: 109
Utilization of the 12th large board: 98.80295955388337, Time taken for this board: 49.511s
-------------------------------------------------------------------
Start nesting on the 13th large board, remaining blocks count: 101
Utilization of the 13th large board: 98.10316447191616, Time taken for this board: 51.046s
-------------------------------------------------------------------
Start nesting on the 14th large board, remaining blocks count: 86
Utilization of the 14th large board: 98.17001478097285, Time taken for this board: 51.953s
-------------------------------------------------------------------
Start nesting on the 15th large board, remaining blocks count: 78
Utilization of the 15th large board: 97.53560870733673, Time taken for this board: 52.681000000000004s
-------------------------------------------------------------------
Start nesting on the 16th large board, remaining blocks count: 67
Utilization of the 16th large board: 98.29493079817253, Time taken for this board: 53.263s
-------------------------------------------------------------------
Start nesting on the 17th large board, remaining blocks count: 57
Utilization of the 17th large board: 97.60307793603869, Time taken for this board: 53.337s
-------------------------------------------------------------------
Start nesting on the 18th large board, remaining blocks count: 48
Utilization of the 18th large board: 98.59836065573771, Time taken for this board: 53.435s
-------------------------------------------------------------------
Start nesting on the 19th large board, remaining blocks count: 41
Utilization of the 19th large board: 98.44141359849503, Time taken for this board: 53.577s
-------------------------------------------------------------------
Start nesting on the 20th large board, remaining blocks count: 24
Utilization of the 20th large board: 96.1393778554152, Time taken for this board: 53.612s
-------------------------------------------------------------------
Start nesting on the 21th large board, remaining blocks count: 12
Utilization of the 21th large board: 64.57573568933083, Time taken for this board: 53.619s
-------------------------------------------------------------------
Start global repack optimization for 21 boards, time=340.973s.
Start improving solution by repacking.
Selecting boards with low utilization for repacking...
iter93		 Improve solution by repack 0.6457573568933083->0.6437478164471916 , unplacedBoxesSize:8
currentRepackCostTime:1.495s , currentRepackMaxTime:340.973s
iter58		 Improve solution by repack 0.6437478164471916->0.6429261287288363 , unplacedBoxesSize:8
currentRepackCostTime:2.444s , currentRepackMaxTime:340.973s
Selecting boards with low utilization for repacking...
iter1		 Improve solution by repack 0.9613937785541521->0.6543916285944639 , unplacedBoxesSize:7
currentRepackCostTime:7.216s , currentRepackMaxTime:340.973s
iter19		 Improve solution by repack 0.6543916285944639->0.652469262295082 , unplacedBoxesSize:7
currentRepackCostTime:7.533s , currentRepackMaxTime:340.973s
iter1		 Improve solution by repack 0.652469262295082->0.6475480381617845 , unplacedBoxesSize:8
currentRepackCostTime:7.553s , currentRepackMaxTime:340.973s
iter36		 Improve solution by repack 0.6475480381617845->0.6416887261488847 , unplacedBoxesSize:10
currentRepackCostTime:8.187s , currentRepackMaxTime:340.973s
iter1		 Improve solution by repack 0.6416887261488847->0.6409207874227358 , unplacedBoxesSize:8
currentRepackCostTime:8.197000000000001s , currentRepackMaxTime:340.973s
iter181		 Improve solution by repack 0.6409207874227358->0.6398142300456866 , unplacedBoxesSize:7
currentRepackCostTime:11.574s , currentRepackMaxTime:340.973s
iter30		 Improve solution by repack 0.6398142300456866->0.6386658492340769 , unplacedBoxesSize:8
currentRepackCostTime:12.074s , currentRepackMaxTime:340.973s
iter71		 Improve solution by repack 0.6386658492340769->0.6379341910776674 , unplacedBoxesSize:9
currentRepackCostTime:13.366s , currentRepackMaxTime:340.973s
iter67		 Improve solution by repack 0.6379341910776674->0.6374323098629401 , unplacedBoxesSize:7
currentRepackCostTime:14.643s , currentRepackMaxTime:340.973s
iter44		 Improve solution by repack 0.6374323098629401->0.6360200550927171 , unplacedBoxesSize:8
currentRepackCostTime:15.352s , currentRepackMaxTime:340.973s
iter9		 Improve solution by repack 0.6360200550927171->0.6315803883364687 , unplacedBoxesSize:8
currentRepackCostTime:15.539s , currentRepackMaxTime:340.973s
iter26		 Improve solution by repack 0.6315803883364687->0.6285638941144853 , unplacedBoxesSize:9
currentRepackCostTime:16.031s , currentRepackMaxTime:340.973s
iter151		 Improve solution by repack 0.6285638941144853->0.6205364821284601 , unplacedBoxesSize:9
currentRepackCostTime:18.552s , currentRepackMaxTime:340.973s
iter14		 Improve solution by repack 0.6205364821284601->0.618804420854609 , unplacedBoxesSize:9
currentRepackCostTime:18.797s , currentRepackMaxTime:340.973s
iter14		 Improve solution by repack 0.618804420854609->0.618529965063155 , unplacedBoxesSize:9
currentRepackCostTime:19.084s , currentRepackMaxTime:340.973s
iter5		 Improve solution by repack 0.618529965063155->0.6179605616769686 , unplacedBoxesSize:9
currentRepackCostTime:19.173000000000002s , currentRepackMaxTime:340.973s
iter97		 Improve solution by repack 0.6179605616769686->0.6178839693630744 , unplacedBoxesSize:9
currentRepackCostTime:20.941s , currentRepackMaxTime:340.973s
iter45		 Improve solution by repack 0.6178839693630744->0.6177925960763236 , unplacedBoxesSize:9
currentRepackCostTime:21.777s , currentRepackMaxTime:340.973s
iter32		 Improve solution by repack 0.6177925960763236->0.6176615829078205 , unplacedBoxesSize:9
currentRepackCostTime:22.392s , currentRepackMaxTime:340.973s
iter9		 Improve solution by repack 0.6176615829078205->0.6171294678849771 , unplacedBoxesSize:9
currentRepackCostTime:22.513s , currentRepackMaxTime:340.973s
iter5		 Improve solution by repack 0.6171294678849771->0.6150332571889278 , unplacedBoxesSize:9
currentRepackCostTime:22.597s , currentRepackMaxTime:340.973s
iter164		 Improve solution by repack 0.6150332571889278->0.6122504031174415 , unplacedBoxesSize:8
currentRepackCostTime:25.661s , currentRepackMaxTime:340.973s
iter89		 Improve solution by repack 0.6122504031174415->0.6107519819940876 , unplacedBoxesSize:10
currentRepackCostTime:27.298000000000002s , currentRepackMaxTime:340.973s
iter36		 Improve solution by repack 0.6107519819940876->0.6097522507390486 , unplacedBoxesSize:10
currentRepackCostTime:27.897000000000002s , currentRepackMaxTime:340.973s
iter6		 Improve solution by repack 0.6097522507390486->0.6077702566514378 , unplacedBoxesSize:8
currentRepackCostTime:28.015s , currentRepackMaxTime:340.973s
iter158		 Improve solution by repack 0.6077702566514378->0.606327096210696 , unplacedBoxesSize:9
currentRepackCostTime:30.786s , currentRepackMaxTime:340.973s
iter116		 Improve solution by repack 0.606327096210696->0.6051298374092986 , unplacedBoxesSize:9
currentRepackCostTime:32.867s , currentRepackMaxTime:340.973s
iter82		 Improve solution by repack 0.6051298374092986->0.6018874294544477 , unplacedBoxesSize:8
currentRepackCostTime:34.482s , currentRepackMaxTime:340.973s
iter47		 Improve solution by repack 0.6018874294544477->0.6012874563289439 , unplacedBoxesSize:6
currentRepackCostTime:35.247s , currentRepackMaxTime:340.973s
iter186		 Improve solution by repack 0.6012874563289439->0.5959874697661919 , unplacedBoxesSize:6
currentRepackCostTime:38.028s , currentRepackMaxTime:340.973s
iter183		 Improve solution by repack 0.5959874697661919->0.5951761959150766 , unplacedBoxesSize:8
currentRepackCostTime:40.711s , currentRepackMaxTime:340.973s
iter41		 Improve solution by repack 0.5951761959150766->0.5937330354743349 , unplacedBoxesSize:9
currentRepackCostTime:41.412s , currentRepackMaxTime:340.973s
iter27		 Improve solution by repack 0.5937330354743349->0.5903670048374093 , unplacedBoxesSize:9
currentRepackCostTime:41.883s , currentRepackMaxTime:340.973s
iter16		 Improve solution by repack 0.5903670048374093->0.589834889814566 , unplacedBoxesSize:9
currentRepackCostTime:42.203s , currentRepackMaxTime:340.973s
iter78		 Improve solution by repack 0.589834889814566->0.5867318933082505 , unplacedBoxesSize:7
currentRepackCostTime:43.778s , currentRepackMaxTime:340.973s
Selecting boards with low utilization for repacking...
iter9		 Improve solution by repack 0.979045090029562->0.6112253090567051 , unplacedBoxesSize:6
currentRepackCostTime:47.582s , currentRepackMaxTime:340.973s
iter32		 Improve solution by repack 0.6112253090567051->0.5977453977425423 , unplacedBoxesSize:7
currentRepackCostTime:48.047000000000004s , currentRepackMaxTime:340.973s
iter36		 Improve solution by repack 0.5977453977425423->0.597213282719699 , unplacedBoxesSize:7
currentRepackCostTime:48.735s , currentRepackMaxTime:340.973s
iter120		 Improve solution by repack 0.597213282719699->0.5967995834453104 , unplacedBoxesSize:6
currentRepackCostTime:50.745000000000005s , currentRepackMaxTime:340.973s
iter14		 Improve solution by repack 0.5967995834453104->0.5947945780704111 , unplacedBoxesSize:5
currentRepackCostTime:50.977000000000004s , currentRepackMaxTime:340.973s
iter113		 Improve solution by repack 0.5947945780704111->0.5945847890352056 , unplacedBoxesSize:6
currentRepackCostTime:52.603s , currentRepackMaxTime:340.973s
iter33		 Improve solution by repack 0.5945847890352056->0.5922870196183821 , unplacedBoxesSize:6
currentRepackCostTime:53.115s , currentRepackMaxTime:340.973s
iter109		 Improve solution by repack 0.5922870196183821->0.5917549045955388 , unplacedBoxesSize:6
currentRepackCostTime:54.859s , currentRepackMaxTime:340.973s
iter18		 Improve solution by repack 0.5917549045955388->0.5903802741198603 , unplacedBoxesSize:6
currentRepackCostTime:55.214s , currentRepackMaxTime:340.973s
Selecting boards with low utilization for repacking...
iter14		 Improve solution by repack 0.979045090029562->0.5903802741198603 , unplacedBoxesSize:6
currentRepackCostTime:60.881s , currentRepackMaxTime:340.973s
Selecting boards with low utilization for repacking...
iter2		 Improve solution by repack 0.9817001478097286->0.6023125503896802 , unplacedBoxesSize:7
currentRepackCostTime:67.047s , currentRepackMaxTime:340.973s
iter79		 Improve solution by repack 0.6023125503896802->0.5989639881752218 , unplacedBoxesSize:7
currentRepackCostTime:68.384s , currentRepackMaxTime:340.973s
iter8		 Improve solution by repack 0.5989639881752218->0.5942407954850847 , unplacedBoxesSize:6
currentRepackCostTime:68.509s , currentRepackMaxTime:340.973s
iter20		 Improve solution by repack 0.5942407954850847->0.5917549045955388 , unplacedBoxesSize:6
currentRepackCostTime:68.799s , currentRepackMaxTime:340.973s
Selecting boards with low utilization for repacking...
iter5		 Improve solution by repack 0.9781994087610857->0.5917549045955388 , unplacedBoxesSize:6
currentRepackCostTime:73.808s , currentRepackMaxTime:340.973s
Selecting boards with low utilization for repacking...
iter7		 Improve solution by repack 0.9825300658425155->0.6189413128191347 , unplacedBoxesSize:6
currentRepackCostTime:80.444s , currentRepackMaxTime:340.973s
iter26		 Improve solution by repack 0.6189413128191347->0.6145382625638269 , unplacedBoxesSize:6
currentRepackCostTime:80.904s , currentRepackMaxTime:340.973s
iter4		 Improve solution by repack 0.6145382625638269->0.609423710024187 , unplacedBoxesSize:6
currentRepackCostTime:80.958s , currentRepackMaxTime:340.973s
iter23		 Improve solution by repack 0.609423710024187->0.6079805495834454 , unplacedBoxesSize:7
currentRepackCostTime:81.275s , currentRepackMaxTime:340.973s
iter66		 Improve solution by repack 0.6079805495834454->0.6049334856221446 , unplacedBoxesSize:10
currentRepackCostTime:82.44800000000001s , currentRepackMaxTime:340.973s
iter13		 Improve solution by repack 0.6049334856221446->0.6014760816984682 , unplacedBoxesSize:12
currentRepackCostTime:82.718s , currentRepackMaxTime:340.973s
iter54		 Improve solution by repack 0.6014760816984682->0.6013161784466541 , unplacedBoxesSize:10
currentRepackCostTime:83.932s , currentRepackMaxTime:340.973s
iter24		 Improve solution by repack 0.6013161784466541->0.5994813222252083 , unplacedBoxesSize:8
currentRepackCostTime:84.419s , currentRepackMaxTime:340.973s
iter2		 Improve solution by repack 0.5994813222252083->0.5987352190271432 , unplacedBoxesSize:10
currentRepackCostTime:84.462s , currentRepackMaxTime:340.973s
iter28		 Improve solution by repack 0.5987352190271432->0.5931564095673206 , unplacedBoxesSize:10
currentRepackCostTime:85.061s , currentRepackMaxTime:340.973s
iter63		 Improve solution by repack 0.5931564095673206->0.5908586401504972 , unplacedBoxesSize:11
currentRepackCostTime:86.45100000000001s , currentRepackMaxTime:340.973s
iter5		 Improve solution by repack 0.5908586401504972->0.5903560870733673 , unplacedBoxesSize:11
currentRepackCostTime:86.544s , currentRepackMaxTime:340.973s
Selecting boards with low utilization for repacking...
iter15		 Improve solution by repack 0.9830907350174685->0.6207761690405804 , unplacedBoxesSize:5
currentRepackCostTime:94.16s , currentRepackMaxTime:340.973s
iter13		 Improve solution by repack 0.6207761690405804->0.6202984748723461 , unplacedBoxesSize:5
currentRepackCostTime:94.418s , currentRepackMaxTime:340.973s
iter39		 Improve solution by repack 0.6202984748723461->0.6192248387530234 , unplacedBoxesSize:5
currentRepackCostTime:94.914s , currentRepackMaxTime:340.973s
iter81		 Improve solution by repack 0.6192248387530234->0.614897373018006 , unplacedBoxesSize:9
currentRepackCostTime:96.093s , currentRepackMaxTime:340.973s
iter50		 Improve solution by repack 0.614897373018006->0.6109362402579952 , unplacedBoxesSize:7
currentRepackCostTime:97.09400000000001s , currentRepackMaxTime:340.973s
iter15		 Improve solution by repack 0.6109362402579952->0.6071066245632895 , unplacedBoxesSize:7
currentRepackCostTime:97.381s , currentRepackMaxTime:340.973s
iter21		 Improve solution by repack 0.6071066245632895->0.6049714458478904 , unplacedBoxesSize:9
currentRepackCostTime:97.818s , currentRepackMaxTime:340.973s
iter87		 Improve solution by repack 0.6049714458478904->0.604439330825047 , unplacedBoxesSize:9
currentRepackCostTime:99.367s , currentRepackMaxTime:340.973s
iter5		 Improve solution by repack 0.604439330825047->0.6012481523783929 , unplacedBoxesSize:10
currentRepackCostTime:99.493s , currentRepackMaxTime:340.973s
iter15		 Improve solution by repack 0.6012481523783929->0.597792428110723 , unplacedBoxesSize:7
currentRepackCostTime:99.748s , currentRepackMaxTime:340.973s
iter22		 Improve solution by repack 0.597792428110723->0.5977803345874765 , unplacedBoxesSize:6
currentRepackCostTime:100.161s , currentRepackMaxTime:340.973s
iter16		 Improve solution by repack 0.5977803345874765->0.5977173474872346 , unplacedBoxesSize:5
currentRepackCostTime:100.43900000000001s , currentRepackMaxTime:340.973s
iter4		 Improve solution by repack 0.5977173474872346->0.5965562012899759 , unplacedBoxesSize:4
currentRepackCostTime:100.489s , currentRepackMaxTime:340.973s
iter87		 Improve solution by repack 0.5965562012899759->0.5960187113679118 , unplacedBoxesSize:4
currentRepackCostTime:101.742s , currentRepackMaxTime:340.973s
Selecting boards with low utilization for repacking...
iter5		 Improve solution by repack 0.9755321150228433->0.6081080354743349 , unplacedBoxesSize:8
currentRepackCostTime:106.855s , currentRepackMaxTime:340.973s
iter6		 Improve solution by repack 0.6081080354743349->0.6079064767535609 , unplacedBoxesSize:7
currentRepackCostTime:106.941s , currentRepackMaxTime:340.973s
iter68		 Improve solution by repack 0.6079064767535609->0.6044101048105348 , unplacedBoxesSize:6
currentRepackCostTime:108.07300000000001s , currentRepackMaxTime:340.973s
iter56		 Improve solution by repack 0.6044101048105348->0.6000399758129535 , unplacedBoxesSize:6
currentRepackCostTime:109.086s , currentRepackMaxTime:340.973s
iter13		 Improve solution by repack 0.6000399758129535->0.5968345202902445 , unplacedBoxesSize:4
currentRepackCostTime:109.272s , currentRepackMaxTime:340.973s
iter2		 Improve solution by repack 0.5968345202902445->0.5965523380811609 , unplacedBoxesSize:4
currentRepackCostTime:109.299s , currentRepackMaxTime:340.973s
iter120		 Improve solution by repack 0.5965523380811609->0.595552606826122 , unplacedBoxesSize:5
currentRepackCostTime:110.914s , currentRepackMaxTime:340.973s
iter43		 Improve solution by repack 0.595552606826122->0.5939849838753023 , unplacedBoxesSize:5
currentRepackCostTime:111.581s , currentRepackMaxTime:340.973s
iter118		 Improve solution by repack 0.5939849838753023->0.593204951625907 , unplacedBoxesSize:5
currentRepackCostTime:113.422s , currentRepackMaxTime:340.973s
iter74		 Improve solution by repack 0.593204951625907->0.5912110319806504 , unplacedBoxesSize:4
currentRepackCostTime:114.44800000000001s , currentRepackMaxTime:340.973s
iter50		 Improve solution by repack 0.5912110319806504->0.579834889814566 , unplacedBoxesSize:6
currentRepackCostTime:115.165s , currentRepackMaxTime:340.973s
Selecting boards with low utilization for repacking...
iter14		 Improve solution by repack 0.9812587342112334->0.6235538161784466 , unplacedBoxesSize:9
currentRepackCostTime:119.973s , currentRepackMaxTime:340.973s
iter10		 Improve solution by repack 0.6235538161784466->0.6218019349637195 , unplacedBoxesSize:7
currentRepackCostTime:120.166s , currentRepackMaxTime:340.973s
iter13		 Improve solution by repack 0.6218019349637195->0.6205484076861059 , unplacedBoxesSize:6
currentRepackCostTime:120.38s , currentRepackMaxTime:340.973s
iter2		 Improve solution by repack 0.6205484076861059->0.6167589357699543 , unplacedBoxesSize:4
currentRepackCostTime:120.444s , currentRepackMaxTime:340.973s
iter12		 Improve solution by repack 0.6167589357699543->0.6154615694705724 , unplacedBoxesSize:8
currentRepackCostTime:120.638s , currentRepackMaxTime:340.973s
iter2		 Improve solution by repack 0.6154615694705724->0.6100445108841709 , unplacedBoxesSize:8
currentRepackCostTime:120.654s , currentRepackMaxTime:340.973s
iter4		 Improve solution by repack 0.6100445108841709->0.5942085460897608 , unplacedBoxesSize:11
currentRepackCostTime:120.717s , currentRepackMaxTime:340.973s
iter4		 Improve solution by repack 0.5942085460897608->0.5899274388605213 , unplacedBoxesSize:11
currentRepackCostTime:120.782s , currentRepackMaxTime:340.973s
iter8		 Improve solution by repack 0.5899274388605213->0.589248185971513 , unplacedBoxesSize:11
currentRepackCostTime:120.918s , currentRepackMaxTime:340.973s
iter18		 Improve solution by repack 0.589248185971513->0.5859023112066649 , unplacedBoxesSize:11
currentRepackCostTime:121.273s , currentRepackMaxTime:340.973s
iter54		 Improve solution by repack 0.5859023112066649->0.5803433216877184 , unplacedBoxesSize:8
currentRepackCostTime:122.50200000000001s , currentRepackMaxTime:340.973s
iter23		 Improve solution by repack 0.5803433216877184->0.5770787422735824 , unplacedBoxesSize:8
currentRepackCostTime:122.92s , currentRepackMaxTime:340.973s
iter50		 Improve solution by repack 0.5770787422735824->0.5759251545283526 , unplacedBoxesSize:7
currentRepackCostTime:123.818s , currentRepackMaxTime:340.973s
iter106		 Improve solution by repack 0.5759251545283526->0.5753930395055092 , unplacedBoxesSize:7
currentRepackCostTime:125.431s , currentRepackMaxTime:340.973s
iter17		 Improve solution by repack 0.5753930395055092->0.5749758129535071 , unplacedBoxesSize:6
currentRepackCostTime:125.741s , currentRepackMaxTime:340.973s
iter119		 Improve solution by repack 0.5749758129535071->0.5738830287557108 , unplacedBoxesSize:9
currentRepackCostTime:127.667s , currentRepackMaxTime:340.973s
iter26		 Improve solution by repack 0.5738830287557108->0.573044544477291 , unplacedBoxesSize:9
currentRepackCostTime:128.105s , currentRepackMaxTime:340.973s
iter11		 Improve solution by repack 0.573044544477291->0.571053144316044 , unplacedBoxesSize:9
currentRepackCostTime:128.266s , currentRepackMaxTime:340.973s
iter45		 Improve solution by repack 0.571053144316044->0.5703386186509003 , unplacedBoxesSize:4
currentRepackCostTime:129.14600000000002s , currentRepackMaxTime:340.973s
iter32		 Improve solution by repack 0.5703386186509003->0.5686938994893845 , unplacedBoxesSize:3
currentRepackCostTime:129.69s , currentRepackMaxTime:340.973s
Selecting boards with low utilization for repacking...
iter2		 Improve solution by repack 0.9809696654125235->0.5966877183552809 , unplacedBoxesSize:6
currentRepackCostTime:133.406s , currentRepackMaxTime:340.973s
iter34		 Improve solution by repack 0.5966877183552809->0.5900268744961031 , unplacedBoxesSize:10
currentRepackCostTime:133.92600000000002s , currentRepackMaxTime:340.973s
iter11		 Improve solution by repack 0.5900268744961031->0.5856535541521096 , unplacedBoxesSize:9
currentRepackCostTime:134.122s , currentRepackMaxTime:340.973s
iter4		 Improve solution by repack 0.5856535541521096->0.579955993012631 , unplacedBoxesSize:13
currentRepackCostTime:134.22s , currentRepackMaxTime:340.973s
iter83		 Improve solution by repack 0.579955993012631->0.5788721109916689 , unplacedBoxesSize:13
currentRepackCostTime:135.99s , currentRepackMaxTime:340.973s
iter2		 Improve solution by repack 0.5788721109916689->0.572775799516259 , unplacedBoxesSize:7
currentRepackCostTime:136.02s , currentRepackMaxTime:340.973s
iter99		 Improve solution by repack 0.572775799516259->0.5720365829078204 , unplacedBoxesSize:7
currentRepackCostTime:137.686s , currentRepackMaxTime:340.973s
iter38		 Improve solution by repack 0.5720365829078204->0.5697016930932546 , unplacedBoxesSize:7
currentRepackCostTime:138.389s , currentRepackMaxTime:340.973s
iter18		 Improve solution by repack 0.5697016930932546->0.5696251007793605 , unplacedBoxesSize:7
currentRepackCostTime:138.693s , currentRepackMaxTime:340.973s
iter70		 Improve solution by repack 0.5696251007793605->0.5691474066111261 , unplacedBoxesSize:7
currentRepackCostTime:139.844s , currentRepackMaxTime:340.973s
Selecting boards with low utilization for repacking...
iter9		 Improve solution by repack 0.9850819672131148->0.9843788632088148 , unplacedBoxesSize:18
currentRepackCostTime:144.424s , currentRepackMaxTime:340.973s
iter2		 Improve solution by repack 0.9843788632088148->0.9790227761354474 , unplacedBoxesSize:16
currentRepackCostTime:144.457s , currentRepackMaxTime:340.973s
iter5		 Improve solution by repack 0.9790227761354474->0.9762101921526471 , unplacedBoxesSize:17
currentRepackCostTime:144.538s , currentRepackMaxTime:340.973s
iter7		 Improve solution by repack 0.9762101921526471->0.9750781040043 , unplacedBoxesSize:16
currentRepackCostTime:144.738s , currentRepackMaxTime:340.973s
iter4		 Improve solution by repack 0.9750781040043->0.5769438658962645 , unplacedBoxesSize:12
currentRepackCostTime:144.827s , currentRepackMaxTime:340.973s
iter15		 Improve solution by repack 0.5769438658962645->0.5767060266057511 , unplacedBoxesSize:10
currentRepackCostTime:145.086s , currentRepackMaxTime:340.973s
iter82		 Improve solution by repack 0.5767060266057511->0.5762283324375168 , unplacedBoxesSize:10
currentRepackCostTime:146.755s , currentRepackMaxTime:340.973s
iter47		 Improve solution by repack 0.5762283324375168->0.5753790983606557 , unplacedBoxesSize:10
currentRepackCostTime:147.626s , currentRepackMaxTime:340.973s
iter66		 Improve solution by repack 0.5753790983606557->0.5720394383230315 , unplacedBoxesSize:9
currentRepackCostTime:148.872s , currentRepackMaxTime:340.973s
iter192		 Improve solution by repack 0.5720394383230315->0.5718143644181672 , unplacedBoxesSize:9
currentRepackCostTime:152.343s , currentRepackMaxTime:340.973s
iter153		 Improve solution by repack 0.5718143644181672->0.5703712039774255 , unplacedBoxesSize:10
currentRepackCostTime:155.095s , currentRepackMaxTime:340.973s
iter57		 Improve solution by repack 0.5703712039774255->0.5702603466809998 , unplacedBoxesSize:11
currentRepackCostTime:156.207s , currentRepackMaxTime:340.973s
iter26		 Improve solution by repack 0.5702603466809998->0.5691017199677506 , unplacedBoxesSize:11
currentRepackCostTime:156.721s , currentRepackMaxTime:340.973s
iter95		 Improve solution by repack 0.5691017199677506->0.5671949744692287 , unplacedBoxesSize:11
currentRepackCostTime:158.726s , currentRepackMaxTime:340.973s
Selecting boards with low utilization for repacking...
iter12		 Improve solution by repack 0.973509641225477->0.5958707336737437 , unplacedBoxesSize:10
currentRepackCostTime:165.114s , currentRepackMaxTime:340.973s
iter33		 Improve solution by repack 0.5958707336737437->0.5874798441279226 , unplacedBoxesSize:13
currentRepackCostTime:165.809s , currentRepackMaxTime:340.973s
iter32		 Improve solution by repack 0.5874798441279226->0.5871649086267132 , unplacedBoxesSize:11
currentRepackCostTime:166.364s , currentRepackMaxTime:340.973s
iter1		 Improve solution by repack 0.5871649086267132->0.5841759607632357 , unplacedBoxesSize:10
currentRepackCostTime:166.382s , currentRepackMaxTime:340.973s
iter15		 Improve solution by repack 0.5841759607632357->0.5814508868583714 , unplacedBoxesSize:10
currentRepackCostTime:166.702s , currentRepackMaxTime:340.973s
iter42		 Improve solution by repack 0.5814508868583714->0.5806083714055361 , unplacedBoxesSize:10
currentRepackCostTime:167.555s , currentRepackMaxTime:340.973s
iter53		 Improve solution by repack 0.5806083714055361->0.5801975275463584 , unplacedBoxesSize:12
currentRepackCostTime:168.64000000000001s , currentRepackMaxTime:340.973s
iter11		 Improve solution by repack 0.5801975275463584->0.5797682074711099 , unplacedBoxesSize:11
currentRepackCostTime:168.888s , currentRepackMaxTime:340.973s
iter1		 Improve solution by repack 0.5797682074711099->0.575313255845203 , unplacedBoxesSize:10
currentRepackCostTime:168.911s , currentRepackMaxTime:340.973s
iter44		 Improve solution by repack 0.575313255845203->0.5733717414673475 , unplacedBoxesSize:10
currentRepackCostTime:169.83100000000002s , currentRepackMaxTime:340.973s
iter49		 Improve solution by repack 0.5733717414673475->0.573331765654394 , unplacedBoxesSize:11
currentRepackCostTime:170.726s , currentRepackMaxTime:340.973s
iter22		 Improve solution by repack 0.573331765654394->0.5692685098091911 , unplacedBoxesSize:11
currentRepackCostTime:171.189s , currentRepackMaxTime:340.973s
iter18		 Improve solution by repack 0.5692685098091911->0.5686134439666757 , unplacedBoxesSize:11
currentRepackCostTime:171.608s , currentRepackMaxTime:340.973s
iter114		 Improve solution by repack 0.5686134439666757->0.5681612805697394 , unplacedBoxesSize:10
currentRepackCostTime:174.129s , currentRepackMaxTime:340.973s
Selecting boards with low utilization for repacking...
iter3		 Improve solution by repack 0.9773854474603602->0.5896576861058854 , unplacedBoxesSize:6
currentRepackCostTime:181.851s , currentRepackMaxTime:340.973s
iter43		 Improve solution by repack 0.5896576861058854->0.5792733808116098 , unplacedBoxesSize:9
currentRepackCostTime:182.47400000000002s , currentRepackMaxTime:340.973s
iter2		 Improve solution by repack 0.5792733808116098->0.5757514780972857 , unplacedBoxesSize:11
currentRepackCostTime:182.5s , currentRepackMaxTime:340.973s
iter12		 Improve solution by repack 0.5757514780972857->0.5744789707067992 , unplacedBoxesSize:9
currentRepackCostTime:182.75900000000001s , currentRepackMaxTime:340.973s
iter31		 Improve solution by repack 0.5744789707067992->0.5723201088417091 , unplacedBoxesSize:11
currentRepackCostTime:183.366s , currentRepackMaxTime:340.973s
iter8		 Improve solution by repack 0.5723201088417091->0.572058082504703 , unplacedBoxesSize:11
currentRepackCostTime:183.55100000000002s , currentRepackMaxTime:340.973s
iter64		 Improve solution by repack 0.572058082504703->0.5711349435635582 , unplacedBoxesSize:11
currentRepackCostTime:184.916s , currentRepackMaxTime:340.973s
iter14		 Improve solution by repack 0.5711349435635582->0.5710583512496641 , unplacedBoxesSize:11
currentRepackCostTime:185.178s , currentRepackMaxTime:340.973s
iter2		 Improve solution by repack 0.5710583512496641->0.5683008599838753 , unplacedBoxesSize:10
currentRepackCostTime:185.231s , currentRepackMaxTime:340.973s
iter19		 Improve solution by repack 0.5683008599838753->0.5681436441816716 , unplacedBoxesSize:9
currentRepackCostTime:185.547s , currentRepackMaxTime:340.973s
Selecting boards with low utilization for repacking...
iter2		 Improve solution by repack 0.9824959688255845->0.5839105751142166 , unplacedBoxesSize:10
currentRepackCostTime:189.624s , currentRepackMaxTime:340.973s
iter10		 Improve solution by repack 0.5839105751142166->0.5733181604407418 , unplacedBoxesSize:9
currentRepackCostTime:189.838s , currentRepackMaxTime:340.973s
Selecting boards with low utilization for repacking...
iter8		 Improve solution by repack 0.9892283660306369->0.988605213652244 , unplacedBoxesSize:10
currentRepackCostTime:197.578s , currentRepackMaxTime:340.973s
iter6		 Improve solution by repack 0.988605213652244->0.6121968220908358 , unplacedBoxesSize:8
currentRepackCostTime:197.669s , currentRepackMaxTime:340.973s
iter1		 Improve solution by repack 0.6121968220908358->0.6006836199946252 , unplacedBoxesSize:8
currentRepackCostTime:197.679s , currentRepackMaxTime:340.973s
iter8		 Improve solution by repack 0.6006836199946252->0.5990951693093255 , unplacedBoxesSize:8
currentRepackCostTime:197.827s , currentRepackMaxTime:340.973s
iter6		 Improve solution by repack 0.5990951693093255->0.5957884305294275 , unplacedBoxesSize:8
currentRepackCostTime:197.913s , currentRepackMaxTime:340.973s
iter20		 Improve solution by repack 0.5957884305294275->0.5937970303681805 , unplacedBoxesSize:8
currentRepackCostTime:198.235s , currentRepackMaxTime:340.973s
iter24		 Improve solution by repack 0.5937970303681805->0.5901271499596883 , unplacedBoxesSize:11
currentRepackCostTime:198.726s , currentRepackMaxTime:340.973s
iter30		 Improve solution by repack 0.5901271499596883->0.5900545888202097 , unplacedBoxesSize:11
currentRepackCostTime:199.375s , currentRepackMaxTime:340.973s
iter6		 Improve solution by repack 0.5900545888202097->0.5899074509540446 , unplacedBoxesSize:11
currentRepackCostTime:199.471s , currentRepackMaxTime:340.973s
iter12		 Improve solution by repack 0.5899074509540446->0.5881231523783929 , unplacedBoxesSize:8
currentRepackCostTime:199.73000000000002s , currentRepackMaxTime:340.973s
iter13		 Improve solution by repack 0.5881231523783929->0.587758331093792 , unplacedBoxesSize:8
currentRepackCostTime:199.966s , currentRepackMaxTime:340.973s
iter7		 Improve solution by repack 0.587758331093792->0.5877086132760011 , unplacedBoxesSize:10
currentRepackCostTime:200.085s , currentRepackMaxTime:340.973s
iter13		 Improve solution by repack 0.5877086132760011->0.5867397876914807 , unplacedBoxesSize:6
currentRepackCostTime:200.314s , currentRepackMaxTime:340.973s
iter10		 Improve solution by repack 0.5867397876914807->0.5843833982800323 , unplacedBoxesSize:7
currentRepackCostTime:200.504s , currentRepackMaxTime:340.973s
iter53		 Improve solution by repack 0.5843833982800323->0.584240627519484 , unplacedBoxesSize:9
currentRepackCostTime:201.442s , currentRepackMaxTime:340.973s
iter124		 Improve solution by repack 0.584240627519484->0.5823883028755711 , unplacedBoxesSize:9
currentRepackCostTime:203.714s , currentRepackMaxTime:340.973s
iter95		 Improve solution by repack 0.5823883028755711->0.5812545350712174 , unplacedBoxesSize:8
currentRepackCostTime:205.589s , currentRepackMaxTime:340.973s
Selecting boards with low utilization for repacking...
iter4		 Improve solution by repack 0.9856584251545283->0.9827717683418435 , unplacedBoxesSize:13
currentRepackCostTime:212.453s , currentRepackMaxTime:340.973s
iter2		 Improve solution by repack 0.9827717683418435->0.59754165546896 , unplacedBoxesSize:11
currentRepackCostTime:212.478s , currentRepackMaxTime:340.973s
iter4		 Improve solution by repack 0.59754165546896->0.5974620397742542 , unplacedBoxesSize:10
currentRepackCostTime:212.57s , currentRepackMaxTime:340.973s
iter8		 Improve solution by repack 0.5974620397742542->0.5973854474603602 , unplacedBoxesSize:10
currentRepackCostTime:212.721s , currentRepackMaxTime:340.973s
iter1		 Improve solution by repack 0.5973854474603602->0.5866761287288363 , unplacedBoxesSize:8
currentRepackCostTime:212.73600000000002s , currentRepackMaxTime:340.973s
iter20		 Improve solution by repack 0.5866761287288363->0.5865556973931739 , unplacedBoxesSize:9
currentRepackCostTime:213.08s , currentRepackMaxTime:340.973s
iter45		 Improve solution by repack 0.5865556973931739->0.5849835393711368 , unplacedBoxesSize:10
currentRepackCostTime:213.90800000000002s , currentRepackMaxTime:340.973s
iter14		 Improve solution by repack 0.5849835393711368->0.5828957269551196 , unplacedBoxesSize:9
currentRepackCostTime:214.197s , currentRepackMaxTime:340.973s
iter8		 Improve solution by repack 0.5828957269551196->0.5798948535339963 , unplacedBoxesSize:10
currentRepackCostTime:214.364s , currentRepackMaxTime:340.973s
iter15		 Improve solution by repack 0.5798948535339963->0.5794789707067992 , unplacedBoxesSize:10
currentRepackCostTime:214.673s , currentRepackMaxTime:340.973s
iter91		 Improve solution by repack 0.5794789707067992->0.5768835662456329 , unplacedBoxesSize:10
currentRepackCostTime:216.463s , currentRepackMaxTime:340.973s
iter1		 Improve solution by repack 0.5768835662456329->0.5746731389411448 , unplacedBoxesSize:11
currentRepackCostTime:216.477s , currentRepackMaxTime:340.973s
iter59		 Improve solution by repack 0.5746731389411448->0.5738638806772373 , unplacedBoxesSize:10
currentRepackCostTime:217.752s , currentRepackMaxTime:340.973s
iter130		 Improve solution by repack 0.5738638806772373->0.5710350040311745 , unplacedBoxesSize:8
currentRepackCostTime:220.457s , currentRepackMaxTime:340.973s
Selecting boards with low utilization for repacking...
iter4		 Improve solution by repack 0.989716642031712->0.5894050658425154 , unplacedBoxesSize:8
currentRepackCostTime:224.554s , currentRepackMaxTime:340.973s
iter11		 Improve solution by repack 0.5894050658425154->0.5893311609782317 , unplacedBoxesSize:8
currentRepackCostTime:224.723s , currentRepackMaxTime:340.973s
iter42		 Improve solution by repack 0.5893311609782317->0.5854706396130073 , unplacedBoxesSize:8
currentRepackCostTime:225.52s , currentRepackMaxTime:340.973s
iter27		 Improve solution by repack 0.5854706396130073->0.5854076525127654 , unplacedBoxesSize:7
currentRepackCostTime:225.98600000000002s , currentRepackMaxTime:340.973s
iter22		 Improve solution by repack 0.5854076525127654->0.5852383431873152 , unplacedBoxesSize:7
currentRepackCostTime:226.346s , currentRepackMaxTime:340.973s
iter7		 Improve solution by repack 0.5852383431873152->0.5846961502284332 , unplacedBoxesSize:6
currentRepackCostTime:226.461s , currentRepackMaxTime:340.973s
iter15		 Improve solution by repack 0.5846961502284332->0.576555193496372 , unplacedBoxesSize:9
currentRepackCostTime:226.714s , currentRepackMaxTime:340.973s
iter89		 Improve solution by repack 0.576555193496372->0.575976048105348 , unplacedBoxesSize:9
currentRepackCostTime:228.35s , currentRepackMaxTime:340.973s
iter72		 Improve solution by repack 0.575976048105348->0.5720192824509541 , unplacedBoxesSize:8
currentRepackCostTime:229.87s , currentRepackMaxTime:340.973s
iter15		 Improve solution by repack 0.5720192824509541->0.5715476350443429 , unplacedBoxesSize:8
currentRepackCostTime:230.12s , currentRepackMaxTime:340.973s
iter2		 Improve solution by repack 0.5715476350443429->0.5697319269013706 , unplacedBoxesSize:7
currentRepackCostTime:230.136s , currentRepackMaxTime:340.973s
iter7		 Improve solution by repack 0.5697319269013706->0.5681060198871271 , unplacedBoxesSize:8
currentRepackCostTime:230.296s , currentRepackMaxTime:340.973s
iter21		 Improve solution by repack 0.5681060198871271->0.5672897070679924 , unplacedBoxesSize:9
currentRepackCostTime:230.659s , currentRepackMaxTime:340.973s
iter101		 Improve solution by repack 0.5672897070679924->0.5672483875302338 , unplacedBoxesSize:8
currentRepackCostTime:232.601s , currentRepackMaxTime:340.973s
Selecting boards with low utilization for repacking...
iter2		 Improve solution by repack 0.9901105213652245->0.6049170249932814 , unplacedBoxesSize:7
currentRepackCostTime:239.927s , currentRepackMaxTime:340.973s
iter2		 Improve solution by repack 0.6049170249932814->0.5919346277882289 , unplacedBoxesSize:6
currentRepackCostTime:239.966s , currentRepackMaxTime:340.973s
iter37		 Improve solution by repack 0.5919346277882289->0.5865545216339694 , unplacedBoxesSize:10
currentRepackCostTime:240.51500000000001s , currentRepackMaxTime:340.973s
iter12		 Improve solution by repack 0.5865545216339694->0.5817594396667563 , unplacedBoxesSize:10
currentRepackCostTime:240.687s , currentRepackMaxTime:340.973s
iter45		 Improve solution by repack 0.5817594396667563->0.5800406476753561 , unplacedBoxesSize:11
currentRepackCostTime:241.588s , currentRepackMaxTime:340.973s
iter12		 Improve solution by repack 0.5800406476753561->0.5768862536952432 , unplacedBoxesSize:9
currentRepackCostTime:241.818s , currentRepackMaxTime:340.973s
iter10		 Improve solution by repack 0.5768862536952432->0.576043738242408 , unplacedBoxesSize:9
currentRepackCostTime:242.023s , currentRepackMaxTime:340.973s
iter62		 Improve solution by repack 0.576043738242408->0.5746865761891965 , unplacedBoxesSize:11
currentRepackCostTime:243.118s , currentRepackMaxTime:340.973s
iter5		 Improve solution by repack 0.5746865761891965->0.5715541857027681 , unplacedBoxesSize:11
currentRepackCostTime:243.197s , currentRepackMaxTime:340.973s
iter52		 Improve solution by repack 0.5715541857027681->0.5687243012631014 , unplacedBoxesSize:11
currentRepackCostTime:244.269s , currentRepackMaxTime:340.973s
iter6		 Improve solution by repack 0.5687243012631014->0.5684132289707068 , unplacedBoxesSize:14
currentRepackCostTime:244.383s , currentRepackMaxTime:340.973s
iter25		 Improve solution by repack 0.5684132289707068->0.5673301867777479 , unplacedBoxesSize:15
currentRepackCostTime:244.893s , currentRepackMaxTime:340.973s
iter60		 Improve solution by repack 0.5673301867777479->0.5649981523783929 , unplacedBoxesSize:14
currentRepackCostTime:246.353s , currentRepackMaxTime:340.973s
iter11		 Improve solution by repack 0.5649981523783929->0.5633494020424618 , unplacedBoxesSize:12
currentRepackCostTime:246.62800000000001s , currentRepackMaxTime:340.973s
iter46		 Improve solution by repack 0.5633494020424618->0.5608858505778016 , unplacedBoxesSize:10
currentRepackCostTime:247.69s , currentRepackMaxTime:340.973s
iter137		 Improve solution by repack 0.5608858505778016->0.5597485554958345 , unplacedBoxesSize:12
currentRepackCostTime:250.106s , currentRepackMaxTime:340.973s
iter42		 Improve solution by repack 0.5597485554958345->0.5596719631819403 , unplacedBoxesSize:12
currentRepackCostTime:250.964s , currentRepackMaxTime:340.973s
iter12		 Improve solution by repack 0.5596719631819403->0.5547626646062886 , unplacedBoxesSize:11
currentRepackCostTime:251.217s , currentRepackMaxTime:340.973s
iter4		 Improve solution by repack 0.5547626646062886->0.5541836871808653 , unplacedBoxesSize:3
currentRepackCostTime:251.339s , currentRepackMaxTime:340.973s
Selecting boards with low utilization for repacking...
iter27		 Improve solution by repack 0.99116668906208->0.9807880690674549 , unplacedBoxesSize:17
currentRepackCostTime:255.43200000000002s , currentRepackMaxTime:340.973s
iter5		 Improve solution by repack 0.9807880690674549->0.5589409768879333 , unplacedBoxesSize:15
currentRepackCostTime:255.522s , currentRepackMaxTime:340.973s
iter9		 Improve solution by repack 0.5589409768879333->0.5577393509809191 , unplacedBoxesSize:13
currentRepackCostTime:255.752s , currentRepackMaxTime:340.973s
iter12		 Improve solution by repack 0.5577393509809191->0.5570098763773179 , unplacedBoxesSize:14
currentRepackCostTime:256.025s , currentRepackMaxTime:340.973s
iter6		 Improve solution by repack 0.5570098763773179->0.5568244423542059 , unplacedBoxesSize:14
currentRepackCostTime:256.182s , currentRepackMaxTime:340.973s
iter23		 Improve solution by repack 0.5568244423542059->0.5543452700886858 , unplacedBoxesSize:14
currentRepackCostTime:256.665s , currentRepackMaxTime:340.973s
iter18		 Improve solution by repack 0.5543452700886858->0.5533566245632894 , unplacedBoxesSize:13
currentRepackCostTime:256.979s , currentRepackMaxTime:340.973s
iter78		 Improve solution by repack 0.5533566245632894->0.5517167764041925 , unplacedBoxesSize:13
currentRepackCostTime:258.759s , currentRepackMaxTime:340.973s
iter4		 Improve solution by repack 0.5517167764041925->0.551184661381349 , unplacedBoxesSize:13
currentRepackCostTime:258.811s , currentRepackMaxTime:340.973s
iter6		 Improve solution by repack 0.551184661381349->0.5507099905939263 , unplacedBoxesSize:11
currentRepackCostTime:258.932s , currentRepackMaxTime:340.973s
iter167		 Improve solution by repack 0.5507099905939263->0.5507074711099167 , unplacedBoxesSize:10
currentRepackCostTime:262.259s , currentRepackMaxTime:340.973s
iter11		 Improve solution by repack 0.5507074711099167->0.5502929320075248 , unplacedBoxesSize:10
currentRepackCostTime:262.478s , currentRepackMaxTime:340.973s
iter62		 Improve solution by repack 0.5502929320075248->0.5500307377049181 , unplacedBoxesSize:10
currentRepackCostTime:263.597s , currentRepackMaxTime:340.973s
iter52		 Improve solution by repack 0.5500307377049181->0.5486661851652781 , unplacedBoxesSize:11
currentRepackCostTime:264.597s , currentRepackMaxTime:340.973s
iter4		 Improve solution by repack 0.5486661851652781->0.5485961435098092 , unplacedBoxesSize:12
currentRepackCostTime:264.706s , currentRepackMaxTime:340.973s
iter154		 Improve solution by repack 0.5485961435098092->0.5482151975275463 , unplacedBoxesSize:12
currentRepackCostTime:268.083s , currentRepackMaxTime:340.973s
iter22		 Improve solution by repack 0.5482151975275463->0.5429142031711905 , unplacedBoxesSize:11
currentRepackCostTime:268.509s , currentRepackMaxTime:340.973s
iter32		 Improve solution by repack 0.5429142031711905->0.5424677506046762 , unplacedBoxesSize:12
currentRepackCostTime:269.163s , currentRepackMaxTime:340.973s
iter34		 Improve solution by repack 0.5424677506046762->0.5394534399355012 , unplacedBoxesSize:10
currentRepackCostTime:269.872s , currentRepackMaxTime:340.973s
Selecting boards with low utilization for repacking...
iter5		 Improve solution by repack 0.9939225006718623->0.5574098024724536 , unplacedBoxesSize:10
currentRepackCostTime:276.082s , currentRepackMaxTime:340.973s
iter3		 Improve solution by repack 0.5574098024724536->0.5573332101585595 , unplacedBoxesSize:10
currentRepackCostTime:276.134s , currentRepackMaxTime:340.973s
iter10		 Improve solution by repack 0.5573332101585595->0.556725006718624 , unplacedBoxesSize:9
currentRepackCostTime:276.284s , currentRepackMaxTime:340.973s
iter71		 Improve solution by repack 0.556725006718624->0.5559001276538565 , unplacedBoxesSize:10
currentRepackCostTime:277.502s , currentRepackMaxTime:340.973s
iter5		 Improve solution by repack 0.5559001276538565->0.5537363947863477 , unplacedBoxesSize:10
currentRepackCostTime:277.594s , currentRepackMaxTime:340.973s
iter9		 Improve solution by repack 0.5537363947863477->0.5530813289438323 , unplacedBoxesSize:10
currentRepackCostTime:277.789s , currentRepackMaxTime:340.973s
iter22		 Improve solution by repack 0.5530813289438323->0.552549213920989 , unplacedBoxesSize:10
currentRepackCostTime:278.23s , currentRepackMaxTime:340.973s
iter13		 Improve solution by repack 0.552549213920989->0.550469295888202 , unplacedBoxesSize:10
currentRepackCostTime:278.431s , currentRepackMaxTime:340.973s
iter18		 Improve solution by repack 0.550469295888202->0.5450821351787154 , unplacedBoxesSize:12
currentRepackCostTime:278.77500000000003s , currentRepackMaxTime:340.973s
iter40		 Improve solution by repack 0.5450821351787154->0.5410019148078473 , unplacedBoxesSize:12
currentRepackCostTime:279.586s , currentRepackMaxTime:340.973s
iter98		 Improve solution by repack 0.5410019148078473->0.5379644248857834 , unplacedBoxesSize:11
currentRepackCostTime:281.507s , currentRepackMaxTime:340.973s
iter83		 Improve solution by repack 0.5379644248857834->0.5371375302338081 , unplacedBoxesSize:12
currentRepackCostTime:283.173s , currentRepackMaxTime:340.973s
iter37		 Improve solution by repack 0.5371375302338081->0.5363333109379199 , unplacedBoxesSize:12
currentRepackCostTime:283.934s , currentRepackMaxTime:340.973s
iter124		 Improve solution by repack 0.5363333109379199->0.5356782450954045 , unplacedBoxesSize:12
currentRepackCostTime:286.491s , currentRepackMaxTime:340.973s
Selecting boards with low utilization for repacking...
All low-utilization boards have been repacked once. Restarting repacking process...
Selecting boards with low utilization for repacking...
Selecting boards with low utilization for repacking...
iter7		 Improve solution by repack 0.9797767481859714->0.5356782450954045 , unplacedBoxesSize:12
currentRepackCostTime:297.165s , currentRepackMaxTime:340.973s
Selecting boards with low utilization for repacking...
iter5		 Improve solution by repack 0.9813492676699812->0.9812767065305025 , unplacedBoxesSize:10
currentRepackCostTime:305.896s , currentRepackMaxTime:340.973s
iter3		 Improve solution by repack 0.9812767065305025->0.5583475544208546 , unplacedBoxesSize:12
currentRepackCostTime:305.951s , currentRepackMaxTime:340.973s
iter20		 Improve solution by repack 0.5583475544208546->0.5433974402042462 , unplacedBoxesSize:12
currentRepackCostTime:306.315s , currentRepackMaxTime:340.973s
iter57		 Improve solution by repack 0.5433974402042462->0.5415617441547971 , unplacedBoxesSize:11
currentRepackCostTime:307.399s , currentRepackMaxTime:340.973s
iter20		 Improve solution by repack 0.5415617441547971->0.5412770424617038 , unplacedBoxesSize:10
currentRepackCostTime:307.817s , currentRepackMaxTime:340.973s
iter108		 Improve solution by repack 0.5412770424617038->0.5407509742004837 , unplacedBoxesSize:9
currentRepackCostTime:309.87s , currentRepackMaxTime:340.973s
iter154		 Improve solution by repack 0.5407509742004837->0.5394609983875303 , unplacedBoxesSize:9
currentRepackCostTime:312.543s , currentRepackMaxTime:340.973s
iter6		 Improve solution by repack 0.5394609983875303->0.5389288833646869 , unplacedBoxesSize:9
currentRepackCostTime:312.66700000000003s , currentRepackMaxTime:340.973s
iter21		 Improve solution by repack 0.5389288833646869->0.5365946654125235 , unplacedBoxesSize:9
currentRepackCostTime:313.008s , currentRepackMaxTime:340.973s
iter24		 Improve solution by repack 0.5365946654125235->0.5356433082504702 , unplacedBoxesSize:9
currentRepackCostTime:313.466s , currentRepackMaxTime:340.973s
iter1		 Improve solution by repack 0.5356433082504702->0.5349882424079548 , unplacedBoxesSize:9
currentRepackCostTime:313.473s , currentRepackMaxTime:340.973s
iter15		 Improve solution by repack 0.5349882424079548->0.5326481456597688 , unplacedBoxesSize:10
currentRepackCostTime:313.771s , currentRepackMaxTime:340.973s
iter190		 Improve solution by repack 0.5326481456597688->0.5300611394786348 , unplacedBoxesSize:10
currentRepackCostTime:317.267s , currentRepackMaxTime:340.973s
iter72		 Improve solution by repack 0.5300611394786348->0.5286018543402311 , unplacedBoxesSize:10
currentRepackCostTime:318.60200000000003s , currentRepackMaxTime:340.973s
iter57		 Improve solution by repack 0.5286018543402311->0.5284911650094061 , unplacedBoxesSize:11
currentRepackCostTime:319.769s , currentRepackMaxTime:340.973s
iter30		 Improve solution by repack 0.5284911650094061->0.5264552539639882 , unplacedBoxesSize:13
currentRepackCostTime:320.502s , currentRepackMaxTime:340.973s
iter58		 Improve solution by repack 0.5264552539639882->0.5258586401504972 , unplacedBoxesSize:12
currentRepackCostTime:321.901s , currentRepackMaxTime:340.973s
iter47		 Improve solution by repack 0.5258586401504972->0.5247258801397474 , unplacedBoxesSize:12
currentRepackCostTime:322.918s , currentRepackMaxTime:340.973s
iter95		 Improve solution by repack 0.5247258801397474->0.5242992475141091 , unplacedBoxesSize:12
currentRepackCostTime:325.01300000000003s , currentRepackMaxTime:340.973s
iter68		 Improve solution by repack 0.5242992475141091->0.5232282988443967 , unplacedBoxesSize:14
currentRepackCostTime:326.621s , currentRepackMaxTime:340.973s
Selecting boards with low utilization for repacking...
iter9		 Improve solution by repack 0.9797767481859714->0.9797001558720774 , unplacedBoxesSize:7
currentRepackCostTime:336.835s , currentRepackMaxTime:340.973s
iter11		 Improve solution by repack 0.9797001558720774->0.550327868852459 , unplacedBoxesSize:11
currentRepackCostTime:336.971s , currentRepackMaxTime:340.973s
iter9		 Improve solution by repack 0.550327868852459->0.5472794611663531 , unplacedBoxesSize:9
currentRepackCostTime:337.159s , currentRepackMaxTime:340.973s
iter12		 Improve solution by repack 0.5472794611663531->0.5334288497715668 , unplacedBoxesSize:7
currentRepackCostTime:337.33s , currentRepackMaxTime:340.973s
iter23		 Improve solution by repack 0.5334288497715668->0.5311972588013975 , unplacedBoxesSize:6
currentRepackCostTime:337.736s , currentRepackMaxTime:340.973s
Global repack result: 21 -> 21 boards.
Start nesting on the 1th large board, remaining blocks count: 155
Utilization of the 1th large board: 97.95646331631282, Time taken for this board: 3.58s
-------------------------------------------------------------------
Start nesting on the 2th large board, remaining blocks count: 154
Utilization of the 2th large board: 98.5151840902983, Time taken for this board: 7.447s
-------------------------------------------------------------------
Start nesting on the 3th large board, remaining blocks count: 146
Utilization of the 3th large board: 98.89169578070411, Time taken for this board: 12.132s
-------------------------------------------------------------------
Start nesting on the 4th large board, remaining blocks count: 137
Utilization of the 4th large board: 98.02119725880141, Time taken for this board: 17.904s
-------------------------------------------------------------------
Start nesting on the 5th large board, remaining blocks count: 122
Utilization of the 5th large board: 96.57103265251277, Time taken for this board: 18.949s
-------------------------------------------------------------------
Start nesting on the 6th large board, remaining blocks count: 112
Utilization of the 6th large board: 98.85806906745498, Time taken for this board: 19.697s
-------------------------------------------------------------------
Start nesting on the 7th large board, remaining blocks count: 105
Utilization of the 7th large board: 98.86925557645793, Time taken for this board: 21.406s
-------------------------------------------------------------------
Start nesting on the 8th large board, remaining blocks count: 95
Utilization of the 8th large board: 97.98716742811072, Time taken for this board: 22.701s
-------------------------------------------------------------------
Start nesting on the 9th large board, remaining blocks count: 89
Utilization of the 9th large board: 98.86982665950012, Time taken for this board: 24.031s
-------------------------------------------------------------------
Start nesting on the 10th large board, remaining blocks count: 79
Utilization of the 10th large board: 98.02388470841171, Time taken for this board: 25.206s
-------------------------------------------------------------------
Start nesting on the 11th large board, remaining blocks count: 76
Utilization of the 11th large board: 99.1592985756517, Time taken for this board: 26.008s
-------------------------------------------------------------------
Start nesting on the 12th large board, remaining blocks count: 66
Utilization of the 12th large board: 98.16514377855415, Time taken for this board: 26.695s
-------------------------------------------------------------------
Start nesting on the 13th large board, remaining blocks count: 58
Utilization of the 13th large board: 97.89357699543133, Time taken for this board: 26.856s
-------------------------------------------------------------------
Start nesting on the 14th large board, remaining blocks count: 50
Utilization of the 14th large board: 98.0666151572158, Time taken for this board: 26.951s
-------------------------------------------------------------------
Start nesting on the 15th large board, remaining blocks count: 32
Utilization of the 15th large board: 96.57884305294274, Time taken for this board: 26.971s
-------------------------------------------------------------------
Start nesting on the 16th large board, remaining blocks count: 20
Utilization of the 16th large board: 94.99808519215264, Time taken for this board: 26.994s
-------------------------------------------------------------------
Start nesting on the 17th large board, remaining blocks count: 8
Utilization of the 17th large board: 80.75816312819134, Time taken for this board: 26.995s
-------------------------------------------------------------------
Start nesting on the 18th large board, remaining blocks count: 2
Utilization of the 18th large board: 61.660843859177646, Time taken for this board: 26.995s
-------------------------------------------------------------------
Start global repack optimization for 18 boards, time=173.408s.
Start improving solution by repacking.
Selecting boards with low utilization for repacking...
iter15		 Improve solution by repack 0.6166084385917764->0.6123226283257189 , unplacedBoxesSize:4
currentRepackCostTime:0.139s , currentRepackMaxTime:173.408s
iter32		 Improve solution by repack 0.6123226283257189->0.562634372480516 , unplacedBoxesSize:3
currentRepackCostTime:0.395s , currentRepackMaxTime:173.408s
iter17		 Improve solution by repack 0.562634372480516->0.5209918368718086 , unplacedBoxesSize:5
currentRepackCostTime:0.547s , currentRepackMaxTime:173.408s
iter23		 Improve solution by repack 0.5209918368718086->0.5042355885514647 , unplacedBoxesSize:5
currentRepackCostTime:0.746s , currentRepackMaxTime:173.408s
iter16		 Improve solution by repack 0.5042355885514647->0.48395071889277075 , unplacedBoxesSize:5
currentRepackCostTime:0.9400000000000001s , currentRepackMaxTime:173.408s
iter42		 Improve solution by repack 0.48395071889277075->0.48288094598226283 , unplacedBoxesSize:5
currentRepackCostTime:1.337s , currentRepackMaxTime:173.408s
iter51		 Improve solution by repack 0.48288094598226283->0.47866534533727495 , unplacedBoxesSize:5
currentRepackCostTime:1.862s , currentRepackMaxTime:173.408s
iter17		 Improve solution by repack 0.47866534533727495->0.4571583579682881 , unplacedBoxesSize:4
currentRepackCostTime:2.045s , currentRepackMaxTime:173.408s
iter2		 Improve solution by repack 0.4571583579682881->0.45215063155065843 , unplacedBoxesSize:3
currentRepackCostTime:2.056s , currentRepackMaxTime:173.408s
iter116		 Improve solution by repack 0.45215063155065843->0.44911650094060734 , unplacedBoxesSize:4
currentRepackCostTime:3.067s , currentRepackMaxTime:173.408s
iter2		 Improve solution by repack 0.44911650094060734->0.44794292528890084 , unplacedBoxesSize:5
currentRepackCostTime:3.089s , currentRepackMaxTime:173.408s
iter18		 Improve solution by repack 0.44794292528890084->0.44086922198333783 , unplacedBoxesSize:6
currentRepackCostTime:3.243s , currentRepackMaxTime:173.408s
iter32		 Improve solution by repack 0.44086922198333783->0.4380312751948401 , unplacedBoxesSize:6
currentRepackCostTime:3.603s , currentRepackMaxTime:173.408s
iter3		 Improve solution by repack 0.4380312751948401->0.4305796492878259 , unplacedBoxesSize:6
currentRepackCostTime:3.629s , currentRepackMaxTime:173.408s
iter2		 Improve solution by repack 0.4305796492878259->0.4229808855146466 , unplacedBoxesSize:5
currentRepackCostTime:3.6390000000000002s , currentRepackMaxTime:173.408s
iter13		 Improve solution by repack 0.4229808855146466->0.41787389142703574 , unplacedBoxesSize:5
currentRepackCostTime:3.769s , currentRepackMaxTime:173.408s
iter1		 Improve solution by repack 0.41787389142703574->0.41340348696586937 , unplacedBoxesSize:5
currentRepackCostTime:3.781s , currentRepackMaxTime:173.408s
iter12		 Improve solution by repack 0.41340348696586937->0.4092715331900027 , unplacedBoxesSize:4
currentRepackCostTime:3.9330000000000003s , currentRepackMaxTime:173.408s
iter55		 Improve solution by repack 0.4092715331900027->0.4010323165815641 , unplacedBoxesSize:4
currentRepackCostTime:4.457s , currentRepackMaxTime:173.408s
iter52		 Improve solution by repack 0.4010323165815641->0.39756550658425155 , unplacedBoxesSize:4
currentRepackCostTime:4.944s , currentRepackMaxTime:173.408s
iter65		 Improve solution by repack 0.39756550658425155->0.3943380475678581 , unplacedBoxesSize:4
currentRepackCostTime:5.611s , currentRepackMaxTime:173.408s
iter10		 Improve solution by repack 0.3943380475678581->0.3892344127922601 , unplacedBoxesSize:5
currentRepackCostTime:5.676s , currentRepackMaxTime:173.408s
Selecting boards with low utilization for repacking...
iter6		 Improve solution by repack 0.9636723998925021->0.39613779897876916 , unplacedBoxesSize:5
currentRepackCostTime:7.554s , currentRepackMaxTime:173.408s
iter3		 Improve solution by repack 0.39613779897876916->0.39203271969900566 , unplacedBoxesSize:5
currentRepackCostTime:7.578s , currentRepackMaxTime:173.408s
iter14		 Improve solution by repack 0.39203271969900566->0.3863823568933082 , unplacedBoxesSize:4
currentRepackCostTime:7.728s , currentRepackMaxTime:173.408s
iter110		 Improve solution by repack 0.3863823568933082->0.3760961435098092 , unplacedBoxesSize:6
currentRepackCostTime:8.771s , currentRepackMaxTime:173.408s
Selecting boards with low utilization for repacking...
iter4		 Improve solution by repack 0.9795206261757592->0.9793959957000806 , unplacedBoxesSize:14
currentRepackCostTime:10.859s , currentRepackMaxTime:173.408s
iter2		 Improve solution by repack 0.9793959957000806->0.9780163262563827 , unplacedBoxesSize:10
currentRepackCostTime:10.878s , currentRepackMaxTime:173.408s
iter1		 Improve solution by repack 0.9780163262563827->0.9772504031174415 , unplacedBoxesSize:10
currentRepackCostTime:10.882s , currentRepackMaxTime:173.408s
iter8		 Improve solution by repack 0.9772504031174415->0.9670407820478365 , unplacedBoxesSize:11
currentRepackCostTime:10.955s , currentRepackMaxTime:173.408s
iter13		 Improve solution by repack 0.9670407820478365->0.40881617844665413 , unplacedBoxesSize:5
currentRepackCostTime:11.132s , currentRepackMaxTime:173.408s
iter14		 Improve solution by repack 0.40881617844665413->0.40026908089223323 , unplacedBoxesSize:5
currentRepackCostTime:11.28s , currentRepackMaxTime:173.408s
iter11		 Improve solution by repack 0.40026908089223323->0.3986246976619188 , unplacedBoxesSize:6
currentRepackCostTime:11.392s , currentRepackMaxTime:173.408s
iter13		 Improve solution by repack 0.3986246976619188->0.3900497178177909 , unplacedBoxesSize:4
currentRepackCostTime:11.555s , currentRepackMaxTime:173.408s
Selecting boards with low utilization for repacking...
iter2		 Improve solution by repack 0.9689008331093792->0.3900497178177909 , unplacedBoxesSize:4
currentRepackCostTime:13.997s , currentRepackMaxTime:173.408s
Selecting boards with low utilization for repacking...
iter3		 Improve solution by repack 0.9689008331093792->0.4184856221445848 , unplacedBoxesSize:6
currentRepackCostTime:17.103s , currentRepackMaxTime:173.408s
iter35		 Improve solution by repack 0.4184856221445848->0.41590466272507387 , unplacedBoxesSize:6
currentRepackCostTime:17.487000000000002s , currentRepackMaxTime:173.408s
iter1		 Improve solution by repack 0.41590466272507387->0.4142982397205052 , unplacedBoxesSize:6
currentRepackCostTime:17.491s , currentRepackMaxTime:173.408s
iter15		 Improve solution by repack 0.4142982397205052->0.409088282719699 , unplacedBoxesSize:5
currentRepackCostTime:17.661s , currentRepackMaxTime:173.408s
iter57		 Improve solution by repack 0.409088282719699->0.4088329750067186 , unplacedBoxesSize:5
currentRepackCostTime:18.241s , currentRepackMaxTime:173.408s
iter20		 Improve solution by repack 0.4088329750067186->0.40809123891427035 , unplacedBoxesSize:10
currentRepackCostTime:18.458000000000002s , currentRepackMaxTime:173.408s
iter2		 Improve solution by repack 0.40809123891427035->0.4056604407417361 , unplacedBoxesSize:10
currentRepackCostTime:18.495s , currentRepackMaxTime:173.408s
iter7		 Improve solution by repack 0.4056604407417361->0.395121607094867 , unplacedBoxesSize:8
currentRepackCostTime:18.643s , currentRepackMaxTime:173.408s
iter16		 Improve solution by repack 0.395121607094867->0.39056638000537486 , unplacedBoxesSize:9
currentRepackCostTime:18.885s , currentRepackMaxTime:173.408s
iter51		 Improve solution by repack 0.39056638000537486->0.3891292663262564 , unplacedBoxesSize:8
currentRepackCostTime:19.601s , currentRepackMaxTime:173.408s
iter15		 Improve solution by repack 0.3891292663262564->0.38691245632894383 , unplacedBoxesSize:8
currentRepackCostTime:19.799s , currentRepackMaxTime:173.408s
iter5		 Improve solution by repack 0.38691245632894383->0.38637664606288635 , unplacedBoxesSize:8
currentRepackCostTime:19.854s , currentRepackMaxTime:173.408s
iter37		 Improve solution by repack 0.38637664606288635->0.38625923810803553 , unplacedBoxesSize:8
currentRepackCostTime:20.373s , currentRepackMaxTime:173.408s
iter20		 Improve solution by repack 0.38625923810803553->0.38452868852459016 , unplacedBoxesSize:7
currentRepackCostTime:20.650000000000002s , currentRepackMaxTime:173.408s
iter26		 Improve solution by repack 0.38452868852459016->0.3839928782585327 , unplacedBoxesSize:7
currentRepackCostTime:21.046s , currentRepackMaxTime:173.408s
iter23		 Improve solution by repack 0.3839928782585327->0.3818966675624832 , unplacedBoxesSize:7
currentRepackCostTime:21.328s , currentRepackMaxTime:173.408s
Selecting boards with low utilization for repacking...
iter9		 Improve solution by repack 0.9783290782047837->0.4057538296156947 , unplacedBoxesSize:6
currentRepackCostTime:25.025000000000002s , currentRepackMaxTime:173.408s
iter21		 Improve solution by repack 0.4057538296156947->0.4037189263638807 , unplacedBoxesSize:8
currentRepackCostTime:25.28s , currentRepackMaxTime:173.408s
iter27		 Improve solution by repack 0.4037189263638807->0.40329027815103463 , unplacedBoxesSize:7
currentRepackCostTime:25.659s , currentRepackMaxTime:173.408s
iter4		 Improve solution by repack 0.40329027815103463->0.40038497715667837 , unplacedBoxesSize:8
currentRepackCostTime:25.711000000000002s , currentRepackMaxTime:173.408s
iter4		 Improve solution by repack 0.40038497715667837->0.3881463316312819 , unplacedBoxesSize:7
currentRepackCostTime:25.774s , currentRepackMaxTime:173.408s
iter18		 Improve solution by repack 0.3881463316312819->0.38075786079011015 , unplacedBoxesSize:6
currentRepackCostTime:25.969s , currentRepackMaxTime:173.408s
iter3		 Improve solution by repack 0.38075786079011015->0.3786515721580221 , unplacedBoxesSize:6
currentRepackCostTime:26.005s , currentRepackMaxTime:173.408s
iter76		 Improve solution by repack 0.3786515721580221->0.3689680193496372 , unplacedBoxesSize:5
currentRepackCostTime:26.911s , currentRepackMaxTime:173.408s
Selecting boards with low utilization for repacking...
iter20		 Improve solution by repack 0.9796412254770223->0.432319269013706 , unplacedBoxesSize:9
currentRepackCostTime:30.369s , currentRepackMaxTime:173.408s
iter13		 Improve solution by repack 0.432319269013706->0.42975745767266865 , unplacedBoxesSize:9
currentRepackCostTime:30.517s , currentRepackMaxTime:173.408s
iter11		 Improve solution by repack 0.42975745767266865->0.42540042999193767 , unplacedBoxesSize:10
currentRepackCostTime:30.645s , currentRepackMaxTime:173.408s
iter5		 Improve solution by repack 0.42540042999193767->0.39194907282988445 , unplacedBoxesSize:6
currentRepackCostTime:30.737000000000002s , currentRepackMaxTime:173.408s
iter11		 Improve solution by repack 0.39194907282988445->0.3798730180059124 , unplacedBoxesSize:6
currentRepackCostTime:30.864s , currentRepackMaxTime:173.408s
iter23		 Improve solution by repack 0.3798730180059124->0.37824039236764306 , unplacedBoxesSize:5
currentRepackCostTime:31.143s , currentRepackMaxTime:173.408s
iter13		 Improve solution by repack 0.37824039236764306->0.3762846009137329 , unplacedBoxesSize:7
currentRepackCostTime:31.28s , currentRepackMaxTime:173.408s
iter6		 Improve solution by repack 0.3762846009137329->0.3642612872883634 , unplacedBoxesSize:7
currentRepackCostTime:31.345000000000002s , currentRepackMaxTime:173.408s
iter100		 Improve solution by repack 0.3642612872883634->0.36078204783660306 , unplacedBoxesSize:10
currentRepackCostTime:32.687s , currentRepackMaxTime:173.408s
iter17		 Improve solution by repack 0.36078204783660306->0.3594739317387799 , unplacedBoxesSize:9
currentRepackCostTime:32.974000000000004s , currentRepackMaxTime:173.408s
iter120		 Improve solution by repack 0.3594739317387799->0.3586797903789304 , unplacedBoxesSize:7
currentRepackCostTime:34.83s , currentRepackMaxTime:173.408s
iter58		 Improve solution by repack 0.3586797903789304->0.35707336737436174 , unplacedBoxesSize:7
currentRepackCostTime:35.632s , currentRepackMaxTime:173.408s
iter73		 Improve solution by repack 0.35707336737436174->0.35277008868583715 , unplacedBoxesSize:6
currentRepackCostTime:36.687s , currentRepackMaxTime:173.408s
Selecting boards with low utilization for repacking...
iter1		 Improve solution by repack 0.9795582504703036->0.3655361461972588 , unplacedBoxesSize:7
currentRepackCostTime:40.251s , currentRepackMaxTime:173.408s
iter10		 Improve solution by repack 0.3655361461972588->0.3626975275463585 , unplacedBoxesSize:7
currentRepackCostTime:40.387s , currentRepackMaxTime:173.408s
iter79		 Improve solution by repack 0.3626975275463585->0.3618691212039774 , unplacedBoxesSize:6
currentRepackCostTime:41.424s , currentRepackMaxTime:173.408s
iter26		 Improve solution by repack 0.3618691212039774->0.3571009137328675 , unplacedBoxesSize:7
currentRepackCostTime:41.742s , currentRepackMaxTime:173.408s
Selecting boards with low utilization for repacking...
iter5		 Improve solution by repack 0.9795646331631281->0.975868718086536 , unplacedBoxesSize:10
currentRepackCostTime:44.373s , currentRepackMaxTime:173.408s
iter17		 Improve solution by repack 0.975868718086536->0.3794423542058587 , unplacedBoxesSize:4
currentRepackCostTime:44.549s , currentRepackMaxTime:173.408s
iter30		 Improve solution by repack 0.3794423542058587->0.3705193496371943 , unplacedBoxesSize:6
currentRepackCostTime:44.869s , currentRepackMaxTime:173.408s
iter27		 Improve solution by repack 0.3705193496371943->0.3679951625907014 , unplacedBoxesSize:5
currentRepackCostTime:45.186s , currentRepackMaxTime:173.408s
iter113		 Improve solution by repack 0.3679951625907014->0.36709083579682883 , unplacedBoxesSize:7
currentRepackCostTime:46.381s , currentRepackMaxTime:173.408s
iter8		 Improve solution by repack 0.36709083579682883->0.36319201827465736 , unplacedBoxesSize:7
currentRepackCostTime:46.496s , currentRepackMaxTime:173.408s
iter39		 Improve solution by repack 0.36319201827465736->0.36218959957000807 , unplacedBoxesSize:6
currentRepackCostTime:46.986000000000004s , currentRepackMaxTime:173.408s
iter2		 Improve solution by repack 0.36218959957000807->0.358592448266595 , unplacedBoxesSize:6
currentRepackCostTime:47.009s , currentRepackMaxTime:173.408s
iter16		 Improve solution by repack 0.358592448266595->0.35765855952700887 , unplacedBoxesSize:7
currentRepackCostTime:47.244s , currentRepackMaxTime:173.408s
iter40		 Improve solution by repack 0.35765855952700887->0.3572299113141629 , unplacedBoxesSize:6
currentRepackCostTime:47.776s , currentRepackMaxTime:173.408s
Selecting boards with low utilization for repacking...
iter14		 Improve solution by repack 0.9785726283257189->0.3897379736629938 , unplacedBoxesSize:7
currentRepackCostTime:49.869s , currentRepackMaxTime:173.408s
iter9		 Improve solution by repack 0.3897379736629938->0.38577667293738244 , unplacedBoxesSize:7
currentRepackCostTime:50.001s , currentRepackMaxTime:173.408s
iter14		 Improve solution by repack 0.38577667293738244->0.38400295619457137 , unplacedBoxesSize:7
currentRepackCostTime:50.15s , currentRepackMaxTime:173.408s
iter18		 Improve solution by repack 0.38400295619457137->0.3823474872346143 , unplacedBoxesSize:6
currentRepackCostTime:50.386s , currentRepackMaxTime:173.408s
iter39		 Improve solution by repack 0.3823474872346143->0.3798058317656544 , unplacedBoxesSize:6
currentRepackCostTime:50.816s , currentRepackMaxTime:173.408s
iter57		 Improve solution by repack 0.3798058317656544->0.3785051061542596 , unplacedBoxesSize:6
currentRepackCostTime:51.419000000000004s , currentRepackMaxTime:173.408s
iter24		 Improve solution by repack 0.3785051061542596->0.37612335393711366 , unplacedBoxesSize:9
currentRepackCostTime:51.725s , currentRepackMaxTime:173.408s
iter7		 Improve solution by repack 0.37612335393711366->0.36804555227089497 , unplacedBoxesSize:8
currentRepackCostTime:51.825s , currentRepackMaxTime:173.408s
iter5		 Improve solution by repack 0.36804555227089497->0.3666366568126848 , unplacedBoxesSize:9
currentRepackCostTime:51.883s , currentRepackMaxTime:173.408s
iter36		 Improve solution by repack 0.3666366568126848->0.36644316044074177 , unplacedBoxesSize:7
currentRepackCostTime:52.413000000000004s , currentRepackMaxTime:173.408s
iter114		 Improve solution by repack 0.36644316044074177->0.35688121472722384 , unplacedBoxesSize:8
currentRepackCostTime:53.871s , currentRepackMaxTime:173.408s
Selecting boards with low utilization for repacking...
iter2		 Improve solution by repack 0.9781587610857296->0.3843093254501478 , unplacedBoxesSize:8
currentRepackCostTime:57.762s , currentRepackMaxTime:173.408s
iter2		 Improve solution by repack 0.3843093254501478->0.3815802203708681 , unplacedBoxesSize:7
currentRepackCostTime:57.794000000000004s , currentRepackMaxTime:173.408s
iter15		 Improve solution by repack 0.3815802203708681->0.35723394248857837 , unplacedBoxesSize:7
currentRepackCostTime:57.958s , currentRepackMaxTime:173.408s
iter98		 Improve solution by repack 0.35723394248857837->0.3566998118785273 , unplacedBoxesSize:6
currentRepackCostTime:59.168s , currentRepackMaxTime:173.408s
Selecting boards with low utilization for repacking...
iter6		 Improve solution by repack 0.9825937248051599->0.38503695243214187 , unplacedBoxesSize:7
currentRepackCostTime:61.485s , currentRepackMaxTime:173.408s
iter10		 Improve solution by repack 0.38503695243214187->0.38433754367105616 , unplacedBoxesSize:7
currentRepackCostTime:61.588s , currentRepackMaxTime:173.408s
iter1		 Improve solution by repack 0.38433754367105616->0.38034668099973123 , unplacedBoxesSize:6
currentRepackCostTime:61.593s , currentRepackMaxTime:173.408s
iter24		 Improve solution by repack 0.38034668099973123->0.3728214861596345 , unplacedBoxesSize:8
currentRepackCostTime:61.816s , currentRepackMaxTime:173.408s
iter2		 Improve solution by repack 0.3728214861596345->0.3680536146197259 , unplacedBoxesSize:7
currentRepackCostTime:61.849000000000004s , currentRepackMaxTime:173.408s
iter136		 Improve solution by repack 0.3680536146197259->0.3668449341574846 , unplacedBoxesSize:5
currentRepackCostTime:63.624s , currentRepackMaxTime:173.408s
Selecting boards with low utilization for repacking...
iter5		 Improve solution by repack 0.9841601719967751->0.37660037624294546 , unplacedBoxesSize:6
currentRepackCostTime:67.01s , currentRepackMaxTime:173.408s
iter1		 Improve solution by repack 0.37660037624294546->0.3761757592045149 , unplacedBoxesSize:7
currentRepackCostTime:67.014s , currentRepackMaxTime:173.408s
iter8		 Improve solution by repack 0.3761757592045149->0.3719430260682612 , unplacedBoxesSize:5
currentRepackCostTime:67.138s , currentRepackMaxTime:173.408s
iter43		 Improve solution by repack 0.3719430260682612->0.3687382424079549 , unplacedBoxesSize:6
currentRepackCostTime:67.643s , currentRepackMaxTime:173.408s
iter46		 Improve solution by repack 0.3687382424079549->0.36842851384036546 , unplacedBoxesSize:7
currentRepackCostTime:68.208s , currentRepackMaxTime:173.408s
iter10		 Improve solution by repack 0.36842851384036546->0.36058720773985486 , unplacedBoxesSize:6
currentRepackCostTime:68.321s , currentRepackMaxTime:173.408s
iter43		 Improve solution by repack 0.36058720773985486->0.3567723730180059 , unplacedBoxesSize:7
currentRepackCostTime:68.875s , currentRepackMaxTime:173.408s
iter6		 Improve solution by repack 0.3567723730180059->0.35539572695511956 , unplacedBoxesSize:8
currentRepackCostTime:68.932s , currentRepackMaxTime:173.408s
iter84		 Improve solution by repack 0.35539572695511956->0.3548360655737705 , unplacedBoxesSize:7
currentRepackCostTime:70.227s , currentRepackMaxTime:173.408s
iter9		 Improve solution by repack 0.3548360655737705->0.3538833646869121 , unplacedBoxesSize:6
currentRepackCostTime:70.364s , currentRepackMaxTime:173.408s
Selecting boards with low utilization for repacking...
iter6		 Improve solution by repack 0.9842001478097285->0.9795646331631281 , unplacedBoxesSize:2
currentRepackCostTime:72.885s , currentRepackMaxTime:173.408s
iter2		 Improve solution by repack 0.9795646331631281->0.3922245364149422 , unplacedBoxesSize:6
currentRepackCostTime:72.892s , currentRepackMaxTime:173.408s
iter8		 Improve solution by repack 0.3922245364149422->0.3739518946519753 , unplacedBoxesSize:7
currentRepackCostTime:72.96600000000001s , currentRepackMaxTime:173.408s
iter37		 Improve solution by repack 0.3739518946519753->0.3666232195646331 , unplacedBoxesSize:6
currentRepackCostTime:73.392s , currentRepackMaxTime:173.408s
Selecting boards with low utilization for repacking...
iter18		 Improve solution by repack 0.970340634238108->0.38545888202096207 , unplacedBoxesSize:6
currentRepackCostTime:76.598s , currentRepackMaxTime:173.408s
iter3		 Improve solution by repack 0.38545888202096207->0.3843751679656007 , unplacedBoxesSize:4
currentRepackCostTime:76.633s , currentRepackMaxTime:173.408s
iter1		 Improve solution by repack 0.3843751679656007->0.3840768610588552 , unplacedBoxesSize:6
currentRepackCostTime:76.636s , currentRepackMaxTime:173.408s
iter8		 Improve solution by repack 0.3840768610588552->0.3810091373286751 , unplacedBoxesSize:4
currentRepackCostTime:76.721s , currentRepackMaxTime:173.408s
iter8		 Improve solution by repack 0.3810091373286751->0.3789660037624295 , unplacedBoxesSize:3
currentRepackCostTime:76.796s , currentRepackMaxTime:173.408s
iter133		 Improve solution by repack 0.3789660037624295->0.3652944436979307 , unplacedBoxesSize:4
currentRepackCostTime:78.142s , currentRepackMaxTime:173.408s
iter9		 Improve solution by repack 0.3652944436979307->0.3599165210964794 , unplacedBoxesSize:5
currentRepackCostTime:78.223s , currentRepackMaxTime:173.408s
iter13		 Improve solution by repack 0.3599165210964794->0.356228668368718 , unplacedBoxesSize:5
currentRepackCostTime:78.382s , currentRepackMaxTime:173.408s
iter10		 Improve solution by repack 0.356228668368718->0.34531174415479704 , unplacedBoxesSize:4
currentRepackCostTime:78.496s , currentRepackMaxTime:173.408s
Selecting boards with low utilization for repacking...
iter2		 Improve solution by repack 0.9867031711905402->0.9863457403923677 , unplacedBoxesSize:13
currentRepackCostTime:81.33200000000001s , currentRepackMaxTime:173.408s
iter2		 Improve solution by repack 0.9863457403923677->0.3707978366030637 , unplacedBoxesSize:5
currentRepackCostTime:81.374s , currentRepackMaxTime:173.408s
iter49		 Improve solution by repack 0.3707978366030637->0.3662120397742542 , unplacedBoxesSize:6
currentRepackCostTime:81.872s , currentRepackMaxTime:173.408s
iter6		 Improve solution by repack 0.3662120397742542->0.3654461166353131 , unplacedBoxesSize:6
currentRepackCostTime:81.93s , currentRepackMaxTime:173.408s
iter12		 Improve solution by repack 0.3654461166353131->0.365361461972588 , unplacedBoxesSize:6
currentRepackCostTime:82.098s , currentRepackMaxTime:173.408s
iter59		 Improve solution by repack 0.365361461972588->0.3646140150497178 , unplacedBoxesSize:7
currentRepackCostTime:82.82000000000001s , currentRepackMaxTime:173.408s
iter24		 Improve solution by repack 0.3646140150497178->0.36207605482397204 , unplacedBoxesSize:6
currentRepackCostTime:83.111s , currentRepackMaxTime:173.408s
iter47		 Improve solution by repack 0.36207605482397204->0.3576666218758398 , unplacedBoxesSize:6
currentRepackCostTime:83.602s , currentRepackMaxTime:173.408s
Selecting boards with low utilization for repacking...
iter34		 Improve solution by repack 0.9729985219027143->0.38699946251007794 , unplacedBoxesSize:7
currentRepackCostTime:87.08s , currentRepackMaxTime:173.408s
iter10		 Improve solution by repack 0.38699946251007794->0.3610470975544209 , unplacedBoxesSize:6
currentRepackCostTime:87.184s , currentRepackMaxTime:173.408s
iter6		 Improve solution by repack 0.3610470975544209->0.36051128728836335 , unplacedBoxesSize:6
currentRepackCostTime:87.227s , currentRepackMaxTime:173.408s
Selecting boards with low utilization for repacking...
iter1		 Improve solution by repack 0.9890580489115829->0.38216070948669717 , unplacedBoxesSize:6
currentRepackCostTime:90.403s , currentRepackMaxTime:173.408s
iter30		 Improve solution by repack 0.38216070948669717->0.37914018409029837 , unplacedBoxesSize:5
currentRepackCostTime:90.746s , currentRepackMaxTime:173.408s
iter22		 Improve solution by repack 0.37914018409029837->0.36568126847621607 , unplacedBoxesSize:6
currentRepackCostTime:90.968s , currentRepackMaxTime:173.408s
Selecting boards with low utilization for repacking...
All low-utilization boards have been repacked once. Restarting repacking process...
Selecting boards with low utilization for repacking...
Selecting boards with low utilization for repacking...
iter6		 Improve solution by repack 0.9728235017468422->0.36568126847621607 , unplacedBoxesSize:6
currentRepackCostTime:96.008s , currentRepackMaxTime:173.408s
Selecting boards with low utilization for repacking...
iter2		 Improve solution by repack 0.9745787422735823->0.37885649019080897 , unplacedBoxesSize:7
currentRepackCostTime:99.676s , currentRepackMaxTime:173.408s
iter19		 Improve solution by repack 0.37885649019080897->0.37447897070679925 , unplacedBoxesSize:6
currentRepackCostTime:99.878s , currentRepackMaxTime:173.408s
iter5		 Improve solution by repack 0.37447897070679925->0.36890150497178176 , unplacedBoxesSize:5
currentRepackCostTime:99.937s , currentRepackMaxTime:173.408s
iter33		 Improve solution by repack 0.36890150497178176->0.3666158290782048 , unplacedBoxesSize:6
currentRepackCostTime:100.346s , currentRepackMaxTime:173.408s
iter6		 Improve solution by repack 0.3666158290782048->0.364919544477291 , unplacedBoxesSize:5
currentRepackCostTime:100.402s , currentRepackMaxTime:173.408s
Selecting boards with low utilization for repacking...
iter7		 Improve solution by repack 0.9713585057780166->0.9712681402848697 , unplacedBoxesSize:15
currentRepackCostTime:103.08s , currentRepackMaxTime:173.408s
iter4		 Improve solution by repack 0.9712681402848697->0.3777559795753829 , unplacedBoxesSize:5
currentRepackCostTime:103.176s , currentRepackMaxTime:173.408s
iter6		 Improve solution by repack 0.3777559795753829->0.3739586132760011 , unplacedBoxesSize:6
currentRepackCostTime:103.218s , currentRepackMaxTime:173.408s
iter23		 Improve solution by repack 0.3739586132760011->0.36670115560333244 , unplacedBoxesSize:6
currentRepackCostTime:103.46600000000001s , currentRepackMaxTime:173.408s
iter19		 Improve solution by repack 0.36670115560333244->0.3647527546358506 , unplacedBoxesSize:6
currentRepackCostTime:103.717s , currentRepackMaxTime:173.408s
iter2		 Improve solution by repack 0.3647527546358506->0.3591023918301532 , unplacedBoxesSize:5
currentRepackCostTime:103.74000000000001s , currentRepackMaxTime:173.408s
iter40		 Improve solution by repack 0.3591023918301532->0.3468786952432142 , unplacedBoxesSize:7
currentRepackCostTime:104.316s , currentRepackMaxTime:173.408s
Selecting boards with low utilization for repacking...
iter5		 Improve solution by repack 0.9795646331631281->0.3468786952432142 , unplacedBoxesSize:7
currentRepackCostTime:107.037s , currentRepackMaxTime:173.408s
Selecting boards with low utilization for repacking...
iter7		 Improve solution by repack 0.9795646331631281->0.9737033055630208 , unplacedBoxesSize:11
currentRepackCostTime:111.241s , currentRepackMaxTime:173.408s
iter23		 Improve solution by repack 0.9737033055630208->0.3468786952432142 , unplacedBoxesSize:7
currentRepackCostTime:111.619s , currentRepackMaxTime:173.408s
Selecting boards with low utilization for repacking...
iter17		 Improve solution by repack 0.9795646331631281->0.9795565708142973 , unplacedBoxesSize:11
currentRepackCostTime:115.60900000000001s , currentRepackMaxTime:173.408s
iter15		 Improve solution by repack 0.9795565708142973->0.9786367911851652 , unplacedBoxesSize:10
currentRepackCostTime:115.765s , currentRepackMaxTime:173.408s
iter5		 Improve solution by repack 0.9786367911851652->0.3587162389142704 , unplacedBoxesSize:5
currentRepackCostTime:115.808s , currentRepackMaxTime:173.408s
iter14		 Improve solution by repack 0.3587162389142704->0.3565824039236764 , unplacedBoxesSize:4
currentRepackCostTime:115.988s , currentRepackMaxTime:173.408s
iter15		 Improve solution by repack 0.3565824039236764->0.3539782652512765 , unplacedBoxesSize:3
currentRepackCostTime:116.166s , currentRepackMaxTime:173.408s
iter24		 Improve solution by repack 0.3539782652512765->0.35114636522440207 , unplacedBoxesSize:4
currentRepackCostTime:116.375s , currentRepackMaxTime:173.408s
iter9		 Improve solution by repack 0.35114636522440207->0.3502418704649288 , unplacedBoxesSize:3
currentRepackCostTime:116.47s , currentRepackMaxTime:173.408s
Selecting boards with low utilization for repacking...
iter18		 Improve solution by repack 0.9667992475141091->0.3952579951625907 , unplacedBoxesSize:5
currentRepackCostTime:118.74300000000001s , currentRepackMaxTime:173.408s
iter15		 Improve solution by repack 0.3952579951625907->0.38983136253695244 , unplacedBoxesSize:7
currentRepackCostTime:118.903s , currentRepackMaxTime:173.408s
iter4		 Improve solution by repack 0.38983136253695244->0.38784600913732864 , unplacedBoxesSize:7
currentRepackCostTime:118.959s , currentRepackMaxTime:173.408s
iter6		 Improve solution by repack 0.38784600913732864->0.38529024455791455 , unplacedBoxesSize:8
currentRepackCostTime:119.028s , currentRepackMaxTime:173.408s
iter5		 Improve solution by repack 0.38529024455791455->0.3842488578339156 , unplacedBoxesSize:7
currentRepackCostTime:119.072s , currentRepackMaxTime:173.408s
iter67		 Improve solution by repack 0.3842488578339156->0.37876578876646066 , unplacedBoxesSize:8
currentRepackCostTime:119.918s , currentRepackMaxTime:173.408s
iter6		 Improve solution by repack 0.37876578876646066->0.3770058452029024 , unplacedBoxesSize:9
currentRepackCostTime:120.001s , currentRepackMaxTime:173.408s
iter11		 Improve solution by repack 0.3770058452029024->0.37355885514646603 , unplacedBoxesSize:7
currentRepackCostTime:120.155s , currentRepackMaxTime:173.408s
iter2		 Improve solution by repack 0.37355885514646603->0.3700517334049987 , unplacedBoxesSize:8
currentRepackCostTime:120.163s , currentRepackMaxTime:173.408s
iter10		 Improve solution by repack 0.3700517334049987->0.3700322493953238 , unplacedBoxesSize:9
currentRepackCostTime:120.287s , currentRepackMaxTime:173.408s
iter13		 Improve solution by repack 0.3700322493953238->0.36345068529965063 , unplacedBoxesSize:7
currentRepackCostTime:120.467s , currentRepackMaxTime:173.408s
iter16		 Improve solution by repack 0.36345068529965063->0.36205321150228437 , unplacedBoxesSize:7
currentRepackCostTime:120.71300000000001s , currentRepackMaxTime:173.408s
iter60		 Improve solution by repack 0.36205321150228437->0.36175557645794143 , unplacedBoxesSize:6
currentRepackCostTime:121.473s , currentRepackMaxTime:173.408s
Selecting boards with low utilization for repacking...
iter4		 Improve solution by repack 0.9717407954850846->0.391376310131685 , unplacedBoxesSize:7
currentRepackCostTime:124.168s , currentRepackMaxTime:173.408s
iter15		 Improve solution by repack 0.391376310131685->0.38378661650094065 , unplacedBoxesSize:7
currentRepackCostTime:124.369s , currentRepackMaxTime:173.408s
iter9		 Improve solution by repack 0.38378661650094065->0.38163665681268477 , unplacedBoxesSize:6
currentRepackCostTime:124.49900000000001s , currentRepackMaxTime:173.408s
iter22		 Improve solution by repack 0.38163665681268477->0.38018946519752755 , unplacedBoxesSize:7
currentRepackCostTime:124.772s , currentRepackMaxTime:173.408s
iter1		 Improve solution by repack 0.38018946519752755->0.36577801666218757 , unplacedBoxesSize:8
currentRepackCostTime:124.781s , currentRepackMaxTime:173.408s
iter27		 Improve solution by repack 0.36577801666218757->0.35928849771566784 , unplacedBoxesSize:7
currentRepackCostTime:125.122s , currentRepackMaxTime:173.408s
iter15		 Improve solution by repack 0.35928849771566784->0.3576457941413599 , unplacedBoxesSize:6
currentRepackCostTime:125.333s , currentRepackMaxTime:173.408s
iter138		 Improve solution by repack 0.3576457941413599->0.3530737704918033 , unplacedBoxesSize:7
currentRepackCostTime:126.968s , currentRepackMaxTime:173.408s
Selecting boards with low utilization for repacking...
iter1		 Improve solution by repack 0.9801081698468154->0.9790553614619727 , unplacedBoxesSize:10
currentRepackCostTime:130.049s , currentRepackMaxTime:173.408s
iter11		 Improve solution by repack 0.9790553614619727->0.9781601048105348 , unplacedBoxesSize:11
currentRepackCostTime:130.15200000000002s , currentRepackMaxTime:173.408s
iter3		 Improve solution by repack 0.9781601048105348->0.9769396667562483 , unplacedBoxesSize:15
currentRepackCostTime:130.201s , currentRepackMaxTime:173.408s
iter1		 Improve solution by repack 0.9769396667562483->0.39330287557108307 , unplacedBoxesSize:11
currentRepackCostTime:130.225s , currentRepackMaxTime:173.408s
iter2		 Improve solution by repack 0.39330287557108307->0.3815352055898952 , unplacedBoxesSize:10
currentRepackCostTime:130.26s , currentRepackMaxTime:173.408s
iter13		 Improve solution by repack 0.3815352055898952->0.3810726283257189 , unplacedBoxesSize:7
currentRepackCostTime:130.418s , currentRepackMaxTime:173.408s
iter17		 Improve solution by repack 0.3810726283257189->0.38015032921257724 , unplacedBoxesSize:6
currentRepackCostTime:130.642s , currentRepackMaxTime:173.408s
iter47		 Improve solution by repack 0.38015032921257724->0.3785958075786079 , unplacedBoxesSize:6
currentRepackCostTime:131.225s , currentRepackMaxTime:173.408s
iter42		 Improve solution by repack 0.3785958075786079->0.375563020693362 , unplacedBoxesSize:6
currentRepackCostTime:131.716s , currentRepackMaxTime:173.408s
iter14		 Improve solution by repack 0.375563020693362->0.37485622144584785 , unplacedBoxesSize:5
currentRepackCostTime:131.924s , currentRepackMaxTime:173.408s
iter15		 Improve solution by repack 0.37485622144584785->0.37157417360924483 , unplacedBoxesSize:5
currentRepackCostTime:132.05s , currentRepackMaxTime:173.408s
iter64		 Improve solution by repack 0.37157417360924483->0.3643482934694975 , unplacedBoxesSize:5
currentRepackCostTime:132.744s , currentRepackMaxTime:173.408s
Selecting boards with low utilization for repacking...
iter1		 Improve solution by repack 0.9658556167696855->0.3980327868852459 , unplacedBoxesSize:6
currentRepackCostTime:135.216s , currentRepackMaxTime:173.408s
iter1		 Improve solution by repack 0.3980327868852459->0.3874845471647407 , unplacedBoxesSize:4
currentRepackCostTime:135.228s , currentRepackMaxTime:173.408s
iter12		 Improve solution by repack 0.3874845471647407->0.37795182746573497 , unplacedBoxesSize:9
currentRepackCostTime:135.36s , currentRepackMaxTime:173.408s
iter41		 Improve solution by repack 0.37795182746573497->0.3742639747379737 , unplacedBoxesSize:9
currentRepackCostTime:135.956s , currentRepackMaxTime:173.408s
iter19		 Improve solution by repack 0.3742639747379737->0.36515133700618113 , unplacedBoxesSize:7
currentRepackCostTime:136.25300000000001s , currentRepackMaxTime:173.408s
iter56		 Improve solution by repack 0.36515133700618113->0.3625787758667025 , unplacedBoxesSize:6
currentRepackCostTime:137.06s , currentRepackMaxTime:173.408s
iter112		 Improve solution by repack 0.3625787758667025->0.3622163061005106 , unplacedBoxesSize:7
currentRepackCostTime:138.427s , currentRepackMaxTime:173.408s
iter41		 Improve solution by repack 0.3622163061005106->0.36129400698736897 , unplacedBoxesSize:6
currentRepackCostTime:139.01s , currentRepackMaxTime:173.408s
iter3		 Improve solution by repack 0.36129400698736897->0.35957521499596884 , unplacedBoxesSize:7
currentRepackCostTime:139.047s , currentRepackMaxTime:173.408s
iter42		 Improve solution by repack 0.35957521499596884->0.3570372547702231 , unplacedBoxesSize:6
currentRepackCostTime:139.604s , currentRepackMaxTime:173.408s
iter24		 Improve solution by repack 0.3570372547702231->0.3531068597151304 , unplacedBoxesSize:6
currentRepackCostTime:139.889s , currentRepackMaxTime:173.408s
iter38		 Improve solution by repack 0.3531068597151304->0.34550809594195103 , unplacedBoxesSize:5
currentRepackCostTime:140.363s , currentRepackMaxTime:173.408s
iter12		 Improve solution by repack 0.34550809594195103->0.34416689062080086 , unplacedBoxesSize:7
currentRepackCostTime:140.478s , currentRepackMaxTime:173.408s
iter31		 Improve solution by repack 0.34416689062080086->0.34186173071754905 , unplacedBoxesSize:8
currentRepackCostTime:140.89600000000002s , currentRepackMaxTime:173.408s
Selecting boards with low utilization for repacking...
iter2		 Improve solution by repack 0.9813544746036011->0.372256785810266 , unplacedBoxesSize:6
currentRepackCostTime:143.387s , currentRepackMaxTime:173.408s
iter37		 Improve solution by repack 0.372256785810266->0.3703406342381081 , unplacedBoxesSize:7
currentRepackCostTime:143.842s , currentRepackMaxTime:173.408s
iter2		 Improve solution by repack 0.3703406342381081->0.3689760816984682 , unplacedBoxesSize:9
currentRepackCostTime:143.875s , currentRepackMaxTime:173.408s
iter5		 Improve solution by repack 0.3689760816984682->0.3570478366030637 , unplacedBoxesSize:9
currentRepackCostTime:143.962s , currentRepackMaxTime:173.408s
iter4		 Improve solution by repack 0.3570478366030637->0.3557380408492341 , unplacedBoxesSize:9
currentRepackCostTime:144.022s , currentRepackMaxTime:173.408s
iter44		 Improve solution by repack 0.3557380408492341->0.3531174415479709 , unplacedBoxesSize:9
currentRepackCostTime:144.692s , currentRepackMaxTime:173.408s
iter6		 Improve solution by repack 0.3531174415479709->0.3524606960494491 , unplacedBoxesSize:9
currentRepackCostTime:144.776s , currentRepackMaxTime:173.408s
iter48		 Improve solution by repack 0.3524606960494491->0.34880374899220645 , unplacedBoxesSize:9
currentRepackCostTime:145.44400000000002s , currentRepackMaxTime:173.408s
iter86		 Improve solution by repack 0.34880374899220645->0.3482696183821553 , unplacedBoxesSize:9
currentRepackCostTime:146.828s , currentRepackMaxTime:173.408s
iter12		 Improve solution by repack 0.3482696183821553->0.3455186777747917 , unplacedBoxesSize:8
currentRepackCostTime:146.994s , currentRepackMaxTime:173.408s
iter91		 Improve solution by repack 0.3455186777747917->0.33998689868314974 , unplacedBoxesSize:8
currentRepackCostTime:148.197s , currentRepackMaxTime:173.408s
Selecting boards with low utilization for repacking...
iter6		 Improve solution by repack 0.9813544746036011->0.3759298575651706 , unplacedBoxesSize:7
currentRepackCostTime:152.17600000000002s , currentRepackMaxTime:173.408s
iter15		 Improve solution by repack 0.3759298575651706->0.37539404729911313 , unplacedBoxesSize:7
currentRepackCostTime:152.375s , currentRepackMaxTime:173.408s
iter16		 Improve solution by repack 0.37539404729911313->0.37518576995431335 , unplacedBoxesSize:9
currentRepackCostTime:152.561s , currentRepackMaxTime:173.408s
iter4		 Improve solution by repack 0.37518576995431335->0.3741054152109648 , unplacedBoxesSize:7
currentRepackCostTime:152.606s , currentRepackMaxTime:173.408s
iter15		 Improve solution by repack 0.3741054152109648->0.36954817253426503 , unplacedBoxesSize:6
currentRepackCostTime:152.803s , currentRepackMaxTime:173.408s
iter19		 Improve solution by repack 0.36954817253426503->0.36677035743079817 , unplacedBoxesSize:5
currentRepackCostTime:153.00900000000001s , currentRepackMaxTime:173.408s
Selecting boards with low utilization for repacking...
iter2		 Improve solution by repack 0.9842001478097285->0.9795646331631281 , unplacedBoxesSize:2
currentRepackCostTime:155.52700000000002s , currentRepackMaxTime:173.408s
iter2		 Improve solution by repack 0.9795646331631281->0.9639162859446385 , unplacedBoxesSize:9
currentRepackCostTime:155.537s , currentRepackMaxTime:173.408s
iter2		 Improve solution by repack 0.9639162859446385->0.37809795753829617 , unplacedBoxesSize:6
currentRepackCostTime:155.548s , currentRepackMaxTime:173.408s
iter28		 Improve solution by repack 0.37809795753829617->0.36677035743079817 , unplacedBoxesSize:5
currentRepackCostTime:155.82500000000002s , currentRepackMaxTime:173.408s
Selecting boards with low utilization for repacking...
iter5		 Improve solution by repack 0.9853130878796023->0.9816850309056706 , unplacedBoxesSize:9
currentRepackCostTime:158.778s , currentRepackMaxTime:173.408s
iter3		 Improve solution by repack 0.9816850309056706->0.9720821015855953 , unplacedBoxesSize:10
currentRepackCostTime:158.821s , currentRepackMaxTime:173.408s
iter13		 Improve solution by repack 0.9720821015855953->0.4313484278419779 , unplacedBoxesSize:4
currentRepackCostTime:158.95600000000002s , currentRepackMaxTime:173.408s
iter27		 Improve solution by repack 0.4313484278419779->0.41621069604944905 , unplacedBoxesSize:3
currentRepackCostTime:159.238s , currentRepackMaxTime:173.408s
Selecting boards with low utilization for repacking...
iter3		 Improve solution by repack 0.9662977022305832->0.44236294006987364 , unplacedBoxesSize:5
currentRepackCostTime:161.55700000000002s , currentRepackMaxTime:173.408s
iter9		 Improve solution by repack 0.44236294006987364->0.44106221445847893 , unplacedBoxesSize:5
currentRepackCostTime:161.656s , currentRepackMaxTime:173.408s
iter6		 Improve solution by repack 0.44106221445847893->0.4392972319269014 , unplacedBoxesSize:7
currentRepackCostTime:161.714s , currentRepackMaxTime:173.408s
iter3		 Improve solution by repack 0.4392972319269014->0.42456328943832305 , unplacedBoxesSize:6
currentRepackCostTime:161.748s , currentRepackMaxTime:173.408s
iter40		 Improve solution by repack 0.42456328943832305->0.4243734883095942 , unplacedBoxesSize:6
currentRepackCostTime:162.208s , currentRepackMaxTime:173.408s
iter48		 Improve solution by repack 0.4243734883095942->0.4200876780435367 , unplacedBoxesSize:5
currentRepackCostTime:162.767s , currentRepackMaxTime:173.408s
iter52		 Improve solution by repack 0.4200876780435367->0.41753896801934964 , unplacedBoxesSize:4
currentRepackCostTime:163.312s , currentRepackMaxTime:173.408s
Selecting boards with low utilization for repacking...
iter6		 Improve solution by repack 0.9707104944907283->0.9618039505509272 , unplacedBoxesSize:9
currentRepackCostTime:166.341s , currentRepackMaxTime:173.408s
iter2		 Improve solution by repack 0.9618039505509272->0.422334889814566 , unplacedBoxesSize:8
currentRepackCostTime:166.376s , currentRepackMaxTime:173.408s
iter4		 Improve solution by repack 0.422334889814566->0.42151723327062623 , unplacedBoxesSize:8
currentRepackCostTime:166.443s , currentRepackMaxTime:173.408s
iter5		 Improve solution by repack 0.42151723327062623->0.4212441212039774 , unplacedBoxesSize:8
currentRepackCostTime:166.484s , currentRepackMaxTime:173.408s
iter5		 Improve solution by repack 0.4212441212039774->0.4099541453910239 , unplacedBoxesSize:7
currentRepackCostTime:166.564s , currentRepackMaxTime:173.408s
iter91		 Improve solution by repack 0.4099541453910239->0.4086599704380543 , unplacedBoxesSize:7
currentRepackCostTime:167.799s , currentRepackMaxTime:173.408s
iter19		 Improve solution by repack 0.4086599704380543->0.4044504165546896 , unplacedBoxesSize:8
currentRepackCostTime:168.03s , currentRepackMaxTime:173.408s
iter34		 Improve solution by repack 0.4044504165546896->0.3934738645525397 , unplacedBoxesSize:6
currentRepackCostTime:168.636s , currentRepackMaxTime:173.408s
iter5		 Improve solution by repack 0.3934738645525397->0.3917965600644988 , unplacedBoxesSize:5
currentRepackCostTime:168.669s , currentRepackMaxTime:173.408s
Selecting boards with low utilization for repacking...
iter8		 Improve solution by repack 0.9904995296963183->0.9892549045955388 , unplacedBoxesSize:14
currentRepackCostTime:172.006s , currentRepackMaxTime:173.408s
iter3		 Improve solution by repack 0.9892549045955388->0.4394164875033593 , unplacedBoxesSize:5
currentRepackCostTime:172.049s , currentRepackMaxTime:173.408s
iter16		 Improve solution by repack 0.4394164875033593->0.4378409701693093 , unplacedBoxesSize:6
currentRepackCostTime:172.207s , currentRepackMaxTime:173.408s
iter2		 Improve solution by repack 0.4378409701693093->0.4321906073636119 , unplacedBoxesSize:5
currentRepackCostTime:172.234s , currentRepackMaxTime:173.408s
iter2		 Improve solution by repack 0.4321906073636119->0.41547500671862403 , unplacedBoxesSize:4
currentRepackCostTime:172.255s , currentRepackMaxTime:173.408s
iter15		 Improve solution by repack 0.41547500671862403->0.4055989653319 , unplacedBoxesSize:9
currentRepackCostTime:172.41400000000002s , currentRepackMaxTime:173.408s
iter8		 Improve solution by repack 0.4055989653319->0.4028628056973932 , unplacedBoxesSize:8
currentRepackCostTime:172.54s , currentRepackMaxTime:173.408s
iter7		 Improve solution by repack 0.4028628056973932->0.40164875033593117 , unplacedBoxesSize:8
currentRepackCostTime:172.65s , currentRepackMaxTime:173.408s
iter11		 Improve solution by repack 0.40164875033593117->0.39911079011018546 , unplacedBoxesSize:7
currentRepackCostTime:172.786s , currentRepackMaxTime:173.408s
iter25		 Improve solution by repack 0.39911079011018546->0.3954531711905402 , unplacedBoxesSize:8
currentRepackCostTime:173.105s , currentRepackMaxTime:173.408s
Global repack result: 18 -> 18 boards.
