total number of nestable workpieces：278
Start priority-first combined packing.
Start nesting on the 1th large board, remaining blocks count: 121
Utilization of the 1th large board: 98.59647944101049, Time taken for this board: 0.907s
-------------------------------------------------------------------
Start nesting on the 2th large board, remaining blocks count: 119
Utilization of the 2th large board: 97.58546089760819, Time taken for this board: 1.7s
-------------------------------------------------------------------
Start nesting on the 3th large board, remaining blocks count: 113
Utilization of the 3th large board: 98.3319000268745, Time taken for this board: 2.383s
-------------------------------------------------------------------
Start nesting on the 4th large board, remaining blocks count: 104
Utilization of the 4th large board: 96.70558989518946, Time taken for this board: 2.965s
-------------------------------------------------------------------
Start nesting on the 5th large board, remaining blocks count: 99
Utilization of the 5th large board: 96.05300994356355, Time taken for this board: 3.5340000000000003s
-------------------------------------------------------------------
Start nesting on the 6th large board, remaining blocks count: 93
Utilization of the 6th large board: 95.45498521902715, Time taken for this board: 3.919s
-------------------------------------------------------------------
Start nesting on the 7th large board, remaining blocks count: 89
Utilization of the 7th large board: 95.10399892502016, Time taken for this board: 4.275s
-------------------------------------------------------------------
Start nesting on the 8th large board, remaining blocks count: 85
Utilization of the 8th large board: 95.11818059661381, Time taken for this board: 4.659s
-------------------------------------------------------------------
Start nesting on the 9th large board, remaining blocks count: 78
Utilization of the 9th large board: 92.20465466272508, Time taken for this board: 4.906s
-------------------------------------------------------------------
Start nesting on the 10th large board, remaining blocks count: 74
Utilization of the 10th large board: 99.13685837140552, Time taken for this board: 5.181s
-------------------------------------------------------------------
Start nesting on the 11th large board, remaining blocks count: 68
Utilization of the 11th large board: 99.07393845740393, Time taken for this board: 5.416s
-------------------------------------------------------------------
Start nesting on the 12th large board, remaining blocks count: 60
Utilization of the 12th large board: 97.80751142166083, Time taken for this board: 5.5040000000000004s
-------------------------------------------------------------------
Start nesting on the 13th large board, remaining blocks count: 52
Utilization of the 13th large board: 96.59312012899758, Time taken for this board: 5.577s
-------------------------------------------------------------------
Start nesting on the 14th large board, remaining blocks count: 45
Utilization of the 14th large board: 94.75819672131148, Time taken for this board: 5.636s
-------------------------------------------------------------------
Start nesting on the 15th large board, remaining blocks count: 41
Utilization of the 15th large board: 92.75120935232465, Time taken for this board: 5.6850000000000005s
-------------------------------------------------------------------
Start nesting on the 16th large board, remaining blocks count: 37
Utilization of the 16th large board: 92.5679924751411, Time taken for this board: 5.7330000000000005s
-------------------------------------------------------------------
Start nesting on the 17th large board, remaining blocks count: 33
Utilization of the 17th large board: 91.87033055630206, Time taken for this board: 5.769s
-------------------------------------------------------------------
Start nesting on the 18th large board, remaining blocks count: 27
Utilization of the 18th large board: 91.76740123622682, Time taken for this board: 5.783s
-------------------------------------------------------------------
Start nesting on the 19th large board, remaining blocks count: 25
Utilization of the 19th large board: 91.61791185165278, Time taken for this board: 5.799s
-------------------------------------------------------------------
Start nesting on the 20th large board, remaining blocks count: 23
Utilization of the 20th large board: 90.35366836871809, Time taken for this board: 5.812s
-------------------------------------------------------------------
Start nesting on the 21th large board, remaining blocks count: 17
Utilization of the 21th large board: 89.7109647944101, Time taken for this board: 5.82s
-------------------------------------------------------------------
Start nesting on the 22th large board, remaining blocks count: 15
Utilization of the 22th large board: 86.59681537221176, Time taken for this board: 5.823s
-------------------------------------------------------------------
Start nesting on the 23th large board, remaining blocks count: 11
Utilization of the 23th large board: 87.32712980381618, Time taken for this board: 5.825s
-------------------------------------------------------------------
Start nesting on the 24th large board, remaining blocks count: 7
Utilization of the 24th large board: 85.62321956463316, Time taken for this board: 5.8260000000000005s
-------------------------------------------------------------------
Start nesting on the 25th large board, remaining blocks count: 7
Utilization of the 25th large board: 81.91910776672937, Time taken for this board: 5.8260000000000005s
-------------------------------------------------------------------
Start nesting on the 26th large board, remaining blocks count: 3
Utilization of the 26th large board: 42.56839559258264, Time taken for this board: 5.8260000000000005s
-------------------------------------------------------------------
Start global repack optimization for 26 boards, time=430.812s.
Start improving solution by repacking.
Selecting boards with low utilization for repacking...
iter2		 Improve solution by repack 0.42568395592582636->0.41388873958613276 , unplacedBoxesSize:1
currentRepackCostTime:0.015s , currentRepackMaxTime:430.812s
iter28		 Improve solution by repack 0.41388873958613276->0.40839895189465203 , unplacedBoxesSize:3
currentRepackCostTime:0.108s , currentRepackMaxTime:430.812s
iter96		 Improve solution by repack 0.40839895189465203->0.39326122010212305 , unplacedBoxesSize:1
currentRepackCostTime:0.44s , currentRepackMaxTime:430.812s
Selecting boards with low utilization for repacking...
Selecting boards with low utilization for repacking...
iter1		 Improve solution by repack 0.8562321956463316->0.8420048374092985 , unplacedBoxesSize:5
currentRepackCostTime:3.92s , currentRepackMaxTime:430.812s
iter3		 Improve solution by repack 0.8420048374092985->0.39326122010212305 , unplacedBoxesSize:1
currentRepackCostTime:3.926s , currentRepackMaxTime:430.812s
Selecting boards with low utilization for repacking...
Selecting boards with low utilization for repacking...
iter28		 Improve solution by repack 0.8420048374092985->0.46861932276269824 , unplacedBoxesSize:5
currentRepackCostTime:7.861s , currentRepackMaxTime:430.812s
iter31		 Improve solution by repack 0.46861932276269824->0.4533834990593927 , unplacedBoxesSize:5
currentRepackCostTime:7.883s , currentRepackMaxTime:430.812s
iter38		 Improve solution by repack 0.4533834990593927->0.4480354743348562 , unplacedBoxesSize:5
currentRepackCostTime:7.933s , currentRepackMaxTime:430.812s
iter42		 Improve solution by repack 0.4480354743348562->0.4224435635581833 , unplacedBoxesSize:4
currentRepackCostTime:7.96s , currentRepackMaxTime:430.812s
iter43		 Improve solution by repack 0.4224435635581833->0.39287758667024997 , unplacedBoxesSize:3
currentRepackCostTime:7.964s , currentRepackMaxTime:430.812s
iter44		 Improve solution by repack 0.39287758667024997->0.3908048911582908 , unplacedBoxesSize:4
currentRepackCostTime:7.973s , currentRepackMaxTime:430.812s
iter53		 Improve solution by repack 0.3908048911582908->0.3811972588013975 , unplacedBoxesSize:4
currentRepackCostTime:8.038s , currentRepackMaxTime:430.812s
iter54		 Improve solution by repack 0.3811972588013975->0.3659614350980919 , unplacedBoxesSize:4
currentRepackCostTime:8.045s , currentRepackMaxTime:430.812s
iter62		 Improve solution by repack 0.3659614350980919->0.3413155065842516 , unplacedBoxesSize:3
currentRepackCostTime:8.09s , currentRepackMaxTime:430.812s
iter64		 Improve solution by repack 0.3413155065842516->0.31865493147003493 , unplacedBoxesSize:3
currentRepackCostTime:8.102s , currentRepackMaxTime:430.812s
iter86		 Improve solution by repack 0.31865493147003493->0.30136992743886054 , unplacedBoxesSize:2
currentRepackCostTime:8.206s , currentRepackMaxTime:430.812s
iter87		 Improve solution by repack 0.30136992743886054->0.3010319806503628 , unplacedBoxesSize:2
currentRepackCostTime:8.209s , currentRepackMaxTime:430.812s
iter93		 Improve solution by repack 0.3010319806503628->0.2866359849502822 , unplacedBoxesSize:3
currentRepackCostTime:8.237s , currentRepackMaxTime:430.812s
iter101		 Improve solution by repack 0.2866359849502822->0.2792542327331362 , unplacedBoxesSize:3
currentRepackCostTime:8.290000000000001s , currentRepackMaxTime:430.812s
iter102		 Improve solution by repack 0.2792542327331362->0.264189062080086 , unplacedBoxesSize:2
currentRepackCostTime:8.292s , currentRepackMaxTime:430.812s
iter139		 Improve solution by repack 0.264189062080086->0.2619900564364418 , unplacedBoxesSize:2
currentRepackCostTime:8.489s , currentRepackMaxTime:430.812s
iter228		 Improve solution by repack 0.2619900564364418->0.24675423273313624 , unplacedBoxesSize:2
currentRepackCostTime:8.928s , currentRepackMaxTime:430.812s
iter233		 Improve solution by repack 0.24675423273313624->0.2433754367105617 , unplacedBoxesSize:2
currentRepackCostTime:8.952s , currentRepackMaxTime:430.812s
iter271		 Improve solution by repack 0.2433754367105617->0.23750739048642835 , unplacedBoxesSize:3
currentRepackCostTime:9.146s , currentRepackMaxTime:430.812s
iter273		 Improve solution by repack 0.23750739048642835->0.20445041655468962 , unplacedBoxesSize:2
currentRepackCostTime:9.155s , currentRepackMaxTime:430.812s
iter362		 Improve solution by repack 0.20445041655468962->0.1948427841977963 , unplacedBoxesSize:2
currentRepackCostTime:9.604000000000001s , currentRepackMaxTime:430.812s
iter399		 Improve solution by repack 0.1948427841977963->0.1796069604944907 , unplacedBoxesSize:2
currentRepackCostTime:9.807s , currentRepackMaxTime:430.812s
iter416		 Improve solution by repack 0.1796069604944907->0.16676766998118783 , unplacedBoxesSize:1
currentRepackCostTime:9.919s , currentRepackMaxTime:430.812s
iter442		 Improve solution by repack 0.16676766998118783->0.16456866433754366 , unplacedBoxesSize:1
currentRepackCostTime:10.072000000000001s , currentRepackMaxTime:430.812s
Selecting boards with low utilization for repacking...
Selecting boards with low utilization for repacking...
iter3		 Improve solution by repack 0.870466944369793->0.8625591238914271 , unplacedBoxesSize:6
currentRepackCostTime:14.217s , currentRepackMaxTime:430.812s
iter4		 Improve solution by repack 0.8625591238914271->0.8071499596882558 , unplacedBoxesSize:2
currentRepackCostTime:14.225s , currentRepackMaxTime:430.812s
iter15		 Improve solution by repack 0.8071499596882558->0.7865224402042461 , unplacedBoxesSize:2
currentRepackCostTime:14.266s , currentRepackMaxTime:430.812s
iter74		 Improve solution by repack 0.7865224402042461->0.16456866433754366 , unplacedBoxesSize:1
currentRepackCostTime:14.51s , currentRepackMaxTime:430.812s
Selecting boards with low utilization for repacking...
Selecting boards with low utilization for repacking...
iter1		 Improve solution by repack 0.8279024455791454->0.7865224402042461 , unplacedBoxesSize:2
currentRepackCostTime:18.881s , currentRepackMaxTime:430.812s
iter64		 Improve solution by repack 0.7865224402042461->0.16456866433754366 , unplacedBoxesSize:1
currentRepackCostTime:19.127s , currentRepackMaxTime:430.812s
iter71		 Improve solution by repack 0.16456866433754366->0.14471109916689062 , unplacedBoxesSize:1
currentRepackCostTime:19.152s , currentRepackMaxTime:430.812s
iter278		 Improve solution by repack 0.14471109916689062->0.13680126310131685 , unplacedBoxesSize:1
currentRepackCostTime:20.174s , currentRepackMaxTime:430.812s
iter304		 Improve solution by repack 0.13680126310131685->0.13646331631281913 , unplacedBoxesSize:1
currentRepackCostTime:20.281s , currentRepackMaxTime:430.812s
iter337		 Improve solution by repack 0.13646331631281913->0.1338736226820747 , unplacedBoxesSize:2
currentRepackCostTime:20.461000000000002s , currentRepackMaxTime:430.812s
iter417		 Improve solution by repack 0.1338736226820747->0.1285255979575383 , unplacedBoxesSize:2
currentRepackCostTime:20.889s , currentRepackMaxTime:430.812s
iter462		 Improve solution by repack 0.1285255979575383->0.10702902445579145 , unplacedBoxesSize:1
currentRepackCostTime:21.183s , currentRepackMaxTime:430.812s
iter470		 Improve solution by repack 0.10702902445579145->0.09742139209889815 , unplacedBoxesSize:1
currentRepackCostTime:21.224s , currentRepackMaxTime:430.812s
iter703		 Improve solution by repack 0.09742139209889815->0.09366568126847623 , unplacedBoxesSize:1
currentRepackCostTime:22.361s , currentRepackMaxTime:430.812s
Selecting boards with low utilization for repacking...
Selecting boards with low utilization for repacking...
iter1		 Improve solution by repack 0.8911670249932814->0.8742575920451491 , unplacedBoxesSize:3
currentRepackCostTime:27.001s , currentRepackMaxTime:430.812s
iter8		 Improve solution by repack 0.8742575920451491->0.09366568126847623 , unplacedBoxesSize:1
currentRepackCostTime:27.032s , currentRepackMaxTime:430.812s
Selecting boards with low utilization for repacking...
Selecting boards with low utilization for repacking...
iter2		 Improve solution by repack 0.8742575920451491->0.20069470572426765 , unplacedBoxesSize:2
currentRepackCostTime:31.917s , currentRepackMaxTime:430.812s
iter6		 Improve solution by repack 0.20069470572426765->0.1948427841977963 , unplacedBoxesSize:2
currentRepackCostTime:31.943s , currentRepackMaxTime:430.812s
iter55		 Improve solution by repack 0.1948427841977963->0.19327600107497983 , unplacedBoxesSize:2
currentRepackCostTime:32.198s , currentRepackMaxTime:430.812s
iter56		 Improve solution by repack 0.19327600107497983->0.17626108572964258 , unplacedBoxesSize:1
currentRepackCostTime:32.202s , currentRepackMaxTime:430.812s
iter57		 Improve solution by repack 0.17626108572964258->0.17109916689062082 , unplacedBoxesSize:1
currentRepackCostTime:32.208s , currentRepackMaxTime:430.812s
iter62		 Improve solution by repack 0.17109916689062082->0.16456866433754366 , unplacedBoxesSize:1
currentRepackCostTime:32.227000000000004s , currentRepackMaxTime:430.812s
iter111		 Improve solution by repack 0.16456866433754366->0.15039774254232732 , unplacedBoxesSize:1
currentRepackCostTime:32.474000000000004s , currentRepackMaxTime:430.812s
iter121		 Improve solution by repack 0.15039774254232732->0.13680126310131685 , unplacedBoxesSize:1
currentRepackCostTime:32.526s , currentRepackMaxTime:430.812s
iter327		 Improve solution by repack 0.13680126310131685->0.08218556839559259 , unplacedBoxesSize:1
currentRepackCostTime:33.485s , currentRepackMaxTime:430.812s
iter378		 Improve solution by repack 0.08218556839559259->0.07480381617844666 , unplacedBoxesSize:1
currentRepackCostTime:33.757s , currentRepackMaxTime:430.812s
iter444		 Improve solution by repack 0.07480381617844666->0.07122278957269551 , unplacedBoxesSize:1
currentRepackCostTime:34.104s , currentRepackMaxTime:430.812s
Selecting boards with low utilization for repacking...
Selecting boards with low utilization for repacking...
iter2		 Improve solution by repack 0.9018704649287825->0.07122278957269551 , unplacedBoxesSize:1
currentRepackCostTime:38.579s , currentRepackMaxTime:430.812s
Selecting boards with low utilization for repacking...
Selecting boards with low utilization for repacking...
iter5		 Improve solution by repack 0.9018704649287825->0.8992669981187853 , unplacedBoxesSize:7
currentRepackCostTime:43.729s , currentRepackMaxTime:430.812s
iter11		 Improve solution by repack 0.8992669981187853->0.07122278957269551 , unplacedBoxesSize:1
currentRepackCostTime:43.766s , currentRepackMaxTime:430.812s
Selecting boards with low utilization for repacking...
Selecting boards with low utilization for repacking...
iter3		 Improve solution by repack 0.9047248723461436->0.8693449341574846 , unplacedBoxesSize:5
currentRepackCostTime:48.858000000000004s , currentRepackMaxTime:430.812s
iter6		 Improve solution by repack 0.8693449341574846->0.10459688255845202 , unplacedBoxesSize:1
currentRepackCostTime:48.867000000000004s , currentRepackMaxTime:430.812s
iter38		 Improve solution by repack 0.10459688255845202->0.09742139209889815 , unplacedBoxesSize:1
currentRepackCostTime:49.039s , currentRepackMaxTime:430.812s
iter39		 Improve solution by repack 0.09742139209889815->0.07122278957269551 , unplacedBoxesSize:1
currentRepackCostTime:49.043s , currentRepackMaxTime:430.812s
Selecting boards with low utilization for repacking...
Selecting boards with low utilization for repacking...
iter2		 Improve solution by repack 0.8639290513302876->0.07122278957269551 , unplacedBoxesSize:1
currentRepackCostTime:54.147s , currentRepackMaxTime:430.812s
Selecting boards with low utilization for repacking...
Selecting boards with low utilization for repacking...
iter1		 Improve solution by repack 0.8639290513302876->0.8226740123622682 , unplacedBoxesSize:3
currentRepackCostTime:59.462s , currentRepackMaxTime:430.812s
iter13		 Improve solution by repack 0.8226740123622682->0.07122278957269551 , unplacedBoxesSize:1
currentRepackCostTime:59.514s , currentRepackMaxTime:430.812s
Selecting boards with low utilization for repacking...
Selecting boards with low utilization for repacking...
iter16		 Improve solution by repack 0.8226740123622682->0.10302002149959688 , unplacedBoxesSize:1
currentRepackCostTime:64.784s , currentRepackMaxTime:430.812s
iter19		 Improve solution by repack 0.10302002149959688->0.08755173340499867 , unplacedBoxesSize:1
currentRepackCostTime:64.798s , currentRepackMaxTime:430.812s
iter33		 Improve solution by repack 0.08755173340499867->0.08387798978769148 , unplacedBoxesSize:1
currentRepackCostTime:64.856s , currentRepackMaxTime:430.812s
iter42		 Improve solution by repack 0.08387798978769148->0.08218556839559259 , unplacedBoxesSize:1
currentRepackCostTime:64.912s , currentRepackMaxTime:430.812s
Selecting boards with low utilization for repacking...
Selecting boards with low utilization for repacking...
iter18		 Improve solution by repack 0.855730986294007->0.08218556839559259 , unplacedBoxesSize:1
currentRepackCostTime:69.83s , currentRepackMaxTime:430.812s
Selecting boards with low utilization for repacking...
Selecting boards with low utilization for repacking...
iter19		 Improve solution by repack 0.855730986294007->0.08218556839559259 , unplacedBoxesSize:1
currentRepackCostTime:74.861s , currentRepackMaxTime:430.812s
Selecting boards with low utilization for repacking...
Selecting boards with low utilization for repacking...
iter4		 Improve solution by repack 0.855730986294007->0.8402069336199945 , unplacedBoxesSize:3
currentRepackCostTime:79.809s , currentRepackMaxTime:430.812s
iter28		 Improve solution by repack 0.8402069336199945->0.16345606019887127 , unplacedBoxesSize:1
currentRepackCostTime:79.904s , currentRepackMaxTime:430.812s
iter32		 Improve solution by repack 0.16345606019887127->0.15452163396936308 , unplacedBoxesSize:1
currentRepackCostTime:79.92s , currentRepackMaxTime:430.812s
iter34		 Improve solution by repack 0.15452163396936308->0.13047836603063692 , unplacedBoxesSize:2
currentRepackCostTime:79.933s , currentRepackMaxTime:430.812s
iter48		 Improve solution by repack 0.13047836603063692->0.08218556839559259 , unplacedBoxesSize:1
currentRepackCostTime:80.017s , currentRepackMaxTime:430.812s
Selecting boards with low utilization for repacking...
Selecting boards with low utilization for repacking...
iter2		 Improve solution by repack 0.8953869927438861->0.885759876377318 , unplacedBoxesSize:6
currentRepackCostTime:84.89s , currentRepackMaxTime:430.812s
iter12		 Improve solution by repack 0.885759876377318->0.872567186240258 , unplacedBoxesSize:4
currentRepackCostTime:84.94500000000001s , currentRepackMaxTime:430.812s
iter24		 Improve solution by repack 0.872567186240258->0.13680126310131685 , unplacedBoxesSize:1
currentRepackCostTime:84.998s , currentRepackMaxTime:430.812s
iter45		 Improve solution by repack 0.13680126310131685->0.13646331631281913 , unplacedBoxesSize:1
currentRepackCostTime:85.128s , currentRepackMaxTime:430.812s
iter167		 Improve solution by repack 0.13646331631281913->0.09742139209889815 , unplacedBoxesSize:1
currentRepackCostTime:85.726s , currentRepackMaxTime:430.812s
Selecting boards with low utilization for repacking...
Selecting boards with low utilization for repacking...
iter1		 Improve solution by repack 0.8923374092985757->0.891792192958882 , unplacedBoxesSize:6
currentRepackCostTime:89.914s , currentRepackMaxTime:430.812s
iter5		 Improve solution by repack 0.891792192958882->0.16885615425960765 , unplacedBoxesSize:2
currentRepackCostTime:89.93s , currentRepackMaxTime:430.812s
iter10		 Improve solution by repack 0.16885615425960765->0.16864418167159367 , unplacedBoxesSize:2
currentRepackCostTime:89.95100000000001s , currentRepackMaxTime:430.812s
iter29		 Improve solution by repack 0.16864418167159367->0.16676766998118783 , unplacedBoxesSize:1
currentRepackCostTime:90.054s , currentRepackMaxTime:430.812s
iter36		 Improve solution by repack 0.16676766998118783->0.13646331631281913 , unplacedBoxesSize:1
currentRepackCostTime:90.08500000000001s , currentRepackMaxTime:430.812s
iter154		 Improve solution by repack 0.13646331631281913->0.09742139209889815 , unplacedBoxesSize:1
currentRepackCostTime:90.684s , currentRepackMaxTime:430.812s
iter347		 Improve solution by repack 0.09742139209889815->0.0883176565439398 , unplacedBoxesSize:1
currentRepackCostTime:91.67s , currentRepackMaxTime:430.812s
iter370		 Improve solution by repack 0.0883176565439398->0.08387798978769148 , unplacedBoxesSize:1
currentRepackCostTime:91.775s , currentRepackMaxTime:430.812s
iter456		 Improve solution by repack 0.08387798978769148->0.08218556839559259 , unplacedBoxesSize:1
currentRepackCostTime:92.271s , currentRepackMaxTime:430.812s
Selecting boards with low utilization for repacking...
Selecting boards with low utilization for repacking...
iter12		 Improve solution by repack 0.8714391292663263->0.10702902445579145 , unplacedBoxesSize:1
currentRepackCostTime:96.709s , currentRepackMaxTime:430.812s
iter39		 Improve solution by repack 0.10702902445579145->0.10216003762429454 , unplacedBoxesSize:1
currentRepackCostTime:96.849s , currentRepackMaxTime:430.812s
iter70		 Improve solution by repack 0.10216003762429454->0.09742139209889815 , unplacedBoxesSize:1
currentRepackCostTime:97.042s , currentRepackMaxTime:430.812s
iter203		 Improve solution by repack 0.09742139209889815->0.0883176565439398 , unplacedBoxesSize:1
currentRepackCostTime:97.742s , currentRepackMaxTime:430.812s
iter218		 Improve solution by repack 0.0883176565439398->0.08387798978769148 , unplacedBoxesSize:1
currentRepackCostTime:97.827s , currentRepackMaxTime:430.812s
iter224		 Improve solution by repack 0.08387798978769148->0.08218556839559259 , unplacedBoxesSize:1
currentRepackCostTime:97.854s , currentRepackMaxTime:430.812s
Selecting boards with low utilization for repacking...
Selecting boards with low utilization for repacking...
iter17		 Improve solution by repack 0.8420048374092985->0.8402069336199945 , unplacedBoxesSize:3
currentRepackCostTime:101.764s , currentRepackMaxTime:430.812s
iter21		 Improve solution by repack 0.8402069336199945->0.08218556839559259 , unplacedBoxesSize:1
currentRepackCostTime:101.776s , currentRepackMaxTime:430.812s
Selecting boards with low utilization for repacking...
Selecting boards with low utilization for repacking...
iter3		 Improve solution by repack 0.8585944638538028->0.8402069336199945 , unplacedBoxesSize:3
currentRepackCostTime:106.763s , currentRepackMaxTime:430.812s
iter26		 Improve solution by repack 0.8402069336199945->0.08218556839559259 , unplacedBoxesSize:1
currentRepackCostTime:106.858s , currentRepackMaxTime:430.812s
Selecting boards with low utilization for repacking...
Selecting boards with low utilization for repacking...
iter16		 Improve solution by repack 0.8609594195108842->0.08218556839559259 , unplacedBoxesSize:1
currentRepackCostTime:111.934s , currentRepackMaxTime:430.812s
Selecting boards with low utilization for repacking...
Selecting boards with low utilization for repacking...
iter3		 Improve solution by repack 0.8496855683955926->0.8213773179252889 , unplacedBoxesSize:5
currentRepackCostTime:116.98s , currentRepackMaxTime:430.812s
iter6		 Improve solution by repack 0.8213773179252889->0.08218556839559259 , unplacedBoxesSize:1
currentRepackCostTime:116.991s , currentRepackMaxTime:430.812s
Selecting boards with low utilization for repacking...
Selecting boards with low utilization for repacking...
iter5		 Improve solution by repack 0.8213773179252889->0.08218556839559259 , unplacedBoxesSize:1
currentRepackCostTime:122.161s , currentRepackMaxTime:430.812s
Selecting boards with low utilization for repacking...
Selecting boards with low utilization for repacking...
iter3		 Improve solution by repack 0.8213773179252889->0.816655468959957 , unplacedBoxesSize:3
currentRepackCostTime:127.247s , currentRepackMaxTime:430.812s
iter11		 Improve solution by repack 0.816655468959957->0.8128124160171998 , unplacedBoxesSize:3
currentRepackCostTime:127.292s , currentRepackMaxTime:430.812s
iter18		 Improve solution by repack 0.8128124160171998->0.7959029830690675 , unplacedBoxesSize:2
currentRepackCostTime:127.31700000000001s , currentRepackMaxTime:430.812s
iter24		 Improve solution by repack 0.7959029830690675->0.08218556839559259 , unplacedBoxesSize:1
currentRepackCostTime:127.331s , currentRepackMaxTime:430.812s
Selecting boards with low utilization for repacking...
Selecting boards with low utilization for repacking...
iter6		 Improve solution by repack 0.8452049180327869->0.8434318731523783 , unplacedBoxesSize:3
currentRepackCostTime:132.297s , currentRepackMaxTime:430.812s
iter7		 Improve solution by repack 0.8434318731523783->0.8165305025530771 , unplacedBoxesSize:2
currentRepackCostTime:132.306s , currentRepackMaxTime:430.812s
iter8		 Improve solution by repack 0.8165305025530771->0.08218556839559259 , unplacedBoxesSize:1
currentRepackCostTime:132.31s , currentRepackMaxTime:430.812s
Selecting boards with low utilization for repacking...
Selecting boards with low utilization for repacking...
iter7		 Improve solution by repack 0.8617145928513841->0.14595404461166353 , unplacedBoxesSize:1
currentRepackCostTime:137.386s , currentRepackMaxTime:430.812s
iter49		 Improve solution by repack 0.14595404461166353->0.13646331631281913 , unplacedBoxesSize:1
currentRepackCostTime:137.603s , currentRepackMaxTime:430.812s
iter209		 Improve solution by repack 0.13646331631281913->0.10702902445579145 , unplacedBoxesSize:1
currentRepackCostTime:138.405s , currentRepackMaxTime:430.812s
iter227		 Improve solution by repack 0.10702902445579145->0.09742139209889815 , unplacedBoxesSize:1
currentRepackCostTime:138.497s , currentRepackMaxTime:430.812s
iter331		 Improve solution by repack 0.09742139209889815->0.0883176565439398 , unplacedBoxesSize:1
currentRepackCostTime:139.012s , currentRepackMaxTime:430.812s
iter340		 Improve solution by repack 0.0883176565439398->0.08218556839559259 , unplacedBoxesSize:1
currentRepackCostTime:139.056s , currentRepackMaxTime:430.812s
Selecting boards with low utilization for repacking...
Selecting boards with low utilization for repacking...
iter2		 Improve solution by repack 0.895762227895727->0.8735269416823435 , unplacedBoxesSize:5
currentRepackCostTime:143.946s , currentRepackMaxTime:430.812s
iter14		 Improve solution by repack 0.8735269416823435->0.8652102929320075 , unplacedBoxesSize:5
currentRepackCostTime:143.992s , currentRepackMaxTime:430.812s
iter23		 Improve solution by repack 0.8652102929320075->0.853915614082236 , unplacedBoxesSize:4
currentRepackCostTime:144.038s , currentRepackMaxTime:430.812s
iter30		 Improve solution by repack 0.853915614082236->0.8332880945982263 , unplacedBoxesSize:4
currentRepackCostTime:144.06900000000002s , currentRepackMaxTime:430.812s
iter31		 Improve solution by repack 0.8332880945982263->0.10216003762429454 , unplacedBoxesSize:1
currentRepackCostTime:144.072s , currentRepackMaxTime:430.812s
iter38		 Improve solution by repack 0.10216003762429454->0.09742139209889815 , unplacedBoxesSize:1
currentRepackCostTime:144.118s , currentRepackMaxTime:430.812s
iter71		 Improve solution by repack 0.09742139209889815->0.08218556839559259 , unplacedBoxesSize:1
currentRepackCostTime:144.292s , currentRepackMaxTime:430.812s
Selecting boards with low utilization for repacking...
Selecting boards with low utilization for repacking...
iter2		 Improve solution by repack 0.8493019349637194->0.8467777479172265 , unplacedBoxesSize:4
currentRepackCostTime:148.993s , currentRepackMaxTime:430.812s
iter17		 Improve solution by repack 0.8467777479172265->0.8402472453641495 , unplacedBoxesSize:4
currentRepackCostTime:149.065s , currentRepackMaxTime:430.812s
iter23		 Improve solution by repack 0.8402472453641495->0.13646331631281913 , unplacedBoxesSize:1
currentRepackCostTime:149.088s , currentRepackMaxTime:430.812s
iter62		 Improve solution by repack 0.13646331631281913->0.10702902445579145 , unplacedBoxesSize:1
currentRepackCostTime:149.302s , currentRepackMaxTime:430.812s
iter63		 Improve solution by repack 0.10702902445579145->0.09742139209889815 , unplacedBoxesSize:1
currentRepackCostTime:149.30700000000002s , currentRepackMaxTime:430.812s
iter71		 Improve solution by repack 0.09742139209889815->0.08218556839559259 , unplacedBoxesSize:1
currentRepackCostTime:149.354s , currentRepackMaxTime:430.812s
Selecting boards with low utilization for repacking...
Selecting boards with low utilization for repacking...
iter2		 Improve solution by repack 0.8833593120128997->0.8523474872346144 , unplacedBoxesSize:5
currentRepackCostTime:153.975s , currentRepackMaxTime:430.812s
iter3		 Improve solution by repack 0.8523474872346144->0.8393422467078743 , unplacedBoxesSize:4
currentRepackCostTime:153.986s , currentRepackMaxTime:430.812s
iter9		 Improve solution by repack 0.8393422467078743->0.1758512496640688 , unplacedBoxesSize:2
currentRepackCostTime:154.017s , currentRepackMaxTime:430.812s
iter23		 Improve solution by repack 0.1758512496640688->0.16437113679118517 , unplacedBoxesSize:2
currentRepackCostTime:154.117s , currentRepackMaxTime:430.812s
iter87		 Improve solution by repack 0.16437113679118517->0.16345606019887127 , unplacedBoxesSize:1
currentRepackCostTime:154.492s , currentRepackMaxTime:430.812s
iter135		 Improve solution by repack 0.16345606019887127->0.15452163396936308 , unplacedBoxesSize:1
currentRepackCostTime:154.71s , currentRepackMaxTime:430.812s
iter229		 Improve solution by repack 0.15452163396936308->0.14595404461166353 , unplacedBoxesSize:1
currentRepackCostTime:155.149s , currentRepackMaxTime:430.812s
iter241		 Improve solution by repack 0.14595404461166353->0.14471109916689062 , unplacedBoxesSize:1
currentRepackCostTime:155.209s , currentRepackMaxTime:430.812s
iter253		 Improve solution by repack 0.14471109916689062->0.13646331631281913 , unplacedBoxesSize:1
currentRepackCostTime:155.28s , currentRepackMaxTime:430.812s
Selecting boards with low utilization for repacking...
Selecting boards with low utilization for repacking...
iter1		 Improve solution by repack 0.8991124697661919->0.8497124428916958 , unplacedBoxesSize:4
currentRepackCostTime:158.871s , currentRepackMaxTime:430.812s
iter2		 Improve solution by repack 0.8497124428916958->0.8433532652512765 , unplacedBoxesSize:5
currentRepackCostTime:158.879s , currentRepackMaxTime:430.812s
iter3		 Improve solution by repack 0.8433532652512765->0.8281785810266057 , unplacedBoxesSize:5
currentRepackCostTime:158.883s , currentRepackMaxTime:430.812s
iter5		 Improve solution by repack 0.8281785810266057->0.8220646331631282 , unplacedBoxesSize:5
currentRepackCostTime:158.89000000000001s , currentRepackMaxTime:430.812s
iter36		 Improve solution by repack 0.8220646331631282->0.15898649556570815 , unplacedBoxesSize:2
currentRepackCostTime:159.062s , currentRepackMaxTime:430.812s
iter42		 Improve solution by repack 0.15898649556570815->0.15409533727492608 , unplacedBoxesSize:2
currentRepackCostTime:159.086s , currentRepackMaxTime:430.812s
iter63		 Improve solution by repack 0.15409533727492608->0.13521163665681268 , unplacedBoxesSize:2
currentRepackCostTime:159.202s , currentRepackMaxTime:430.812s
iter70		 Improve solution by repack 0.13521163665681268->0.12907954850846545 , unplacedBoxesSize:2
currentRepackCostTime:159.235s , currentRepackMaxTime:430.812s
iter121		 Improve solution by repack 0.12907954850846545->0.12239350980919107 , unplacedBoxesSize:2
currentRepackCostTime:159.56300000000002s , currentRepackMaxTime:430.812s
iter128		 Improve solution by repack 0.12239350980919107->0.10702902445579145 , unplacedBoxesSize:1
currentRepackCostTime:159.605s , currentRepackMaxTime:430.812s
iter191		 Improve solution by repack 0.10702902445579145->0.10459688255845202 , unplacedBoxesSize:1
currentRepackCostTime:159.961s , currentRepackMaxTime:430.812s
iter193		 Improve solution by repack 0.10459688255845202->0.09742139209889815 , unplacedBoxesSize:1
currentRepackCostTime:159.971s , currentRepackMaxTime:430.812s
iter201		 Improve solution by repack 0.09742139209889815->0.08218556839559259 , unplacedBoxesSize:1
currentRepackCostTime:160.028s , currentRepackMaxTime:430.812s
Selecting boards with low utilization for repacking...
Selecting boards with low utilization for repacking...
iter4		 Improve solution by repack 0.8289599570008063->0.08218556839559259 , unplacedBoxesSize:1
currentRepackCostTime:164.359s , currentRepackMaxTime:430.812s
Selecting boards with low utilization for repacking...
Selecting boards with low utilization for repacking...
iter1		 Improve solution by repack 0.8289599570008063->0.08218556839559259 , unplacedBoxesSize:1
currentRepackCostTime:169.78s , currentRepackMaxTime:430.812s
Selecting boards with low utilization for repacking...
Selecting boards with low utilization for repacking...
iter8		 Improve solution by repack 0.8289599570008063->0.7959029830690675 , unplacedBoxesSize:2
currentRepackCostTime:175.231s , currentRepackMaxTime:430.812s
iter21		 Improve solution by repack 0.7959029830690675->0.08218556839559259 , unplacedBoxesSize:1
currentRepackCostTime:175.275s , currentRepackMaxTime:430.812s
Selecting boards with low utilization for repacking...
Selecting boards with low utilization for repacking...
iter7		 Improve solution by repack 0.8403319000268745->0.8195794141359849 , unplacedBoxesSize:3
currentRepackCostTime:180.583s , currentRepackMaxTime:430.812s
iter49		 Improve solution by repack 0.8195794141359849->0.08218556839559259 , unplacedBoxesSize:1
currentRepackCostTime:180.782s , currentRepackMaxTime:430.812s
Selecting boards with low utilization for repacking...
Selecting boards with low utilization for repacking...
iter8		 Improve solution by repack 0.8482867508734212->0.8195794141359849 , unplacedBoxesSize:3
currentRepackCostTime:186.0s , currentRepackMaxTime:430.812s
iter27		 Improve solution by repack 0.8195794141359849->0.08218556839559259 , unplacedBoxesSize:1
currentRepackCostTime:186.095s , currentRepackMaxTime:430.812s
Selecting boards with low utilization for repacking...
Selecting boards with low utilization for repacking...
iter12		 Improve solution by repack 0.8195794141359849->0.08218556839559259 , unplacedBoxesSize:1
currentRepackCostTime:191.435s , currentRepackMaxTime:430.812s
Selecting boards with low utilization for repacking...
Selecting boards with low utilization for repacking...
iter1		 Improve solution by repack 0.8424012362268207->0.8195794141359849 , unplacedBoxesSize:3
currentRepackCostTime:196.65200000000002s , currentRepackMaxTime:430.812s
iter18		 Improve solution by repack 0.8195794141359849->0.08218556839559259 , unplacedBoxesSize:1
currentRepackCostTime:196.719s , currentRepackMaxTime:430.812s
Selecting boards with low utilization for repacking...
Selecting boards with low utilization for repacking...
iter1		 Improve solution by repack 0.8505912389142704->0.8403319000268745 , unplacedBoxesSize:4
currentRepackCostTime:201.93800000000002s , currentRepackMaxTime:430.812s
iter4		 Improve solution by repack 0.8403319000268745->0.8402069336199945 , unplacedBoxesSize:3
currentRepackCostTime:201.946s , currentRepackMaxTime:430.812s
iter6		 Improve solution by repack 0.8402069336199945->0.08218556839559259 , unplacedBoxesSize:1
currentRepackCostTime:201.95600000000002s , currentRepackMaxTime:430.812s
Selecting boards with low utilization for repacking...
Selecting boards with low utilization for repacking...
iter13		 Improve solution by repack 0.8402069336199945->0.08218556839559259 , unplacedBoxesSize:1
currentRepackCostTime:207.293s , currentRepackMaxTime:430.812s
Selecting boards with low utilization for repacking...
Selecting boards with low utilization for repacking...
iter1		 Improve solution by repack 0.8403319000268745->0.8402069336199945 , unplacedBoxesSize:3
currentRepackCostTime:212.529s , currentRepackMaxTime:430.812s
iter3		 Improve solution by repack 0.8402069336199945->0.08218556839559259 , unplacedBoxesSize:1
currentRepackCostTime:212.53900000000002s , currentRepackMaxTime:430.812s
Selecting boards with low utilization for repacking...
Selecting boards with low utilization for repacking...
iter11		 Improve solution by repack 0.8402069336199945->0.08218556839559259 , unplacedBoxesSize:1
currentRepackCostTime:218.077s , currentRepackMaxTime:430.812s
Selecting boards with low utilization for repacking...
Selecting boards with low utilization for repacking...
iter2		 Improve solution by repack 0.8402069336199945->0.8071499596882558 , unplacedBoxesSize:2
currentRepackCostTime:223.383s , currentRepackMaxTime:430.812s
iter4		 Improve solution by repack 0.8071499596882558->0.08218556839559259 , unplacedBoxesSize:1
currentRepackCostTime:223.386s , currentRepackMaxTime:430.812s
Selecting boards with low utilization for repacking...
Selecting boards with low utilization for repacking...
iter17		 Improve solution by repack 0.8071499596882558->0.08218556839559259 , unplacedBoxesSize:1
currentRepackCostTime:228.834s , currentRepackMaxTime:430.812s
Selecting boards with low utilization for repacking...
Selecting boards with low utilization for repacking...
iter2		 Improve solution by repack 0.825537489922064->0.08218556839559259 , unplacedBoxesSize:1
currentRepackCostTime:234.169s , currentRepackMaxTime:430.812s
Selecting boards with low utilization for repacking...
Selecting boards with low utilization for repacking...
iter5		 Improve solution by repack 0.825537489922064->0.8071499596882558 , unplacedBoxesSize:2
currentRepackCostTime:239.546s , currentRepackMaxTime:430.812s
iter10		 Improve solution by repack 0.8071499596882558->0.08218556839559259 , unplacedBoxesSize:1
currentRepackCostTime:239.565s , currentRepackMaxTime:430.812s
Selecting boards with low utilization for repacking...
Selecting boards with low utilization for repacking...
iter5		 Improve solution by repack 0.824059392636388->0.8071499596882558 , unplacedBoxesSize:2
currentRepackCostTime:244.812s , currentRepackMaxTime:430.812s
iter8		 Improve solution by repack 0.8071499596882558->0.08218556839559259 , unplacedBoxesSize:1
currentRepackCostTime:244.822s , currentRepackMaxTime:430.812s
Selecting boards with low utilization for repacking...
Selecting boards with low utilization for repacking...
iter2		 Improve solution by repack 0.8071499596882558->0.08218556839559259 , unplacedBoxesSize:1
currentRepackCostTime:250.139s , currentRepackMaxTime:430.812s
Selecting boards with low utilization for repacking...
Selecting boards with low utilization for repacking...
iter33		 Improve solution by repack 0.8071499596882558->0.08218556839559259 , unplacedBoxesSize:1
currentRepackCostTime:255.686s , currentRepackMaxTime:430.812s
Selecting boards with low utilization for repacking...
Selecting boards with low utilization for repacking...
iter17		 Improve solution by repack 0.8071499596882558->0.08218556839559259 , unplacedBoxesSize:1
currentRepackCostTime:261.023s , currentRepackMaxTime:430.812s
Selecting boards with low utilization for repacking...
Selecting boards with low utilization for repacking...
iter19		 Improve solution by repack 0.8071499596882558->0.08218556839559259 , unplacedBoxesSize:1
currentRepackCostTime:266.351s , currentRepackMaxTime:430.812s
Selecting boards with low utilization for repacking...
Selecting boards with low utilization for repacking...
iter38		 Improve solution by repack 0.8071499596882558->0.08218556839559259 , unplacedBoxesSize:1
currentRepackCostTime:271.71s , currentRepackMaxTime:430.812s
Selecting boards with low utilization for repacking...
Selecting boards with low utilization for repacking...
iter1		 Improve solution by repack 0.8071499596882558->0.08218556839559259 , unplacedBoxesSize:1
currentRepackCostTime:276.883s , currentRepackMaxTime:430.812s
Selecting boards with low utilization for repacking...
Selecting boards with low utilization for repacking...
iter2		 Improve solution by repack 0.8546882558452029->0.08218556839559259 , unplacedBoxesSize:1
currentRepackCostTime:282.148s , currentRepackMaxTime:430.812s
Selecting boards with low utilization for repacking...
Selecting boards with low utilization for repacking...
iter1		 Improve solution by repack 0.8546882558452029->0.8410870733673744 , unplacedBoxesSize:5
currentRepackCostTime:287.40000000000003s , currentRepackMaxTime:430.812s
iter14		 Improve solution by repack 0.8410870733673744->0.8071499596882558 , unplacedBoxesSize:2
currentRepackCostTime:287.46500000000003s , currentRepackMaxTime:430.812s
iter19		 Improve solution by repack 0.8071499596882558->0.7865224402042461 , unplacedBoxesSize:2
currentRepackCostTime:287.482s , currentRepackMaxTime:430.812s
iter48		 Improve solution by repack 0.7865224402042461->0.08218556839559259 , unplacedBoxesSize:1
currentRepackCostTime:287.596s , currentRepackMaxTime:430.812s
Selecting boards with low utilization for repacking...
Selecting boards with low utilization for repacking...
iter16		 Improve solution by repack 0.7865224402042461->0.09378796022574576 , unplacedBoxesSize:2
currentRepackCostTime:292.745s , currentRepackMaxTime:430.812s
iter39		 Improve solution by repack 0.09378796022574576->0.08218556839559259 , unplacedBoxesSize:1
currentRepackCostTime:292.895s , currentRepackMaxTime:430.812s
Selecting boards with low utilization for repacking...
Selecting boards with low utilization for repacking...
iter15		 Improve solution by repack 0.7865224402042461->0.08218556839559259 , unplacedBoxesSize:1
currentRepackCostTime:298.085s , currentRepackMaxTime:430.812s
Selecting boards with low utilization for repacking...
Selecting boards with low utilization for repacking...
iter12		 Improve solution by repack 0.8071499596882558->0.7865224402042461 , unplacedBoxesSize:2
currentRepackCostTime:303.367s , currentRepackMaxTime:430.812s
iter22		 Improve solution by repack 0.7865224402042461->0.08218556839559259 , unplacedBoxesSize:1
currentRepackCostTime:303.40500000000003s , currentRepackMaxTime:430.812s
Selecting boards with low utilization for repacking...
Selecting boards with low utilization for repacking...
iter12		 Improve solution by repack 0.7865224402042461->0.08218556839559259 , unplacedBoxesSize:1
currentRepackCostTime:308.717s , currentRepackMaxTime:430.812s
Selecting boards with low utilization for repacking...
Selecting boards with low utilization for repacking...
iter14		 Improve solution by repack 0.7865224402042461->0.08218556839559259 , unplacedBoxesSize:1
currentRepackCostTime:314.096s , currentRepackMaxTime:430.812s
Selecting boards with low utilization for repacking...
Selecting boards with low utilization for repacking...
iter11		 Improve solution by repack 0.8071499596882558->0.08218556839559259 , unplacedBoxesSize:1
currentRepackCostTime:319.47700000000003s , currentRepackMaxTime:430.812s
Selecting boards with low utilization for repacking...
Selecting boards with low utilization for repacking...
iter9		 Improve solution by repack 0.8071499596882558->0.7865224402042461 , unplacedBoxesSize:2
currentRepackCostTime:324.778s , currentRepackMaxTime:430.812s
iter23		 Improve solution by repack 0.7865224402042461->0.08218556839559259 , unplacedBoxesSize:1
currentRepackCostTime:324.82800000000003s , currentRepackMaxTime:430.812s
Selecting boards with low utilization for repacking...
Selecting boards with low utilization for repacking...
iter5		 Improve solution by repack 0.7865224402042461->0.08218556839559259 , unplacedBoxesSize:1
currentRepackCostTime:330.065s , currentRepackMaxTime:430.812s
Selecting boards with low utilization for repacking...
Selecting boards with low utilization for repacking...
iter15		 Improve solution by repack 0.7865224402042461->0.08218556839559259 , unplacedBoxesSize:1
currentRepackCostTime:335.74s , currentRepackMaxTime:430.812s
Selecting boards with low utilization for repacking...
Selecting boards with low utilization for repacking...
iter3		 Improve solution by repack 0.8071499596882558->0.08218556839559259 , unplacedBoxesSize:1
currentRepackCostTime:341.09000000000003s , currentRepackMaxTime:430.812s
Selecting boards with low utilization for repacking...
Selecting boards with low utilization for repacking...
iter5		 Improve solution by repack 0.8621150228433218->0.8165305025530771 , unplacedBoxesSize:2
currentRepackCostTime:346.346s , currentRepackMaxTime:430.812s
iter28		 Improve solution by repack 0.8165305025530771->0.1705032249395324 , unplacedBoxesSize:2
currentRepackCostTime:346.422s , currentRepackMaxTime:430.812s
iter38		 Improve solution by repack 0.1705032249395324->0.16456866433754366 , unplacedBoxesSize:1
currentRepackCostTime:346.479s , currentRepackMaxTime:430.812s
iter55		 Improve solution by repack 0.16456866433754366->0.10702902445579145 , unplacedBoxesSize:1
currentRepackCostTime:346.559s , currentRepackMaxTime:430.812s
iter100		 Improve solution by repack 0.10702902445579145->0.10459688255845202 , unplacedBoxesSize:1
currentRepackCostTime:346.78700000000003s , currentRepackMaxTime:430.812s
iter104		 Improve solution by repack 0.10459688255845202->0.10216003762429454 , unplacedBoxesSize:1
currentRepackCostTime:346.806s , currentRepackMaxTime:430.812s
iter111		 Improve solution by repack 0.10216003762429454->0.09742139209889815 , unplacedBoxesSize:1
currentRepackCostTime:346.845s , currentRepackMaxTime:430.812s
iter156		 Improve solution by repack 0.09742139209889815->0.09366568126847623 , unplacedBoxesSize:1
currentRepackCostTime:347.084s , currentRepackMaxTime:430.812s
iter252		 Improve solution by repack 0.09366568126847623->0.08218556839559259 , unplacedBoxesSize:1
currentRepackCostTime:347.607s , currentRepackMaxTime:430.812s
Selecting boards with low utilization for repacking...
Selecting boards with low utilization for repacking...
iter12		 Improve solution by repack 0.8165305025530771->0.08218556839559259 , unplacedBoxesSize:1
currentRepackCostTime:351.665s , currentRepackMaxTime:430.812s
Selecting boards with low utilization for repacking...
Selecting boards with low utilization for repacking...
iter16		 Improve solution by repack 0.8165305025530771->0.08218556839559259 , unplacedBoxesSize:1
currentRepackCostTime:356.992s , currentRepackMaxTime:430.812s
Selecting boards with low utilization for repacking...
Selecting boards with low utilization for repacking...
iter4		 Improve solution by repack 0.8609594195108842->0.8071499596882558 , unplacedBoxesSize:2
currentRepackCostTime:362.142s , currentRepackMaxTime:430.812s
iter9		 Improve solution by repack 0.8071499596882558->0.7865224402042461 , unplacedBoxesSize:2
currentRepackCostTime:362.159s , currentRepackMaxTime:430.812s
iter13		 Improve solution by repack 0.7865224402042461->0.08218556839559259 , unplacedBoxesSize:1
currentRepackCostTime:362.177s , currentRepackMaxTime:430.812s
Selecting boards with low utilization for repacking...
Selecting boards with low utilization for repacking...
iter1		 Improve solution by repack 0.8072749260951357->0.8071499596882558 , unplacedBoxesSize:2
currentRepackCostTime:367.37s , currentRepackMaxTime:430.812s
iter6		 Improve solution by repack 0.8071499596882558->0.08218556839559259 , unplacedBoxesSize:1
currentRepackCostTime:367.389s , currentRepackMaxTime:430.812s
Selecting boards with low utilization for repacking...
Selecting boards with low utilization for repacking...
iter6		 Improve solution by repack 0.8507242676699812->0.8071499596882558 , unplacedBoxesSize:2
currentRepackCostTime:372.58s , currentRepackMaxTime:430.812s
iter8		 Improve solution by repack 0.8071499596882558->0.7865224402042461 , unplacedBoxesSize:2
currentRepackCostTime:372.59000000000003s , currentRepackMaxTime:430.812s
iter15		 Improve solution by repack 0.7865224402042461->0.08218556839559259 , unplacedBoxesSize:1
currentRepackCostTime:372.617s , currentRepackMaxTime:430.812s
Selecting boards with low utilization for repacking...
Selecting boards with low utilization for repacking...
iter26		 Improve solution by repack 0.8071499596882558->0.08218556839559259 , unplacedBoxesSize:1
currentRepackCostTime:377.81s , currentRepackMaxTime:430.812s
Selecting boards with low utilization for repacking...
Selecting boards with low utilization for repacking...
iter2		 Improve solution by repack 0.8709493415748455->0.8652291050792797 , unplacedBoxesSize:5
currentRepackCostTime:382.846s , currentRepackMaxTime:430.812s
iter4		 Improve solution by repack 0.8652291050792797->0.8556214727223864 , unplacedBoxesSize:5
currentRepackCostTime:382.854s , currentRepackMaxTime:430.812s
iter6		 Improve solution by repack 0.8556214727223864->0.09366568126847623 , unplacedBoxesSize:1
currentRepackCostTime:382.867s , currentRepackMaxTime:430.812s
iter20		 Improve solution by repack 0.09366568126847623->0.08218556839559259 , unplacedBoxesSize:1
currentRepackCostTime:382.931s , currentRepackMaxTime:430.812s
iter304		 Improve solution by repack 0.08218556839559259->0.07122278957269551 , unplacedBoxesSize:1
currentRepackCostTime:384.414s , currentRepackMaxTime:430.812s
Selecting boards with low utilization for repacking...
Selecting boards with low utilization for repacking...
iter1		 Improve solution by repack 0.8802418704649287->0.8429273044880409 , unplacedBoxesSize:5
currentRepackCostTime:387.988s , currentRepackMaxTime:430.812s
iter2		 Improve solution by repack 0.8429273044880409->0.08755173340499867 , unplacedBoxesSize:1
currentRepackCostTime:387.98900000000003s , currentRepackMaxTime:430.812s
iter52		 Improve solution by repack 0.08755173340499867->0.07143476216070949 , unplacedBoxesSize:1
currentRepackCostTime:388.25s , currentRepackMaxTime:430.812s
iter65		 Improve solution by repack 0.07143476216070949->0.07122278957269551 , unplacedBoxesSize:1
currentRepackCostTime:388.315s , currentRepackMaxTime:430.812s
iter353		 Improve solution by repack 0.07122278957269551->0.06764646600376244 , unplacedBoxesSize:2
currentRepackCostTime:389.815s , currentRepackMaxTime:430.812s
iter356		 Improve solution by repack 0.06764646600376244->0.04689398011287288 , unplacedBoxesSize:1
currentRepackCostTime:389.829s , currentRepackMaxTime:430.812s
Selecting boards with low utilization for repacking...
Selecting boards with low utilization for repacking...
iter2		 Improve solution by repack 0.8612153453372748->0.8387866165009406 , unplacedBoxesSize:3
currentRepackCostTime:394.873s , currentRepackMaxTime:430.812s
iter8		 Improve solution by repack 0.8387866165009406->0.04689398011287288 , unplacedBoxesSize:1
currentRepackCostTime:394.908s , currentRepackMaxTime:430.812s
iter56		 Improve solution by repack 0.04689398011287288->0.0402079414135985 , unplacedBoxesSize:1
currentRepackCostTime:395.19s , currentRepackMaxTime:430.812s
Selecting boards with low utilization for repacking...
Selecting boards with low utilization for repacking...
iter1		 Improve solution by repack 0.8071499596882558->0.0402079414135985 , unplacedBoxesSize:1
currentRepackCostTime:400.235s , currentRepackMaxTime:430.812s
Selecting boards with low utilization for repacking...
Selecting boards with low utilization for repacking...
iter2		 Improve solution by repack 0.8410870733673744->0.837151303413061 , unplacedBoxesSize:5
currentRepackCostTime:405.562s , currentRepackMaxTime:430.812s
iter6		 Improve solution by repack 0.837151303413061->0.0402079414135985 , unplacedBoxesSize:1
currentRepackCostTime:405.586s , currentRepackMaxTime:430.812s
iter248		 Improve solution by repack 0.0402079414135985->0.0 , unplacedBoxesSize:0
currentRepackCostTime:406.879s , currentRepackMaxTime:430.812s
Improved success. Continue searching for another removable board.
Selecting boards with low utilization for repacking...
iter1		 Improve solution by repack 0.8911771029293201->0.8879857565170653 , unplacedBoxesSize:6
currentRepackCostTime:406.885s , currentRepackMaxTime:430.812s
iter6		 Improve solution by repack 0.8879857565170653->0.8817811072292394 , unplacedBoxesSize:5
currentRepackCostTime:406.908s , currentRepackMaxTime:430.812s
iter10		 Improve solution by repack 0.8817811072292394->0.8729205858640151 , unplacedBoxesSize:5
currentRepackCostTime:406.928s , currentRepackMaxTime:430.812s
iter43		 Improve solution by repack 0.8729205858640151->0.8689216608438592 , unplacedBoxesSize:5
currentRepackCostTime:407.083s , currentRepackMaxTime:430.812s
iter47		 Improve solution by repack 0.8689216608438592->0.8496341709217952 , unplacedBoxesSize:6
currentRepackCostTime:407.10200000000003s , currentRepackMaxTime:430.812s
iter90		 Improve solution by repack 0.8496341709217952->0.8290066514377855 , unplacedBoxesSize:6
currentRepackCostTime:407.34000000000003s , currentRepackMaxTime:430.812s
iter113		 Improve solution by repack 0.8290066514377855->0.8231547299113141 , unplacedBoxesSize:6
currentRepackCostTime:407.475s , currentRepackMaxTime:430.812s
iter167		 Improve solution by repack 0.8231547299113141->0.8146049449072831 , unplacedBoxesSize:6
currentRepackCostTime:407.759s , currentRepackMaxTime:430.812s
iter171		 Improve solution by repack 0.8146049449072831->0.7995666487503359 , unplacedBoxesSize:5
currentRepackCostTime:407.788s , currentRepackMaxTime:430.812s
Selecting boards with low utilization for repacking...
iter4		 Improve solution by repack 0.9161697124428918->0.9157511421660843 , unplacedBoxesSize:7
currentRepackCostTime:410.177s , currentRepackMaxTime:430.812s
iter8		 Improve solution by repack 0.9157511421660843->0.9068906208008599 , unplacedBoxesSize:7
currentRepackCostTime:410.19100000000003s , currentRepackMaxTime:430.812s
iter10		 Improve solution by repack 0.9068906208008599->0.9017287019618382 , unplacedBoxesSize:7
currentRepackCostTime:410.201s , currentRepackMaxTime:430.812s
iter30		 Improve solution by repack 0.9017287019618382->0.8921210696049449 , unplacedBoxesSize:7
currentRepackCostTime:410.324s , currentRepackMaxTime:430.812s
iter33		 Improve solution by repack 0.8921210696049449->0.887789572695512 , unplacedBoxesSize:7
currentRepackCostTime:410.343s , currentRepackMaxTime:430.812s
iter206		 Improve solution by repack 0.887789572695512->0.8803681805966138 , unplacedBoxesSize:6
currentRepackCostTime:411.33500000000004s , currentRepackMaxTime:430.812s
iter319		 Improve solution by repack 0.8803681805966138->0.8668247782854072 , unplacedBoxesSize:6
currentRepackCostTime:411.943s , currentRepackMaxTime:430.812s
iter322		 Improve solution by repack 0.8668247782854072->0.8500940607363612 , unplacedBoxesSize:5
currentRepackCostTime:411.96000000000004s , currentRepackMaxTime:430.812s
iter352		 Improve solution by repack 0.8500940607363612->0.8414132625638269 , unplacedBoxesSize:5
currentRepackCostTime:412.10200000000003s , currentRepackMaxTime:430.812s
iter413		 Improve solution by repack 0.8414132625638269->0.8328634775597958 , unplacedBoxesSize:5
currentRepackCostTime:412.408s , currentRepackMaxTime:430.812s
iter530		 Improve solution by repack 0.8328634775597958->0.831620532115023 , unplacedBoxesSize:5
currentRepackCostTime:413.064s , currentRepackMaxTime:430.812s
iter564		 Improve solution by repack 0.831620532115023->0.821314834721849 , unplacedBoxesSize:5
currentRepackCostTime:413.242s , currentRepackMaxTime:430.812s
iter590		 Improve solution by repack 0.821314834721849->0.8162765385649019 , unplacedBoxesSize:4
currentRepackCostTime:413.39300000000003s , currentRepackMaxTime:430.812s
iter610		 Improve solution by repack 0.8162765385649019->0.8156436441816717 , unplacedBoxesSize:4
currentRepackCostTime:413.478s , currentRepackMaxTime:430.812s
iter666		 Improve solution by repack 0.8156436441816717->0.8097729105079279 , unplacedBoxesSize:4
currentRepackCostTime:413.742s , currentRepackMaxTime:430.812s
iter730		 Improve solution by repack 0.8097729105079279->0.8060171996775061 , unplacedBoxesSize:4
currentRepackCostTime:414.031s , currentRepackMaxTime:430.812s
iter982		 Improve solution by repack 0.8060171996775061->0.7999032518140284 , unplacedBoxesSize:4
currentRepackCostTime:415.253s , currentRepackMaxTime:430.812s
Selecting boards with low utilization for repacking...
iter3		 Improve solution by repack 0.9174556570814297->0.9155126310131685 , unplacedBoxesSize:3
currentRepackCostTime:417.827s , currentRepackMaxTime:430.812s
iter4		 Improve solution by repack 0.9155126310131685->0.9025812953507122 , unplacedBoxesSize:3
currentRepackCostTime:417.82800000000003s , currentRepackMaxTime:430.812s
iter7		 Improve solution by repack 0.9025812953507122->0.8929629131953776 , unplacedBoxesSize:4
currentRepackCostTime:417.839s , currentRepackMaxTime:430.812s
iter10		 Improve solution by repack 0.8929629131953776->0.8820787422735823 , unplacedBoxesSize:4
currentRepackCostTime:417.856s , currentRepackMaxTime:430.812s
iter12		 Improve solution by repack 0.8820787422735823->0.8792999193765116 , unplacedBoxesSize:3
currentRepackCostTime:417.86s , currentRepackMaxTime:430.812s
iter31		 Improve solution by repack 0.8792999193765116->0.8729205858640151 , unplacedBoxesSize:5
currentRepackCostTime:417.937s , currentRepackMaxTime:430.812s
iter44		 Improve solution by repack 0.8729205858640151->0.8707215802203709 , unplacedBoxesSize:5
currentRepackCostTime:418.0s , currentRepackMaxTime:430.812s
iter95		 Improve solution by repack 0.8707215802203709->0.8685037624294545 , unplacedBoxesSize:5
currentRepackCostTime:418.226s , currentRepackMaxTime:430.812s
iter97		 Improve solution by repack 0.8685037624294545->0.8571472722386455 , unplacedBoxesSize:5
currentRepackCostTime:418.237s , currentRepackMaxTime:430.812s
iter99		 Improve solution by repack 0.8571472722386455->0.8539559258263908 , unplacedBoxesSize:5
currentRepackCostTime:418.246s , currentRepackMaxTime:430.812s
iter103		 Improve solution by repack 0.8539559258263908->0.8469779629131954 , unplacedBoxesSize:4
currentRepackCostTime:418.265s , currentRepackMaxTime:430.812s
iter108		 Improve solution by repack 0.8469779629131954->0.8432222520827736 , unplacedBoxesSize:4
currentRepackCostTime:418.284s , currentRepackMaxTime:430.812s
iter109		 Improve solution by repack 0.8432222520827736->0.8334345606019886 , unplacedBoxesSize:4
currentRepackCostTime:418.289s , currentRepackMaxTime:430.812s
iter129		 Improve solution by repack 0.8334345606019886->0.8291030636925558 , unplacedBoxesSize:4
currentRepackCostTime:418.382s , currentRepackMaxTime:430.812s
iter188		 Improve solution by repack 0.8291030636925558->0.8084755442085461 , unplacedBoxesSize:4
currentRepackCostTime:418.661s , currentRepackMaxTime:430.812s
Selecting boards with low utilization for repacking...
iter261		 Improve solution by repack 0.8084755442085461->0.8012053211502285 , unplacedBoxesSize:4
currentRepackCostTime:421.86s , currentRepackMaxTime:430.812s
Selecting boards with low utilization for repacking...
Selecting boards with low utilization for repacking...
iter2		 Improve solution by repack 0.9174556570814297->0.9164720505240527 , unplacedBoxesSize:5
currentRepackCostTime:424.88100000000003s , currentRepackMaxTime:430.812s
iter15		 Improve solution by repack 0.9164720505240527->0.9126672937382424 , unplacedBoxesSize:4
currentRepackCostTime:424.958s , currentRepackMaxTime:430.812s
iter21		 Improve solution by repack 0.9126672937382424->0.9109748723461436 , unplacedBoxesSize:4
currentRepackCostTime:424.995s , currentRepackMaxTime:430.812s
iter23		 Improve solution by repack 0.9109748723461436->0.8959365761891965 , unplacedBoxesSize:3
currentRepackCostTime:425.00600000000003s , currentRepackMaxTime:430.812s
iter179		 Improve solution by repack 0.8959365761891965->0.8895676565439399 , unplacedBoxesSize:4
currentRepackCostTime:425.757s , currentRepackMaxTime:430.812s
iter192		 Improve solution by repack 0.8895676565439399->0.8799600241870466 , unplacedBoxesSize:4
currentRepackCostTime:425.819s , currentRepackMaxTime:430.812s
iter193		 Improve solution by repack 0.8799600241870466->0.8649217280300995 , unplacedBoxesSize:3
currentRepackCostTime:425.821s , currentRepackMaxTime:430.812s
iter228		 Improve solution by repack 0.8649217280300995->0.8510521365224402 , unplacedBoxesSize:3
currentRepackCostTime:426.00100000000003s , currentRepackMaxTime:430.812s
iter231		 Improve solution by repack 0.8510521365224402->0.8493597151303413 , unplacedBoxesSize:3
currentRepackCostTime:426.015s , currentRepackMaxTime:430.812s
iter315		 Improve solution by repack 0.8493597151303413->0.8435024187046493 , unplacedBoxesSize:3
currentRepackCostTime:426.416s , currentRepackMaxTime:430.812s
iter574		 Improve solution by repack 0.8435024187046493->0.8392367643106691 , unplacedBoxesSize:3
currentRepackCostTime:427.744s , currentRepackMaxTime:430.812s
iter602		 Improve solution by repack 0.8392367643106691->0.8346257726417631 , unplacedBoxesSize:6
currentRepackCostTime:427.866s , currentRepackMaxTime:430.812s
iter765		 Improve solution by repack 0.8346257726417631->0.8264834721848966 , unplacedBoxesSize:6
currentRepackCostTime:428.745s , currentRepackMaxTime:430.812s
iter776		 Improve solution by repack 0.8264834721848966->0.8106154259607633 , unplacedBoxesSize:5
currentRepackCostTime:428.817s , currentRepackMaxTime:430.812s
iter786		 Improve solution by repack 0.8106154259607633->0.7997708949207202 , unplacedBoxesSize:3
currentRepackCostTime:428.865s , currentRepackMaxTime:430.812s
Selecting boards with low utilization for repacking...
iter2		 Improve solution by repack 0.9295243214189733->0.9273041521096479 , unplacedBoxesSize:7
currentRepackCostTime:430.65500000000003s , currentRepackMaxTime:430.812s
iter8		 Improve solution by repack 0.9273041521096479->0.8433015318462779 , unplacedBoxesSize:3
currentRepackCostTime:430.699s , currentRepackMaxTime:430.812s
Global repack result: 26 -> 25 boards.
Start nesting on the 1th large board, remaining blocks count: 46
Utilization of the 1th large board: 97.1298710024187, Time taken for this board: 0.097s
-------------------------------------------------------------------
Start nesting on the 2th large board, remaining blocks count: 46
Utilization of the 2th large board: 97.1298710024187, Time taken for this board: 0.193s
-------------------------------------------------------------------
Start nesting on the 3th large board, remaining blocks count: 43
Utilization of the 3th large board: 95.1190876108573, Time taken for this board: 0.289s
-------------------------------------------------------------------
Start nesting on the 4th large board, remaining blocks count: 41
Utilization of the 4th large board: 94.24106423004568, Time taken for this board: 0.386s
-------------------------------------------------------------------
Start nesting on the 5th large board, remaining blocks count: 37
Utilization of the 5th large board: 96.18630744423541, Time taken for this board: 0.47000000000000003s
-------------------------------------------------------------------
Start nesting on the 6th large board, remaining blocks count: 34
Utilization of the 6th large board: 97.35880811609782, Time taken for this board: 0.591s
-------------------------------------------------------------------
Start nesting on the 7th large board, remaining blocks count: 27
Utilization of the 7th large board: 97.02438860521366, Time taken for this board: 0.641s
-------------------------------------------------------------------
Start nesting on the 8th large board, remaining blocks count: 24
Utilization of the 8th large board: 97.85376914807847, Time taken for this board: 0.682s
-------------------------------------------------------------------
Start nesting on the 9th large board, remaining blocks count: 20
Utilization of the 9th large board: 94.58757726417629, Time taken for this board: 0.71s
-------------------------------------------------------------------
Start nesting on the 10th large board, remaining blocks count: 8
Utilization of the 10th large board: 45.69662053211503, Time taken for this board: 0.711s
-------------------------------------------------------------------
Start global repack optimization for 10 boards, time=162.639s.
Start improving solution by repacking.
Selecting boards with low utilization for repacking...
iter6		 Improve solution by repack 0.45696620532115023->0.4541188524590164 , unplacedBoxesSize:6
currentRepackCostTime:0.052000000000000005s , currentRepackMaxTime:162.639s
Selecting boards with low utilization for repacking...
Selecting boards with low utilization for repacking...
iter2		 Improve solution by repack 0.9424106423004568->0.47534668099973126 , unplacedBoxesSize:8
currentRepackCostTime:1.131s , currentRepackMaxTime:162.639s
iter3		 Improve solution by repack 0.47534668099973126->0.4677482531577533 , unplacedBoxesSize:6
currentRepackCostTime:1.143s , currentRepackMaxTime:162.639s
Selecting boards with low utilization for repacking...
Selecting boards with low utilization for repacking...
iter2		 Improve solution by repack 0.9300436710561677->0.5082991803278688 , unplacedBoxesSize:8
currentRepackCostTime:2.274s , currentRepackMaxTime:162.639s
iter5		 Improve solution by repack 0.5082991803278688->0.5003013302875572 , unplacedBoxesSize:6
currentRepackCostTime:2.298s , currentRepackMaxTime:162.639s
iter28		 Improve solution by repack 0.5003013302875572->0.49083042192958887 , unplacedBoxesSize:6
currentRepackCostTime:2.5180000000000002s , currentRepackMaxTime:162.639s
iter30		 Improve solution by repack 0.49083042192958887->0.4650524052674012 , unplacedBoxesSize:5
currentRepackCostTime:2.5340000000000003s , currentRepackMaxTime:162.639s
Selecting boards with low utilization for repacking...
Selecting boards with low utilization for repacking...
iter3		 Improve solution by repack 0.9489854877721042->0.5344174952969631 , unplacedBoxesSize:5
currentRepackCostTime:3.418s , currentRepackMaxTime:162.639s
iter7		 Improve solution by repack 0.5344174952969631->0.4869850174684225 , unplacedBoxesSize:6
currentRepackCostTime:3.456s , currentRepackMaxTime:162.639s
iter32		 Improve solution by repack 0.4869850174684225->0.47938591776404194 , unplacedBoxesSize:4
currentRepackCostTime:3.67s , currentRepackMaxTime:162.639s
Selecting boards with low utilization for repacking...
Selecting boards with low utilization for repacking...
iter3		 Improve solution by repack 0.946916151572158->0.47938591776404194 , unplacedBoxesSize:4
currentRepackCostTime:4.457s , currentRepackMaxTime:162.639s
Selecting boards with low utilization for repacking...
Selecting boards with low utilization for repacking...
iter4		 Improve solution by repack 0.946916151572158->0.9426753560870734 , unplacedBoxesSize:5
currentRepackCostTime:5.486s , currentRepackMaxTime:162.639s
iter12		 Improve solution by repack 0.9426753560870734->0.583982800322494 , unplacedBoxesSize:5
currentRepackCostTime:5.533s , currentRepackMaxTime:162.639s
iter13		 Improve solution by repack 0.583982800322494->0.5669376511690406 , unplacedBoxesSize:5
currentRepackCostTime:5.538s , currentRepackMaxTime:162.639s
Selecting boards with low utilization for repacking...
Selecting boards with low utilization for repacking...
iter2		 Improve solution by repack 0.9171415614082236->0.8706869793066381 , unplacedBoxesSize:8
currentRepackCostTime:6.458s , currentRepackMaxTime:162.639s
iter3		 Improve solution by repack 0.8706869793066381->0.5428796022574577 , unplacedBoxesSize:6
currentRepackCostTime:6.469s , currentRepackMaxTime:162.639s
iter6		 Improve solution by repack 0.5428796022574577->0.5300268744961032 , unplacedBoxesSize:6
currentRepackCostTime:6.503s , currentRepackMaxTime:162.639s
iter12		 Improve solution by repack 0.5300268744961032->0.5016998118785273 , unplacedBoxesSize:3
currentRepackCostTime:6.541s , currentRepackMaxTime:162.639s
iter49		 Improve solution by repack 0.5016998118785273->0.4990728298844397 , unplacedBoxesSize:5
currentRepackCostTime:6.806s , currentRepackMaxTime:162.639s
iter51		 Improve solution by repack 0.4990728298844397->0.48960192152647136 , unplacedBoxesSize:5
currentRepackCostTime:6.819s , currentRepackMaxTime:162.639s
iter54		 Improve solution by repack 0.48960192152647136->0.4786421660843859 , unplacedBoxesSize:4
currentRepackCostTime:6.832s , currentRepackMaxTime:162.639s
Selecting boards with low utilization for repacking...
Selecting boards with low utilization for repacking...
iter2		 Improve solution by repack 0.9452459016393443->0.943176565439398 , unplacedBoxesSize:12
currentRepackCostTime:7.771s , currentRepackMaxTime:162.639s
iter3		 Improve solution by repack 0.943176565439398->0.942582303144316 , unplacedBoxesSize:6
currentRepackCostTime:7.775s , currentRepackMaxTime:162.639s
iter5		 Improve solution by repack 0.942582303144316->0.9364764176296695 , unplacedBoxesSize:9
currentRepackCostTime:7.787s , currentRepackMaxTime:162.639s
iter8		 Improve solution by repack 0.9364764176296695->0.5315425960763236 , unplacedBoxesSize:7
currentRepackCostTime:7.813s , currentRepackMaxTime:162.639s
iter11		 Improve solution by repack 0.5315425960763236->0.5306826122010212 , unplacedBoxesSize:7
currentRepackCostTime:7.841s , currentRepackMaxTime:162.639s
iter13		 Improve solution by repack 0.5306826122010212->0.5128271969900564 , unplacedBoxesSize:4
currentRepackCostTime:7.856s , currentRepackMaxTime:162.639s
iter29		 Improve solution by repack 0.5128271969900564->0.5126068261220101 , unplacedBoxesSize:4
currentRepackCostTime:7.987s , currentRepackMaxTime:162.639s
iter30		 Improve solution by repack 0.5126068261220101->0.5029155468959957 , unplacedBoxesSize:4
currentRepackCostTime:8.001s , currentRepackMaxTime:162.639s
iter31		 Improve solution by repack 0.5029155468959957->0.49344463853802745 , unplacedBoxesSize:4
currentRepackCostTime:8.008000000000001s , currentRepackMaxTime:162.639s
iter48		 Improve solution by repack 0.49344463853802745->0.48769349637194304 , unplacedBoxesSize:3
currentRepackCostTime:8.135s , currentRepackMaxTime:162.639s
iter64		 Improve solution by repack 0.48769349637194304->0.48727055898951893 , unplacedBoxesSize:5
currentRepackCostTime:8.249s , currentRepackMaxTime:162.639s
iter79		 Improve solution by repack 0.48727055898951893->0.4792102257457672 , unplacedBoxesSize:5
currentRepackCostTime:8.387s , currentRepackMaxTime:162.639s
Selecting boards with low utilization for repacking...
Selecting boards with low utilization for repacking...
iter1		 Improve solution by repack 0.9489854877721042->0.49716440472991136 , unplacedBoxesSize:3
currentRepackCostTime:9.26s , currentRepackMaxTime:162.639s
iter16		 Improve solution by repack 0.49716440472991136->0.49540950013437246 , unplacedBoxesSize:8
currentRepackCostTime:9.368s , currentRepackMaxTime:162.639s
iter22		 Improve solution by repack 0.49540950013437246->0.48854172265520024 , unplacedBoxesSize:7
currentRepackCostTime:9.422s , currentRepackMaxTime:162.639s
Selecting boards with low utilization for repacking...
Selecting boards with low utilization for repacking...
iter4		 Improve solution by repack 0.9446516393442623->0.9439592851384037 , unplacedBoxesSize:9
currentRepackCostTime:10.456s , currentRepackMaxTime:162.639s
iter16		 Improve solution by repack 0.9439592851384037->0.5173827600107498 , unplacedBoxesSize:8
currentRepackCostTime:10.556000000000001s , currentRepackMaxTime:162.639s
iter25		 Improve solution by repack 0.5173827600107498->0.5107833915614082 , unplacedBoxesSize:3
currentRepackCostTime:10.642s , currentRepackMaxTime:162.639s
iter44		 Improve solution by repack 0.5107833915614082->0.5099741332975006 , unplacedBoxesSize:6
currentRepackCostTime:10.778s , currentRepackMaxTime:162.639s
iter55		 Improve solution by repack 0.5099741332975006->0.49540950013437246 , unplacedBoxesSize:8
currentRepackCostTime:10.894s , currentRepackMaxTime:162.639s
iter59		 Improve solution by repack 0.49540950013437246->0.48692690137059935 , unplacedBoxesSize:2
currentRepackCostTime:10.928s , currentRepackMaxTime:162.639s
Selecting boards with low utilization for repacking...
Selecting boards with low utilization for repacking...
iter1		 Improve solution by repack 0.942582303144316->0.9408069067454986 , unplacedBoxesSize:10
currentRepackCostTime:11.755s , currentRepackMaxTime:162.639s
iter2		 Improve solution by repack 0.9408069067454986->0.5566457269551196 , unplacedBoxesSize:6
currentRepackCostTime:11.76s , currentRepackMaxTime:162.639s
iter3		 Improve solution by repack 0.5566457269551196->0.5496486159634507 , unplacedBoxesSize:7
currentRepackCostTime:11.776s , currentRepackMaxTime:162.639s
iter9		 Improve solution by repack 0.5496486159634507->0.5450194840096748 , unplacedBoxesSize:6
currentRepackCostTime:11.83s , currentRepackMaxTime:162.639s
iter11		 Improve solution by repack 0.5450194840096748->0.5423374092985757 , unplacedBoxesSize:5
currentRepackCostTime:11.842s , currentRepackMaxTime:162.639s
iter12		 Improve solution by repack 0.5423374092985757->0.5292596076323569 , unplacedBoxesSize:3
currentRepackCostTime:11.85s , currentRepackMaxTime:162.639s
iter17		 Improve solution by repack 0.5292596076323569->0.5211992743886052 , unplacedBoxesSize:3
currentRepackCostTime:11.881s , currentRepackMaxTime:162.639s
iter24		 Improve solution by repack 0.5211992743886052->0.512386455253964 , unplacedBoxesSize:4
currentRepackCostTime:11.939s , currentRepackMaxTime:162.639s
iter26		 Improve solution by repack 0.512386455253964->0.5029155468959957 , unplacedBoxesSize:4
currentRepackCostTime:11.947000000000001s , currentRepackMaxTime:162.639s
iter27		 Improve solution by repack 0.5029155468959957->0.4771375302338081 , unplacedBoxesSize:3
currentRepackCostTime:11.950000000000001s , currentRepackMaxTime:162.639s
iter31		 Improve solution by repack 0.4771375302338081->0.4763689196452566 , unplacedBoxesSize:7
currentRepackCostTime:11.984s , currentRepackMaxTime:162.639s
iter42		 Improve solution by repack 0.4763689196452566->0.47432511421660845 , unplacedBoxesSize:6
currentRepackCostTime:12.077s , currentRepackMaxTime:162.639s
iter46		 Improve solution by repack 0.47432511421660845->0.4694144719161516 , unplacedBoxesSize:6
currentRepackCostTime:12.117s , currentRepackMaxTime:162.639s
iter71		 Improve solution by repack 0.4694144719161516->0.4648542058586401 , unplacedBoxesSize:6
currentRepackCostTime:12.332s , currentRepackMaxTime:162.639s
iter106		 Improve solution by repack 0.4648542058586401->0.46312080085998386 , unplacedBoxesSize:6
currentRepackCostTime:12.677s , currentRepackMaxTime:162.639s
Selecting boards with low utilization for repacking...
Selecting boards with low utilization for repacking...
iter5		 Improve solution by repack 0.9499035877452298->0.5015876108572964 , unplacedBoxesSize:7
currentRepackCostTime:13.786s , currentRepackMaxTime:162.639s
iter6		 Improve solution by repack 0.5015876108572964->0.4954410776672938 , unplacedBoxesSize:6
currentRepackCostTime:13.789s , currentRepackMaxTime:162.639s
iter17		 Improve solution by repack 0.4954410776672938->0.46879434291857025 , unplacedBoxesSize:5
currentRepackCostTime:13.886000000000001s , currentRepackMaxTime:162.639s
iter51		 Improve solution by repack 0.46879434291857025->0.46312080085998386 , unplacedBoxesSize:6
currentRepackCostTime:14.156s , currentRepackMaxTime:162.639s
Selecting boards with low utilization for repacking...
Selecting boards with low utilization for repacking...
iter2		 Improve solution by repack 0.951972923945176->0.5025517334049987 , unplacedBoxesSize:6
currentRepackCostTime:15.356s , currentRepackMaxTime:162.639s
iter3		 Improve solution by repack 0.5025517334049987->0.5014377855415211 , unplacedBoxesSize:7
currentRepackCostTime:15.366s , currentRepackMaxTime:162.639s
iter7		 Improve solution by repack 0.5014377855415211->0.4990009406073636 , unplacedBoxesSize:7
currentRepackCostTime:15.401s , currentRepackMaxTime:162.639s
iter8		 Improve solution by repack 0.4990009406073636->0.4954212577264176 , unplacedBoxesSize:2
currentRepackCostTime:15.412s , currentRepackMaxTime:162.639s
iter33		 Improve solution by repack 0.4954212577264176->0.482172131147541 , unplacedBoxesSize:7
currentRepackCostTime:15.564s , currentRepackMaxTime:162.639s
iter41		 Improve solution by repack 0.482172131147541->0.4759217952163397 , unplacedBoxesSize:2
currentRepackCostTime:15.647s , currentRepackMaxTime:162.639s
iter58		 Improve solution by repack 0.4759217952163397->0.46571284600913737 , unplacedBoxesSize:3
currentRepackCostTime:15.764000000000001s , currentRepackMaxTime:162.639s
iter59		 Improve solution by repack 0.46571284600913737->0.45624193765116905 , unplacedBoxesSize:3
currentRepackCostTime:15.771s , currentRepackMaxTime:162.639s
Selecting boards with low utilization for repacking...
Selecting boards with low utilization for repacking...
iter4		 Improve solution by repack 0.9496237570545552->0.9437056570814297 , unplacedBoxesSize:6
currentRepackCostTime:16.709s , currentRepackMaxTime:162.639s
iter5		 Improve solution by repack 0.9437056570814297->0.45624193765116905 , unplacedBoxesSize:3
currentRepackCostTime:16.718s , currentRepackMaxTime:162.639s
iter44		 Improve solution by repack 0.45624193765116905->0.4504907954850847 , unplacedBoxesSize:2
currentRepackCostTime:17.03s , currentRepackMaxTime:162.639s
Selecting boards with low utilization for repacking...
Selecting boards with low utilization for repacking...
iter11		 Improve solution by repack 0.9377193630744424->0.9365960091373288 , unplacedBoxesSize:12
currentRepackCostTime:17.793s , currentRepackMaxTime:162.639s
iter16		 Improve solution by repack 0.9365960091373288->0.45928009943563564 , unplacedBoxesSize:9
currentRepackCostTime:17.848s , currentRepackMaxTime:162.639s
iter24		 Improve solution by repack 0.45928009943563564->0.4592381080354743 , unplacedBoxesSize:8
currentRepackCostTime:17.925s , currentRepackMaxTime:162.639s
iter25		 Improve solution by repack 0.4592381080354743->0.45731658156409566 , unplacedBoxesSize:8
currentRepackCostTime:17.936s , currentRepackMaxTime:162.639s
iter34		 Improve solution by repack 0.45731658156409566->0.4544171593657619 , unplacedBoxesSize:7
currentRepackCostTime:18.013s , currentRepackMaxTime:162.639s
iter41		 Improve solution by repack 0.4544171593657619->0.4522423407686106 , unplacedBoxesSize:6
currentRepackCostTime:18.053s , currentRepackMaxTime:162.639s
Selecting boards with low utilization for repacking...
Selecting boards with low utilization for repacking...
iter4		 Improve solution by repack 0.9355643644181671->0.4522423407686106 , unplacedBoxesSize:6
currentRepackCostTime:18.943s , currentRepackMaxTime:162.639s
Selecting boards with low utilization for repacking...
Selecting boards with low utilization for repacking...
iter6		 Improve solution by repack 0.9355643644181671->0.4522423407686106 , unplacedBoxesSize:6
currentRepackCostTime:20.163s , currentRepackMaxTime:162.639s
Selecting boards with low utilization for repacking...
Selecting boards with low utilization for repacking...
iter2		 Improve solution by repack 0.9355643644181671->0.933495028218221 , unplacedBoxesSize:6
currentRepackCostTime:21.317s , currentRepackMaxTime:162.639s
iter4		 Improve solution by repack 0.933495028218221->0.5065909701693093 , unplacedBoxesSize:3
currentRepackCostTime:21.333000000000002s , currentRepackMaxTime:162.639s
iter9		 Improve solution by repack 0.5065909701693093->0.45924717817790917 , unplacedBoxesSize:3
currentRepackCostTime:21.365000000000002s , currentRepackMaxTime:162.639s
Selecting boards with low utilization for repacking...
Selecting boards with low utilization for repacking...
iter2		 Improve solution by repack 0.9236048777210426->0.4850251948400967 , unplacedBoxesSize:4
currentRepackCostTime:22.286s , currentRepackMaxTime:162.639s
Selecting boards with low utilization for repacking...
Selecting boards with low utilization for repacking...
iter1		 Improve solution by repack 0.9265429320075248->0.4850251948400967 , unplacedBoxesSize:4
currentRepackCostTime:23.356s , currentRepackMaxTime:162.639s
Selecting boards with low utilization for repacking...
Selecting boards with low utilization for repacking...
iter1		 Improve solution by repack 0.9265429320075248->0.4926122010212308 , unplacedBoxesSize:5
currentRepackCostTime:24.42s , currentRepackMaxTime:162.639s
iter14		 Improve solution by repack 0.4926122010212308->0.4761797903789304 , unplacedBoxesSize:6
currentRepackCostTime:24.528000000000002s , currentRepackMaxTime:162.639s
iter39		 Improve solution by repack 0.4761797903789304->0.4741359849502822 , unplacedBoxesSize:5
currentRepackCostTime:24.719s , currentRepackMaxTime:162.639s
iter44		 Improve solution by repack 0.4741359849502822->0.4653554152109648 , unplacedBoxesSize:5
currentRepackCostTime:24.771s , currentRepackMaxTime:162.639s
iter56		 Improve solution by repack 0.4653554152109648->0.4620955388336469 , unplacedBoxesSize:4
currentRepackCostTime:24.87s , currentRepackMaxTime:162.639s
iter74		 Improve solution by repack 0.4620955388336469->0.4596482800322494 , unplacedBoxesSize:5
currentRepackCostTime:24.983s , currentRepackMaxTime:162.639s
Selecting boards with low utilization for repacking...
Selecting boards with low utilization for repacking...
iter3		 Improve solution by repack 0.9260934560601989->0.9230781375974201 , unplacedBoxesSize:6
currentRepackCostTime:25.845s , currentRepackMaxTime:162.639s
iter5		 Improve solution by repack 0.9230781375974201->0.4968509809191078 , unplacedBoxesSize:6
currentRepackCostTime:25.862000000000002s , currentRepackMaxTime:162.639s
iter28		 Improve solution by repack 0.4968509809191078->0.49041957807041114 , unplacedBoxesSize:5
currentRepackCostTime:26.061s , currentRepackMaxTime:162.639s
iter34		 Improve solution by repack 0.49041957807041114->0.4887184224670787 , unplacedBoxesSize:5
currentRepackCostTime:26.12s , currentRepackMaxTime:162.639s
iter38		 Improve solution by repack 0.4887184224670787->0.4796348427841978 , unplacedBoxesSize:5
currentRepackCostTime:26.155s , currentRepackMaxTime:162.639s
iter59		 Improve solution by repack 0.4796348427841978->0.4741359849502822 , unplacedBoxesSize:5
currentRepackCostTime:26.289s , currentRepackMaxTime:162.639s
iter82		 Improve solution by repack 0.4741359849502822->0.47300557645794145 , unplacedBoxesSize:4
currentRepackCostTime:26.501s , currentRepackMaxTime:162.639s
Selecting boards with low utilization for repacking...
Selecting boards with low utilization for repacking...
iter5		 Improve solution by repack 0.9325490459553883->0.9317441547970975 , unplacedBoxesSize:5
currentRepackCostTime:27.285s , currentRepackMaxTime:162.639s
iter13		 Improve solution by repack 0.9317441547970975->0.9308539371136791 , unplacedBoxesSize:5
currentRepackCostTime:27.339000000000002s , currentRepackMaxTime:162.639s
iter16		 Improve solution by repack 0.9308539371136791->0.5601074979844128 , unplacedBoxesSize:6
currentRepackCostTime:27.359s , currentRepackMaxTime:162.639s
iter19		 Improve solution by repack 0.5601074979844128->0.5033267266863747 , unplacedBoxesSize:5
currentRepackCostTime:27.394000000000002s , currentRepackMaxTime:162.639s
iter27		 Improve solution by repack 0.5033267266863747->0.4781688390217683 , unplacedBoxesSize:5
currentRepackCostTime:27.443s , currentRepackMaxTime:162.639s
iter33		 Improve solution by repack 0.4781688390217683->0.4585188793335125 , unplacedBoxesSize:5
currentRepackCostTime:27.486s , currentRepackMaxTime:162.639s
Selecting boards with low utilization for repacking...
Selecting boards with low utilization for repacking...
iter2		 Improve solution by repack 0.9354739989250201->0.9240241198602527 , unplacedBoxesSize:6
currentRepackCostTime:28.312s , currentRepackMaxTime:162.639s
iter5		 Improve solution by repack 0.9240241198602527->0.4585188793335125 , unplacedBoxesSize:5
currentRepackCostTime:28.325s , currentRepackMaxTime:162.639s
Selecting boards with low utilization for repacking...
Selecting boards with low utilization for repacking...
iter2		 Improve solution by repack 0.9240241198602527->0.4878984144047299 , unplacedBoxesSize:6
currentRepackCostTime:29.413s , currentRepackMaxTime:162.639s
iter15		 Improve solution by repack 0.4878984144047299->0.4573323703305563 , unplacedBoxesSize:6
currentRepackCostTime:29.531000000000002s , currentRepackMaxTime:162.639s
Selecting boards with low utilization for repacking...
Selecting boards with low utilization for repacking...
iter11		 Improve solution by repack 0.9219547836603065->0.4573323703305563 , unplacedBoxesSize:6
currentRepackCostTime:30.606s , currentRepackMaxTime:162.639s
Selecting boards with low utilization for repacking...
Selecting boards with low utilization for repacking...
iter1		 Improve solution by repack 0.9230781375974201->0.4847268879333513 , unplacedBoxesSize:7
currentRepackCostTime:31.635s , currentRepackMaxTime:162.639s
iter30		 Improve solution by repack 0.4847268879333513->0.4573323703305563 , unplacedBoxesSize:6
currentRepackCostTime:31.883s , currentRepackMaxTime:162.639s
Selecting boards with low utilization for repacking...
Selecting boards with low utilization for repacking...
iter2		 Improve solution by repack 0.9230781375974201->0.489545821015856 , unplacedBoxesSize:5
currentRepackCostTime:32.782000000000004s , currentRepackMaxTime:162.639s
iter11		 Improve solution by repack 0.489545821015856->0.4822107632356893 , unplacedBoxesSize:5
currentRepackCostTime:32.901s , currentRepackMaxTime:162.639s
iter43		 Improve solution by repack 0.4822107632356893->0.4702576592313894 , unplacedBoxesSize:5
currentRepackCostTime:33.144s , currentRepackMaxTime:162.639s
iter47		 Improve solution by repack 0.4702576592313894->0.4643533324375168 , unplacedBoxesSize:7
currentRepackCostTime:33.196s , currentRepackMaxTime:162.639s
iter60		 Improve solution by repack 0.4643533324375168->0.45624193765116905 , unplacedBoxesSize:3
currentRepackCostTime:33.323s , currentRepackMaxTime:162.639s
Selecting boards with low utilization for repacking...
Selecting boards with low utilization for repacking...
iter1		 Improve solution by repack 0.9395370868046224->0.4759217952163397 , unplacedBoxesSize:2
currentRepackCostTime:34.193s , currentRepackMaxTime:162.639s
Selecting boards with low utilization for repacking...
Selecting boards with low utilization for repacking...
iter1		 Improve solution by repack 0.935952364955657->0.9198572292394518 , unplacedBoxesSize:11
currentRepackCostTime:35.045s , currentRepackMaxTime:162.639s
iter7		 Improve solution by repack 0.9198572292394518->0.4643533324375168 , unplacedBoxesSize:7
currentRepackCostTime:35.087s , currentRepackMaxTime:162.639s
iter18		 Improve solution by repack 0.4643533324375168->0.45624193765116905 , unplacedBoxesSize:3
currentRepackCostTime:35.18s , currentRepackMaxTime:162.639s
Selecting boards with low utilization for repacking...
Selecting boards with low utilization for repacking...
iter6		 Improve solution by repack 0.9395370868046224->0.4643533324375168 , unplacedBoxesSize:7
currentRepackCostTime:36.087s , currentRepackMaxTime:162.639s
iter11		 Improve solution by repack 0.4643533324375168->0.45867979037893036 , unplacedBoxesSize:8
currentRepackCostTime:36.145s , currentRepackMaxTime:162.639s
iter22		 Improve solution by repack 0.45867979037893036->0.4550198199408761 , unplacedBoxesSize:5
currentRepackCostTime:36.267s , currentRepackMaxTime:162.639s
iter35		 Improve solution by repack 0.4550198199408761->0.4485958075786079 , unplacedBoxesSize:7
currentRepackCostTime:36.364s , currentRepackMaxTime:162.639s
Selecting boards with low utilization for repacking...
Selecting boards with low utilization for repacking...
iter1		 Improve solution by repack 0.9314256920182747->0.9219547836603065 , unplacedBoxesSize:6
currentRepackCostTime:37.313s , currentRepackMaxTime:162.639s
iter8		 Improve solution by repack 0.9219547836603065->0.4485958075786079 , unplacedBoxesSize:7
currentRepackCostTime:37.363s , currentRepackMaxTime:162.639s
Selecting boards with low utilization for repacking...
Selecting boards with low utilization for repacking...
iter3		 Improve solution by repack 0.9260934560601989->0.9219547836603065 , unplacedBoxesSize:6
currentRepackCostTime:38.562s , currentRepackMaxTime:162.639s
iter15		 Improve solution by repack 0.9219547836603065->0.4485958075786079 , unplacedBoxesSize:7
currentRepackCostTime:38.647s , currentRepackMaxTime:162.639s
Selecting boards with low utilization for repacking...
Selecting boards with low utilization for repacking...
iter2		 Improve solution by repack 0.935180730986294->0.4451689733942489 , unplacedBoxesSize:6
currentRepackCostTime:39.798s , currentRepackMaxTime:162.639s
iter15		 Improve solution by repack 0.4451689733942489->0.4407276269819941 , unplacedBoxesSize:5
currentRepackCostTime:39.9s , currentRepackMaxTime:162.639s
Selecting boards with low utilization for repacking...
Selecting boards with low utilization for repacking...
iter7		 Improve solution by repack 0.9561015184090298->0.9459516930932544 , unplacedBoxesSize:10
currentRepackCostTime:40.912s , currentRepackMaxTime:162.639s
iter14		 Improve solution by repack 0.9459516930932544->0.4990113544746036 , unplacedBoxesSize:6
currentRepackCostTime:40.977000000000004s , currentRepackMaxTime:162.639s
iter15		 Improve solution by repack 0.4990113544746036->0.4755720908357968 , unplacedBoxesSize:6
currentRepackCostTime:40.980000000000004s , currentRepackMaxTime:162.639s
iter17		 Improve solution by repack 0.4755720908357968->0.4642260145122279 , unplacedBoxesSize:6
currentRepackCostTime:40.991s , currentRepackMaxTime:162.639s
iter18		 Improve solution by repack 0.4642260145122279->0.46321922870196186 , unplacedBoxesSize:8
currentRepackCostTime:40.999s , currentRepackMaxTime:162.639s
iter32		 Improve solution by repack 0.46321922870196186->0.45789135984950285 , unplacedBoxesSize:7
currentRepackCostTime:41.166000000000004s , currentRepackMaxTime:162.639s
iter34		 Improve solution by repack 0.45789135984950285->0.4534738645525397 , unplacedBoxesSize:5
currentRepackCostTime:41.178000000000004s , currentRepackMaxTime:162.639s
iter39		 Improve solution by repack 0.4534738645525397->0.43346916151572157 , unplacedBoxesSize:2
currentRepackCostTime:41.227000000000004s , currentRepackMaxTime:162.639s
Selecting boards with low utilization for repacking...
Selecting boards with low utilization for repacking...
iter4		 Improve solution by repack 0.9474667428110723->0.5075537489922064 , unplacedBoxesSize:5
currentRepackCostTime:41.868s , currentRepackMaxTime:162.639s
iter5		 Improve solution by repack 0.5075537489922064->0.49249563289438325 , unplacedBoxesSize:6
currentRepackCostTime:41.87s , currentRepackMaxTime:162.639s
iter10		 Improve solution by repack 0.49249563289438325->0.48036314162859445 , unplacedBoxesSize:3
currentRepackCostTime:41.916000000000004s , currentRepackMaxTime:162.639s
Selecting boards with low utilization for repacking...
Selecting boards with low utilization for repacking...
iter1		 Improve solution by repack 0.9323693227626981->0.4869006987368987 , unplacedBoxesSize:7
currentRepackCostTime:42.752s , currentRepackMaxTime:162.639s
iter24		 Improve solution by repack 0.4869006987368987->0.47904024455791455 , unplacedBoxesSize:8
currentRepackCostTime:42.937s , currentRepackMaxTime:162.639s
iter38		 Improve solution by repack 0.47904024455791455->0.4769964391292663 , unplacedBoxesSize:7
currentRepackCostTime:43.09s , currentRepackMaxTime:162.639s
iter47		 Improve solution by repack 0.4769964391292663->0.4550638269282451 , unplacedBoxesSize:6
currentRepackCostTime:43.167s , currentRepackMaxTime:162.639s
iter51		 Improve solution by repack 0.4550638269282451->0.45183855146466 , unplacedBoxesSize:7
currentRepackCostTime:43.202s , currentRepackMaxTime:162.639s
iter67		 Improve solution by repack 0.45183855146466->0.4421348427841978 , unplacedBoxesSize:6
currentRepackCostTime:43.326s , currentRepackMaxTime:162.639s
iter105		 Improve solution by repack 0.4421348427841978->0.4412298441279226 , unplacedBoxesSize:7
currentRepackCostTime:43.618s , currentRepackMaxTime:162.639s
iter140		 Improve solution by repack 0.4412298441279226->0.4391860386992744 , unplacedBoxesSize:6
currentRepackCostTime:43.938s , currentRepackMaxTime:162.639s
Selecting boards with low utilization for repacking...
iter42		 Improve solution by repack 0.4391860386992744->0.438044544477291 , unplacedBoxesSize:6
currentRepackCostTime:44.993s , currentRepackMaxTime:162.639s
Selecting boards with low utilization for repacking...
Selecting boards with low utilization for repacking...
iter2		 Improve solution by repack 0.9408643509809191->0.4514626444504165 , unplacedBoxesSize:6
currentRepackCostTime:45.799s , currentRepackMaxTime:162.639s
iter4		 Improve solution by repack 0.4514626444504165->0.44690237839290514 , unplacedBoxesSize:6
currentRepackCostTime:45.812s , currentRepackMaxTime:162.639s
iter9		 Improve solution by repack 0.44690237839290514->0.438044544477291 , unplacedBoxesSize:6
currentRepackCostTime:45.843s , currentRepackMaxTime:162.639s
Selecting boards with low utilization for repacking...
Selecting boards with low utilization for repacking...
iter1		 Improve solution by repack 0.9457749932813759->0.9374314700349369 , unplacedBoxesSize:7
currentRepackCostTime:46.937s , currentRepackMaxTime:162.639s
iter4		 Improve solution by repack 0.9374314700349369->0.4504907954850847 , unplacedBoxesSize:2
currentRepackCostTime:46.973s , currentRepackMaxTime:162.639s
Selecting boards with low utilization for repacking...
Selecting boards with low utilization for repacking...
iter1		 Improve solution by repack 0.9351148884708411->0.4504907954850847 , unplacedBoxesSize:2
currentRepackCostTime:47.825s , currentRepackMaxTime:162.639s
Selecting boards with low utilization for repacking...
Selecting boards with low utilization for repacking...
iter4		 Improve solution by repack 0.9419295888202096->0.940806234883096 , unplacedBoxesSize:6
currentRepackCostTime:48.703s , currentRepackMaxTime:162.639s
iter5		 Improve solution by repack 0.940806234883096->0.9331113947863477 , unplacedBoxesSize:6
currentRepackCostTime:48.711s , currentRepackMaxTime:162.639s
iter14		 Improve solution by repack 0.9331113947863477->0.4504907954850847 , unplacedBoxesSize:2
currentRepackCostTime:48.778s , currentRepackMaxTime:162.639s
Selecting boards with low utilization for repacking...
Selecting boards with low utilization for repacking...
iter1		 Improve solution by repack 0.9331113947863477->0.9313353265251276 , unplacedBoxesSize:6
currentRepackCostTime:49.555s , currentRepackMaxTime:162.639s
iter5		 Improve solution by repack 0.9313353265251276->0.4504907954850847 , unplacedBoxesSize:2
currentRepackCostTime:49.582s , currentRepackMaxTime:162.639s
Selecting boards with low utilization for repacking...
Selecting boards with low utilization for repacking...
iter1		 Improve solution by repack 0.9313353265251276->0.4504907954850847 , unplacedBoxesSize:2
currentRepackCostTime:50.418s , currentRepackMaxTime:162.639s
Selecting boards with low utilization for repacking...
Selecting boards with low utilization for repacking...
iter1		 Improve solution by repack 0.9313353265251276->0.9224512899758129 , unplacedBoxesSize:11
currentRepackCostTime:51.289s , currentRepackMaxTime:162.639s
iter3		 Improve solution by repack 0.9224512899758129->0.4504907954850847 , unplacedBoxesSize:2
currentRepackCostTime:51.303000000000004s , currentRepackMaxTime:162.639s
iter20		 Improve solution by repack 0.4504907954850847->0.4468865896264445 , unplacedBoxesSize:3
currentRepackCostTime:51.415s , currentRepackMaxTime:162.639s
iter24		 Improve solution by repack 0.4468865896264445->0.44481725342649825 , unplacedBoxesSize:3
currentRepackCostTime:51.449s , currentRepackMaxTime:162.639s
Selecting boards with low utilization for repacking...
Selecting boards with low utilization for repacking...
iter2		 Improve solution by repack 0.9301941682343455->0.46931604407417365 , unplacedBoxesSize:7
currentRepackCostTime:52.25s , currentRepackMaxTime:162.639s
iter16		 Improve solution by repack 0.46931604407417365->0.4660202230583177 , unplacedBoxesSize:7
currentRepackCostTime:52.371s , currentRepackMaxTime:162.639s
iter17		 Improve solution by repack 0.4660202230583177->0.45795417898414403 , unplacedBoxesSize:7
currentRepackCostTime:52.386s , currentRepackMaxTime:162.639s
iter18		 Improve solution by repack 0.45795417898414403->0.45588484278419783 , unplacedBoxesSize:7
currentRepackCostTime:52.389s , currentRepackMaxTime:162.639s
iter20		 Improve solution by repack 0.45588484278419783->0.45099368449341576 , unplacedBoxesSize:7
currentRepackCostTime:52.410000000000004s , currentRepackMaxTime:162.639s
iter32		 Improve solution by repack 0.45099368449341576->0.44481725342649825 , unplacedBoxesSize:3
currentRepackCostTime:52.519s , currentRepackMaxTime:162.639s
Selecting boards with low utilization for repacking...
Selecting boards with low utilization for repacking...
iter3		 Improve solution by repack 0.9486777747917227->0.9436740795485085 , unplacedBoxesSize:11
currentRepackCostTime:53.272s , currentRepackMaxTime:162.639s
iter4		 Improve solution by repack 0.9436740795485085->0.9375786079011018 , unplacedBoxesSize:9
currentRepackCostTime:53.282000000000004s , currentRepackMaxTime:162.639s
iter5		 Improve solution by repack 0.9375786079011018->0.9358025396398818 , unplacedBoxesSize:9
currentRepackCostTime:53.291000000000004s , currentRepackMaxTime:162.639s
iter8		 Improve solution by repack 0.9358025396398818->0.9264219967750605 , unplacedBoxesSize:9
currentRepackCostTime:53.306000000000004s , currentRepackMaxTime:162.639s
iter13		 Improve solution by repack 0.9264219967750605->0.5017979037893039 , unplacedBoxesSize:5
currentRepackCostTime:53.353s , currentRepackMaxTime:162.639s
iter18		 Improve solution by repack 0.5017979037893039->0.4759217952163397 , unplacedBoxesSize:2
currentRepackCostTime:53.398s , currentRepackMaxTime:162.639s
Selecting boards with low utilization for repacking...
Selecting boards with low utilization for repacking...
iter2		 Improve solution by repack 0.9323723461435097->0.9296724670787423 , unplacedBoxesSize:11
currentRepackCostTime:54.143s , currentRepackMaxTime:162.639s
iter3		 Improve solution by repack 0.9296724670787423->0.5065630878796022 , unplacedBoxesSize:6
currentRepackCostTime:54.15s , currentRepackMaxTime:162.639s
iter22		 Improve solution by repack 0.5065630878796022->0.5035568395592582 , unplacedBoxesSize:7
currentRepackCostTime:54.329s , currentRepackMaxTime:162.639s
iter38		 Improve solution by repack 0.5035568395592582->0.4806194571351787 , unplacedBoxesSize:7
currentRepackCostTime:54.462s , currentRepackMaxTime:162.639s
iter42		 Improve solution by repack 0.4806194571351787->0.4659332168771836 , unplacedBoxesSize:3
currentRepackCostTime:54.492000000000004s , currentRepackMaxTime:162.639s
iter74		 Improve solution by repack 0.4659332168771836->0.46059258263907554 , unplacedBoxesSize:7
currentRepackCostTime:54.723s , currentRepackMaxTime:162.639s
iter77		 Improve solution by repack 0.46059258263907554->0.4539065439398011 , unplacedBoxesSize:7
currentRepackCostTime:54.743s , currentRepackMaxTime:162.639s
iter101		 Improve solution by repack 0.4539065439398011->0.4531399489384574 , unplacedBoxesSize:6
currentRepackCostTime:54.947s , currentRepackMaxTime:162.639s
Selecting boards with low utilization for repacking...
Selecting boards with low utilization for repacking...
iter2		 Improve solution by repack 0.939217952163397->0.4531399489384574 , unplacedBoxesSize:6
currentRepackCostTime:55.966s , currentRepackMaxTime:162.639s
Selecting boards with low utilization for repacking...
Selecting boards with low utilization for repacking...
iter4		 Improve solution by repack 0.939217952163397->0.9165358774522977 , unplacedBoxesSize:7
currentRepackCostTime:57.095s , currentRepackMaxTime:162.639s
iter7		 Improve solution by repack 0.9165358774522977->0.45768375436710557 , unplacedBoxesSize:7
currentRepackCostTime:57.134s , currentRepackMaxTime:162.639s
iter9		 Improve solution by repack 0.45768375436710557->0.44481725342649825 , unplacedBoxesSize:3
currentRepackCostTime:57.143s , currentRepackMaxTime:162.639s
Selecting boards with low utilization for repacking...
Selecting boards with low utilization for repacking...
iter4		 Improve solution by repack 0.9359446385380273->0.4531234883095942 , unplacedBoxesSize:7
currentRepackCostTime:58.031s , currentRepackMaxTime:162.639s
iter22		 Improve solution by repack 0.4531234883095942->0.45046963181940336 , unplacedBoxesSize:6
currentRepackCostTime:58.206s , currentRepackMaxTime:162.639s
iter24		 Improve solution by repack 0.45046963181940336->0.4493462778822897 , unplacedBoxesSize:6
currentRepackCostTime:58.218s , currentRepackMaxTime:162.639s
iter27		 Improve solution by repack 0.4493462778822897->0.4440345337274926 , unplacedBoxesSize:7
currentRepackCostTime:58.241s , currentRepackMaxTime:162.639s
Selecting boards with low utilization for repacking...
Selecting boards with low utilization for repacking...
iter4		 Improve solution by repack 0.9385685971513034->0.9342347487234615 , unplacedBoxesSize:6
currentRepackCostTime:59.246s , currentRepackMaxTime:162.639s
iter9		 Improve solution by repack 0.9342347487234615->0.9230781375974201 , unplacedBoxesSize:6
currentRepackCostTime:59.271s , currentRepackMaxTime:162.639s
iter11		 Improve solution by repack 0.9230781375974201->0.501694772910508 , unplacedBoxesSize:9
currentRepackCostTime:59.283s , currentRepackMaxTime:162.639s
iter13		 Improve solution by repack 0.501694772910508->0.4718046224133297 , unplacedBoxesSize:8
currentRepackCostTime:59.307s , currentRepackMaxTime:162.639s
iter15		 Improve solution by repack 0.4718046224133297->0.47068126847621605 , unplacedBoxesSize:8
currentRepackCostTime:59.331s , currentRepackMaxTime:162.639s
iter17		 Improve solution by repack 0.47068126847621605->0.4694171593657619 , unplacedBoxesSize:7
currentRepackCostTime:59.35s , currentRepackMaxTime:162.639s
iter24		 Improve solution by repack 0.4694171593657619->0.4493126847621607 , unplacedBoxesSize:5
currentRepackCostTime:59.424s , currentRepackMaxTime:162.639s
iter48		 Improve solution by repack 0.4493126847621607->0.44734916689062076 , unplacedBoxesSize:4
currentRepackCostTime:59.592s , currentRepackMaxTime:162.639s
Selecting boards with low utilization for repacking...
Selecting boards with low utilization for repacking...
iter1		 Improve solution by repack 0.9154125235151841->0.44734916689062076 , unplacedBoxesSize:4
currentRepackCostTime:60.509s , currentRepackMaxTime:162.639s
Selecting boards with low utilization for repacking...
Selecting boards with low utilization for repacking...
iter17		 Improve solution by repack 0.9371486159634507->0.5246832168771836 , unplacedBoxesSize:7
currentRepackCostTime:61.625s , currentRepackMaxTime:162.639s
iter24		 Improve solution by repack 0.5246832168771836->0.4731271835528084 , unplacedBoxesSize:5
currentRepackCostTime:61.677s , currentRepackMaxTime:162.639s
iter41		 Improve solution by repack 0.4731271835528084->0.46205657081429724 , unplacedBoxesSize:5
currentRepackCostTime:61.793s , currentRepackMaxTime:162.639s
iter69		 Improve solution by repack 0.46205657081429724->0.4487570545552271 , unplacedBoxesSize:6
currentRepackCostTime:62.011s , currentRepackMaxTime:162.639s
iter76		 Improve solution by repack 0.4487570545552271->0.44481725342649825 , unplacedBoxesSize:3
currentRepackCostTime:62.089s , currentRepackMaxTime:162.639s
Selecting boards with low utilization for repacking...
iter45		 Improve solution by repack 0.44481725342649825->0.4443459419510884 , unplacedBoxesSize:6
currentRepackCostTime:62.81s , currentRepackMaxTime:162.639s
iter54		 Improve solution by repack 0.4443459419510884->0.43487268207471114 , unplacedBoxesSize:4
currentRepackCostTime:62.891s , currentRepackMaxTime:162.639s
iter86		 Improve solution by repack 0.43487268207471114->0.43346916151572157 , unplacedBoxesSize:2
currentRepackCostTime:63.13s , currentRepackMaxTime:162.639s
iter95		 Improve solution by repack 0.43346916151572157->0.43046392098898145 , unplacedBoxesSize:2
currentRepackCostTime:63.202s , currentRepackMaxTime:162.639s
Selecting boards with low utilization for repacking...
Selecting boards with low utilization for repacking...
iter3		 Improve solution by repack 0.9459674818597151->0.9250346009137329 , unplacedBoxesSize:8
currentRepackCostTime:64.127s , currentRepackMaxTime:162.639s
iter8		 Improve solution by repack 0.9250346009137329->0.4399348293469497 , unplacedBoxesSize:2
currentRepackCostTime:64.158s , currentRepackMaxTime:162.639s
Selecting boards with low utilization for repacking...
Selecting boards with low utilization for repacking...
iter2		 Improve solution by repack 0.9446516393442623->0.9250346009137329 , unplacedBoxesSize:8
currentRepackCostTime:65.059s , currentRepackMaxTime:162.639s
iter3		 Improve solution by repack 0.9250346009137329->0.4808129535071217 , unplacedBoxesSize:2
currentRepackCostTime:65.065s , currentRepackMaxTime:162.639s
iter7		 Improve solution by repack 0.4808129535071217->0.48036314162859445 , unplacedBoxesSize:3
currentRepackCostTime:65.092s , currentRepackMaxTime:162.639s
iter15		 Improve solution by repack 0.48036314162859445->0.48014277076054823 , unplacedBoxesSize:3
currentRepackCostTime:65.141s , currentRepackMaxTime:162.639s
iter48		 Improve solution by repack 0.48014277076054823->0.4759217952163397 , unplacedBoxesSize:2
currentRepackCostTime:65.385s , currentRepackMaxTime:162.639s
iter62		 Improve solution by repack 0.4759217952163397->0.47064935501209354 , unplacedBoxesSize:5
currentRepackCostTime:65.479s , currentRepackMaxTime:162.639s
iter67		 Improve solution by repack 0.47064935501209354->0.46722252082773447 , unplacedBoxesSize:4
currentRepackCostTime:65.516s , currentRepackMaxTime:162.639s
iter93		 Improve solution by repack 0.46722252082773447->0.46356053480247245 , unplacedBoxesSize:5
currentRepackCostTime:65.71000000000001s , currentRepackMaxTime:162.639s
iter99		 Improve solution by repack 0.46356053480247245->0.4377244020424617 , unplacedBoxesSize:3
currentRepackCostTime:65.773s , currentRepackMaxTime:162.639s
Selecting boards with low utilization for repacking...
Selecting boards with low utilization for repacking...
iter3		 Improve solution by repack 0.9314256920182747->0.9260833781241602 , unplacedBoxesSize:6
currentRepackCostTime:66.729s , currentRepackMaxTime:162.639s
iter4		 Improve solution by repack 0.9260833781241602->0.9249600241870466 , unplacedBoxesSize:6
currentRepackCostTime:66.736s , currentRepackMaxTime:162.639s
iter5		 Improve solution by repack 0.9249600241870466->0.4779323434560602 , unplacedBoxesSize:4
currentRepackCostTime:66.737s , currentRepackMaxTime:162.639s
iter30		 Improve solution by repack 0.4779323434560602->0.4562214458478904 , unplacedBoxesSize:4
currentRepackCostTime:66.912s , currentRepackMaxTime:162.639s
iter37		 Improve solution by repack 0.4562214458478904->0.4377244020424617 , unplacedBoxesSize:3
currentRepackCostTime:66.968s , currentRepackMaxTime:162.639s
Selecting boards with low utilization for repacking...
Selecting boards with low utilization for repacking...
iter2		 Improve solution by repack 0.9314256920182747->0.4377244020424617 , unplacedBoxesSize:3
currentRepackCostTime:67.693s , currentRepackMaxTime:162.639s
Selecting boards with low utilization for repacking...
Selecting boards with low utilization for repacking...
iter1		 Improve solution by repack 0.9446516393442623->0.9314256920182747 , unplacedBoxesSize:6
currentRepackCostTime:68.65s , currentRepackMaxTime:162.639s
iter6		 Improve solution by repack 0.9314256920182747->0.4377244020424617 , unplacedBoxesSize:3
currentRepackCostTime:68.68900000000001s , currentRepackMaxTime:162.639s
Selecting boards with low utilization for repacking...
Selecting boards with low utilization for repacking...
iter5		 Improve solution by repack 0.933495028218221->0.9314256920182747 , unplacedBoxesSize:6
currentRepackCostTime:69.653s , currentRepackMaxTime:162.639s
iter7		 Improve solution by repack 0.9314256920182747->0.4857702902445579 , unplacedBoxesSize:6
currentRepackCostTime:69.668s , currentRepackMaxTime:162.639s
iter22		 Improve solution by repack 0.4857702902445579->0.4635024187046493 , unplacedBoxesSize:4
currentRepackCostTime:69.773s , currentRepackMaxTime:162.639s
Selecting boards with low utilization for repacking...
Selecting boards with low utilization for repacking...
iter4		 Improve solution by repack 0.9314256920182747->0.4635024187046493 , unplacedBoxesSize:4
currentRepackCostTime:70.711s , currentRepackMaxTime:162.639s
Selecting boards with low utilization for repacking...
Selecting boards with low utilization for repacking...
iter2		 Improve solution by repack 0.942582303144316->0.4635024187046493 , unplacedBoxesSize:4
currentRepackCostTime:71.75s , currentRepackMaxTime:162.639s
iter38		 Improve solution by repack 0.4635024187046493->0.45074879064767537 , unplacedBoxesSize:6
currentRepackCostTime:72.035s , currentRepackMaxTime:162.639s
iter55		 Improve solution by repack 0.45074879064767537->0.4499821956463316 , unplacedBoxesSize:5
currentRepackCostTime:72.178s , currentRepackMaxTime:162.639s
iter76		 Improve solution by repack 0.4499821956463316->0.4479383902176834 , unplacedBoxesSize:4
currentRepackCostTime:72.331s , currentRepackMaxTime:162.639s
Selecting boards with low utilization for repacking...
Selecting boards with low utilization for repacking...
iter2		 Improve solution by repack 0.942582303144316->0.9314256920182747 , unplacedBoxesSize:6
currentRepackCostTime:73.129s , currentRepackMaxTime:162.639s
iter4		 Improve solution by repack 0.9314256920182747->0.4479383902176834 , unplacedBoxesSize:4
currentRepackCostTime:73.147s , currentRepackMaxTime:162.639s
Selecting boards with low utilization for repacking...
Selecting boards with low utilization for repacking...
iter8		 Improve solution by repack 0.9424946251007794->0.45631886589626447 , unplacedBoxesSize:5
currentRepackCostTime:74.223s , currentRepackMaxTime:162.639s
iter15		 Improve solution by repack 0.45631886589626447->0.4437459688255845 , unplacedBoxesSize:4
currentRepackCostTime:74.277s , currentRepackMaxTime:162.639s
iter29		 Improve solution by repack 0.4437459688255845->0.4388548105348025 , unplacedBoxesSize:4
currentRepackCostTime:74.39s , currentRepackMaxTime:162.639s
Selecting boards with low utilization for repacking...
Selecting boards with low utilization for repacking...
iter1		 Improve solution by repack 0.9445639613007256->0.9314256920182747 , unplacedBoxesSize:6
currentRepackCostTime:75.183s , currentRepackMaxTime:162.639s
iter4		 Improve solution by repack 0.9314256920182747->0.4388548105348025 , unplacedBoxesSize:4
currentRepackCostTime:75.20400000000001s , currentRepackMaxTime:162.639s
Selecting boards with low utilization for repacking...
Selecting boards with low utilization for repacking...
iter1		 Improve solution by repack 0.9314256920182747->0.4388548105348025 , unplacedBoxesSize:4
currentRepackCostTime:76.218s , currentRepackMaxTime:162.639s
Selecting boards with low utilization for repacking...
Selecting boards with low utilization for repacking...
iter3		 Improve solution by repack 0.9445639613007256->0.9314256920182747 , unplacedBoxesSize:6
currentRepackCostTime:77.278s , currentRepackMaxTime:162.639s
iter9		 Improve solution by repack 0.9314256920182747->0.539297903789304 , unplacedBoxesSize:4
currentRepackCostTime:77.325s , currentRepackMaxTime:162.639s
iter10		 Improve solution by repack 0.539297903789304->0.5368610588551465 , unplacedBoxesSize:4
currentRepackCostTime:77.327s , currentRepackMaxTime:162.639s
iter13		 Improve solution by repack 0.5368610588551465->0.46463282719699006 , unplacedBoxesSize:5
currentRepackCostTime:77.362s , currentRepackMaxTime:162.639s
iter17		 Improve solution by repack 0.46463282719699006->0.4388548105348025 , unplacedBoxesSize:4
currentRepackCostTime:77.392s , currentRepackMaxTime:162.639s
Selecting boards with low utilization for repacking...
Selecting boards with low utilization for repacking...
iter1		 Improve solution by repack 0.9355643644181671->0.4388548105348025 , unplacedBoxesSize:4
currentRepackCostTime:78.282s , currentRepackMaxTime:162.639s
Selecting boards with low utilization for repacking...
Selecting boards with low utilization for repacking...
iter1		 Improve solution by repack 0.9467209755442085->0.4388548105348025 , unplacedBoxesSize:4
currentRepackCostTime:79.297s , currentRepackMaxTime:162.639s
Selecting boards with low utilization for repacking...
Selecting boards with low utilization for repacking...
iter1		 Improve solution by repack 0.9446516393442623->0.9437056570814297 , unplacedBoxesSize:6
currentRepackCostTime:80.309s , currentRepackMaxTime:162.639s
iter2		 Improve solution by repack 0.9437056570814297->0.935088013974738 , unplacedBoxesSize:4
currentRepackCostTime:80.312s , currentRepackMaxTime:162.639s
iter3		 Improve solution by repack 0.935088013974738->0.5410148481590971 , unplacedBoxesSize:5
currentRepackCostTime:80.31400000000001s , currentRepackMaxTime:162.639s
iter4		 Improve solution by repack 0.5410148481590971->0.507430462241333 , unplacedBoxesSize:5
currentRepackCostTime:80.322s , currentRepackMaxTime:162.639s
iter5		 Improve solution by repack 0.507430462241333->0.4816524455791454 , unplacedBoxesSize:4
currentRepackCostTime:80.325s , currentRepackMaxTime:162.639s
iter38		 Improve solution by repack 0.4816524455791454->0.45302472453641496 , unplacedBoxesSize:5
currentRepackCostTime:80.57300000000001s , currentRepackMaxTime:162.639s
Selecting boards with low utilization for repacking...
Selecting boards with low utilization for repacking...
iter1		 Improve solution by repack 0.9240241198602527->0.45302472453641496 , unplacedBoxesSize:5
currentRepackCostTime:81.349s , currentRepackMaxTime:162.639s
iter8		 Improve solution by repack 0.45302472453641496->0.43346916151572157 , unplacedBoxesSize:2
currentRepackCostTime:81.4s , currentRepackMaxTime:162.639s
Selecting boards with low utilization for repacking...
Selecting boards with low utilization for repacking...
iter2		 Improve solution by repack 0.9514780972856759->0.43346916151572157 , unplacedBoxesSize:2
currentRepackCostTime:82.261s , currentRepackMaxTime:162.639s
Selecting boards with low utilization for repacking...
Selecting boards with low utilization for repacking...
iter3		 Improve solution by repack 0.9514780972856759->0.43346916151572157 , unplacedBoxesSize:2
currentRepackCostTime:83.183s , currentRepackMaxTime:162.639s
Selecting boards with low utilization for repacking...
Selecting boards with low utilization for repacking...
iter6		 Improve solution by repack 0.9514780972856759->0.9415103466809998 , unplacedBoxesSize:9
currentRepackCostTime:84.113s , currentRepackMaxTime:162.639s
iter8		 Improve solution by repack 0.9415103466809998->0.46875235151840905 , unplacedBoxesSize:4
currentRepackCostTime:84.124s , currentRepackMaxTime:162.639s
iter20		 Improve solution by repack 0.46875235151840905->0.4474297903789304 , unplacedBoxesSize:6
currentRepackCostTime:84.21000000000001s , currentRepackMaxTime:162.639s
iter61		 Improve solution by repack 0.4474297903789304->0.44386085729642566 , unplacedBoxesSize:4
currentRepackCostTime:84.58200000000001s , currentRepackMaxTime:162.639s
iter65		 Improve solution by repack 0.44386085729642566->0.44179152109647946 , unplacedBoxesSize:4
currentRepackCostTime:84.622s , currentRepackMaxTime:162.639s
iter83		 Improve solution by repack 0.44179152109647946->0.4388548105348025 , unplacedBoxesSize:4
currentRepackCostTime:84.76s , currentRepackMaxTime:162.639s
Selecting boards with low utilization for repacking...
Selecting boards with low utilization for repacking...
iter2		 Improve solution by repack 0.9467209755442085->0.9439989250201558 , unplacedBoxesSize:6
currentRepackCostTime:85.518s , currentRepackMaxTime:162.639s
iter4		 Improve solution by repack 0.9439989250201558->0.4388548105348025 , unplacedBoxesSize:4
currentRepackCostTime:85.535s , currentRepackMaxTime:162.639s
Selecting boards with low utilization for repacking...
Selecting boards with low utilization for repacking...
iter1		 Improve solution by repack 0.9439989250201558->0.49170081967213114 , unplacedBoxesSize:7
currentRepackCostTime:86.559s , currentRepackMaxTime:162.639s
iter10		 Improve solution by repack 0.49170081967213114->0.4388548105348025 , unplacedBoxesSize:4
currentRepackCostTime:86.633s , currentRepackMaxTime:162.639s
Selecting boards with low utilization for repacking...
Selecting boards with low utilization for repacking...
iter7		 Improve solution by repack 0.9439989250201558->0.5368610588551465 , unplacedBoxesSize:4
currentRepackCostTime:87.612s , currentRepackMaxTime:162.639s
iter11		 Improve solution by repack 0.5368610588551465->0.4830337946788497 , unplacedBoxesSize:9
currentRepackCostTime:87.651s , currentRepackMaxTime:162.639s
iter13		 Improve solution by repack 0.4830337946788497->0.4572557780166622 , unplacedBoxesSize:8
currentRepackCostTime:87.673s , currentRepackMaxTime:162.639s
iter15		 Improve solution by repack 0.4572557780166622->0.4474297903789304 , unplacedBoxesSize:6
currentRepackCostTime:87.697s , currentRepackMaxTime:162.639s
iter20		 Improve solution by repack 0.4474297903789304->0.4388548105348025 , unplacedBoxesSize:4
currentRepackCostTime:87.74s , currentRepackMaxTime:162.639s
Selecting boards with low utilization for repacking...
Selecting boards with low utilization for repacking...
iter3		 Improve solution by repack 0.9428755710830422->0.9325490459553883 , unplacedBoxesSize:6
currentRepackCostTime:88.62s , currentRepackMaxTime:162.639s
iter9		 Improve solution by repack 0.9325490459553883->0.4388548105348025 , unplacedBoxesSize:4
currentRepackCostTime:88.657s , currentRepackMaxTime:162.639s
Selecting boards with low utilization for repacking...
Selecting boards with low utilization for repacking...
iter1		 Improve solution by repack 0.9325490459553883->0.4388548105348025 , unplacedBoxesSize:4
currentRepackCostTime:89.628s , currentRepackMaxTime:162.639s
Selecting boards with low utilization for repacking...
Selecting boards with low utilization for repacking...
iter2		 Improve solution by repack 0.9325490459553883->0.9314256920182747 , unplacedBoxesSize:6
currentRepackCostTime:90.66s , currentRepackMaxTime:162.639s
iter5		 Improve solution by repack 0.9314256920182747->0.4388548105348025 , unplacedBoxesSize:4
currentRepackCostTime:90.677s , currentRepackMaxTime:162.639s
Selecting boards with low utilization for repacking...
Selecting boards with low utilization for repacking...
iter5		 Improve solution by repack 0.933495028218221->0.4388548105348025 , unplacedBoxesSize:4
currentRepackCostTime:91.735s , currentRepackMaxTime:162.639s
Selecting boards with low utilization for repacking...
Selecting boards with low utilization for repacking...
iter4		 Improve solution by repack 0.933495028218221->0.4388548105348025 , unplacedBoxesSize:4
currentRepackCostTime:92.735s , currentRepackMaxTime:162.639s
Selecting boards with low utilization for repacking...
Selecting boards with low utilization for repacking...
iter2		 Improve solution by repack 0.933495028218221->0.4388548105348025 , unplacedBoxesSize:4
currentRepackCostTime:93.733s , currentRepackMaxTime:162.639s
Selecting boards with low utilization for repacking...
Selecting boards with low utilization for repacking...
iter10		 Improve solution by repack 0.9314256920182747->0.4388548105348025 , unplacedBoxesSize:4
currentRepackCostTime:94.8s , currentRepackMaxTime:162.639s
Selecting boards with low utilization for repacking...
Selecting boards with low utilization for repacking...
iter3		 Improve solution by repack 0.933495028218221->0.9314256920182747 , unplacedBoxesSize:6
currentRepackCostTime:95.774s , currentRepackMaxTime:162.639s
iter5		 Improve solution by repack 0.9314256920182747->0.4388548105348025 , unplacedBoxesSize:4
currentRepackCostTime:95.788s , currentRepackMaxTime:162.639s
Selecting boards with low utilization for repacking...
Selecting boards with low utilization for repacking...
iter13		 Improve solution by repack 0.9314256920182747->0.4388548105348025 , unplacedBoxesSize:4
currentRepackCostTime:96.864s , currentRepackMaxTime:162.639s
Selecting boards with low utilization for repacking...
Selecting boards with low utilization for repacking...
iter1		 Improve solution by repack 0.9325490459553883->0.4388548105348025 , unplacedBoxesSize:4
currentRepackCostTime:97.808s , currentRepackMaxTime:162.639s
Selecting boards with low utilization for repacking...
Selecting boards with low utilization for repacking...
iter2		 Improve solution by repack 0.9346183821553347->0.4388548105348025 , unplacedBoxesSize:4
currentRepackCostTime:98.839s , currentRepackMaxTime:162.639s
Selecting boards with low utilization for repacking...
Selecting boards with low utilization for repacking...
iter4		 Improve solution by repack 0.9480395055092717->0.9325490459553883 , unplacedBoxesSize:6
currentRepackCostTime:99.891s , currentRepackMaxTime:162.639s
iter8		 Improve solution by repack 0.9325490459553883->0.44179152109647946 , unplacedBoxesSize:4
currentRepackCostTime:99.925s , currentRepackMaxTime:162.639s
iter14		 Improve solution by repack 0.44179152109647946->0.4388548105348025 , unplacedBoxesSize:4
currentRepackCostTime:99.97200000000001s , currentRepackMaxTime:162.639s
Selecting boards with low utilization for repacking...
Selecting boards with low utilization for repacking...
iter2		 Improve solution by repack 0.9336723998925021->0.9325490459553883 , unplacedBoxesSize:6
currentRepackCostTime:100.902s , currentRepackMaxTime:162.639s
iter4		 Improve solution by repack 0.9325490459553883->0.4388548105348025 , unplacedBoxesSize:4
currentRepackCostTime:100.915s , currentRepackMaxTime:162.639s
Selecting boards with low utilization for repacking...
Selecting boards with low utilization for repacking...
iter16		 Improve solution by repack 0.9325490459553883->0.4388548105348025 , unplacedBoxesSize:4
currentRepackCostTime:102.024s , currentRepackMaxTime:162.639s
Selecting boards with low utilization for repacking...
Selecting boards with low utilization for repacking...
iter4		 Improve solution by repack 0.9428755710830422->0.9325490459553883 , unplacedBoxesSize:6
currentRepackCostTime:102.944s , currentRepackMaxTime:162.639s
iter5		 Improve solution by repack 0.9325490459553883->0.4388548105348025 , unplacedBoxesSize:4
currentRepackCostTime:102.95s , currentRepackMaxTime:162.639s
Selecting boards with low utilization for repacking...
Selecting boards with low utilization for repacking...
iter3		 Improve solution by repack 0.9446516393442623->0.4388548105348025 , unplacedBoxesSize:4
currentRepackCostTime:103.997s , currentRepackMaxTime:162.639s
Selecting boards with low utilization for repacking...
Selecting boards with low utilization for repacking...
iter1		 Improve solution by repack 0.9467209755442085->0.9434312012899757 , unplacedBoxesSize:5
currentRepackCostTime:105.011s , currentRepackMaxTime:162.639s
iter4		 Improve solution by repack 0.9434312012899757->0.5410148481590971 , unplacedBoxesSize:5
currentRepackCostTime:105.029s , currentRepackMaxTime:162.639s
iter17		 Improve solution by repack 0.5410148481590971->0.5112567186240258 , unplacedBoxesSize:5
currentRepackCostTime:105.135s , currentRepackMaxTime:162.639s
iter20		 Improve solution by repack 0.5112567186240258->0.4680354743348562 , unplacedBoxesSize:6
currentRepackCostTime:105.158s , currentRepackMaxTime:162.639s
iter23		 Improve solution by repack 0.4680354743348562->0.4634752082773448 , unplacedBoxesSize:6
currentRepackCostTime:105.19s , currentRepackMaxTime:162.639s
iter24		 Improve solution by repack 0.4634752082773448->0.4593634103735555 , unplacedBoxesSize:5
currentRepackCostTime:105.19800000000001s , currentRepackMaxTime:162.639s
iter28		 Improve solution by repack 0.4593634103735555->0.44906913464122544 , unplacedBoxesSize:6
currentRepackCostTime:105.229s , currentRepackMaxTime:162.639s
iter39		 Improve solution by repack 0.44906913464122544->0.44558855146466003 , unplacedBoxesSize:6
currentRepackCostTime:105.331s , currentRepackMaxTime:162.639s
iter79		 Improve solution by repack 0.44558855146466003->0.43346916151572157 , unplacedBoxesSize:2
currentRepackCostTime:105.677s , currentRepackMaxTime:162.639s
Selecting boards with low utilization for repacking...
Selecting boards with low utilization for repacking...
iter2		 Improve solution by repack 0.9562006181134103->0.43346916151572157 , unplacedBoxesSize:2
currentRepackCostTime:106.363s , currentRepackMaxTime:162.639s
Selecting boards with low utilization for repacking...
Selecting boards with low utilization for repacking...
iter1		 Improve solution by repack 0.9573239720505241->0.9562006181134103 , unplacedBoxesSize:8
currentRepackCostTime:107.238s , currentRepackMaxTime:162.639s
iter10		 Improve solution by repack 0.9562006181134103->0.4753759070142435 , unplacedBoxesSize:5
currentRepackCostTime:107.305s , currentRepackMaxTime:162.639s
iter16		 Improve solution by repack 0.4753759070142435->0.4694702364955657 , unplacedBoxesSize:7
currentRepackCostTime:107.34700000000001s , currentRepackMaxTime:162.639s
iter19		 Improve solution by repack 0.4694702364955657->0.4674009002956195 , unplacedBoxesSize:7
currentRepackCostTime:107.386s , currentRepackMaxTime:162.639s
iter21		 Improve solution by repack 0.4674009002956195->0.4571133431873152 , unplacedBoxesSize:6
currentRepackCostTime:107.406s , currentRepackMaxTime:162.639s
iter24		 Improve solution by repack 0.4571133431873152->0.45183855146466 , unplacedBoxesSize:7
currentRepackCostTime:107.433s , currentRepackMaxTime:162.639s
iter35		 Improve solution by repack 0.45183855146466->0.4411495565708143 , unplacedBoxesSize:7
currentRepackCostTime:107.543s , currentRepackMaxTime:162.639s
iter39		 Improve solution by repack 0.4411495565708143->0.4372803009943564 , unplacedBoxesSize:5
currentRepackCostTime:107.59s , currentRepackMaxTime:162.639s
Selecting boards with low utilization for repacking...
Selecting boards with low utilization for repacking...
iter3		 Improve solution by repack 0.933495028218221->0.4739871674281107 , unplacedBoxesSize:5
currentRepackCostTime:108.403s , currentRepackMaxTime:162.639s
iter4		 Improve solution by repack 0.4739871674281107->0.43932410642300457 , unplacedBoxesSize:6
currentRepackCostTime:108.412s , currentRepackMaxTime:162.639s
iter10		 Improve solution by repack 0.43932410642300457->0.4372803009943564 , unplacedBoxesSize:5
currentRepackCostTime:108.44800000000001s , currentRepackMaxTime:162.639s
Selecting boards with low utilization for repacking...
Selecting boards with low utilization for repacking...
iter13		 Improve solution by repack 0.933495028218221->0.4372803009943564 , unplacedBoxesSize:5
currentRepackCostTime:109.599s , currentRepackMaxTime:162.639s
Selecting boards with low utilization for repacking...
Selecting boards with low utilization for repacking...
iter3		 Improve solution by repack 0.9355643644181671->0.933495028218221 , unplacedBoxesSize:6
currentRepackCostTime:110.633s , currentRepackMaxTime:162.639s
iter5		 Improve solution by repack 0.933495028218221->0.9325490459553883 , unplacedBoxesSize:6
currentRepackCostTime:110.644s , currentRepackMaxTime:162.639s
iter9		 Improve solution by repack 0.9325490459553883->0.4372803009943564 , unplacedBoxesSize:5
currentRepackCostTime:110.675s , currentRepackMaxTime:162.639s
Selecting boards with low utilization for repacking...
Selecting boards with low utilization for repacking...
iter1		 Improve solution by repack 0.9346183821553347->0.5165049717817791 , unplacedBoxesSize:5
currentRepackCostTime:111.73400000000001s , currentRepackMaxTime:162.639s
iter3		 Improve solution by repack 0.5165049717817791->0.4798746976619188 , unplacedBoxesSize:3
currentRepackCostTime:111.759s , currentRepackMaxTime:162.639s
iter7		 Improve solution by repack 0.4798746976619188->0.4540966809997313 , unplacedBoxesSize:2
currentRepackCostTime:111.775s , currentRepackMaxTime:162.639s
iter15		 Improve solution by repack 0.4540966809997313->0.4372803009943564 , unplacedBoxesSize:5
currentRepackCostTime:111.84s , currentRepackMaxTime:162.639s
Selecting boards with low utilization for repacking...
Selecting boards with low utilization for repacking...
iter8		 Improve solution by repack 0.9446516393442623->0.4372803009943564 , unplacedBoxesSize:5
currentRepackCostTime:112.904s , currentRepackMaxTime:162.639s
Selecting boards with low utilization for repacking...
Selecting boards with low utilization for repacking...
iter3		 Improve solution by repack 0.9467209755442085->0.47181839559258265 , unplacedBoxesSize:4
currentRepackCostTime:113.949s , currentRepackMaxTime:162.639s
iter7		 Improve solution by repack 0.47181839559258265->0.46964626444504165 , unplacedBoxesSize:6
currentRepackCostTime:113.985s , currentRepackMaxTime:162.639s
iter17		 Improve solution by repack 0.46964626444504165->0.4470108841709218 , unplacedBoxesSize:8
currentRepackCostTime:114.089s , currentRepackMaxTime:162.639s
iter18		 Improve solution by repack 0.4470108841709218->0.44333814834721846 , unplacedBoxesSize:6
currentRepackCostTime:114.09400000000001s , currentRepackMaxTime:162.639s
iter19		 Improve solution by repack 0.44333814834721846->0.4423921660843859 , unplacedBoxesSize:6
currentRepackCostTime:114.096s , currentRepackMaxTime:162.639s
iter21		 Improve solution by repack 0.4423921660843859->0.44126881214727226 , unplacedBoxesSize:6
currentRepackCostTime:114.108s , currentRepackMaxTime:162.639s
iter26		 Improve solution by repack 0.44126881214727226->0.44033895458210165 , unplacedBoxesSize:7
currentRepackCostTime:114.165s , currentRepackMaxTime:162.639s
iter28		 Improve solution by repack 0.44033895458210165->0.43862973662993815 , unplacedBoxesSize:6
currentRepackCostTime:114.185s , currentRepackMaxTime:162.639s
iter30		 Improve solution by repack 0.43862973662993815->0.433987503359312 , unplacedBoxesSize:7
currentRepackCostTime:114.199s , currentRepackMaxTime:162.639s
iter69		 Improve solution by repack 0.433987503359312->0.43274086267132494 , unplacedBoxesSize:4
currentRepackCostTime:114.563s , currentRepackMaxTime:162.639s
Selecting boards with low utilization for repacking...
Selecting boards with low utilization for repacking...
iter3		 Improve solution by repack 0.9437056570814297->0.935088013974738 , unplacedBoxesSize:4
currentRepackCostTime:115.346s , currentRepackMaxTime:162.639s
iter7		 Improve solution by repack 0.935088013974738->0.5836512362268208 , unplacedBoxesSize:4
currentRepackCostTime:115.363s , currentRepackMaxTime:162.639s
iter14		 Improve solution by repack 0.5836512362268208->0.5356852996506316 , unplacedBoxesSize:6
currentRepackCostTime:115.414s , currentRepackMaxTime:162.639s
iter20		 Improve solution by repack 0.5356852996506316->0.5161297366299381 , unplacedBoxesSize:3
currentRepackCostTime:115.46000000000001s , currentRepackMaxTime:162.639s
Selecting boards with low utilization for repacking...
Selecting boards with low utilization for repacking...
iter3		 Improve solution by repack 0.9257454313356624->0.8788255845202902 , unplacedBoxesSize:6
currentRepackCostTime:116.235s , currentRepackMaxTime:162.639s
iter4		 Improve solution by repack 0.8788255845202902->0.5826548642837946 , unplacedBoxesSize:6
currentRepackCostTime:116.238s , currentRepackMaxTime:162.639s
iter6		 Improve solution by repack 0.5826548642837946->0.5255102794947595 , unplacedBoxesSize:3
currentRepackCostTime:116.25s , currentRepackMaxTime:162.639s
iter12		 Improve solution by repack 0.5255102794947595->0.5161297366299381 , unplacedBoxesSize:3
currentRepackCostTime:116.288s , currentRepackMaxTime:162.639s
iter17		 Improve solution by repack 0.5161297366299381->0.5016998118785273 , unplacedBoxesSize:3
currentRepackCostTime:116.322s , currentRepackMaxTime:162.639s
iter23		 Improve solution by repack 0.5016998118785273->0.5008089223327062 , unplacedBoxesSize:6
currentRepackCostTime:116.35600000000001s , currentRepackMaxTime:162.639s
iter25		 Improve solution by repack 0.5008089223327062->0.4965493147003494 , unplacedBoxesSize:2
currentRepackCostTime:116.375s , currentRepackMaxTime:162.639s
iter29		 Improve solution by repack 0.4965493147003494->0.4759217952163397 , unplacedBoxesSize:2
currentRepackCostTime:116.405s , currentRepackMaxTime:162.639s
iter67		 Improve solution by repack 0.4759217952163397->0.46993247782854075 , unplacedBoxesSize:7
currentRepackCostTime:116.622s , currentRepackMaxTime:162.639s
iter70		 Improve solution by repack 0.46993247782854075->0.46664471916151573 , unplacedBoxesSize:6
currentRepackCostTime:116.655s , currentRepackMaxTime:162.639s
iter83		 Improve solution by repack 0.46664471916151573->0.4640607363611932 , unplacedBoxesSize:6
currentRepackCostTime:116.765s , currentRepackMaxTime:162.639s
Selecting boards with low utilization for repacking...
Selecting boards with low utilization for repacking...
iter1		 Improve solution by repack 0.9407595404461166->0.47887832571889277 , unplacedBoxesSize:5
currentRepackCostTime:117.62100000000001s , currentRepackMaxTime:162.639s
iter6		 Improve solution by repack 0.47887832571889277->0.4618781913464122 , unplacedBoxesSize:5
currentRepackCostTime:117.662s , currentRepackMaxTime:162.639s
iter46		 Improve solution by repack 0.4618781913464122->0.449708075786079 , unplacedBoxesSize:6
currentRepackCostTime:117.968s , currentRepackMaxTime:162.639s
iter69		 Improve solution by repack 0.449708075786079->0.44857867508734206 , unplacedBoxesSize:6
currentRepackCostTime:118.159s , currentRepackMaxTime:162.639s
iter75		 Improve solution by repack 0.44857867508734206->0.4391860386992744 , unplacedBoxesSize:6
currentRepackCostTime:118.21900000000001s , currentRepackMaxTime:162.639s
iter80		 Improve solution by repack 0.4391860386992744->0.438044544477291 , unplacedBoxesSize:6
currentRepackCostTime:118.259s , currentRepackMaxTime:162.639s
Selecting boards with low utilization for repacking...
Selecting boards with low utilization for repacking...
iter7		 Improve solution by repack 0.9446516393442623->0.4703302203708681 , unplacedBoxesSize:7
currentRepackCostTime:119.152s , currentRepackMaxTime:162.639s
iter31		 Improve solution by repack 0.4703302203708681->0.4412298441279226 , unplacedBoxesSize:7
currentRepackCostTime:119.375s , currentRepackMaxTime:162.639s
iter47		 Improve solution by repack 0.4412298441279226->0.438044544477291 , unplacedBoxesSize:6
currentRepackCostTime:119.512s , currentRepackMaxTime:162.639s
Selecting boards with low utilization for repacking...
Selecting boards with low utilization for repacking...
iter2		 Improve solution by repack 0.9446516393442623->0.9437056570814297 , unplacedBoxesSize:6
currentRepackCostTime:120.635s , currentRepackMaxTime:162.639s
iter4		 Improve solution by repack 0.9437056570814297->0.438044544477291 , unplacedBoxesSize:6
currentRepackCostTime:120.653s , currentRepackMaxTime:162.639s
Selecting boards with low utilization for repacking...
Selecting boards with low utilization for repacking...
iter2		 Improve solution by repack 0.935180730986294->0.9331113947863477 , unplacedBoxesSize:6
currentRepackCostTime:121.774s , currentRepackMaxTime:162.639s
iter9		 Improve solution by repack 0.9331113947863477->0.9313353265251276 , unplacedBoxesSize:6
currentRepackCostTime:121.815s , currentRepackMaxTime:162.639s
iter11		 Improve solution by repack 0.9313353265251276->0.9219547836603065 , unplacedBoxesSize:6
currentRepackCostTime:121.833s , currentRepackMaxTime:162.639s
iter22		 Improve solution by repack 0.9219547836603065->0.438044544477291 , unplacedBoxesSize:6
currentRepackCostTime:121.908s , currentRepackMaxTime:162.639s
iter40		 Improve solution by repack 0.438044544477291->0.43346916151572157 , unplacedBoxesSize:2
currentRepackCostTime:122.058s , currentRepackMaxTime:162.639s
Selecting boards with low utilization for repacking...
Selecting boards with low utilization for repacking...
iter2		 Improve solution by repack 0.9265301666218758->0.9226541924213921 , unplacedBoxesSize:9
currentRepackCostTime:122.633s , currentRepackMaxTime:162.639s
iter11		 Improve solution by repack 0.9226541924213921->0.4812493281375974 , unplacedBoxesSize:6
currentRepackCostTime:122.715s , currentRepackMaxTime:162.639s
iter19		 Improve solution by repack 0.4812493281375974->0.46306369255576457 , unplacedBoxesSize:6
currentRepackCostTime:122.776s , currentRepackMaxTime:162.639s
iter34		 Improve solution by repack 0.46306369255576457->0.4502637059930127 , unplacedBoxesSize:6
currentRepackCostTime:122.92s , currentRepackMaxTime:162.639s
iter37		 Improve solution by repack 0.4502637059930127->0.4373605885514647 , unplacedBoxesSize:5
currentRepackCostTime:122.946s , currentRepackMaxTime:162.639s
Selecting boards with low utilization for repacking...
Selecting boards with low utilization for repacking...
iter2		 Improve solution by repack 0.9314256920182747->0.4373605885514647 , unplacedBoxesSize:5
currentRepackCostTime:123.765s , currentRepackMaxTime:162.639s
Selecting boards with low utilization for repacking...
Selecting boards with low utilization for repacking...
iter2		 Improve solution by repack 0.9446516393442623->0.444046627250739 , unplacedBoxesSize:5
currentRepackCostTime:124.87700000000001s , currentRepackMaxTime:162.639s
iter26		 Improve solution by repack 0.444046627250739->0.4412298441279226 , unplacedBoxesSize:7
currentRepackCostTime:125.083s , currentRepackMaxTime:162.639s
iter31		 Improve solution by repack 0.4412298441279226->0.4391860386992744 , unplacedBoxesSize:6
currentRepackCostTime:125.139s , currentRepackMaxTime:162.639s
iter67		 Improve solution by repack 0.4391860386992744->0.438044544477291 , unplacedBoxesSize:6
currentRepackCostTime:125.422s , currentRepackMaxTime:162.639s
Selecting boards with low utilization for repacking...
Selecting boards with low utilization for repacking...
iter1		 Improve solution by repack 0.9446516393442623->0.438044544477291 , unplacedBoxesSize:6
currentRepackCostTime:126.39s , currentRepackMaxTime:162.639s
Selecting boards with low utilization for repacking...
Selecting boards with low utilization for repacking...
iter8		 Improve solution by repack 0.9496237570545552->0.9314256920182747 , unplacedBoxesSize:6
currentRepackCostTime:127.605s , currentRepackMaxTime:162.639s
iter10		 Improve solution by repack 0.9314256920182747->0.9219547836603065 , unplacedBoxesSize:6
currentRepackCostTime:127.617s , currentRepackMaxTime:162.639s
iter14		 Improve solution by repack 0.9219547836603065->0.43346916151572157 , unplacedBoxesSize:2
currentRepackCostTime:127.631s , currentRepackMaxTime:162.639s
Selecting boards with low utilization for repacking...
Selecting boards with low utilization for repacking...
iter4		 Improve solution by repack 0.9265301666218758->0.4407753292125773 , unplacedBoxesSize:3
currentRepackCostTime:128.401s , currentRepackMaxTime:162.639s
iter26		 Improve solution by repack 0.4407753292125773->0.43457235958075785 , unplacedBoxesSize:6
currentRepackCostTime:128.534s , currentRepackMaxTime:162.639s
iter54		 Improve solution by repack 0.43457235958075785->0.43046392098898145 , unplacedBoxesSize:2
currentRepackCostTime:128.8s , currentRepackMaxTime:162.639s
Selecting boards with low utilization for repacking...
Selecting boards with low utilization for repacking...
iter11		 Improve solution by repack 0.9433263907551733->0.47067186240257997 , unplacedBoxesSize:3
currentRepackCostTime:129.725s , currentRepackMaxTime:162.639s
Selecting boards with low utilization for repacking...
Selecting boards with low utilization for repacking...
iter2		 Improve solution by repack 0.937352862133835->0.47067186240257997 , unplacedBoxesSize:3
currentRepackCostTime:130.609s , currentRepackMaxTime:162.639s
Selecting boards with low utilization for repacking...
Selecting boards with low utilization for repacking...
iter1		 Improve solution by repack 0.937352862133835->0.47067186240257997 , unplacedBoxesSize:3
currentRepackCostTime:131.593s , currentRepackMaxTime:162.639s
Selecting boards with low utilization for repacking...
Selecting boards with low utilization for repacking...
iter5		 Improve solution by repack 0.937352862133835->0.5174089626444504 , unplacedBoxesSize:7
currentRepackCostTime:132.602s , currentRepackMaxTime:162.639s
iter10		 Improve solution by repack 0.5174089626444504->0.506149220639613 , unplacedBoxesSize:8
currentRepackCostTime:132.64000000000001s , currentRepackMaxTime:162.639s
iter18		 Improve solution by repack 0.506149220639613->0.5050258667024994 , unplacedBoxesSize:8
currentRepackCostTime:132.708s , currentRepackMaxTime:162.639s
iter28		 Improve solution by repack 0.5050258667024994->0.48464995968825586 , unplacedBoxesSize:7
currentRepackCostTime:132.805s , currentRepackMaxTime:162.639s
iter36		 Improve solution by repack 0.48464995968825586->0.47626881214727224 , unplacedBoxesSize:3
currentRepackCostTime:132.886s , currentRepackMaxTime:162.639s
Selecting boards with low utilization for repacking...
Selecting boards with low utilization for repacking...
iter2		 Improve solution by repack 0.9356577532921257->0.47843086535877455 , unplacedBoxesSize:7
currentRepackCostTime:133.594s , currentRepackMaxTime:162.639s
iter24		 Improve solution by repack 0.47843086535877455->0.47626881214727224 , unplacedBoxesSize:3
currentRepackCostTime:133.786s , currentRepackMaxTime:162.639s
Selecting boards with low utilization for repacking...
Selecting boards with low utilization for repacking...
iter1		 Improve solution by repack 0.9377270894920721->0.9261868449341574 , unplacedBoxesSize:12
currentRepackCostTime:134.55s , currentRepackMaxTime:162.639s
iter2		 Improve solution by repack 0.9261868449341574->0.9244292528890083 , unplacedBoxesSize:12
currentRepackCostTime:134.565s , currentRepackMaxTime:162.639s
iter7		 Improve solution by repack 0.9244292528890083->0.9233058989518946 , unplacedBoxesSize:12
currentRepackCostTime:134.608s , currentRepackMaxTime:162.639s
iter15		 Improve solution by repack 0.9233058989518946->0.47234782316581564 , unplacedBoxesSize:6
currentRepackCostTime:134.684s , currentRepackMaxTime:162.639s
iter45		 Improve solution by repack 0.47234782316581564->0.47217918570276807 , unplacedBoxesSize:5
currentRepackCostTime:134.929s , currentRepackMaxTime:162.639s
iter58		 Improve solution by repack 0.47217918570276807->0.47177405267401235 , unplacedBoxesSize:6
currentRepackCostTime:135.03900000000002s , currentRepackMaxTime:162.639s
iter60		 Improve solution by repack 0.47177405267401235->0.46076122010212306 , unplacedBoxesSize:8
currentRepackCostTime:135.058s , currentRepackMaxTime:162.639s
iter68		 Improve solution by repack 0.46076122010212306->0.4558982800322494 , unplacedBoxesSize:6
currentRepackCostTime:135.129s , currentRepackMaxTime:162.639s
iter104		 Improve solution by repack 0.4558982800322494->0.4540966809997313 , unplacedBoxesSize:2
currentRepackCostTime:135.425s , currentRepackMaxTime:162.639s
iter117		 Improve solution by repack 0.4540966809997313->0.44400597957538296 , unplacedBoxesSize:5
currentRepackCostTime:135.493s , currentRepackMaxTime:162.639s
iter152		 Improve solution by repack 0.44400597957538296->0.43594564633163124 , unplacedBoxesSize:5
currentRepackCostTime:135.76500000000001s , currentRepackMaxTime:162.639s
iter153		 Improve solution by repack 0.43594564633163124->0.43346916151572157 , unplacedBoxesSize:2
currentRepackCostTime:135.768s , currentRepackMaxTime:162.639s
Selecting boards with low utilization for repacking...
Selecting boards with low utilization for repacking...
iter1		 Improve solution by repack 0.947128124160172->0.43594564633163124 , unplacedBoxesSize:5
currentRepackCostTime:136.465s , currentRepackMaxTime:162.639s
iter27		 Improve solution by repack 0.43594564633163124->0.43346916151572157 , unplacedBoxesSize:2
currentRepackCostTime:136.662s , currentRepackMaxTime:162.639s
Selecting boards with low utilization for repacking...
Selecting boards with low utilization for repacking...
iter1		 Improve solution by repack 0.9482514780972857->0.9432632356893309 , unplacedBoxesSize:9
currentRepackCostTime:137.294s , currentRepackMaxTime:162.639s
iter3		 Improve solution by repack 0.9432632356893309->0.5054783660306369 , unplacedBoxesSize:7
currentRepackCostTime:137.31s , currentRepackMaxTime:162.639s
iter11		 Improve solution by repack 0.5054783660306369->0.48014277076054823 , unplacedBoxesSize:3
currentRepackCostTime:137.395s , currentRepackMaxTime:162.639s
Selecting boards with low utilization for repacking...
Selecting boards with low utilization for repacking...
iter2		 Improve solution by repack 0.9273081832840634->0.9261848293469497 , unplacedBoxesSize:5
currentRepackCostTime:138.264s , currentRepackMaxTime:162.639s
iter3		 Improve solution by repack 0.9261848293469497->0.48014277076054823 , unplacedBoxesSize:3
currentRepackCostTime:138.264s , currentRepackMaxTime:162.639s
Selecting boards with low utilization for repacking...
Selecting boards with low utilization for repacking...
iter3		 Improve solution by repack 0.9261848293469497->0.8936902042461704 , unplacedBoxesSize:8
currentRepackCostTime:139.208s , currentRepackMaxTime:162.639s
iter10		 Improve solution by repack 0.8936902042461704->0.48545149153453376 , unplacedBoxesSize:7
currentRepackCostTime:139.25300000000001s , currentRepackMaxTime:162.639s
iter11		 Improve solution by repack 0.48545149153453376->0.4825520693362 , unplacedBoxesSize:6
currentRepackCostTime:139.262s , currentRepackMaxTime:162.639s
iter25		 Improve solution by repack 0.4825520693362->0.4806305428648213 , unplacedBoxesSize:6
currentRepackCostTime:139.385s , currentRepackMaxTime:162.639s
iter35		 Improve solution by repack 0.4806305428648213->0.4768600510615426 , unplacedBoxesSize:6
currentRepackCostTime:139.446s , currentRepackMaxTime:162.639s
iter48		 Improve solution by repack 0.4768600510615426->0.4651504971781779 , unplacedBoxesSize:7
currentRepackCostTime:139.573s , currentRepackMaxTime:162.639s
iter60		 Improve solution by repack 0.4651504971781779->0.45728231658156404 , unplacedBoxesSize:5
currentRepackCostTime:139.669s , currentRepackMaxTime:162.639s
iter75		 Improve solution by repack 0.45728231658156404->0.4425094060736361 , unplacedBoxesSize:4
currentRepackCostTime:139.8s , currentRepackMaxTime:162.639s
iter78		 Improve solution by repack 0.4425094060736361->0.43594564633163124 , unplacedBoxesSize:5
currentRepackCostTime:139.81s , currentRepackMaxTime:162.639s
iter100		 Improve solution by repack 0.43594564633163124->0.43346916151572157 , unplacedBoxesSize:2
currentRepackCostTime:139.974s , currentRepackMaxTime:162.639s
Selecting boards with low utilization for repacking...
Selecting boards with low utilization for repacking...
iter1		 Improve solution by repack 0.9491974603601182->0.43594564633163124 , unplacedBoxesSize:5
currentRepackCostTime:140.739s , currentRepackMaxTime:162.639s
iter16		 Improve solution by repack 0.43594564633163124->0.43346916151572157 , unplacedBoxesSize:2
currentRepackCostTime:140.846s , currentRepackMaxTime:162.639s
Selecting boards with low utilization for repacking...
Selecting boards with low utilization for repacking...
iter1		 Improve solution by repack 0.9491974603601182->0.43346916151572157 , unplacedBoxesSize:2
currentRepackCostTime:141.564s , currentRepackMaxTime:162.639s
Selecting boards with low utilization for repacking...
Selecting boards with low utilization for repacking...
iter1		 Improve solution by repack 0.9491974603601182->0.43346916151572157 , unplacedBoxesSize:2
currentRepackCostTime:142.383s , currentRepackMaxTime:162.639s
Selecting boards with low utilization for repacking...
Selecting boards with low utilization for repacking...
iter2		 Improve solution by repack 0.9482514780972857->0.9323683149690944 , unplacedBoxesSize:8
currentRepackCostTime:143.204s , currentRepackMaxTime:162.639s
iter7		 Improve solution by repack 0.9323683149690944->0.43346916151572157 , unplacedBoxesSize:2
currentRepackCostTime:143.248s , currentRepackMaxTime:162.639s
iter52		 Improve solution by repack 0.43346916151572157->0.42176027949475947 , unplacedBoxesSize:4
currentRepackCostTime:143.524s , currentRepackMaxTime:162.639s
Selecting boards with low utilization for repacking...
Selecting boards with low utilization for repacking...
iter2		 Improve solution by repack 0.9562966944369793->0.9509154125235152 , unplacedBoxesSize:8
currentRepackCostTime:144.488s , currentRepackMaxTime:162.639s
iter6		 Improve solution by repack 0.9509154125235152->0.45893610588551464 , unplacedBoxesSize:6
currentRepackCostTime:144.522s , currentRepackMaxTime:162.639s
iter19		 Improve solution by repack 0.45893610588551464->0.45061811341037356 , unplacedBoxesSize:5
currentRepackCostTime:144.63400000000001s , currentRepackMaxTime:162.639s
iter21		 Improve solution by repack 0.45061811341037356->0.4425094060736361 , unplacedBoxesSize:4
currentRepackCostTime:144.653s , currentRepackMaxTime:162.639s
Selecting boards with low utilization for repacking...
Selecting boards with low utilization for repacking...
iter2		 Improve solution by repack 0.9516591642031712->0.46379299919376515 , unplacedBoxesSize:6
currentRepackCostTime:145.447s , currentRepackMaxTime:162.639s
iter5		 Improve solution by repack 0.46379299919376515->0.4634291857027681 , unplacedBoxesSize:6
currentRepackCostTime:145.48s , currentRepackMaxTime:162.639s
iter9		 Improve solution by repack 0.4634291857027681->0.4613853802741199 , unplacedBoxesSize:5
currentRepackCostTime:145.508s , currentRepackMaxTime:162.639s
Selecting boards with low utilization for repacking...
Selecting boards with low utilization for repacking...
iter4		 Improve solution by repack 0.9486730717549047->0.9437872883633431 , unplacedBoxesSize:5
currentRepackCostTime:146.459s , currentRepackMaxTime:162.639s
iter6		 Improve solution by repack 0.9437872883633431->0.9324193765116905 , unplacedBoxesSize:9
currentRepackCostTime:146.472s , currentRepackMaxTime:162.639s
iter7		 Improve solution by repack 0.9324193765116905->0.4634291857027681 , unplacedBoxesSize:6
currentRepackCostTime:146.485s , currentRepackMaxTime:162.639s
iter8		 Improve solution by repack 0.4634291857027681->0.46147272238645526 , unplacedBoxesSize:6
currentRepackCostTime:146.499s , currentRepackMaxTime:162.639s
iter12		 Improve solution by repack 0.46147272238645526->0.46034936844934154 , unplacedBoxesSize:6
currentRepackCostTime:146.531s , currentRepackMaxTime:162.639s
iter14		 Improve solution by repack 0.46034936844934154->0.46022708949207203 , unplacedBoxesSize:5
currentRepackCostTime:146.538s , currentRepackMaxTime:162.639s
iter40		 Improve solution by repack 0.46022708949207203->0.4344490728298845 , unplacedBoxesSize:4
currentRepackCostTime:146.736s , currentRepackMaxTime:162.639s
Selecting boards with low utilization for repacking...
Selecting boards with low utilization for repacking...
iter3		 Improve solution by repack 0.9562758667024993->0.46673474872346143 , unplacedBoxesSize:5
currentRepackCostTime:147.454s , currentRepackMaxTime:162.639s
iter8		 Improve solution by repack 0.46673474872346143->0.46184359043267936 , unplacedBoxesSize:5
currentRepackCostTime:147.487s , currentRepackMaxTime:162.639s
Selecting boards with low utilization for repacking...
Selecting boards with low utilization for repacking...
iter1		 Improve solution by repack 0.9282242676699812->0.9249600241870466 , unplacedBoxesSize:6
currentRepackCostTime:148.571s , currentRepackMaxTime:162.639s
iter12		 Improve solution by repack 0.9249600241870466->0.5232098226283257 , unplacedBoxesSize:6
currentRepackCostTime:148.684s , currentRepackMaxTime:162.639s
iter13		 Improve solution by repack 0.5232098226283257->0.5110743079817254 , unplacedBoxesSize:5
currentRepackCostTime:148.698s , currentRepackMaxTime:162.639s
iter21		 Improve solution by repack 0.5110743079817254->0.4995565708142973 , unplacedBoxesSize:5
currentRepackCostTime:148.763s , currentRepackMaxTime:162.639s
Selecting boards with low utilization for repacking...
Selecting boards with low utilization for repacking...
iter1		 Improve solution by repack 0.9279944907282988->0.4995565708142973 , unplacedBoxesSize:5
currentRepackCostTime:149.695s , currentRepackMaxTime:162.639s
iter9		 Improve solution by repack 0.4995565708142973->0.49795518677774786 , unplacedBoxesSize:5
currentRepackCostTime:149.757s , currentRepackMaxTime:162.639s
iter11		 Improve solution by repack 0.49795518677774786->0.4965493147003494 , unplacedBoxesSize:2
currentRepackCostTime:149.775s , currentRepackMaxTime:162.639s
iter54		 Improve solution by repack 0.4965493147003494->0.49003292125772646 , unplacedBoxesSize:5
currentRepackCostTime:150.054s , currentRepackMaxTime:162.639s
iter59		 Improve solution by repack 0.49003292125772646->0.48036314162859445 , unplacedBoxesSize:3
currentRepackCostTime:150.094s , currentRepackMaxTime:162.639s
Selecting boards with low utilization for repacking...
Selecting boards with low utilization for repacking...
iter5		 Improve solution by repack 0.9439989250201558->0.923185971513034 , unplacedBoxesSize:9
currentRepackCostTime:151.012s , currentRepackMaxTime:162.639s
iter8		 Improve solution by repack 0.923185971513034->0.48036314162859445 , unplacedBoxesSize:3
currentRepackCostTime:151.032s , currentRepackMaxTime:162.639s
Selecting boards with low utilization for repacking...
Selecting boards with low utilization for repacking...
iter1		 Improve solution by repack 0.9439989250201558->0.923185971513034 , unplacedBoxesSize:9
currentRepackCostTime:151.951s , currentRepackMaxTime:162.639s
iter8		 Improve solution by repack 0.923185971513034->0.4959375839828003 , unplacedBoxesSize:6
currentRepackCostTime:152.006s , currentRepackMaxTime:162.639s
iter24		 Improve solution by repack 0.4959375839828003->0.48036314162859445 , unplacedBoxesSize:3
currentRepackCostTime:152.14000000000001s , currentRepackMaxTime:162.639s
Selecting boards with low utilization for repacking...
Selecting boards with low utilization for repacking...
iter2		 Improve solution by repack 0.9443348562214459->0.513124496103198 , unplacedBoxesSize:3
currentRepackCostTime:152.952s , currentRepackMaxTime:162.639s
iter5		 Improve solution by repack 0.513124496103198->0.48769349637194304 , unplacedBoxesSize:3
currentRepackCostTime:152.971s , currentRepackMaxTime:162.639s
iter17		 Improve solution by repack 0.48769349637194304->0.4759217952163397 , unplacedBoxesSize:2
currentRepackCostTime:153.05100000000002s , currentRepackMaxTime:162.639s
Selecting boards with low utilization for repacking...
Selecting boards with low utilization for repacking...
iter2		 Improve solution by repack 0.935646331631282->0.5009715130341306 , unplacedBoxesSize:5
currentRepackCostTime:153.778s , currentRepackMaxTime:162.639s
Selecting boards with low utilization for repacking...
iter3		 Improve solution by repack 0.5009715130341306->0.4652049180327869 , unplacedBoxesSize:5
currentRepackCostTime:154.516s , currentRepackMaxTime:162.639s
iter38		 Improve solution by repack 0.4652049180327869->0.45539102391830155 , unplacedBoxesSize:5
currentRepackCostTime:154.799s , currentRepackMaxTime:162.639s
iter43		 Improve solution by repack 0.45539102391830155->0.45393341843590435 , unplacedBoxesSize:5
currentRepackCostTime:154.846s , currentRepackMaxTime:162.639s
Selecting boards with low utilization for repacking...
Selecting boards with low utilization for repacking...
iter1		 Improve solution by repack 0.9457749932813759->0.45393341843590435 , unplacedBoxesSize:5
currentRepackCostTime:155.647s , currentRepackMaxTime:162.639s
Selecting boards with low utilization for repacking...
Selecting boards with low utilization for repacking...
iter2		 Improve solution by repack 0.9457749932813759->0.940816648750336 , unplacedBoxesSize:11
currentRepackCostTime:156.814s , currentRepackMaxTime:162.639s
iter5		 Improve solution by repack 0.940816648750336->0.9382719699005644 , unplacedBoxesSize:8
currentRepackCostTime:156.841s , currentRepackMaxTime:162.639s
iter6		 Improve solution by repack 0.9382719699005644->0.45393341843590435 , unplacedBoxesSize:5
currentRepackCostTime:156.843s , currentRepackMaxTime:162.639s
Selecting boards with low utilization for repacking...
Selecting boards with low utilization for repacking...
iter1		 Improve solution by repack 0.9382719699005644->0.478504434291857 , unplacedBoxesSize:4
currentRepackCostTime:157.886s , currentRepackMaxTime:162.639s
Selecting boards with low utilization for repacking...
Selecting boards with low utilization for repacking...
iter2		 Improve solution by repack 0.9219547836603065->0.478504434291857 , unplacedBoxesSize:4
currentRepackCostTime:158.845s , currentRepackMaxTime:162.639s
Selecting boards with low utilization for repacking...
Selecting boards with low utilization for repacking...
iter3		 Improve solution by repack 0.9219547836603065->0.9124838753023381 , unplacedBoxesSize:6
currentRepackCostTime:159.849s , currentRepackMaxTime:162.639s
iter6		 Improve solution by repack 0.9124838753023381->0.478504434291857 , unplacedBoxesSize:4
currentRepackCostTime:159.866s , currentRepackMaxTime:162.639s
iter8		 Improve solution by repack 0.478504434291857->0.4682867508734211 , unplacedBoxesSize:6
currentRepackCostTime:159.887s , currentRepackMaxTime:162.639s
iter12		 Improve solution by repack 0.4682867508734211->0.4504907954850847 , unplacedBoxesSize:2
currentRepackCostTime:159.913s , currentRepackMaxTime:162.639s
Selecting boards with low utilization for repacking...
Selecting boards with low utilization for repacking...
iter2		 Improve solution by repack 0.9485135044342918->0.5430415210964794 , unplacedBoxesSize:5
currentRepackCostTime:160.698s , currentRepackMaxTime:162.639s
iter12		 Improve solution by repack 0.5430415210964794->0.5374180327868853 , unplacedBoxesSize:5
currentRepackCostTime:160.76500000000001s , currentRepackMaxTime:162.639s
iter14		 Improve solution by repack 0.5374180327868853->0.5190560333243752 , unplacedBoxesSize:5
currentRepackCostTime:160.785s , currentRepackMaxTime:162.639s
iter17		 Improve solution by repack 0.5190560333243752->0.4851609110454179 , unplacedBoxesSize:8
currentRepackCostTime:160.816s , currentRepackMaxTime:162.639s
iter23		 Improve solution by repack 0.4851609110454179->0.45551363880677237 , unplacedBoxesSize:5
currentRepackCostTime:160.867s , currentRepackMaxTime:162.639s
iter31		 Improve solution by repack 0.45551363880677237->0.4469769551195915 , unplacedBoxesSize:5
currentRepackCostTime:160.936s , currentRepackMaxTime:162.639s
iter40		 Improve solution by repack 0.4469769551195915->0.4436666890620801 , unplacedBoxesSize:7
currentRepackCostTime:161.014s , currentRepackMaxTime:162.639s
iter42		 Improve solution by repack 0.4436666890620801->0.4412298441279226 , unplacedBoxesSize:7
currentRepackCostTime:161.035s , currentRepackMaxTime:162.639s
Selecting boards with low utilization for repacking...
iter28		 Improve solution by repack 0.4412298441279226->0.4391860386992744 , unplacedBoxesSize:6
currentRepackCostTime:161.802s , currentRepackMaxTime:162.639s
iter39		 Improve solution by repack 0.4391860386992744->0.4378104004299919 , unplacedBoxesSize:4
currentRepackCostTime:161.882s , currentRepackMaxTime:162.639s
Selecting boards with low utilization for repacking...
Selecting boards with low utilization for repacking...
iter4		 Improve solution by repack 0.9516930932545015->0.9439989250201558 , unplacedBoxesSize:6
currentRepackCostTime:162.633s , currentRepackMaxTime:162.639s
iter5		 Improve solution by repack 0.9439989250201558->0.9419295888202096 , unplacedBoxesSize:6
currentRepackCostTime:162.638s , currentRepackMaxTime:162.639s
Global repack result: 10 -> 10 boards.
