total number of nestable workpieces：922
Processing color group: 0 (1/2), boxes: 485
Allocated time: 315.6s
searchTime: 1000
Start nesting on the 1th large board, remaining blocks count: 325
Utilization of the 1th large board: 98.77596748185972, Time taken for this board: 1.002s
-------------------------------------------------------------------
Start nesting on the 2th large board, remaining blocks count: 322
Utilization of the 2th large board: 98.6750537489922, Time taken for this board: 2.004s
-------------------------------------------------------------------
Start nesting on the 3th large board, remaining blocks count: 314
Utilization of the 3th large board: 99.78030099435635, Time taken for this board: 3.004s
-------------------------------------------------------------------
Start nesting on the 4th large board, remaining blocks count: 308
Utilization of the 4th large board: 99.59389277076055, Time taken for this board: 4.008s
-------------------------------------------------------------------
Start nesting on the 5th large board, remaining blocks count: 302
Utilization of the 5th large board: 99.28993993550121, Time taken for this board: 5.008s
-------------------------------------------------------------------
Start nesting on the 6th large board, remaining blocks count: 294
Utilization of the 6th large board: 98.96130072561141, Time taken for this board: 6.008s
-------------------------------------------------------------------
Start nesting on the 7th large board, remaining blocks count: 289
Utilization of the 7th large board: 99.47504031174415, Time taken for this board: 7.008s
-------------------------------------------------------------------
Start nesting on the 8th large board, remaining blocks count: 279
Utilization of the 8th large board: 99.62968372282316, Time taken for this board: 8.01s
-------------------------------------------------------------------
Start nesting on the 9th large board, remaining blocks count: 266
Utilization of the 9th large board: 99.40718117253425, Time taken for this board: 9.012s
-------------------------------------------------------------------
Start nesting on the 10th large board, remaining blocks count: 253
Utilization of the 10th large board: 99.69846815372212, Time taken for this board: 10.012s
-------------------------------------------------------------------
Start nesting on the 11th large board, remaining blocks count: 240
Utilization of the 11th large board: 99.44712442891695, Time taken for this board: 11.013s
-------------------------------------------------------------------
Start nesting on the 12th large board, remaining blocks count: 235
Utilization of the 12th large board: 99.4464861596345, Time taken for this board: 12.013s
-------------------------------------------------------------------
Start nesting on the 13th large board, remaining blocks count: 225
Utilization of the 13th large board: 99.36576189196452, Time taken for this board: 13.013s
-------------------------------------------------------------------
Start nesting on the 14th large board, remaining blocks count: 217
Utilization of the 14th large board: 99.31651437785541, Time taken for this board: 14.014000000000001s
-------------------------------------------------------------------
Start nesting on the 15th large board, remaining blocks count: 213
Utilization of the 15th large board: 99.26145525396399, Time taken for this board: 15.014000000000001s
-------------------------------------------------------------------
Start nesting on the 16th large board, remaining blocks count: 203
Utilization of the 16th large board: 99.33008371405536, Time taken for this board: 16.015s
-------------------------------------------------------------------
Start nesting on the 17th large board, remaining blocks count: 195
Utilization of the 17th large board: 99.37728433216878, Time taken for this board: 17.015s
-------------------------------------------------------------------
Start nesting on the 18th large board, remaining blocks count: 185
Utilization of the 18th large board: 99.36787825853266, Time taken for this board: 18.018s
-------------------------------------------------------------------
Start nesting on the 19th large board, remaining blocks count: 169
Utilization of the 19th large board: 99.35064498790649, Time taken for this board: 19.018s
-------------------------------------------------------------------
Start nesting on the 20th large board, remaining blocks count: 159
Utilization of the 20th large board: 99.47923945176028, Time taken for this board: 20.021s
-------------------------------------------------------------------
Start nesting on the 21th large board, remaining blocks count: 155
Utilization of the 21th large board: 99.38215533458748, Time taken for this board: 21.021s
-------------------------------------------------------------------
Start nesting on the 22th large board, remaining blocks count: 151
Utilization of the 22th large board: 99.61384708411717, Time taken for this board: 22.021s
-------------------------------------------------------------------
Start nesting on the 23th large board, remaining blocks count: 143
Utilization of the 23th large board: 99.59201155603333, Time taken for this board: 23.023s
-------------------------------------------------------------------
Start nesting on the 24th large board, remaining blocks count: 137
Utilization of the 24th large board: 99.2962241332975, Time taken for this board: 24.023s
-------------------------------------------------------------------
Start nesting on the 25th large board, remaining blocks count: 131
Utilization of the 25th large board: 99.19873689868315, Time taken for this board: 25.025000000000002s
-------------------------------------------------------------------
Start nesting on the 26th large board, remaining blocks count: 125
Utilization of the 26th large board: 99.37452969631819, Time taken for this board: 26.025000000000002s
-------------------------------------------------------------------
Start nesting on the 27th large board, remaining blocks count: 121
Utilization of the 27th large board: 99.19675490459554, Time taken for this board: 27.025000000000002s
-------------------------------------------------------------------
Start nesting on the 28th large board, remaining blocks count: 105
Utilization of the 28th large board: 98.97920585864016, Time taken for this board: 28.026s
-------------------------------------------------------------------
Start nesting on the 29th large board, remaining blocks count: 95
Utilization of the 29th large board: 98.97594732598765, Time taken for this board: 29.026s
-------------------------------------------------------------------
Start nesting on the 30th large board, remaining blocks count: 91
Utilization of the 30th large board: 98.63783257188928, Time taken for this board: 30.026s
-------------------------------------------------------------------
Start nesting on the 31th large board, remaining blocks count: 85
Utilization of the 31th large board: 99.14078876646064, Time taken for this board: 31.012s
-------------------------------------------------------------------
Start nesting on the 32th large board, remaining blocks count: 75
Utilization of the 32th large board: 98.5447124428917, Time taken for this board: 31.54s
-------------------------------------------------------------------
Start nesting on the 33th large board, remaining blocks count: 63
Utilization of the 33th large board: 98.30910468099975, Time taken for this board: 31.694s
-------------------------------------------------------------------
Start nesting on the 34th large board, remaining blocks count: 54
Utilization of the 34th large board: 97.80206933619995, Time taken for this board: 31.792s
-------------------------------------------------------------------
Start nesting on the 35th large board, remaining blocks count: 46
Utilization of the 35th large board: 95.59516930932546, Time taken for this board: 31.849s
-------------------------------------------------------------------
Start nesting on the 36th large board, remaining blocks count: 36
Utilization of the 36th large board: 93.33680462241333, Time taken for this board: 31.904s
-------------------------------------------------------------------
Start nesting on the 37th large board, remaining blocks count: 28
Utilization of the 37th large board: 95.18261220102124, Time taken for this board: 31.915s
-------------------------------------------------------------------
Start nesting on the 38th large board, remaining blocks count: 24
Utilization of the 38th large board: 89.90567051867777, Time taken for this board: 31.925s
-------------------------------------------------------------------
Start nesting on the 39th large board, remaining blocks count: 18
Utilization of the 39th large board: 91.48710024187048, Time taken for this board: 31.934s
-------------------------------------------------------------------
Start nesting on the 40th large board, remaining blocks count: 16
Utilization of the 40th large board: 91.3558855146466, Time taken for this board: 31.937s
-------------------------------------------------------------------
Start nesting on the 41th large board, remaining blocks count: 14
Utilization of the 41th large board: 86.13309594195108, Time taken for this board: 31.941s
-------------------------------------------------------------------
Start nesting on the 42th large board, remaining blocks count: 12
Utilization of the 42th large board: 85.75819672131148, Time taken for this board: 31.945s
-------------------------------------------------------------------
Start nesting on the 43th large board, remaining blocks count: 8
Utilization of the 43th large board: 85.4512227895727, Time taken for this board: 31.945s
-------------------------------------------------------------------
Start nesting on the 44th large board, remaining blocks count: 2
Utilization of the 44th large board: 79.50483740929857, Time taken for this board: 31.945s
-------------------------------------------------------------------
Start nesting on the 45th large board, remaining blocks count: 2
Utilization of the 45th large board: 47.70290244557915, Time taken for this board: 31.946s
-------------------------------------------------------------------
Found solution: 45


Start improving solution by repacking.
Selecting boards with low utilization for repacking...
iter8		 Improve solution by repack 0.4770290244557915->0.4757833915614082 , unplacedBoxesSize:5
currentRepackCostTime:0.11800000000000001s , currentRepackMaxTime:283.67222125813447s
iter3		 Improve solution by repack 0.4757833915614082->0.4559836065573771 , unplacedBoxesSize:6
currentRepackCostTime:0.16s , currentRepackMaxTime:283.67222125813447s
iter3		 Improve solution by repack 0.4559836065573771->0.4556520424617038 , unplacedBoxesSize:6
currentRepackCostTime:0.22s , currentRepackMaxTime:283.67222125813447s
iter2		 Improve solution by repack 0.4556520424617038->0.42982665950013443 , unplacedBoxesSize:4
currentRepackCostTime:0.255s , currentRepackMaxTime:283.67222125813447s
iter3		 Improve solution by repack 0.42982665950013443->0.4157336737436173 , unplacedBoxesSize:4
currentRepackCostTime:0.309s , currentRepackMaxTime:283.67222125813447s
iter3		 Improve solution by repack 0.4157336737436173->0.38133599838753024 , unplacedBoxesSize:6
currentRepackCostTime:0.358s , currentRepackMaxTime:283.67222125813447s
iter5		 Improve solution by repack 0.38133599838753024->0.35895693361999464 , unplacedBoxesSize:5
currentRepackCostTime:0.516s , currentRepackMaxTime:283.67222125813447s
iter9		 Improve solution by repack 0.35895693361999464->0.3180193496371943 , unplacedBoxesSize:2
currentRepackCostTime:0.746s , currentRepackMaxTime:283.67222125813447s
iter11		 Improve solution by repack 0.3180193496371943->0.29326457941413603 , unplacedBoxesSize:4
currentRepackCostTime:0.873s , currentRepackMaxTime:283.67222125813447s
iter1		 Improve solution by repack 0.29326457941413603->0.28883767804353666 , unplacedBoxesSize:4
currentRepackCostTime:0.891s , currentRepackMaxTime:283.67222125813447s
iter4		 Improve solution by repack 0.28883767804353666->0.20410169712442894 , unplacedBoxesSize:3
currentRepackCostTime:0.986s , currentRepackMaxTime:283.67222125813447s
iter1		 Improve solution by repack 0.20410169712442894->0.1958310937919914 , unplacedBoxesSize:3
currentRepackCostTime:1.022s , currentRepackMaxTime:283.67222125813447s
iter2		 Improve solution by repack 0.1958310937919914->0.1932444006987369 , unplacedBoxesSize:5
currentRepackCostTime:1.046s , currentRepackMaxTime:283.67222125813447s
iter5		 Improve solution by repack 0.1932444006987369->0.12273109782316582 , unplacedBoxesSize:2
currentRepackCostTime:1.185s , currentRepackMaxTime:283.67222125813447s
iter2		 Improve solution by repack 0.12273109782316582->0.1205905442085461 , unplacedBoxesSize:2
currentRepackCostTime:1.218s , currentRepackMaxTime:283.67222125813447s
iter6		 Improve solution by repack 0.1205905442085461->0.11808787960225746 , unplacedBoxesSize:2
currentRepackCostTime:1.353s , currentRepackMaxTime:283.67222125813447s
iter18		 Improve solution by repack 0.11808787960225746->0.11582370330556303 , unplacedBoxesSize:4
currentRepackCostTime:1.581s , currentRepackMaxTime:283.67222125813447s
iter1		 Improve solution by repack 0.11582370330556303->0.09486428379467886 , unplacedBoxesSize:4
currentRepackCostTime:1.602s , currentRepackMaxTime:283.67222125813447s
iter16		 Improve solution by repack 0.09486428379467886->0.08271298038161784 , unplacedBoxesSize:3
currentRepackCostTime:2.0060000000000002s , currentRepackMaxTime:283.67222125813447s
iter42		 Improve solution by repack 0.08271298038161784->0.07868684493415748 , unplacedBoxesSize:4
currentRepackCostTime:2.859s , currentRepackMaxTime:283.67222125813447s
iter6		 Improve solution by repack 0.07868684493415748->0.07254736629938188 , unplacedBoxesSize:5
currentRepackCostTime:3.005s , currentRepackMaxTime:283.67222125813447s
iter9		 Improve solution by repack 0.07254736629938188->0.06625100779360386 , unplacedBoxesSize:4
currentRepackCostTime:3.237s , currentRepackMaxTime:283.67222125813447s
iter7		 Improve solution by repack 0.06625100779360386->0.06479978500403118 , unplacedBoxesSize:3
currentRepackCostTime:3.365s , currentRepackMaxTime:283.67222125813447s
iter10		 Improve solution by repack 0.06479978500403118->0.054041229508196724 , unplacedBoxesSize:3
currentRepackCostTime:3.589s , currentRepackMaxTime:283.67222125813447s
iter12		 Improve solution by repack 0.054041229508196724->0.04873286750873421 , unplacedBoxesSize:3
currentRepackCostTime:3.831s , currentRepackMaxTime:283.67222125813447s
iter1		 Improve solution by repack 0.04873286750873421->0.04840365493147004 , unplacedBoxesSize:2
currentRepackCostTime:3.839s , currentRepackMaxTime:283.67222125813447s
iter8		 Improve solution by repack 0.04840365493147004->0.029947594732598764 , unplacedBoxesSize:1
currentRepackCostTime:3.9570000000000003s , currentRepackMaxTime:283.67222125813447s
iter51		 Improve solution by repack 0.029947594732598764->0.029473259876377316 , unplacedBoxesSize:1
currentRepackCostTime:4.779s , currentRepackMaxTime:283.67222125813447s
iter43		 Improve solution by repack 0.029473259876377316->0.02667293738242408 , unplacedBoxesSize:2
currentRepackCostTime:5.456s , currentRepackMaxTime:283.67222125813447s
iter2		 Improve solution by repack 0.02667293738242408->0.02333579682880946 , unplacedBoxesSize:1
currentRepackCostTime:5.477s , currentRepackMaxTime:283.67222125813447s
iter13		 Improve solution by repack 0.02333579682880946->0.017414673474872345 , unplacedBoxesSize:1
currentRepackCostTime:5.703s , currentRepackMaxTime:283.67222125813447s
iter9		 Improve solution by repack 0.017414673474872345->0.015141091104541789 , unplacedBoxesSize:1
currentRepackCostTime:5.893s , currentRepackMaxTime:283.67222125813447s
iter13		 Improve solution by repack 0.015141091104541789->0.015135021499596885 , unplacedBoxesSize:1
currentRepackCostTime:6.117s , currentRepackMaxTime:283.67222125813447s
iter3		 Improve solution by repack 0.015135021499596885->0.010599301263101317 , unplacedBoxesSize:1
currentRepackCostTime:6.179s , currentRepackMaxTime:283.67222125813447s
iter80		 Improve solution by repack 0.010599301263101317->0.0 , unplacedBoxesSize:0
currentRepackCostTime:7.62s , currentRepackMaxTime:283.67222125813447s
Improved success.
Found solution 44
Start improving solution by repacking.
Selecting boards with low utilization for repacking...
iter1		 Improve solution by repack 0.913558855146466->0.9133734211233538 , unplacedBoxesSize:7
currentRepackCostTime:0.006s , currentRepackMaxTime:276.05222125813447s
iter32		 Improve solution by repack 0.9133734211233538->0.912436173071755 , unplacedBoxesSize:7
currentRepackCostTime:0.5680000000000001s , currentRepackMaxTime:276.05222125813447s
iter18		 Improve solution by repack 0.912436173071755->0.9114626444504166 , unplacedBoxesSize:7
currentRepackCostTime:0.807s , currentRepackMaxTime:276.05222125813447s
iter10		 Improve solution by repack 0.9114626444504166->0.9076773716742811 , unplacedBoxesSize:9
currentRepackCostTime:1.004s , currentRepackMaxTime:276.05222125813447s
iter7		 Improve solution by repack 0.9076773716742811->0.9033858505778017 , unplacedBoxesSize:12
currentRepackCostTime:1.164s , currentRepackMaxTime:276.05222125813447s
iter6		 Improve solution by repack 0.9033858505778017->0.8970659768879333 , unplacedBoxesSize:11
currentRepackCostTime:1.357s , currentRepackMaxTime:276.05222125813447s
iter1		 Improve solution by repack 0.8970659768879333->0.895369524321419 , unplacedBoxesSize:11
currentRepackCostTime:1.3820000000000001s , currentRepackMaxTime:276.05222125813447s
iter7		 Improve solution by repack 0.895369524321419->0.8847205052405268 , unplacedBoxesSize:9
currentRepackCostTime:1.537s , currentRepackMaxTime:276.05222125813447s
iter10		 Improve solution by repack 0.8847205052405268->0.8833297500671863 , unplacedBoxesSize:9
currentRepackCostTime:1.72s , currentRepackMaxTime:276.05222125813447s
iter7		 Improve solution by repack 0.8833297500671863->0.8827694168234346 , unplacedBoxesSize:10
currentRepackCostTime:1.819s , currentRepackMaxTime:276.05222125813447s
iter11		 Improve solution by repack 0.8827694168234346->0.8677445350712173 , unplacedBoxesSize:11
currentRepackCostTime:2.097s , currentRepackMaxTime:276.05222125813447s
iter14		 Improve solution by repack 0.8677445350712173->0.8668771607094866 , unplacedBoxesSize:11
currentRepackCostTime:2.451s , currentRepackMaxTime:276.05222125813447s
iter21		 Improve solution by repack 0.8668771607094866->0.8532558452029025 , unplacedBoxesSize:9
currentRepackCostTime:3.077s , currentRepackMaxTime:276.05222125813447s
iter7		 Improve solution by repack 0.8532558452029025->0.8502949372292394 , unplacedBoxesSize:12
currentRepackCostTime:3.237s , currentRepackMaxTime:276.05222125813447s
iter3		 Improve solution by repack 0.8502949372292394->0.8441655593738242 , unplacedBoxesSize:8
currentRepackCostTime:3.338s , currentRepackMaxTime:276.05222125813447s
iter42		 Improve solution by repack 0.8441655593738242->0.83523179252889 , unplacedBoxesSize:11
currentRepackCostTime:4.288s , currentRepackMaxTime:276.05222125813447s
iter2		 Improve solution by repack 0.83523179252889->0.8285679252889008 , unplacedBoxesSize:13
currentRepackCostTime:4.336s , currentRepackMaxTime:276.05222125813447s
iter2		 Improve solution by repack 0.8285679252889008->0.8144853077129803 , unplacedBoxesSize:13
currentRepackCostTime:4.3790000000000004s , currentRepackMaxTime:276.05222125813447s
iter9		 Improve solution by repack 0.8144853077129803->0.7982883619994625 , unplacedBoxesSize:12
currentRepackCostTime:4.616s , currentRepackMaxTime:276.05222125813447s
iter18		 Improve solution by repack 0.7982883619994625->0.7912049852190272 , unplacedBoxesSize:11
currentRepackCostTime:5.131s , currentRepackMaxTime:276.05222125813447s
iter14		 Improve solution by repack 0.7912049852190272->0.790330220370868 , unplacedBoxesSize:11
currentRepackCostTime:5.434s , currentRepackMaxTime:276.05222125813447s
iter16		 Improve solution by repack 0.790330220370868->0.7896576861058855 , unplacedBoxesSize:9
currentRepackCostTime:5.918s , currentRepackMaxTime:276.05222125813447s
iter11		 Improve solution by repack 0.7896576861058855->0.7874358371405537 , unplacedBoxesSize:9
currentRepackCostTime:6.17s , currentRepackMaxTime:276.05222125813447s
iter27		 Improve solution by repack 0.7874358371405537->0.7872483875302339 , unplacedBoxesSize:9
currentRepackCostTime:6.796s , currentRepackMaxTime:276.05222125813447s
iter17		 Improve solution by repack 0.7872483875302339->0.7864475275463585 , unplacedBoxesSize:9
currentRepackCostTime:7.208s , currentRepackMaxTime:276.05222125813447s
iter35		 Improve solution by repack 0.7864475275463585->0.7864408089223327 , unplacedBoxesSize:8
currentRepackCostTime:8.052s , currentRepackMaxTime:276.05222125813447s
iter12		 Improve solution by repack 0.7864408089223327->0.7745162590701425 , unplacedBoxesSize:11
currentRepackCostTime:8.262s , currentRepackMaxTime:276.05222125813447s
iter7		 Improve solution by repack 0.7745162590701425->0.7693045995700081 , unplacedBoxesSize:14
currentRepackCostTime:8.484s , currentRepackMaxTime:276.05222125813447s
iter2		 Improve solution by repack 0.7693045995700081->0.7622785984950282 , unplacedBoxesSize:13
currentRepackCostTime:8.546s , currentRepackMaxTime:276.05222125813447s
iter23		 Improve solution by repack 0.7622785984950282->0.7605764579414136 , unplacedBoxesSize:11
currentRepackCostTime:9.24s , currentRepackMaxTime:276.05222125813447s
iter4		 Improve solution by repack 0.7605764579414136->0.7549435635581834 , unplacedBoxesSize:12
currentRepackCostTime:9.343s , currentRepackMaxTime:276.05222125813447s
iter2		 Improve solution by repack 0.7549435635581834->0.7542717011556033 , unplacedBoxesSize:13
currentRepackCostTime:9.395s , currentRepackMaxTime:276.05222125813447s
iter2		 Improve solution by repack 0.7542717011556033->0.7513907551733405 , unplacedBoxesSize:12
currentRepackCostTime:9.448s , currentRepackMaxTime:276.05222125813447s
iter2		 Improve solution by repack 0.7513907551733405->0.7340526740123622 , unplacedBoxesSize:12
currentRepackCostTime:9.477s , currentRepackMaxTime:276.05222125813447s
iter17		 Improve solution by repack 0.7340526740123622->0.7336065573770492 , unplacedBoxesSize:11
currentRepackCostTime:10.045s , currentRepackMaxTime:276.05222125813447s
iter63		 Improve solution by repack 0.7336065573770492->0.7294339559258264 , unplacedBoxesSize:10
currentRepackCostTime:11.819s , currentRepackMaxTime:276.05222125813447s
iter63		 Improve solution by repack 0.7294339559258264->0.7265822359580758 , unplacedBoxesSize:9
currentRepackCostTime:13.493s , currentRepackMaxTime:276.05222125813447s
iter7		 Improve solution by repack 0.7265822359580758->0.7255982934694974 , unplacedBoxesSize:10
currentRepackCostTime:13.672s , currentRepackMaxTime:276.05222125813447s
iter3		 Improve solution by repack 0.7255982934694974->0.7244332840634238 , unplacedBoxesSize:10
currentRepackCostTime:13.738s , currentRepackMaxTime:276.05222125813447s
iter2		 Improve solution by repack 0.7244332840634238->0.7235464256920183 , unplacedBoxesSize:10
currentRepackCostTime:13.776s , currentRepackMaxTime:276.05222125813447s
iter142		 Improve solution by repack 0.7235464256920183->0.7223965331900026 , unplacedBoxesSize:9
currentRepackCostTime:17.694s , currentRepackMaxTime:276.05222125813447s
iter23		 Improve solution by repack 0.7223965331900026->0.7172158022037086 , unplacedBoxesSize:8
currentRepackCostTime:18.239s , currentRepackMaxTime:276.05222125813447s
iter1		 Improve solution by repack 0.7172158022037086->0.7162785541521097 , unplacedBoxesSize:8
currentRepackCostTime:18.247s , currentRepackMaxTime:276.05222125813447s
iter205		 Improve solution by repack 0.7162785541521097->0.7154142031711905 , unplacedBoxesSize:7
currentRepackCostTime:22.51s , currentRepackMaxTime:276.05222125813447s
iter147		 Improve solution by repack 0.7154142031711905->0.7103372749260951 , unplacedBoxesSize:9
currentRepackCostTime:25.258s , currentRepackMaxTime:276.05222125813447s
iter64		 Improve solution by repack 0.7103372749260951->0.7079817253426498 , unplacedBoxesSize:10
currentRepackCostTime:26.652s , currentRepackMaxTime:276.05222125813447s
iter65		 Improve solution by repack 0.7079817253426498->0.707798978769148 , unplacedBoxesSize:10
currentRepackCostTime:28.423000000000002s , currentRepackMaxTime:276.05222125813447s
iter9		 Improve solution by repack 0.707798978769148->0.703253157753292 , unplacedBoxesSize:10
currentRepackCostTime:28.636s , currentRepackMaxTime:276.05222125813447s
iter111		 Improve solution by repack 0.703253157753292->0.701916151572158 , unplacedBoxesSize:8
currentRepackCostTime:31.559s , currentRepackMaxTime:276.05222125813447s
iter76		 Improve solution by repack 0.701916151572158->0.6996304756785809 , unplacedBoxesSize:8
currentRepackCostTime:33.273s , currentRepackMaxTime:276.05222125813447s
iter343		 Improve solution by repack 0.6996304756785809->0.6992367186240258 , unplacedBoxesSize:9
currentRepackCostTime:41.142s , currentRepackMaxTime:276.05222125813447s
iter196		 Improve solution by repack 0.6992367186240258->0.6986139250201558 , unplacedBoxesSize:12
currentRepackCostTime:45.837s , currentRepackMaxTime:276.05222125813447s
iter4		 Improve solution by repack 0.6986139250201558->0.6971519524321419 , unplacedBoxesSize:11
currentRepackCostTime:45.95s , currentRepackMaxTime:276.05222125813447s
iter31		 Improve solution by repack 0.6971519524321419->0.6958982571889276 , unplacedBoxesSize:10
currentRepackCostTime:46.859s , currentRepackMaxTime:276.05222125813447s
iter39		 Improve solution by repack 0.6958982571889276->0.6949509312012899 , unplacedBoxesSize:10
currentRepackCostTime:47.875s , currentRepackMaxTime:276.05222125813447s
iter3		 Improve solution by repack 0.6949509312012899->0.694456440472991 , unplacedBoxesSize:9
currentRepackCostTime:47.941s , currentRepackMaxTime:276.05222125813447s
iter48		 Improve solution by repack 0.694456440472991->0.6915818771835528 , unplacedBoxesSize:9
currentRepackCostTime:49.02s , currentRepackMaxTime:276.05222125813447s
iter13		 Improve solution by repack 0.6915818771835528->0.6909463181940338 , unplacedBoxesSize:7
currentRepackCostTime:49.321s , currentRepackMaxTime:276.05222125813447s
iter30		 Improve solution by repack 0.6909463181940338->0.6909167562483204 , unplacedBoxesSize:7
currentRepackCostTime:49.954s , currentRepackMaxTime:276.05222125813447s
iter19		 Improve solution by repack 0.6909167562483204->0.6891400161246977 , unplacedBoxesSize:7
currentRepackCostTime:50.35s , currentRepackMaxTime:276.05222125813447s
iter1		 Improve solution by repack 0.6891400161246977->0.6886048777210426 , unplacedBoxesSize:8
currentRepackCostTime:50.373s , currentRepackMaxTime:276.05222125813447s
iter37		 Improve solution by repack 0.6886048777210426->0.6881480112872883 , unplacedBoxesSize:8
currentRepackCostTime:51.192s , currentRepackMaxTime:276.05222125813447s
iter7		 Improve solution by repack 0.6881480112872883->0.6871764982531577 , unplacedBoxesSize:8
currentRepackCostTime:51.331s , currentRepackMaxTime:276.05222125813447s
iter56		 Improve solution by repack 0.6871764982531577->0.6855774657350174 , unplacedBoxesSize:8
currentRepackCostTime:52.526s , currentRepackMaxTime:276.05222125813447s
iter81		 Improve solution by repack 0.6855774657350174->0.6852025665143779 , unplacedBoxesSize:8
currentRepackCostTime:54.301s , currentRepackMaxTime:276.05222125813447s
iter29		 Improve solution by repack 0.6852025665143779->0.6847967616232197 , unplacedBoxesSize:8
currentRepackCostTime:54.863s , currentRepackMaxTime:276.05222125813447s
iter201		 Improve solution by repack 0.6847967616232197->0.6842344127922602 , unplacedBoxesSize:8
currentRepackCostTime:59.146s , currentRepackMaxTime:276.05222125813447s
iter303		 Improve solution by repack 0.6842344127922602->0.6840469631819404 , unplacedBoxesSize:8
currentRepackCostTime:65.886s , currentRepackMaxTime:276.05222125813447s
iter289		 Improve solution by repack 0.6840469631819404->0.6824479306638 , unplacedBoxesSize:8
currentRepackCostTime:72.176s , currentRepackMaxTime:276.05222125813447s
iter197		 Improve solution by repack 0.6824479306638->0.6791208680462241 , unplacedBoxesSize:8
currentRepackCostTime:76.291s , currentRepackMaxTime:276.05222125813447s
iter323		 Improve solution by repack 0.6791208680462241->0.6766339693630745 , unplacedBoxesSize:8
currentRepackCostTime:83.467s , currentRepackMaxTime:276.05222125813447s
iter37		 Improve solution by repack 0.6766339693630745->0.674101048105348 , unplacedBoxesSize:7
currentRepackCostTime:84.311s , currentRepackMaxTime:276.05222125813447s
iter33		 Improve solution by repack 0.674101048105348->0.6740630650362804 , unplacedBoxesSize:6
currentRepackCostTime:84.989s , currentRepackMaxTime:276.05222125813447s
iter306		 Improve solution by repack 0.6740630650362804->0.6731570585864015 , unplacedBoxesSize:9
currentRepackCostTime:90.679s , currentRepackMaxTime:276.05222125813447s
iter390		 Improve solution by repack 0.6731570585864015->0.6719168005912389 , unplacedBoxesSize:9
currentRepackCostTime:100.538s , currentRepackMaxTime:276.05222125813447s
iter173		 Improve solution by repack 0.6719168005912389->0.6710507699543133 , unplacedBoxesSize:9
currentRepackCostTime:105.128s , currentRepackMaxTime:276.05222125813447s
iter20		 Improve solution by repack 0.6710507699543133->0.6685618785272776 , unplacedBoxesSize:10
currentRepackCostTime:105.548s , currentRepackMaxTime:276.05222125813447s
iter39		 Improve solution by repack 0.6685618785272776->0.664131930932545 , unplacedBoxesSize:12
currentRepackCostTime:106.642s , currentRepackMaxTime:276.05222125813447s
iter41		 Improve solution by repack 0.664131930932545->0.6624321190540177 , unplacedBoxesSize:13
currentRepackCostTime:107.97500000000001s , currentRepackMaxTime:276.05222125813447s
iter89		 Improve solution by repack 0.6624321190540177->0.6596872252082773 , unplacedBoxesSize:11
currentRepackCostTime:111.22500000000001s , currentRepackMaxTime:276.05222125813447s
iter7		 Improve solution by repack 0.6596872252082773->0.6588961072292394 , unplacedBoxesSize:12
currentRepackCostTime:111.411s , currentRepackMaxTime:276.05222125813447s
iter119		 Improve solution by repack 0.6588961072292394->0.6559892945444773 , unplacedBoxesSize:9
currentRepackCostTime:115.264s , currentRepackMaxTime:276.05222125813447s
Selecting boards with low utilization for repacking...
iter70		 Improve solution by repack 0.9734147406611126->0.66938020693362 , unplacedBoxesSize:6
currentRepackCostTime:140.78900000000002s , currentRepackMaxTime:276.05222125813447s
iter91		 Improve solution by repack 0.66938020693362->0.6673175893576996 , unplacedBoxesSize:9
currentRepackCostTime:142.419s , currentRepackMaxTime:276.05222125813447s
iter144		 Improve solution by repack 0.6673175893576996->0.6631594329481323 , unplacedBoxesSize:11
currentRepackCostTime:145.951s , currentRepackMaxTime:276.05222125813447s
iter42		 Improve solution by repack 0.6631594329481323->0.6569178083848427 , unplacedBoxesSize:10
currentRepackCostTime:147.076s , currentRepackMaxTime:276.05222125813447s
iter20		 Improve solution by repack 0.6569178083848427->0.6523508237033054 , unplacedBoxesSize:11
currentRepackCostTime:147.596s , currentRepackMaxTime:276.05222125813447s
iter246		 Improve solution by repack 0.6523508237033054->0.6505142878258532 , unplacedBoxesSize:10
currentRepackCostTime:154.383s , currentRepackMaxTime:276.05222125813447s
iter36		 Improve solution by repack 0.6505142878258532->0.6485823703305563 , unplacedBoxesSize:12
currentRepackCostTime:155.372s , currentRepackMaxTime:276.05222125813447s
iter45		 Improve solution by repack 0.6485823703305563->0.6477563155065843 , unplacedBoxesSize:11
currentRepackCostTime:156.721s , currentRepackMaxTime:276.05222125813447s
iter64		 Improve solution by repack 0.6477563155065843->0.6410229105079279 , unplacedBoxesSize:12
currentRepackCostTime:158.429s , currentRepackMaxTime:276.05222125813447s
iter71		 Improve solution by repack 0.6410229105079279->0.6385135044342918 , unplacedBoxesSize:11
currentRepackCostTime:160.77s , currentRepackMaxTime:276.05222125813447s
iter11		 Improve solution by repack 0.6385135044342918->0.6375406476753561 , unplacedBoxesSize:10
currentRepackCostTime:161.091s , currentRepackMaxTime:276.05222125813447s
iter88		 Improve solution by repack 0.6375406476753561->0.6371657484547165 , unplacedBoxesSize:10
currentRepackCostTime:163.302s , currentRepackMaxTime:276.05222125813447s
iter11		 Improve solution by repack 0.6371657484547165->0.6362285004031175 , unplacedBoxesSize:10
currentRepackCostTime:163.57s , currentRepackMaxTime:276.05222125813447s
iter109		 Improve solution by repack 0.6362285004031175->0.628166151572158 , unplacedBoxesSize:9
currentRepackCostTime:166.413s , currentRepackMaxTime:276.05222125813447s
Selecting boards with low utilization for repacking...
iter27		 Improve solution by repack 0.9786646734748723->0.6477868852459017 , unplacedBoxesSize:10
currentRepackCostTime:191.14600000000002s , currentRepackMaxTime:276.05222125813447s
iter1		 Improve solution by repack 0.6477868852459017->0.6437993818865896 , unplacedBoxesSize:9
currentRepackCostTime:191.168s , currentRepackMaxTime:276.05222125813447s
iter24		 Improve solution by repack 0.6437993818865896->0.6435030905670519 , unplacedBoxesSize:9
currentRepackCostTime:191.693s , currentRepackMaxTime:276.05222125813447s
iter62		 Improve solution by repack 0.6435030905670519->0.6423609244826659 , unplacedBoxesSize:11
currentRepackCostTime:193.037s , currentRepackMaxTime:276.05222125813447s
iter20		 Improve solution by repack 0.6423609244826659->0.6398474872346144 , unplacedBoxesSize:11
currentRepackCostTime:193.571s , currentRepackMaxTime:276.05222125813447s
iter150		 Improve solution by repack 0.6398474872346144->0.6375712174146735 , unplacedBoxesSize:11
currentRepackCostTime:197.9s , currentRepackMaxTime:276.05222125813447s
iter90		 Improve solution by repack 0.6375712174146735->0.6359308653587745 , unplacedBoxesSize:10
currentRepackCostTime:200.398s , currentRepackMaxTime:276.05222125813447s
iter17		 Improve solution by repack 0.6359308653587745->0.635720572426767 , unplacedBoxesSize:10
currentRepackCostTime:200.92000000000002s , currentRepackMaxTime:276.05222125813447s
iter68		 Improve solution by repack 0.635720572426767->0.6336797675356086 , unplacedBoxesSize:8
currentRepackCostTime:202.8s , currentRepackMaxTime:276.05222125813447s
iter67		 Improve solution by repack 0.6336797675356086->0.6332571660843859 , unplacedBoxesSize:13
currentRepackCostTime:204.39600000000002s , currentRepackMaxTime:276.05222125813447s
iter10		 Improve solution by repack 0.6332571660843859->0.630489764848159 , unplacedBoxesSize:13
currentRepackCostTime:204.686s , currentRepackMaxTime:276.05222125813447s
iter47		 Improve solution by repack 0.630489764848159->0.624899220639613 , unplacedBoxesSize:12
currentRepackCostTime:206.064s , currentRepackMaxTime:276.05222125813447s
iter10		 Improve solution by repack 0.624899220639613->0.6188497715667831 , unplacedBoxesSize:11
currentRepackCostTime:206.31300000000002s , currentRepackMaxTime:276.05222125813447s
iter103		 Improve solution by repack 0.6188497715667831->0.6185118247782854 , unplacedBoxesSize:12
currentRepackCostTime:209.181s , currentRepackMaxTime:276.05222125813447s
iter10		 Improve solution by repack 0.6185118247782854->0.6169503937113678 , unplacedBoxesSize:11
currentRepackCostTime:209.483s , currentRepackMaxTime:276.05222125813447s
iter26		 Improve solution by repack 0.6169503937113678->0.6163961072292394 , unplacedBoxesSize:10
currentRepackCostTime:210.28s , currentRepackMaxTime:276.05222125813447s
iter44		 Improve solution by repack 0.6163961072292394->0.6154756557377049 , unplacedBoxesSize:10
currentRepackCostTime:211.446s , currentRepackMaxTime:276.05222125813447s
iter77		 Improve solution by repack 0.6154756557377049->0.6115277922601451 , unplacedBoxesSize:11
currentRepackCostTime:213.465s , currentRepackMaxTime:276.05222125813447s
iter28		 Improve solution by repack 0.6115277922601451->0.6070605791453909 , unplacedBoxesSize:13
currentRepackCostTime:214.25300000000001s , currentRepackMaxTime:276.05222125813447s
iter49		 Improve solution by repack 0.6070605791453909->0.602785854608976 , unplacedBoxesSize:11
currentRepackCostTime:215.81s , currentRepackMaxTime:276.05222125813447s
iter46		 Improve solution by repack 0.602785854608976->0.5988416863746304 , unplacedBoxesSize:10
currentRepackCostTime:217.0s , currentRepackMaxTime:276.05222125813447s
iter106		 Improve solution by repack 0.5988416863746304->0.5956919954313357 , unplacedBoxesSize:9
currentRepackCostTime:219.662s , currentRepackMaxTime:276.05222125813447s
iter31		 Improve solution by repack 0.5956919954313357->0.5914216380005375 , unplacedBoxesSize:10
currentRepackCostTime:220.341s , currentRepackMaxTime:276.05222125813447s
iter99		 Improve solution by repack 0.5914216380005375->0.5900295391023918 , unplacedBoxesSize:10
currentRepackCostTime:222.922s , currentRepackMaxTime:276.05222125813447s
iter131		 Improve solution by repack 0.5900295391023918->0.58990927573233 , unplacedBoxesSize:10
currentRepackCostTime:226.472s , currentRepackMaxTime:276.05222125813447s
iter70		 Improve solution by repack 0.58990927573233->0.5884751854340231 , unplacedBoxesSize:10
currentRepackCostTime:228.376s , currentRepackMaxTime:276.05222125813447s
iter400		 Improve solution by repack 0.5884751854340231->0.5883297272238645 , unplacedBoxesSize:11
currentRepackCostTime:239.341s , currentRepackMaxTime:276.05222125813447s
iter15		 Improve solution by repack 0.5883297272238645->0.5875799287825852 , unplacedBoxesSize:11
currentRepackCostTime:239.8s , currentRepackMaxTime:276.05222125813447s
iter23		 Improve solution by repack 0.5875799287825852->0.5865056208008599 , unplacedBoxesSize:11
currentRepackCostTime:240.436s , currentRepackMaxTime:276.05222125813447s
iter26		 Improve solution by repack 0.5865056208008599->0.5778432988443967 , unplacedBoxesSize:10
currentRepackCostTime:241.092s , currentRepackMaxTime:276.05222125813447s
iter53		 Improve solution by repack 0.5778432988443967->0.5776558492340769 , unplacedBoxesSize:10
currentRepackCostTime:242.446s , currentRepackMaxTime:276.05222125813447s
iter9		 Improve solution by repack 0.5776558492340769->0.5766843361999462 , unplacedBoxesSize:10
currentRepackCostTime:242.692s , currentRepackMaxTime:276.05222125813447s
iter220		 Improve solution by repack 0.5766843361999462->0.5723995337274925 , unplacedBoxesSize:10
currentRepackCostTime:248.457s , currentRepackMaxTime:276.05222125813447s
iter711		 Improve solution by repack 0.5723995337274925->0.5720679696318194 , unplacedBoxesSize:9
currentRepackCostTime:268.183s , currentRepackMaxTime:276.05222125813447s
iter113		 Improve solution by repack 0.5720679696318194->0.5717938497715668 , unplacedBoxesSize:10
currentRepackCostTime:271.075s , currentRepackMaxTime:276.05222125813447s
Processing color group: 1 (2/2), boxes: 437
Allocated time: 284.4s
searchTime: 1000
Start nesting on the 1th large board, remaining blocks count: 209
Utilization of the 1th large board: 94.32306275194841, Time taken for this board: 1.0s
-------------------------------------------------------------------
Start nesting on the 2th large board, remaining blocks count: 209
Utilization of the 2th large board: 94.32306275194841, Time taken for this board: 2.0020000000000002s
-------------------------------------------------------------------
Start nesting on the 3th large board, remaining blocks count: 207
Utilization of the 3th large board: 92.6847621607095, Time taken for this board: 3.0020000000000002s
-------------------------------------------------------------------
Start nesting on the 4th large board, remaining blocks count: 207
Utilization of the 4th large board: 92.6847621607095, Time taken for this board: 4.003s
-------------------------------------------------------------------
Start nesting on the 5th large board, remaining blocks count: 206
Utilization of the 5th large board: 97.16964297231927, Time taken for this board: 5.0040000000000004s
-------------------------------------------------------------------
Start nesting on the 6th large board, remaining blocks count: 204
Utilization of the 6th large board: 96.73320343993551, Time taken for this board: 6.006s
-------------------------------------------------------------------
Start nesting on the 7th large board, remaining blocks count: 200
Utilization of the 7th large board: 94.31577532921257, Time taken for this board: 7.006s
-------------------------------------------------------------------
Start nesting on the 8th large board, remaining blocks count: 200
Utilization of the 8th large board: 94.31577532921257, Time taken for this board: 8.007s
-------------------------------------------------------------------
Start nesting on the 9th large board, remaining blocks count: 200
Utilization of the 9th large board: 94.31577532921257, Time taken for this board: 9.007s
-------------------------------------------------------------------
Start nesting on the 10th large board, remaining blocks count: 200
Utilization of the 10th large board: 94.31577532921257, Time taken for this board: 10.008000000000001s
-------------------------------------------------------------------
Start nesting on the 11th large board, remaining blocks count: 198
Utilization of the 11th large board: 92.13779897876914, Time taken for this board: 11.009s
-------------------------------------------------------------------
Start nesting on the 12th large board, remaining blocks count: 198
Utilization of the 12th large board: 92.13779897876914, Time taken for this board: 12.011000000000001s
-------------------------------------------------------------------
Start nesting on the 13th large board, remaining blocks count: 198
Utilization of the 13th large board: 92.13779897876914, Time taken for this board: 13.011000000000001s
-------------------------------------------------------------------
Start nesting on the 14th large board, remaining blocks count: 198
Utilization of the 14th large board: 92.13779897876914, Time taken for this board: 14.012s
-------------------------------------------------------------------
Start nesting on the 15th large board, remaining blocks count: 197
Utilization of the 15th large board: 92.95691682343455, Time taken for this board: 15.012s
-------------------------------------------------------------------
Start nesting on the 16th large board, remaining blocks count: 195
Utilization of the 16th large board: 89.02492609513573, Time taken for this board: 15.97s
-------------------------------------------------------------------
Start nesting on the 17th large board, remaining blocks count: 195
Utilization of the 17th large board: 89.02492609513573, Time taken for this board: 16.921s
-------------------------------------------------------------------
Start nesting on the 18th large board, remaining blocks count: 193
Utilization of the 18th large board: 90.168486294007, Time taken for this board: 17.85s
-------------------------------------------------------------------
Start nesting on the 19th large board, remaining blocks count: 192
Utilization of the 19th large board: 90.28970706799247, Time taken for this board: 18.85s
-------------------------------------------------------------------
Start nesting on the 20th large board, remaining blocks count: 192
Utilization of the 20th large board: 90.28970706799247, Time taken for this board: 19.848s
-------------------------------------------------------------------
Start nesting on the 21th large board, remaining blocks count: 189
Utilization of the 21th large board: 90.64957336737436, Time taken for this board: 20.848s
-------------------------------------------------------------------
Start nesting on the 22th large board, remaining blocks count: 189
Utilization of the 22th large board: 90.64957336737436, Time taken for this board: 21.848s
-------------------------------------------------------------------
Start nesting on the 23th large board, remaining blocks count: 185
Utilization of the 23th large board: 95.60897608169847, Time taken for this board: 22.848s
-------------------------------------------------------------------
Start nesting on the 24th large board, remaining blocks count: 181
Utilization of the 24th large board: 95.15278151034667, Time taken for this board: 23.848s
-------------------------------------------------------------------
Start nesting on the 25th large board, remaining blocks count: 179
Utilization of the 25th large board: 97.25127653856491, Time taken for this board: 24.848s
-------------------------------------------------------------------
Start nesting on the 26th large board, remaining blocks count: 175
Utilization of the 26th large board: 97.1991400161247, Time taken for this board: 25.848s
-------------------------------------------------------------------
Start nesting on the 27th large board, remaining blocks count: 171
Utilization of the 27th large board: 94.70733673743618, Time taken for this board: 26.848s
-------------------------------------------------------------------
Start nesting on the 28th large board, remaining blocks count: 170
Utilization of the 28th large board: 96.59103735554957, Time taken for this board: 27.848s
-------------------------------------------------------------------
Start nesting on the 29th large board, remaining blocks count: 168
Utilization of the 29th large board: 95.43896130072562, Time taken for this board: 28.848s
-------------------------------------------------------------------
Start nesting on the 30th large board, remaining blocks count: 164
Utilization of the 30th large board: 95.23908223595808, Time taken for this board: 29.848s
-------------------------------------------------------------------
Start nesting on the 31th large board, remaining blocks count: 160
Utilization of the 31th large board: 95.20723595807578, Time taken for this board: 30.834s
-------------------------------------------------------------------
Start nesting on the 32th large board, remaining blocks count: 158
Utilization of the 32th large board: 95.04451088417092, Time taken for this board: 31.822s
-------------------------------------------------------------------
Start nesting on the 33th large board, remaining blocks count: 156
Utilization of the 33th large board: 94.73394248857835, Time taken for this board: 32.798s
-------------------------------------------------------------------
Start nesting on the 34th large board, remaining blocks count: 154
Utilization of the 34th large board: 94.49556570814296, Time taken for this board: 33.798s
-------------------------------------------------------------------
Start nesting on the 35th large board, remaining blocks count: 154
Utilization of the 35th large board: 94.49556570814296, Time taken for this board: 34.769s
-------------------------------------------------------------------
Start nesting on the 36th large board, remaining blocks count: 154
Utilization of the 36th large board: 94.49556570814296, Time taken for this board: 35.728s
-------------------------------------------------------------------
Start nesting on the 37th large board, remaining blocks count: 154
Utilization of the 37th large board: 94.49556570814296, Time taken for this board: 36.725s
-------------------------------------------------------------------
Start nesting on the 38th large board, remaining blocks count: 152
Utilization of the 38th large board: 94.30707471109918, Time taken for this board: 37.725s
-------------------------------------------------------------------
Start nesting on the 39th large board, remaining blocks count: 150
Utilization of the 39th large board: 94.21704514915345, Time taken for this board: 38.605000000000004s
-------------------------------------------------------------------
Start nesting on the 40th large board, remaining blocks count: 147
Utilization of the 40th large board: 89.4792730448804, Time taken for this board: 39.081s
-------------------------------------------------------------------
Start nesting on the 41th large board, remaining blocks count: 147
Utilization of the 41th large board: 89.4792730448804, Time taken for this board: 39.556s
-------------------------------------------------------------------
Start nesting on the 42th large board, remaining blocks count: 144
Utilization of the 42th large board: 99.01350443429186, Time taken for this board: 40.38s
-------------------------------------------------------------------
Start nesting on the 43th large board, remaining blocks count: 140
Utilization of the 43th large board: 98.94719161515721, Time taken for this board: 41.182s
-------------------------------------------------------------------
Start nesting on the 44th large board, remaining blocks count: 136
Utilization of the 44th large board: 99.19732598763773, Time taken for this board: 41.939s
-------------------------------------------------------------------
Start nesting on the 45th large board, remaining blocks count: 132
Utilization of the 45th large board: 99.00483740929857, Time taken for this board: 42.624s
-------------------------------------------------------------------
Start nesting on the 46th large board, remaining blocks count: 126
Utilization of the 46th large board: 98.7168771835528, Time taken for this board: 42.92s
-------------------------------------------------------------------
Start nesting on the 47th large board, remaining blocks count: 124
Utilization of the 47th large board: 98.67508734211233, Time taken for this board: 43.230000000000004s
-------------------------------------------------------------------
Start nesting on the 48th large board, remaining blocks count: 122
Utilization of the 48th large board: 98.9930462241333, Time taken for this board: 43.577s
-------------------------------------------------------------------
Start nesting on the 49th large board, remaining blocks count: 116
Utilization of the 49th large board: 99.08690540177372, Time taken for this board: 43.902s
-------------------------------------------------------------------
Start nesting on the 50th large board, remaining blocks count: 112
Utilization of the 50th large board: 98.60040983606558, Time taken for this board: 44.206s
-------------------------------------------------------------------
Start nesting on the 51th large board, remaining blocks count: 110
Utilization of the 51th large board: 98.47423407686105, Time taken for this board: 44.492000000000004s
-------------------------------------------------------------------
Start nesting on the 52th large board, remaining blocks count: 106
Utilization of the 52th large board: 98.41759607632356, Time taken for this board: 44.754s
-------------------------------------------------------------------
Start nesting on the 53th large board, remaining blocks count: 102
Utilization of the 53th large board: 98.18227626981994, Time taken for this board: 44.994s
-------------------------------------------------------------------
Start nesting on the 54th large board, remaining blocks count: 96
Utilization of the 54th large board: 98.41799919376513, Time taken for this board: 45.244s
-------------------------------------------------------------------
Start nesting on the 55th large board, remaining blocks count: 90
Utilization of the 55th large board: 97.60165278151034, Time taken for this board: 45.456s
-------------------------------------------------------------------
Start nesting on the 56th large board, remaining blocks count: 86
Utilization of the 56th large board: 97.60017468422465, Time taken for this board: 45.653s
-------------------------------------------------------------------
Start nesting on the 57th large board, remaining blocks count: 84
Utilization of the 57th large board: 97.85937919914001, Time taken for this board: 45.843s
-------------------------------------------------------------------
Start nesting on the 58th large board, remaining blocks count: 84
Utilization of the 58th large board: 97.85937919914001, Time taken for this board: 46.032000000000004s
-------------------------------------------------------------------
Start nesting on the 59th large board, remaining blocks count: 82
Utilization of the 59th large board: 97.23753695243214, Time taken for this board: 46.214s
-------------------------------------------------------------------
Start nesting on the 60th large board, remaining blocks count: 76
Utilization of the 60th large board: 97.58777882289706, Time taken for this board: 46.365s
-------------------------------------------------------------------
Start nesting on the 61th large board, remaining blocks count: 74
Utilization of the 61th large board: 97.04823972050524, Time taken for this board: 46.504s
-------------------------------------------------------------------
Start nesting on the 62th large board, remaining blocks count: 70
Utilization of the 62th large board: 96.33754367105617, Time taken for this board: 46.629s
-------------------------------------------------------------------
Start nesting on the 63th large board, remaining blocks count: 60
Utilization of the 63th large board: 96.79279763504434, Time taken for this board: 46.679s
-------------------------------------------------------------------
Start nesting on the 64th large board, remaining blocks count: 58
Utilization of the 64th large board: 95.20518677774793, Time taken for this board: 46.726s
-------------------------------------------------------------------
Start nesting on the 65th large board, remaining blocks count: 56
Utilization of the 65th large board: 94.37046492878258, Time taken for this board: 46.771s
-------------------------------------------------------------------
Start nesting on the 66th large board, remaining blocks count: 52
Utilization of the 66th large board: 94.3007256113948, Time taken for this board: 46.811s
-------------------------------------------------------------------
Start nesting on the 67th large board, remaining blocks count: 50
Utilization of the 67th large board: 94.56087073367375, Time taken for this board: 46.852000000000004s
-------------------------------------------------------------------
Start nesting on the 68th large board, remaining blocks count: 48
Utilization of the 68th large board: 94.35232464391294, Time taken for this board: 46.888s
-------------------------------------------------------------------
Start nesting on the 69th large board, remaining blocks count: 48
Utilization of the 69th large board: 94.35232464391294, Time taken for this board: 46.925000000000004s
-------------------------------------------------------------------
Start nesting on the 70th large board, remaining blocks count: 44
Utilization of the 70th large board: 94.29965063155066, Time taken for this board: 46.959s
-------------------------------------------------------------------
Start nesting on the 71th large board, remaining blocks count: 40
Utilization of the 71th large board: 93.58183284063425, Time taken for this board: 46.988s
-------------------------------------------------------------------
Start nesting on the 72th large board, remaining blocks count: 36
Utilization of the 72th large board: 92.84130610051061, Time taken for this board: 47.013s
-------------------------------------------------------------------
Start nesting on the 73th large board, remaining blocks count: 32
Utilization of the 73th large board: 91.61085729642569, Time taken for this board: 47.024s
-------------------------------------------------------------------
Start nesting on the 74th large board, remaining blocks count: 30
Utilization of the 74th large board: 94.730986294007, Time taken for this board: 47.034s
-------------------------------------------------------------------
Start nesting on the 75th large board, remaining blocks count: 30
Utilization of the 75th large board: 94.33996237570545, Time taken for this board: 47.044000000000004s
-------------------------------------------------------------------
Start nesting on the 76th large board, remaining blocks count: 26
Utilization of the 76th large board: 92.31913464122547, Time taken for this board: 47.053000000000004s
-------------------------------------------------------------------
Start nesting on the 77th large board, remaining blocks count: 24
Utilization of the 77th large board: 92.22037086804623, Time taken for this board: 47.062s
-------------------------------------------------------------------
Start nesting on the 78th large board, remaining blocks count: 20
Utilization of the 78th large board: 94.8529965063155, Time taken for this board: 47.068s
-------------------------------------------------------------------
Start nesting on the 79th large board, remaining blocks count: 14
Utilization of the 79th large board: 91.2367979037893, Time taken for this board: 47.07s
-------------------------------------------------------------------
Start nesting on the 80th large board, remaining blocks count: 12
Utilization of the 80th large board: 89.16363208814835, Time taken for this board: 47.071s
-------------------------------------------------------------------
Start nesting on the 81th large board, remaining blocks count: 4
Utilization of the 81th large board: 63.158290782047835, Time taken for this board: 47.071s
-------------------------------------------------------------------
Start nesting on the 82th large board, remaining blocks count: 2
Utilization of the 82th large board: 51.85743079817254, Time taken for this board: 47.071s
-------------------------------------------------------------------
Start nesting on the 83th large board, remaining blocks count: 2
Utilization of the 83th large board: 34.57162053211503, Time taken for this board: 47.071s
-------------------------------------------------------------------
Found solution: 83


Start improving solution by repacking.
Selecting boards with low utilization for repacking...
iter14		 Improve solution by repack 0.34571620532115027->0.3313040849234077 , unplacedBoxesSize:3
currentRepackCostTime:0.025s , currentRepackMaxTime:237.3107787418655s
iter1		 Improve solution by repack 0.3313040849234077->0.329991937651169 , unplacedBoxesSize:3
currentRepackCostTime:0.029s , currentRepackMaxTime:237.3107787418655s
iter17		 Improve solution by repack 0.329991937651169->0.29801464660037624 , unplacedBoxesSize:2
currentRepackCostTime:0.07200000000000001s , currentRepackMaxTime:237.3107787418655s
iter2		 Improve solution by repack 0.29801464660037624->0.2840889545821016 , unplacedBoxesSize:1
currentRepackCostTime:0.075s , currentRepackMaxTime:237.3107787418655s
iter1		 Improve solution by repack 0.2840889545821016->0.2674277747917227 , unplacedBoxesSize:2
currentRepackCostTime:0.076s , currentRepackMaxTime:237.3107787418655s
iter16		 Improve solution by repack 0.2674277747917227->0.10923273313625369 , unplacedBoxesSize:1
currentRepackCostTime:0.10400000000000001s , currentRepackMaxTime:237.3107787418655s
iter6		 Improve solution by repack 0.10923273313625369->0.09705724267669981 , unplacedBoxesSize:1
currentRepackCostTime:0.115s , currentRepackMaxTime:237.3107787418655s
iter69		 Improve solution by repack 0.09705724267669981->0.0 , unplacedBoxesSize:0
currentRepackCostTime:0.226s , currentRepackMaxTime:237.3107787418655s
Improved success.
Found solution 82
Start improving solution by repacking.
Selecting boards with low utilization for repacking...
iter1		 Improve solution by repack 0.7746788497715668->0.7546660843859178 , unplacedBoxesSize:2
currentRepackCostTime:0.0s , currentRepackMaxTime:237.0847787418655s
iter7		 Improve solution by repack 0.7546660843859178->0.7236764310669176 , unplacedBoxesSize:2
currentRepackCostTime:0.011s , currentRepackMaxTime:237.0847787418655s
iter1		 Improve solution by repack 0.7236764310669176->0.7228863208814835 , unplacedBoxesSize:2
currentRepackCostTime:0.012s , currentRepackMaxTime:237.0847787418655s
iter2		 Improve solution by repack 0.7228863208814835->0.6642918570276808 , unplacedBoxesSize:2
currentRepackCostTime:0.014s , currentRepackMaxTime:237.0847787418655s
iter18		 Improve solution by repack 0.6642918570276808->0.659953641494222 , unplacedBoxesSize:2
currentRepackCostTime:0.042s , currentRepackMaxTime:237.0847787418655s
iter217		 Improve solution by repack 0.659953641494222->0.5672346143509809 , unplacedBoxesSize:1
currentRepackCostTime:0.376s , currentRepackMaxTime:237.0847787418655s
Selecting boards with low utilization for repacking...
iter10		 Improve solution by repack 0.870676565439398->0.8531013168503091 , unplacedBoxesSize:2
currentRepackCostTime:1.701s , currentRepackMaxTime:237.0847787418655s
iter78		 Improve solution by repack 0.8531013168503091->0.838344531040043 , unplacedBoxesSize:3
currentRepackCostTime:1.813s , currentRepackMaxTime:237.0847787418655s
iter8		 Improve solution by repack 0.838344531040043->0.5672346143509809 , unplacedBoxesSize:1
currentRepackCostTime:1.826s , currentRepackMaxTime:237.0847787418655s
iter578		 Improve solution by repack 0.5672346143509809->0.5547408290782048 , unplacedBoxesSize:1
currentRepackCostTime:2.575s , currentRepackMaxTime:237.0847787418655s
iter37		 Improve solution by repack 0.5547408290782048->0.5185743079817253 , unplacedBoxesSize:3
currentRepackCostTime:2.626s , currentRepackMaxTime:237.0847787418655s
iter47		 Improve solution by repack 0.5185743079817253->0.5165244557914539 , unplacedBoxesSize:1
currentRepackCostTime:2.715s , currentRepackMaxTime:237.0847787418655s
iter11		 Improve solution by repack 0.5165244557914539->0.5127237301800591 , unplacedBoxesSize:4
currentRepackCostTime:2.733s , currentRepackMaxTime:237.0847787418655s
iter11		 Improve solution by repack 0.5127237301800591->0.49462241332975004 , unplacedBoxesSize:3
currentRepackCostTime:2.7600000000000002s , currentRepackMaxTime:237.0847787418655s
iter4		 Improve solution by repack 0.49462241332975004->0.485025530771298 , unplacedBoxesSize:3
currentRepackCostTime:2.7680000000000002s , currentRepackMaxTime:237.0847787418655s
iter41		 Improve solution by repack 0.485025530771298->0.4709056705186778 , unplacedBoxesSize:2
currentRepackCostTime:2.857s , currentRepackMaxTime:237.0847787418655s
iter92		 Improve solution by repack 0.4709056705186778->0.4557316581564096 , unplacedBoxesSize:3
currentRepackCostTime:3.017s , currentRepackMaxTime:237.0847787418655s
iter7		 Improve solution by repack 0.4557316581564096->0.4535232464391293 , unplacedBoxesSize:2
currentRepackCostTime:3.033s , currentRepackMaxTime:237.0847787418655s
iter10		 Improve solution by repack 0.4535232464391293->0.4527331362536952 , unplacedBoxesSize:2
currentRepackCostTime:3.052s , currentRepackMaxTime:237.0847787418655s
iter46		 Improve solution by repack 0.4527331362536952->0.44851384036549313 , unplacedBoxesSize:3
currentRepackCostTime:3.141s , currentRepackMaxTime:237.0847787418655s
iter1		 Improve solution by repack 0.44851384036549313->0.44690943294813223 , unplacedBoxesSize:3
currentRepackCostTime:3.144s , currentRepackMaxTime:237.0847787418655s
iter17		 Improve solution by repack 0.44690943294813223->0.435369524321419 , unplacedBoxesSize:2
currentRepackCostTime:3.182s , currentRepackMaxTime:237.0847787418655s
iter158		 Improve solution by repack 0.435369524321419->0.43514109110454174 , unplacedBoxesSize:3
currentRepackCostTime:3.473s , currentRepackMaxTime:237.0847787418655s
iter34		 Improve solution by repack 0.43514109110454174->0.4337150631550658 , unplacedBoxesSize:3
currentRepackCostTime:3.549s , currentRepackMaxTime:237.0847787418655s
iter14		 Improve solution by repack 0.4337150631550658->0.42974435635581837 , unplacedBoxesSize:3
currentRepackCostTime:3.58s , currentRepackMaxTime:237.0847787418655s
iter17		 Improve solution by repack 0.42974435635581837->0.4255089357699543 , unplacedBoxesSize:3
currentRepackCostTime:3.617s , currentRepackMaxTime:237.0847787418655s
iter10		 Improve solution by repack 0.4255089357699543->0.41650866702499334 , unplacedBoxesSize:3
currentRepackCostTime:3.637s , currentRepackMaxTime:237.0847787418655s
iter12		 Improve solution by repack 0.41650866702499334->0.40989082235958074 , unplacedBoxesSize:3
currentRepackCostTime:3.662s , currentRepackMaxTime:237.0847787418655s
iter3		 Improve solution by repack 0.40989082235958074->0.4075483740929858 , unplacedBoxesSize:1
currentRepackCostTime:3.669s , currentRepackMaxTime:237.0847787418655s
iter94		 Improve solution by repack 0.4075483740929858->0.39521969900564363 , unplacedBoxesSize:3
currentRepackCostTime:3.803s , currentRepackMaxTime:237.0847787418655s
iter53		 Improve solution by repack 0.39521969900564363->0.3517549045955388 , unplacedBoxesSize:2
currentRepackCostTime:3.914s , currentRepackMaxTime:237.0847787418655s
iter18		 Improve solution by repack 0.3517549045955388->0.3373555495834453 , unplacedBoxesSize:2
currentRepackCostTime:3.9490000000000003s , currentRepackMaxTime:237.0847787418655s
iter9		 Improve solution by repack 0.3373555495834453->0.32994759473259877 , unplacedBoxesSize:2
currentRepackCostTime:3.966s , currentRepackMaxTime:237.0847787418655s
iter1		 Improve solution by repack 0.32994759473259877->0.31855415210964794 , unplacedBoxesSize:2
currentRepackCostTime:3.968s , currentRepackMaxTime:237.0847787418655s
iter113		 Improve solution by repack 0.31855415210964794->0.3164686912120398 , unplacedBoxesSize:2
currentRepackCostTime:4.175s , currentRepackMaxTime:237.0847787418655s
iter89		 Improve solution by repack 0.3164686912120398->0.31216742811072296 , unplacedBoxesSize:2
currentRepackCostTime:4.331s , currentRepackMaxTime:237.0847787418655s
iter84		 Improve solution by repack 0.31216742811072296->0.3117831228164472 , unplacedBoxesSize:2
currentRepackCostTime:4.487s , currentRepackMaxTime:237.0847787418655s
iter41		 Improve solution by repack 0.3117831228164472->0.3104192421392099 , unplacedBoxesSize:2
currentRepackCostTime:4.564s , currentRepackMaxTime:237.0847787418655s
iter42		 Improve solution by repack 0.3104192421392099->0.31033391561408225 , unplacedBoxesSize:2
currentRepackCostTime:4.647s , currentRepackMaxTime:237.0847787418655s
iter284		 Improve solution by repack 0.31033391561408225->0.29926363880677237 , unplacedBoxesSize:2
currentRepackCostTime:5.1450000000000005s , currentRepackMaxTime:237.0847787418655s
iter69		 Improve solution by repack 0.29926363880677237->0.29526941682343455 , unplacedBoxesSize:2
currentRepackCostTime:5.281s , currentRepackMaxTime:237.0847787418655s
iter117		 Improve solution by repack 0.29526941682343455->0.28993550120935235 , unplacedBoxesSize:2
currentRepackCostTime:5.48s , currentRepackMaxTime:237.0847787418655s
iter146		 Improve solution by repack 0.28993550120935235->0.28595941951088416 , unplacedBoxesSize:2
currentRepackCostTime:5.746s , currentRepackMaxTime:237.0847787418655s
iter87		 Improve solution by repack 0.28595941951088416->0.28586670249932816 , unplacedBoxesSize:1
currentRepackCostTime:5.905s , currentRepackMaxTime:237.0847787418655s
Selecting boards with low utilization for repacking...
iter3		 Improve solution by repack 0.8602129803816179->0.858890083310938 , unplacedBoxesSize:2
currentRepackCostTime:7.4270000000000005s , currentRepackMaxTime:237.0847787418655s
iter60		 Improve solution by repack 0.858890083310938->0.32750067186240256 , unplacedBoxesSize:1
currentRepackCostTime:7.503s , currentRepackMaxTime:237.0847787418655s
iter48		 Improve solution by repack 0.32750067186240256->0.3272722386455254 , unplacedBoxesSize:2
currentRepackCostTime:7.572s , currentRepackMaxTime:237.0847787418655s
iter27		 Improve solution by repack 0.3272722386455254->0.32584621069604947 , unplacedBoxesSize:2
currentRepackCostTime:7.623s , currentRepackMaxTime:237.0847787418655s
iter101		 Improve solution by repack 0.32584621069604947->0.31177707605482397 , unplacedBoxesSize:3
currentRepackCostTime:7.807s , currentRepackMaxTime:237.0847787418655s
iter34		 Improve solution by repack 0.31177707605482397->0.3084130610051062 , unplacedBoxesSize:2
currentRepackCostTime:7.886s , currentRepackMaxTime:237.0847787418655s
iter123		 Improve solution by repack 0.3084130610051062->0.28389277076054825 , unplacedBoxesSize:2
currentRepackCostTime:8.116s , currentRepackMaxTime:237.0847787418655s
iter171		 Improve solution by repack 0.28389277076054825->0.26747648481590974 , unplacedBoxesSize:2
currentRepackCostTime:8.451s , currentRepackMaxTime:237.0847787418655s
iter7		 Improve solution by repack 0.26747648481590974->0.2666863746304757 , unplacedBoxesSize:2
currentRepackCostTime:8.466s , currentRepackMaxTime:237.0847787418655s
iter50		 Improve solution by repack 0.2666863746304757->0.2600685299650632 , unplacedBoxesSize:2
currentRepackCostTime:8.577s , currentRepackMaxTime:237.0847787418655s
iter7		 Improve solution by repack 0.2600685299650632->0.23259473259876376 , unplacedBoxesSize:2
currentRepackCostTime:8.592s , currentRepackMaxTime:237.0847787418655s
iter9		 Improve solution by repack 0.23259473259876376->0.23143744961031978 , unplacedBoxesSize:2
currentRepackCostTime:8.613s , currentRepackMaxTime:237.0847787418655s
iter22		 Improve solution by repack 0.23143744961031978->0.2246412254770223 , unplacedBoxesSize:2
currentRepackCostTime:8.657s , currentRepackMaxTime:237.0847787418655s
iter1		 Improve solution by repack 0.2246412254770223->0.21881819403386185 , unplacedBoxesSize:2
currentRepackCostTime:8.66s , currentRepackMaxTime:237.0847787418655s
iter97		 Improve solution by repack 0.21881819403386185->0.21806839559258262 , unplacedBoxesSize:2
currentRepackCostTime:8.873s , currentRepackMaxTime:237.0847787418655s
Selecting boards with low utilization for repacking...
iter54		 Improve solution by repack 0.8837033055630208->0.21806839559258262 , unplacedBoxesSize:2
currentRepackCostTime:11.044s , currentRepackMaxTime:237.0847787418655s
iter443		 Improve solution by repack 0.21806839559258262->0.21697897070679925 , unplacedBoxesSize:2
currentRepackCostTime:11.941s , currentRepackMaxTime:237.0847787418655s
iter2		 Improve solution by repack 0.21697897070679925->0.2025503896801935 , unplacedBoxesSize:1
currentRepackCostTime:11.943s , currentRepackMaxTime:237.0847787418655s
Selecting boards with low utilization for repacking...
iter40		 Improve solution by repack 0.8837033055630208->0.2905956060198871 , unplacedBoxesSize:2
currentRepackCostTime:13.632s , currentRepackMaxTime:237.0847787418655s
iter5		 Improve solution by repack 0.2905956060198871->0.28246439129266326 , unplacedBoxesSize:2
currentRepackCostTime:13.64s , currentRepackMaxTime:237.0847787418655s
iter5		 Improve solution by repack 0.28246439129266326->0.28167428110722925 , unplacedBoxesSize:2
currentRepackCostTime:13.652000000000001s , currentRepackMaxTime:237.0847787418655s
iter32		 Improve solution by repack 0.28167428110722925->0.23352358237033055 , unplacedBoxesSize:2
currentRepackCostTime:13.714s , currentRepackMaxTime:237.0847787418655s
iter18		 Improve solution by repack 0.23352358237033055->0.23335964794410105 , unplacedBoxesSize:2
currentRepackCostTime:13.746s , currentRepackMaxTime:237.0847787418655s
iter1		 Improve solution by repack 0.23335964794410105->0.22678681805966136 , unplacedBoxesSize:2
currentRepackCostTime:13.747s , currentRepackMaxTime:237.0847787418655s
iter29		 Improve solution by repack 0.22678681805966136->0.2149025799516259 , unplacedBoxesSize:2
currentRepackCostTime:13.805s , currentRepackMaxTime:237.0847787418655s
iter22		 Improve solution by repack 0.2149025799516259->0.20832235958075787 , unplacedBoxesSize:1
currentRepackCostTime:13.846s , currentRepackMaxTime:237.0847787418655s
iter168		 Improve solution by repack 0.20832235958075787->0.2025503896801935 , unplacedBoxesSize:1
currentRepackCostTime:14.114s , currentRepackMaxTime:237.0847787418655s
Selecting boards with low utilization for repacking...
iter82		 Improve solution by repack 0.8837033055630208->0.2025503896801935 , unplacedBoxesSize:1
currentRepackCostTime:15.835s , currentRepackMaxTime:237.0847787418655s
iter181		 Improve solution by repack 0.2025503896801935->0.2015560333243752 , unplacedBoxesSize:2
currentRepackCostTime:16.134s , currentRepackMaxTime:237.0847787418655s
iter7		 Improve solution by repack 0.2015560333243752->0.20017334049986563 , unplacedBoxesSize:2
currentRepackCostTime:16.148s , currentRepackMaxTime:237.0847787418655s
iter28		 Improve solution by repack 0.20017334049986563->0.19516863746304755 , unplacedBoxesSize:2
currentRepackCostTime:16.208000000000002s , currentRepackMaxTime:237.0847787418655s
iter70		 Improve solution by repack 0.19516863746304755->0.19441883902176835 , unplacedBoxesSize:2
currentRepackCostTime:16.355s , currentRepackMaxTime:237.0847787418655s
iter375		 Improve solution by repack 0.19441883902176835->0.19116232195646332 , unplacedBoxesSize:2
currentRepackCostTime:17.141000000000002s , currentRepackMaxTime:237.0847787418655s
iter20		 Improve solution by repack 0.19116232195646332->0.18377317925288902 , unplacedBoxesSize:2
currentRepackCostTime:17.184s , currentRepackMaxTime:237.0847787418655s
iter11		 Improve solution by repack 0.18377317925288902->0.18337812416017202 , unplacedBoxesSize:2
currentRepackCostTime:17.213s , currentRepackMaxTime:237.0847787418655s
iter1		 Improve solution by repack 0.18337812416017202->0.17757323300188121 , unplacedBoxesSize:2
currentRepackCostTime:17.215s , currentRepackMaxTime:237.0847787418655s
iter15		 Improve solution by repack 0.17757323300188121->0.17663598495028218 , unplacedBoxesSize:2
currentRepackCostTime:17.254s , currentRepackMaxTime:237.0847787418655s
iter8		 Improve solution by repack 0.17663598495028218->0.17382424079548509 , unplacedBoxesSize:1
currentRepackCostTime:17.272000000000002s , currentRepackMaxTime:237.0847787418655s
iter145		 Improve solution by repack 0.17382424079548509->0.1688873958613276 , unplacedBoxesSize:1
currentRepackCostTime:17.523s , currentRepackMaxTime:237.0847787418655s
iter109		 Improve solution by repack 0.1688873958613276->0.15441413598495027 , unplacedBoxesSize:1
currentRepackCostTime:17.703s , currentRepackMaxTime:237.0847787418655s
iter64		 Improve solution by repack 0.15441413598495027->0.15298810803547433 , unplacedBoxesSize:1
currentRepackCostTime:17.828s , currentRepackMaxTime:237.0847787418655s
Selecting boards with low utilization for repacking...
iter26		 Improve solution by repack 0.8842246707874227->0.8172561139478635 , unplacedBoxesSize:2
currentRepackCostTime:19.633s , currentRepackMaxTime:237.0847787418655s
iter14		 Improve solution by repack 0.8172561139478635->0.15298810803547433 , unplacedBoxesSize:1
currentRepackCostTime:19.654s , currentRepackMaxTime:237.0847787418655s
iter955		 Improve solution by repack 0.15298810803547433->0.13555495834453105 , unplacedBoxesSize:1
currentRepackCostTime:21.329s , currentRepackMaxTime:237.0847787418655s
iter797		 Improve solution by repack 0.13555495834453105->0.13537960225745768 , unplacedBoxesSize:2
currentRepackCostTime:22.72s , currentRepackMaxTime:237.0847787418655s
iter24		 Improve solution by repack 0.13537960225745768->0.13125503896801935 , unplacedBoxesSize:1
currentRepackCostTime:22.772000000000002s , currentRepackMaxTime:237.0847787418655s
Selecting boards with low utilization for repacking...
iter33		 Improve solution by repack 0.8172561139478635->0.13125503896801935 , unplacedBoxesSize:1
currentRepackCostTime:24.580000000000002s , currentRepackMaxTime:237.0847787418655s
Selecting boards with low utilization for repacking...
iter1		 Improve solution by repack 0.8947927304488041->0.13125503896801935 , unplacedBoxesSize:1
currentRepackCostTime:26.3s , currentRepackMaxTime:237.0847787418655s
Selecting boards with low utilization for repacking...
iter16		 Improve solution by repack 0.914692958882021->0.8976289975812953 , unplacedBoxesSize:4
currentRepackCostTime:28.025000000000002s , currentRepackMaxTime:237.0847787418655s
iter6		 Improve solution by repack 0.8976289975812953->0.8947927304488041 , unplacedBoxesSize:4
currentRepackCostTime:28.037s , currentRepackMaxTime:237.0847787418655s
iter1		 Improve solution by repack 0.8947927304488041->0.13125503896801935 , unplacedBoxesSize:1
currentRepackCostTime:28.038s , currentRepackMaxTime:237.0847787418655s
Selecting boards with low utilization for repacking...
iter1		 Improve solution by repack 0.8947927304488041->0.8586616500940607 , unplacedBoxesSize:3
currentRepackCostTime:29.789s , currentRepackMaxTime:237.0847787418655s
iter47		 Improve solution by repack 0.8586616500940607->0.17285810266057514 , unplacedBoxesSize:1
currentRepackCostTime:29.869s , currentRepackMaxTime:237.0847787418655s
iter65		 Improve solution by repack 0.17285810266057514->0.1688873958613276 , unplacedBoxesSize:1
currentRepackCostTime:29.975s , currentRepackMaxTime:237.0847787418655s
iter116		 Improve solution by repack 0.1688873958613276->0.15644181671593657 , unplacedBoxesSize:1
currentRepackCostTime:30.164s , currentRepackMaxTime:237.0847787418655s
iter3		 Improve solution by repack 0.15644181671593657->0.15565170653050253 , unplacedBoxesSize:1
currentRepackCostTime:30.168s , currentRepackMaxTime:237.0847787418655s
iter227		 Improve solution by repack 0.15565170653050253->0.13125503896801935 , unplacedBoxesSize:1
currentRepackCostTime:30.582s , currentRepackMaxTime:237.0847787418655s
Selecting boards with low utilization for repacking...
iter17		 Improve solution by repack 0.8790378930395055->0.13125503896801935 , unplacedBoxesSize:1
currentRepackCostTime:32.342s , currentRepackMaxTime:237.0847787418655s
Selecting boards with low utilization for repacking...
iter5		 Improve solution by repack 0.8837033055630208->0.8172561139478635 , unplacedBoxesSize:2
currentRepackCostTime:34.139s , currentRepackMaxTime:237.0847787418655s
iter105		 Improve solution by repack 0.8172561139478635->0.13125503896801935 , unplacedBoxesSize:1
currentRepackCostTime:34.283s , currentRepackMaxTime:237.0847787418655s
Selecting boards with low utilization for repacking...
iter26		 Improve solution by repack 0.8988383270626175->0.8837033055630208 , unplacedBoxesSize:3
currentRepackCostTime:36.133s , currentRepackMaxTime:237.0847787418655s
iter46		 Improve solution by repack 0.8837033055630208->0.13125503896801935 , unplacedBoxesSize:1
currentRepackCostTime:36.203s , currentRepackMaxTime:237.0847787418655s
Selecting boards with low utilization for repacking...
iter12		 Improve solution by repack 0.914692958882021->0.9115876108572964 , unplacedBoxesSize:4
currentRepackCostTime:37.964s , currentRepackMaxTime:237.0847787418655s
iter4		 Improve solution by repack 0.9115876108572964->0.1591393442622951 , unplacedBoxesSize:2
currentRepackCostTime:37.972s , currentRepackMaxTime:237.0847787418655s
iter4		 Improve solution by repack 0.1591393442622951->0.13125503896801935 , unplacedBoxesSize:1
currentRepackCostTime:37.982s , currentRepackMaxTime:237.0847787418655s
Selecting boards with low utilization for repacking...
iter8		 Improve solution by repack 0.8837033055630208->0.13125503896801935 , unplacedBoxesSize:1
currentRepackCostTime:39.742s , currentRepackMaxTime:237.0847787418655s
Selecting boards with low utilization for repacking...
iter9		 Improve solution by repack 0.8837033055630208->0.13125503896801935 , unplacedBoxesSize:1
currentRepackCostTime:41.514s , currentRepackMaxTime:237.0847787418655s
Selecting boards with low utilization for repacking...
iter10		 Improve solution by repack 0.914692958882021->0.13125503896801935 , unplacedBoxesSize:1
currentRepackCostTime:43.336s , currentRepackMaxTime:237.0847787418655s
Selecting boards with low utilization for repacking...
iter9		 Improve solution by repack 0.914692958882021->0.8837033055630208 , unplacedBoxesSize:3
currentRepackCostTime:45.148s , currentRepackMaxTime:237.0847787418655s
iter21		 Improve solution by repack 0.8837033055630208->0.8790378930395055 , unplacedBoxesSize:3
currentRepackCostTime:45.178000000000004s , currentRepackMaxTime:237.0847787418655s
iter11		 Improve solution by repack 0.8790378930395055->0.8172561139478635 , unplacedBoxesSize:2
currentRepackCostTime:45.191s , currentRepackMaxTime:237.0847787418655s
iter13		 Improve solution by repack 0.8172561139478635->0.13125503896801935 , unplacedBoxesSize:1
currentRepackCostTime:45.21s , currentRepackMaxTime:237.0847787418655s
Selecting boards with low utilization for repacking...
iter12		 Improve solution by repack 0.8976289975812953->0.13125503896801935 , unplacedBoxesSize:1
currentRepackCostTime:47.087s , currentRepackMaxTime:237.0847787418655s
Selecting boards with low utilization for repacking...
iter18		 Improve solution by repack 0.9212389142703574->0.914692958882021 , unplacedBoxesSize:3
currentRepackCostTime:48.862s , currentRepackMaxTime:237.0847787418655s
iter3		 Improve solution by repack 0.914692958882021->0.8800295619457135 , unplacedBoxesSize:3
currentRepackCostTime:48.865s , currentRepackMaxTime:237.0847787418655s
iter10		 Improve solution by repack 0.8800295619457135->0.13125503896801935 , unplacedBoxesSize:1
currentRepackCostTime:48.88s , currentRepackMaxTime:237.0847787418655s
Selecting boards with low utilization for repacking...
iter2		 Improve solution by repack 0.9268476216070949->0.9069221983337812 , unplacedBoxesSize:4
currentRepackCostTime:50.669000000000004s , currentRepackMaxTime:237.0847787418655s
iter15		 Improve solution by repack 0.9069221983337812->0.8895901639344262 , unplacedBoxesSize:4
currentRepackCostTime:50.703s , currentRepackMaxTime:237.0847787418655s
iter3		 Improve solution by repack 0.8895901639344262->0.8172561139478635 , unplacedBoxesSize:2
currentRepackCostTime:50.709s , currentRepackMaxTime:237.0847787418655s
iter47		 Improve solution by repack 0.8172561139478635->0.13125503896801935 , unplacedBoxesSize:1
currentRepackCostTime:50.762s , currentRepackMaxTime:237.0847787418655s
Selecting boards with low utilization for repacking...
iter13		 Improve solution by repack 0.9069221983337812->0.8771056167696855 , unplacedBoxesSize:3
currentRepackCostTime:52.56s , currentRepackMaxTime:237.0847787418655s
iter27		 Improve solution by repack 0.8771056167696855->0.2876968556839559 , unplacedBoxesSize:2
currentRepackCostTime:52.598s , currentRepackMaxTime:237.0847787418655s
iter69		 Improve solution by repack 0.2876968556839559->0.2799973125503897 , unplacedBoxesSize:2
currentRepackCostTime:52.732s , currentRepackMaxTime:237.0847787418655s
iter17		 Improve solution by repack 0.2799973125503897->0.23164740661112607 , unplacedBoxesSize:1
currentRepackCostTime:52.767s , currentRepackMaxTime:237.0847787418655s
iter67		 Improve solution by repack 0.23164740661112607->0.22120464928782585 , unplacedBoxesSize:2
currentRepackCostTime:52.883s , currentRepackMaxTime:237.0847787418655s
iter9		 Improve solution by repack 0.22120464928782585->0.21982195646331634 , unplacedBoxesSize:2
currentRepackCostTime:52.901s , currentRepackMaxTime:237.0847787418655s
iter111		 Improve solution by repack 0.21982195646331634->0.2168634103735555 , unplacedBoxesSize:2
currentRepackCostTime:53.129s , currentRepackMaxTime:237.0847787418655s
iter7		 Improve solution by repack 0.2168634103735555->0.20584923407686104 , unplacedBoxesSize:2
currentRepackCostTime:53.142s , currentRepackMaxTime:237.0847787418655s
iter1		 Improve solution by repack 0.20584923407686104->0.20298172534264983 , unplacedBoxesSize:2
currentRepackCostTime:53.144s , currentRepackMaxTime:237.0847787418655s
iter13		 Improve solution by repack 0.20298172534264983->0.19116232195646332 , unplacedBoxesSize:2
currentRepackCostTime:53.177s , currentRepackMaxTime:237.0847787418655s
iter31		 Improve solution by repack 0.19116232195646332->0.19000503896801935 , unplacedBoxesSize:2
currentRepackCostTime:53.253s , currentRepackMaxTime:237.0847787418655s
iter4		 Improve solution by repack 0.19000503896801935->0.1802579951625907 , unplacedBoxesSize:2
currentRepackCostTime:53.258s , currentRepackMaxTime:237.0847787418655s
iter19		 Improve solution by repack 0.1802579951625907->0.17747110991668907 , unplacedBoxesSize:2
currentRepackCostTime:53.302s , currentRepackMaxTime:237.0847787418655s
iter24		 Improve solution by repack 0.17747110991668907->0.17382424079548509 , unplacedBoxesSize:1
currentRepackCostTime:53.362s , currentRepackMaxTime:237.0847787418655s
iter53		 Improve solution by repack 0.17382424079548509->0.17285810266057514 , unplacedBoxesSize:1
currentRepackCostTime:53.463s , currentRepackMaxTime:237.0847787418655s
iter486		 Improve solution by repack 0.17285810266057514->0.1708411717280301 , unplacedBoxesSize:1
currentRepackCostTime:54.272s , currentRepackMaxTime:237.0847787418655s
iter37		 Improve solution by repack 0.1708411717280301->0.16839727223864553 , unplacedBoxesSize:2
currentRepackCostTime:54.334s , currentRepackMaxTime:237.0847787418655s
iter42		 Improve solution by repack 0.16839727223864553->0.15761152915882828 , unplacedBoxesSize:2
currentRepackCostTime:54.424s , currentRepackMaxTime:237.0847787418655s
iter7		 Improve solution by repack 0.15761152915882828->0.15116736092448269 , unplacedBoxesSize:2
currentRepackCostTime:54.438s , currentRepackMaxTime:237.0847787418655s
iter6		 Improve solution by repack 0.15116736092448269->0.14470773985487773 , unplacedBoxesSize:2
currentRepackCostTime:54.456s , currentRepackMaxTime:237.0847787418655s
iter15		 Improve solution by repack 0.14470773985487773->0.1376404192421392 , unplacedBoxesSize:1
currentRepackCostTime:54.484s , currentRepackMaxTime:237.0847787418655s
iter19		 Improve solution by repack 0.1376404192421392->0.13555495834453105 , unplacedBoxesSize:1
currentRepackCostTime:54.52s , currentRepackMaxTime:237.0847787418655s
iter87		 Improve solution by repack 0.13555495834453105->0.13125503896801935 , unplacedBoxesSize:1
currentRepackCostTime:54.665s , currentRepackMaxTime:237.0847787418655s
Selecting boards with low utilization for repacking...
iter6		 Improve solution by repack 0.848641158290782->0.13125503896801935 , unplacedBoxesSize:1
currentRepackCostTime:56.431000000000004s , currentRepackMaxTime:237.0847787418655s
Selecting boards with low utilization for repacking...
iter4		 Improve solution by repack 0.9160440513302874->0.8837033055630208 , unplacedBoxesSize:3
currentRepackCostTime:58.235s , currentRepackMaxTime:237.0847787418655s
iter18		 Improve solution by repack 0.8837033055630208->0.848641158290782 , unplacedBoxesSize:3
currentRepackCostTime:58.264s , currentRepackMaxTime:237.0847787418655s
iter47		 Improve solution by repack 0.848641158290782->0.13125503896801935 , unplacedBoxesSize:1
currentRepackCostTime:58.341s , currentRepackMaxTime:237.0847787418655s
Selecting boards with low utilization for repacking...
iter19		 Improve solution by repack 0.8837033055630208->0.13125503896801935 , unplacedBoxesSize:1
currentRepackCostTime:60.109s , currentRepackMaxTime:237.0847787418655s
Selecting boards with low utilization for repacking...
iter7		 Improve solution by repack 0.9009090298306907->0.8730247245364149 , unplacedBoxesSize:4
currentRepackCostTime:61.903s , currentRepackMaxTime:237.0847787418655s
iter18		 Improve solution by repack 0.8730247245364149->0.8451404192421392 , unplacedBoxesSize:3
currentRepackCostTime:61.942s , currentRepackMaxTime:237.0847787418655s
iter37		 Improve solution by repack 0.8451404192421392->0.13125503896801935 , unplacedBoxesSize:1
currentRepackCostTime:62.009s , currentRepackMaxTime:237.0847787418655s
Selecting boards with low utilization for repacking...
iter15		 Improve solution by repack 0.8765254635850577->0.13125503896801935 , unplacedBoxesSize:1
currentRepackCostTime:63.763s , currentRepackMaxTime:237.0847787418655s
Selecting boards with low utilization for repacking...
iter9		 Improve solution by repack 0.9212389142703574->0.8451404192421392 , unplacedBoxesSize:3
currentRepackCostTime:65.525s , currentRepackMaxTime:237.0847787418655s
iter27		 Improve solution by repack 0.8451404192421392->0.13125503896801935 , unplacedBoxesSize:1
currentRepackCostTime:65.57000000000001s , currentRepackMaxTime:237.0847787418655s
Selecting boards with low utilization for repacking...
iter29		 Improve solution by repack 0.8451404192421392->0.13125503896801935 , unplacedBoxesSize:1
currentRepackCostTime:67.354s , currentRepackMaxTime:237.0847787418655s
Selecting boards with low utilization for repacking...
iter2		 Improve solution by repack 0.8451404192421392->0.13125503896801935 , unplacedBoxesSize:1
currentRepackCostTime:69.136s , currentRepackMaxTime:237.0847787418655s
Selecting boards with low utilization for repacking...
iter22		 Improve solution by repack 0.9278916957807041->0.9110423945176028 , unplacedBoxesSize:4
currentRepackCostTime:70.936s , currentRepackMaxTime:237.0847787418655s
iter21		 Improve solution by repack 0.9110423945176028->0.22545787422735825 , unplacedBoxesSize:2
currentRepackCostTime:70.981s , currentRepackMaxTime:237.0847787418655s
iter27		 Improve solution by repack 0.22545787422735825->0.20802472453641493 , unplacedBoxesSize:2
currentRepackCostTime:71.04s , currentRepackMaxTime:237.0847787418655s
iter16		 Improve solution by repack 0.20802472453641493->0.20515721580220372 , unplacedBoxesSize:2
currentRepackCostTime:71.075s , currentRepackMaxTime:237.0847787418655s
iter8		 Improve solution by repack 0.20515721580220372->0.1879521633969363 , unplacedBoxesSize:2
currentRepackCostTime:71.095s , currentRepackMaxTime:237.0847787418655s
iter33		 Improve solution by repack 0.1879521633969363->0.1792192958882021 , unplacedBoxesSize:2
currentRepackCostTime:71.161s , currentRepackMaxTime:237.0847787418655s
iter3		 Improve solution by repack 0.1792192958882021->0.13125503896801935 , unplacedBoxesSize:1
currentRepackCostTime:71.168s , currentRepackMaxTime:237.0847787418655s
iter228		 Improve solution by repack 0.13125503896801935->0.11103466809997312 , unplacedBoxesSize:1
currentRepackCostTime:71.568s , currentRepackMaxTime:237.0847787418655s
Selecting boards with low utilization for repacking...
iter2		 Improve solution by repack 0.9295691682343455->0.21565237839290513 , unplacedBoxesSize:2
currentRepackCostTime:73.375s , currentRepackMaxTime:237.0847787418655s
iter64		 Improve solution by repack 0.21565237839290513->0.2149025799516259 , unplacedBoxesSize:2
currentRepackCostTime:73.506s , currentRepackMaxTime:237.0847787418655s
iter114		 Improve solution by repack 0.2149025799516259->0.11103466809997312 , unplacedBoxesSize:1
currentRepackCostTime:73.749s , currentRepackMaxTime:237.0847787418655s
Selecting boards with low utilization for repacking...
iter18		 Improve solution by repack 0.8765254635850577->0.8606893308250471 , unplacedBoxesSize:3
currentRepackCostTime:75.572s , currentRepackMaxTime:237.0847787418655s
iter49		 Improve solution by repack 0.8606893308250471->0.2037536952432142 , unplacedBoxesSize:2
currentRepackCostTime:75.653s , currentRepackMaxTime:237.0847787418655s
iter89		 Improve solution by repack 0.2037536952432142->0.19841977962913196 , unplacedBoxesSize:2
currentRepackCostTime:75.83800000000001s , currentRepackMaxTime:237.0847787418655s
iter117		 Improve solution by repack 0.19841977962913196->0.18543805428648213 , unplacedBoxesSize:2
currentRepackCostTime:76.061s , currentRepackMaxTime:237.0847787418655s
iter7		 Improve solution by repack 0.18543805428648213->0.18259876377317924 , unplacedBoxesSize:1
currentRepackCostTime:76.07900000000001s , currentRepackMaxTime:237.0847787418655s
iter36		 Improve solution by repack 0.18259876377317924->0.17382424079548509 , unplacedBoxesSize:1
currentRepackCostTime:76.138s , currentRepackMaxTime:237.0847787418655s
iter9		 Improve solution by repack 0.17382424079548509->0.16001343724805162 , unplacedBoxesSize:1
currentRepackCostTime:76.151s , currentRepackMaxTime:237.0847787418655s
iter4		 Improve solution by repack 0.16001343724805162->0.14903386186509002 , unplacedBoxesSize:1
currentRepackCostTime:76.158s , currentRepackMaxTime:237.0847787418655s
iter49		 Improve solution by repack 0.14903386186509002->0.11360655737704918 , unplacedBoxesSize:1
currentRepackCostTime:76.243s , currentRepackMaxTime:237.0847787418655s
iter23		 Improve solution by repack 0.11360655737704918->0.11065573770491803 , unplacedBoxesSize:1
currentRepackCostTime:76.28s , currentRepackMaxTime:237.0847787418655s
iter124		 Improve solution by repack 0.11065573770491803->0.10797097554420855 , unplacedBoxesSize:1
currentRepackCostTime:76.499s , currentRepackMaxTime:237.0847787418655s
iter21		 Improve solution by repack 0.10797097554420855->0.10778352593388874 , unplacedBoxesSize:1
currentRepackCostTime:76.531s , currentRepackMaxTime:237.0847787418655s
iter18		 Improve solution by repack 0.10778352593388874->0.1023189330825047 , unplacedBoxesSize:1
currentRepackCostTime:76.559s , currentRepackMaxTime:237.0847787418655s
iter17		 Improve solution by repack 0.1023189330825047->0.09904763504434293 , unplacedBoxesSize:1
currentRepackCostTime:76.59100000000001s , currentRepackMaxTime:237.0847787418655s
iter683		 Improve solution by repack 0.09904763504434293->0.09598898145659768 , unplacedBoxesSize:2
currentRepackCostTime:77.864s , currentRepackMaxTime:237.0847787418655s
iter37		 Improve solution by repack 0.09598898145659768->0.09271902714324107 , unplacedBoxesSize:1
currentRepackCostTime:77.953s , currentRepackMaxTime:237.0847787418655s
Selecting boards with low utilization for repacking...
iter9		 Improve solution by repack 0.8600255307712981->0.8172561139478635 , unplacedBoxesSize:2
currentRepackCostTime:79.765s , currentRepackMaxTime:237.0847787418655s
iter71		 Improve solution by repack 0.8172561139478635->0.09271902714324107 , unplacedBoxesSize:1
currentRepackCostTime:79.855s , currentRepackMaxTime:237.0847787418655s
Selecting boards with low utilization for repacking...
iter4		 Improve solution by repack 0.8879098360655737->0.8764653319000268 , unplacedBoxesSize:3
currentRepackCostTime:81.69500000000001s , currentRepackMaxTime:237.0847787418655s
iter88		 Improve solution by repack 0.8764653319000268->0.2970814297231927 , unplacedBoxesSize:1
currentRepackCostTime:81.857s , currentRepackMaxTime:237.0847787418655s
iter126		 Improve solution by repack 0.2970814297231927->0.28586670249932816 , unplacedBoxesSize:1
currentRepackCostTime:82.037s , currentRepackMaxTime:237.0847787418655s
iter1		 Improve solution by repack 0.28586670249932816->0.2282739854877721 , unplacedBoxesSize:2
currentRepackCostTime:82.038s , currentRepackMaxTime:237.0847787418655s
iter36		 Improve solution by repack 0.2282739854877721->0.2189639881752217 , unplacedBoxesSize:2
currentRepackCostTime:82.116s , currentRepackMaxTime:237.0847787418655s
iter6		 Improve solution by repack 0.2189639881752217->0.13140352055898952 , unplacedBoxesSize:2
currentRepackCostTime:82.128s , currentRepackMaxTime:237.0847787418655s
iter21		 Improve solution by repack 0.13140352055898952->0.13125503896801935 , unplacedBoxesSize:1
currentRepackCostTime:82.18s , currentRepackMaxTime:237.0847787418655s
iter788		 Improve solution by repack 0.13125503896801935->0.12285944638538028 , unplacedBoxesSize:1
currentRepackCostTime:83.543s , currentRepackMaxTime:237.0847787418655s
iter907		 Improve solution by repack 0.12285944638538028->0.1204027815103467 , unplacedBoxesSize:1
currentRepackCostTime:85.118s , currentRepackMaxTime:237.0847787418655s
iter11		 Improve solution by repack 0.1204027815103467->0.11360655737704918 , unplacedBoxesSize:1
currentRepackCostTime:85.138s , currentRepackMaxTime:237.0847787418655s
iter30		 Improve solution by repack 0.11360655737704918->0.10778352593388874 , unplacedBoxesSize:1
currentRepackCostTime:85.19200000000001s , currentRepackMaxTime:237.0847787418655s
iter72		 Improve solution by repack 0.10778352593388874->0.1070337274926095 , unplacedBoxesSize:1
currentRepackCostTime:85.313s , currentRepackMaxTime:237.0847787418655s
iter36		 Improve solution by repack 0.1070337274926095->0.09904763504434293 , unplacedBoxesSize:1
currentRepackCostTime:85.376s , currentRepackMaxTime:237.0847787418655s
iter942		 Improve solution by repack 0.09904763504434293->0.09705724267669981 , unplacedBoxesSize:1
currentRepackCostTime:87.14s , currentRepackMaxTime:237.0847787418655s
iter19		 Improve solution by repack 0.09705724267669981->0.09271902714324107 , unplacedBoxesSize:1
currentRepackCostTime:87.174s , currentRepackMaxTime:237.0847787418655s
iter15		 Improve solution by repack 0.09271902714324107->0.08738511152915883 , unplacedBoxesSize:1
currentRepackCostTime:87.20400000000001s , currentRepackMaxTime:237.0847787418655s
iter43		 Improve solution by repack 0.08738511152915883->0.08340902983069066 , unplacedBoxesSize:1
currentRepackCostTime:87.272s , currentRepackMaxTime:237.0847787418655s
Selecting boards with low utilization for repacking...
iter3		 Improve solution by repack 0.9129387261488848->0.885054420854609 , unplacedBoxesSize:4
currentRepackCostTime:89.07300000000001s , currentRepackMaxTime:237.0847787418655s
iter2		 Improve solution by repack 0.885054420854609->0.8571701155603333 , unplacedBoxesSize:3
currentRepackCostTime:89.075s , currentRepackMaxTime:237.0847787418655s
iter16		 Improve solution by repack 0.8571701155603333->0.8531940338618651 , unplacedBoxesSize:3
currentRepackCostTime:89.10000000000001s , currentRepackMaxTime:237.0847787418655s
iter38		 Improve solution by repack 0.8531940338618651->0.8475809594195108 , unplacedBoxesSize:3
currentRepackCostTime:89.162s , currentRepackMaxTime:237.0847787418655s
iter4		 Improve solution by repack 0.8475809594195108->0.8473676431066918 , unplacedBoxesSize:3
currentRepackCostTime:89.167s , currentRepackMaxTime:237.0847787418655s
iter19		 Improve solution by repack 0.8473676431066918->0.11360655737704918 , unplacedBoxesSize:1
currentRepackCostTime:89.199s , currentRepackMaxTime:237.0847787418655s
iter1		 Improve solution by repack 0.11360655737704918->0.09671324912657887 , unplacedBoxesSize:1
currentRepackCostTime:89.203s , currentRepackMaxTime:237.0847787418655s
iter70		 Improve solution by repack 0.09671324912657887->0.08340902983069066 , unplacedBoxesSize:1
currentRepackCostTime:89.33200000000001s , currentRepackMaxTime:237.0847787418655s
Selecting boards with low utilization for repacking...
iter5		 Improve solution by repack 0.9055932545014781->0.8664982531577532 , unplacedBoxesSize:3
currentRepackCostTime:91.169s , currentRepackMaxTime:237.0847787418655s
iter4		 Improve solution by repack 0.8664982531577532->0.8473676431066918 , unplacedBoxesSize:3
currentRepackCostTime:91.176s , currentRepackMaxTime:237.0847787418655s
iter14		 Improve solution by repack 0.8473676431066918->0.08340902983069066 , unplacedBoxesSize:1
currentRepackCostTime:91.2s , currentRepackMaxTime:237.0847787418655s
Selecting boards with low utilization for repacking...
iter8		 Improve solution by repack 0.914692958882021->0.9127640190808922 , unplacedBoxesSize:5
currentRepackCostTime:93.021s , currentRepackMaxTime:237.0847787418655s
iter3		 Improve solution by repack 0.9127640190808922->0.08340902983069066 , unplacedBoxesSize:1
currentRepackCostTime:93.027s , currentRepackMaxTime:237.0847787418655s
Selecting boards with low utilization for repacking...
iter2		 Improve solution by repack 0.933886723998925->0.9268476216070949 , unplacedBoxesSize:1
currentRepackCostTime:94.82000000000001s , currentRepackMaxTime:237.0847787418655s
iter4		 Improve solution by repack 0.9268476216070949->0.915214324106423 , unplacedBoxesSize:3
currentRepackCostTime:94.825s , currentRepackMaxTime:237.0847787418655s
iter20		 Improve solution by repack 0.915214324106423->0.8837033055630208 , unplacedBoxesSize:3
currentRepackCostTime:94.857s , currentRepackMaxTime:237.0847787418655s
iter14		 Improve solution by repack 0.8837033055630208->0.8664982531577532 , unplacedBoxesSize:3
currentRepackCostTime:94.882s , currentRepackMaxTime:237.0847787418655s
iter6		 Improve solution by repack 0.8664982531577532->0.8473676431066918 , unplacedBoxesSize:3
currentRepackCostTime:94.892s , currentRepackMaxTime:237.0847787418655s
iter5		 Improve solution by repack 0.8473676431066918->0.08340902983069066 , unplacedBoxesSize:1
currentRepackCostTime:94.898s , currentRepackMaxTime:237.0847787418655s
Selecting boards with low utilization for repacking...
iter12		 Improve solution by repack 0.8473676431066918->0.08340902983069066 , unplacedBoxesSize:1
currentRepackCostTime:96.746s , currentRepackMaxTime:237.0847787418655s
Selecting boards with low utilization for repacking...
iter5		 Improve solution by repack 0.915214324106423->0.9115704783660307 , unplacedBoxesSize:4
currentRepackCostTime:98.58500000000001s , currentRepackMaxTime:237.0847787418655s
iter15		 Improve solution by repack 0.9115704783660307->0.9005563020693362 , unplacedBoxesSize:4
currentRepackCostTime:98.611s , currentRepackMaxTime:237.0847787418655s
iter10		 Improve solution by repack 0.9005563020693362->0.18091373286750875 , unplacedBoxesSize:1
currentRepackCostTime:98.63s , currentRepackMaxTime:237.0847787418655s
iter853		 Improve solution by repack 0.18091373286750875->0.17747110991668907 , unplacedBoxesSize:2
currentRepackCostTime:100.018s , currentRepackMaxTime:237.0847787418655s
iter47		 Improve solution by repack 0.17747110991668907->0.1773857833915614 , unplacedBoxesSize:2
currentRepackCostTime:100.135s , currentRepackMaxTime:237.0847787418655s
iter37		 Improve solution by repack 0.1773857833915614->0.15441413598495027 , unplacedBoxesSize:1
currentRepackCostTime:100.21900000000001s , currentRepackMaxTime:237.0847787418655s
iter58		 Improve solution by repack 0.15441413598495027->0.15298810803547433 , unplacedBoxesSize:1
currentRepackCostTime:100.318s , currentRepackMaxTime:237.0847787418655s
iter515		 Improve solution by repack 0.15298810803547433->0.14439364418167158 , unplacedBoxesSize:1
currentRepackCostTime:101.205s , currentRepackMaxTime:237.0847787418655s
iter153		 Improve solution by repack 0.14439364418167158->0.13125503896801935 , unplacedBoxesSize:1
currentRepackCostTime:101.471s , currentRepackMaxTime:237.0847787418655s
iter973		 Improve solution by repack 0.13125503896801935->0.1078688524590164 , unplacedBoxesSize:1
currentRepackCostTime:103.15s , currentRepackMaxTime:237.0847787418655s
iter254		 Improve solution by repack 0.1078688524590164->0.10778352593388874 , unplacedBoxesSize:1
currentRepackCostTime:103.604s , currentRepackMaxTime:237.0847787418655s
iter78		 Improve solution by repack 0.10778352593388874->0.1070337274926095 , unplacedBoxesSize:1
currentRepackCostTime:103.752s , currentRepackMaxTime:237.0847787418655s
iter449		 Improve solution by repack 0.1070337274926095->0.09904763504434293 , unplacedBoxesSize:1
currentRepackCostTime:104.56700000000001s , currentRepackMaxTime:237.0847787418655s
Selecting boards with low utilization for repacking...
iter2		 Improve solution by repack 0.9001918167159366->0.09904763504434293 , unplacedBoxesSize:1
currentRepackCostTime:106.432s , currentRepackMaxTime:237.0847787418655s
Selecting boards with low utilization for repacking...
iter2		 Improve solution by repack 0.9360712846009137->0.8794020424617038 , unplacedBoxesSize:3
currentRepackCostTime:108.23400000000001s , currentRepackMaxTime:237.0847787418655s
iter8		 Improve solution by repack 0.8794020424617038->0.8625040311744155 , unplacedBoxesSize:3
currentRepackCostTime:108.249s , currentRepackMaxTime:237.0847787418655s
iter4		 Improve solution by repack 0.8625040311744155->0.09904763504434293 , unplacedBoxesSize:1
currentRepackCostTime:108.254s , currentRepackMaxTime:237.0847787418655s
Selecting boards with low utilization for repacking...
iter2		 Improve solution by repack 0.9403725477022306->0.9213423810803547 , unplacedBoxesSize:4
currentRepackCostTime:110.129s , currentRepackMaxTime:237.0847787418655s
iter10		 Improve solution by repack 0.9213423810803547->0.8624684224670787 , unplacedBoxesSize:3
currentRepackCostTime:110.148s , currentRepackMaxTime:237.0847787418655s
iter9		 Improve solution by repack 0.8624684224670787->0.8600799516259071 , unplacedBoxesSize:4
currentRepackCostTime:110.169s , currentRepackMaxTime:237.0847787418655s
iter12		 Improve solution by repack 0.8600799516259071->0.8321956463316312 , unplacedBoxesSize:3
currentRepackCostTime:110.19500000000001s , currentRepackMaxTime:237.0847787418655s
iter7		 Improve solution by repack 0.8321956463316312->0.8302633700618114 , unplacedBoxesSize:4
currentRepackCostTime:110.209s , currentRepackMaxTime:237.0847787418655s
iter12		 Improve solution by repack 0.8302633700618114->0.09904763504434293 , unplacedBoxesSize:1
currentRepackCostTime:110.236s , currentRepackMaxTime:237.0847787418655s
iter154		 Improve solution by repack 0.09904763504434293->0.08340902983069066 , unplacedBoxesSize:1
currentRepackCostTime:110.524s , currentRepackMaxTime:237.0847787418655s
Selecting boards with low utilization for repacking...
iter14		 Improve solution by repack 0.8790110185434024->0.08340902983069066 , unplacedBoxesSize:1
currentRepackCostTime:112.399s , currentRepackMaxTime:237.0847787418655s
Selecting boards with low utilization for repacking...
iter8		 Improve solution by repack 0.8790110185434024->0.8751007793603869 , unplacedBoxesSize:4
currentRepackCostTime:114.259s , currentRepackMaxTime:237.0847787418655s
iter5		 Improve solution by repack 0.8751007793603869->0.08340902983069066 , unplacedBoxesSize:1
currentRepackCostTime:114.267s , currentRepackMaxTime:237.0847787418655s
iter278		 Improve solution by repack 0.08340902983069066->0.0724697661918839 , unplacedBoxesSize:1
currentRepackCostTime:114.775s , currentRepackMaxTime:237.0847787418655s
iter2		 Improve solution by repack 0.0724697661918839->0.06960225745767266 , unplacedBoxesSize:1
currentRepackCostTime:114.779s , currentRepackMaxTime:237.0847787418655s
Selecting boards with low utilization for repacking...
iter3		 Improve solution by repack 0.9192545686643375->0.8943825584520291 , unplacedBoxesSize:4
currentRepackCostTime:116.69200000000001s , currentRepackMaxTime:237.0847787418655s
iter12		 Improve solution by repack 0.8943825584520291->0.8880045686643375 , unplacedBoxesSize:5
currentRepackCostTime:116.718s , currentRepackMaxTime:237.0847787418655s
iter1		 Improve solution by repack 0.8880045686643375->0.8850067186240258 , unplacedBoxesSize:4
currentRepackCostTime:116.72s , currentRepackMaxTime:237.0847787418655s
iter2		 Improve solution by repack 0.8850067186240258->0.8790110185434024 , unplacedBoxesSize:4
currentRepackCostTime:116.72500000000001s , currentRepackMaxTime:237.0847787418655s
iter18		 Improve solution by repack 0.8790110185434024->0.06960225745767266 , unplacedBoxesSize:1
currentRepackCostTime:116.76s , currentRepackMaxTime:237.0847787418655s
Selecting boards with low utilization for repacking...
iter4		 Improve solution by repack 0.9003782585326525->0.8933277344799786 , unplacedBoxesSize:4
currentRepackCostTime:118.684s , currentRepackMaxTime:237.0847787418655s
iter3		 Improve solution by repack 0.8933277344799786->0.8881349099704381 , unplacedBoxesSize:3
currentRepackCostTime:118.68900000000001s , currentRepackMaxTime:237.0847787418655s
iter41		 Improve solution by repack 0.8881349099704381->0.11834990593926363 , unplacedBoxesSize:1
currentRepackCostTime:118.747s , currentRepackMaxTime:237.0847787418655s
iter396		 Improve solution by repack 0.11834990593926363->0.10961703843052943 , unplacedBoxesSize:1
currentRepackCostTime:119.438s , currentRepackMaxTime:237.0847787418655s
iter27		 Improve solution by repack 0.10961703843052943->0.06960225745767266 , unplacedBoxesSize:1
currentRepackCostTime:119.485s , currentRepackMaxTime:237.0847787418655s
Selecting boards with low utilization for repacking...
iter1		 Improve solution by repack 0.9213779897876916->0.9192545686643375 , unplacedBoxesSize:5
currentRepackCostTime:121.444s , currentRepackMaxTime:237.0847787418655s
iter1		 Improve solution by repack 0.9192545686643375->0.9097063961300725 , unplacedBoxesSize:4
currentRepackCostTime:121.446s , currentRepackMaxTime:237.0847787418655s
iter39		 Improve solution by repack 0.9097063961300725->0.8794020424617038 , unplacedBoxesSize:3
currentRepackCostTime:121.511s , currentRepackMaxTime:237.0847787418655s
iter9		 Improve solution by repack 0.8794020424617038->0.8664982531577532 , unplacedBoxesSize:3
currentRepackCostTime:121.523s , currentRepackMaxTime:237.0847787418655s
iter26		 Improve solution by repack 0.8664982531577532->0.1569873689868315 , unplacedBoxesSize:2
currentRepackCostTime:121.563s , currentRepackMaxTime:237.0847787418655s
iter33		 Improve solution by repack 0.1569873689868315->0.15301128728836333 , unplacedBoxesSize:2
currentRepackCostTime:121.639s , currentRepackMaxTime:237.0847787418655s
iter123		 Improve solution by repack 0.15301128728836333->0.11885245901639344 , unplacedBoxesSize:1
currentRepackCostTime:121.907s , currentRepackMaxTime:237.0847787418655s
iter116		 Improve solution by repack 0.11885245901639344->0.11360655737704918 , unplacedBoxesSize:1
currentRepackCostTime:122.11s , currentRepackMaxTime:237.0847787418655s
iter81		 Improve solution by repack 0.11360655737704918->0.1129857565170653 , unplacedBoxesSize:1
currentRepackCostTime:122.257s , currentRepackMaxTime:237.0847787418655s
iter14		 Improve solution by repack 0.1129857565170653->0.1127882289707068 , unplacedBoxesSize:1
currentRepackCostTime:122.283s , currentRepackMaxTime:237.0847787418655s
iter114		 Improve solution by repack 0.1127882289707068->0.11065573770491803 , unplacedBoxesSize:1
currentRepackCostTime:122.494s , currentRepackMaxTime:237.0847787418655s
iter189		 Improve solution by repack 0.11065573770491803->0.10797097554420855 , unplacedBoxesSize:1
currentRepackCostTime:122.83800000000001s , currentRepackMaxTime:237.0847787418655s
iter12		 Improve solution by repack 0.10797097554420855->0.08340902983069066 , unplacedBoxesSize:1
currentRepackCostTime:122.86s , currentRepackMaxTime:237.0847787418655s
Selecting boards with low utilization for repacking...
iter16		 Improve solution by repack 0.8664982531577532->0.08340902983069066 , unplacedBoxesSize:1
currentRepackCostTime:124.703s , currentRepackMaxTime:237.0847787418655s
Selecting boards with low utilization for repacking...
iter19		 Improve solution by repack 0.8664982531577532->0.08340902983069066 , unplacedBoxesSize:1
currentRepackCostTime:126.551s , currentRepackMaxTime:237.0847787418655s
iter682		 Improve solution by repack 0.08340902983069066->0.06960225745767266 , unplacedBoxesSize:1
currentRepackCostTime:127.79s , currentRepackMaxTime:237.0847787418655s
Selecting boards with low utilization for repacking...
iter5		 Improve solution by repack 0.9268476216070949->0.914692958882021 , unplacedBoxesSize:3
currentRepackCostTime:129.737s , currentRepackMaxTime:237.0847787418655s
iter4		 Improve solution by repack 0.914692958882021->0.8664982531577532 , unplacedBoxesSize:3
currentRepackCostTime:129.744s , currentRepackMaxTime:237.0847787418655s
iter68		 Improve solution by repack 0.8664982531577532->0.06960225745767266 , unplacedBoxesSize:1
currentRepackCostTime:129.85s , currentRepackMaxTime:237.0847787418655s
Selecting boards with low utilization for repacking...
iter5		 Improve solution by repack 0.9403154393980113->0.9268476216070949 , unplacedBoxesSize:1
currentRepackCostTime:131.803s , currentRepackMaxTime:237.0847787418655s
iter7		 Improve solution by repack 0.9268476216070949->0.9212389142703574 , unplacedBoxesSize:4
currentRepackCostTime:131.809s , currentRepackMaxTime:237.0847787418655s
iter4		 Improve solution by repack 0.9212389142703574->0.9114135984950282 , unplacedBoxesSize:4
currentRepackCostTime:131.817s , currentRepackMaxTime:237.0847787418655s
iter1		 Improve solution by repack 0.9114135984950282->0.8664982531577532 , unplacedBoxesSize:3
currentRepackCostTime:131.818s , currentRepackMaxTime:237.0847787418655s
iter110		 Improve solution by repack 0.8664982531577532->0.06960225745767266 , unplacedBoxesSize:1
currentRepackCostTime:131.987s , currentRepackMaxTime:237.0847787418655s
Selecting boards with low utilization for repacking...
iter9		 Improve solution by repack 0.9420212980381618->0.06960225745767266 , unplacedBoxesSize:1
currentRepackCostTime:133.955s , currentRepackMaxTime:237.0847787418655s
Selecting boards with low utilization for repacking...
iter1		 Improve solution by repack 0.9431577532921257->0.8837033055630208 , unplacedBoxesSize:3
currentRepackCostTime:135.87s , currentRepackMaxTime:237.0847787418655s
iter10		 Improve solution by repack 0.8837033055630208->0.8664982531577532 , unplacedBoxesSize:3
currentRepackCostTime:135.882s , currentRepackMaxTime:237.0847787418655s
iter36		 Improve solution by repack 0.8664982531577532->0.06960225745767266 , unplacedBoxesSize:1
currentRepackCostTime:135.939s , currentRepackMaxTime:237.0847787418655s
Selecting boards with low utilization for repacking...
iter10		 Improve solution by repack 0.9445767266863746->0.9418113410373556 , unplacedBoxesSize:4
currentRepackCostTime:137.893s , currentRepackMaxTime:237.0847787418655s
iter2		 Improve solution by repack 0.9418113410373556->0.9212389142703574 , unplacedBoxesSize:4
currentRepackCostTime:137.89600000000002s , currentRepackMaxTime:237.0847787418655s
iter5		 Improve solution by repack 0.9212389142703574->0.8902492609513571 , unplacedBoxesSize:4
currentRepackCostTime:137.905s , currentRepackMaxTime:237.0847787418655s
iter14		 Improve solution by repack 0.8902492609513571->0.8664982531577532 , unplacedBoxesSize:3
currentRepackCostTime:137.929s , currentRepackMaxTime:237.0847787418655s
iter4		 Improve solution by repack 0.8664982531577532->0.06960225745767266 , unplacedBoxesSize:1
currentRepackCostTime:137.934s , currentRepackMaxTime:237.0847787418655s
Selecting boards with low utilization for repacking...
iter14		 Improve solution by repack 0.8794020424617038->0.06960225745767266 , unplacedBoxesSize:1
currentRepackCostTime:139.87800000000001s , currentRepackMaxTime:237.0847787418655s
Selecting boards with low utilization for repacking...
iter1		 Improve solution by repack 0.9484923407686106->0.9221220773985488 , unplacedBoxesSize:5
currentRepackCostTime:141.841s , currentRepackMaxTime:237.0847787418655s
iter2		 Improve solution by repack 0.9221220773985488->0.06960225745767266 , unplacedBoxesSize:1
currentRepackCostTime:141.846s , currentRepackMaxTime:237.0847787418655s
Selecting boards with low utilization for repacking...
iter3		 Improve solution by repack 0.9490550255307714->0.9451683015318463 , unplacedBoxesSize:3
currentRepackCostTime:143.77s , currentRepackMaxTime:237.0847787418655s
iter6		 Improve solution by repack 0.9451683015318463->0.9141786482128459 , unplacedBoxesSize:3
currentRepackCostTime:143.778s , currentRepackMaxTime:237.0847787418655s
iter8		 Improve solution by repack 0.9141786482128459->0.14439364418167158 , unplacedBoxesSize:1
currentRepackCostTime:143.79s , currentRepackMaxTime:237.0847787418655s
iter24		 Improve solution by repack 0.14439364418167158->0.1206033324375168 , unplacedBoxesSize:2
currentRepackCostTime:143.842s , currentRepackMaxTime:237.0847787418655s
iter3		 Improve solution by repack 0.1206033324375168->0.11129333512496639 , unplacedBoxesSize:2
currentRepackCostTime:143.847s , currentRepackMaxTime:237.0847787418655s
iter5		 Improve solution by repack 0.11129333512496639->0.06960225745767266 , unplacedBoxesSize:1
currentRepackCostTime:143.863s , currentRepackMaxTime:237.0847787418655s
Selecting boards with low utilization for repacking...
iter4		 Improve solution by repack 0.9103916957807041->0.8974879064767536 , unplacedBoxesSize:3
currentRepackCostTime:145.779s , currentRepackMaxTime:237.0847787418655s
iter4		 Improve solution by repack 0.8974879064767536->0.06960225745767266 , unplacedBoxesSize:1
currentRepackCostTime:145.786s , currentRepackMaxTime:237.0847787418655s
Selecting boards with low utilization for repacking...
iter8		 Improve solution by repack 0.8974879064767536->0.8664982531577532 , unplacedBoxesSize:3
currentRepackCostTime:147.723s , currentRepackMaxTime:237.0847787418655s
iter6		 Improve solution by repack 0.8664982531577532->0.8531940338618651 , unplacedBoxesSize:3
currentRepackCostTime:147.731s , currentRepackMaxTime:237.0847787418655s
iter91		 Improve solution by repack 0.8531940338618651->0.06960225745767266 , unplacedBoxesSize:1
currentRepackCostTime:147.882s , currentRepackMaxTime:237.0847787418655s
Selecting boards with low utilization for repacking...
iter1		 Improve solution by repack 0.933886723998925->0.9274482665950013 , unplacedBoxesSize:6
currentRepackCostTime:149.793s , currentRepackMaxTime:237.0847787418655s
iter9		 Improve solution by repack 0.9274482665950013->0.90256248320344 , unplacedBoxesSize:3
currentRepackCostTime:149.811s , currentRepackMaxTime:237.0847787418655s
iter1		 Improve solution by repack 0.90256248320344->0.15441413598495027 , unplacedBoxesSize:1
currentRepackCostTime:149.812s , currentRepackMaxTime:237.0847787418655s
iter23		 Improve solution by repack 0.15441413598495027->0.15298810803547433 , unplacedBoxesSize:1
currentRepackCostTime:149.853s , currentRepackMaxTime:237.0847787418655s
iter195		 Improve solution by repack 0.15298810803547433->0.14439364418167158 , unplacedBoxesSize:1
currentRepackCostTime:150.196s , currentRepackMaxTime:237.0847787418655s
iter362		 Improve solution by repack 0.14439364418167158->0.13660239183015319 , unplacedBoxesSize:1
currentRepackCostTime:150.80100000000002s , currentRepackMaxTime:237.0847787418655s
iter5		 Improve solution by repack 0.13660239183015319->0.13337946788497715 , unplacedBoxesSize:1
currentRepackCostTime:150.81300000000002s , currentRepackMaxTime:237.0847787418655s
iter51		 Improve solution by repack 0.13337946788497715->0.13135581832840634 , unplacedBoxesSize:1
currentRepackCostTime:150.903s , currentRepackMaxTime:237.0847787418655s
iter81		 Improve solution by repack 0.13135581832840634->0.1260225745767267 , unplacedBoxesSize:1
currentRepackCostTime:151.03900000000002s , currentRepackMaxTime:237.0847787418655s
iter8		 Improve solution by repack 0.1260225745767267->0.11360655737704918 , unplacedBoxesSize:1
currentRepackCostTime:151.052s , currentRepackMaxTime:237.0847787418655s
iter63		 Improve solution by repack 0.11360655737704918->0.10797097554420855 , unplacedBoxesSize:1
currentRepackCostTime:151.154s , currentRepackMaxTime:237.0847787418655s
iter7		 Improve solution by repack 0.10797097554420855->0.10778352593388874 , unplacedBoxesSize:1
currentRepackCostTime:151.167s , currentRepackMaxTime:237.0847787418655s
iter64		 Improve solution by repack 0.10778352593388874->0.09904763504434293 , unplacedBoxesSize:1
currentRepackCostTime:151.286s , currentRepackMaxTime:237.0847787418655s
iter236		 Improve solution by repack 0.09904763504434293->0.09271902714324107 , unplacedBoxesSize:1
currentRepackCostTime:151.717s , currentRepackMaxTime:237.0847787418655s
iter16		 Improve solution by repack 0.09271902714324107->0.08340902983069066 , unplacedBoxesSize:1
currentRepackCostTime:151.743s , currentRepackMaxTime:237.0847787418655s
iter222		 Improve solution by repack 0.08340902983069066->0.0724697661918839 , unplacedBoxesSize:1
currentRepackCostTime:152.148s , currentRepackMaxTime:237.0847787418655s
iter39		 Improve solution by repack 0.0724697661918839->0.06960225745767266 , unplacedBoxesSize:1
currentRepackCostTime:152.229s , currentRepackMaxTime:237.0847787418655s
Selecting boards with low utilization for repacking...
iter11		 Improve solution by repack 0.9522750940607364->0.9227747917226553 , unplacedBoxesSize:3
currentRepackCostTime:154.209s , currentRepackMaxTime:237.0847787418655s
iter15		 Improve solution by repack 0.9227747917226553->0.9223105348024724 , unplacedBoxesSize:3
currentRepackCostTime:154.231s , currentRepackMaxTime:237.0847787418655s
iter5		 Improve solution by repack 0.9223105348024724->0.9125698736898684 , unplacedBoxesSize:3
currentRepackCostTime:154.236s , currentRepackMaxTime:237.0847787418655s
iter3		 Improve solution by repack 0.9125698736898684->0.9120706799247514 , unplacedBoxesSize:3
currentRepackCostTime:154.239s , currentRepackMaxTime:237.0847787418655s
iter14		 Improve solution by repack 0.9120706799247514->0.2186361193227627 , unplacedBoxesSize:2
currentRepackCostTime:154.26s , currentRepackMaxTime:237.0847787418655s
iter6		 Improve solution by repack 0.2186361193227627->0.21862671324912655 , unplacedBoxesSize:2
currentRepackCostTime:154.268s , currentRepackMaxTime:237.0847787418655s
iter1		 Improve solution by repack 0.21862671324912655->0.21843926363880678 , unplacedBoxesSize:2
currentRepackCostTime:154.269s , currentRepackMaxTime:237.0847787418655s
iter63		 Improve solution by repack 0.21843926363880678->0.19622413329750066 , unplacedBoxesSize:3
currentRepackCostTime:154.409s , currentRepackMaxTime:237.0847787418655s
iter6		 Improve solution by repack 0.19622413329750066->0.16833982800322492 , unplacedBoxesSize:2
currentRepackCostTime:154.423s , currentRepackMaxTime:237.0847787418655s
iter1		 Improve solution by repack 0.16833982800322492->0.15441413598495027 , unplacedBoxesSize:1
currentRepackCostTime:154.425s , currentRepackMaxTime:237.0847787418655s
iter8		 Improve solution by repack 0.15441413598495027->0.15298810803547433 , unplacedBoxesSize:1
currentRepackCostTime:154.436s , currentRepackMaxTime:237.0847787418655s
iter29		 Improve solution by repack 0.15298810803547433->0.14439364418167158 , unplacedBoxesSize:1
currentRepackCostTime:154.485s , currentRepackMaxTime:237.0847787418655s
iter20		 Improve solution by repack 0.14439364418167158->0.13337946788497715 , unplacedBoxesSize:1
currentRepackCostTime:154.519s , currentRepackMaxTime:237.0847787418655s
iter19		 Improve solution by repack 0.13337946788497715->0.12693194033861865 , unplacedBoxesSize:2
currentRepackCostTime:154.55s , currentRepackMaxTime:237.0847787418655s
iter51		 Improve solution by repack 0.12693194033861865->0.09904763504434293 , unplacedBoxesSize:1
currentRepackCostTime:154.66400000000002s , currentRepackMaxTime:237.0847787418655s
Selecting boards with low utilization for repacking...
iter1		 Improve solution by repack 0.9268476216070949->0.9221220773985488 , unplacedBoxesSize:5
currentRepackCostTime:156.48s , currentRepackMaxTime:237.0847787418655s
iter2		 Improve solution by repack 0.9221220773985488->0.09904763504434293 , unplacedBoxesSize:1
currentRepackCostTime:156.483s , currentRepackMaxTime:237.0847787418655s
iter898		 Improve solution by repack 0.09904763504434293->0.0724697661918839 , unplacedBoxesSize:1
currentRepackCostTime:158.159s , currentRepackMaxTime:237.0847787418655s
iter39		 Improve solution by repack 0.0724697661918839->0.06960225745767266 , unplacedBoxesSize:1
currentRepackCostTime:158.234s , currentRepackMaxTime:237.0847787418655s
Selecting boards with low utilization for repacking...
iter4		 Improve solution by repack 0.9543509809191077->0.9262664606288632 , unplacedBoxesSize:6
currentRepackCostTime:160.119s , currentRepackMaxTime:237.0847787418655s
iter2		 Improve solution by repack 0.9262664606288632->0.8867743886052136 , unplacedBoxesSize:3
currentRepackCostTime:160.125s , currentRepackMaxTime:237.0847787418655s
iter19		 Improve solution by repack 0.8867743886052136->0.15565170653050253 , unplacedBoxesSize:1
currentRepackCostTime:160.15800000000002s , currentRepackMaxTime:237.0847787418655s
iter31		 Improve solution by repack 0.15565170653050253->0.1260225745767267 , unplacedBoxesSize:1
currentRepackCostTime:160.207s , currentRepackMaxTime:237.0847787418655s
iter5		 Improve solution by repack 0.1260225745767267->0.11377586670249933 , unplacedBoxesSize:1
currentRepackCostTime:160.214s , currentRepackMaxTime:237.0847787418655s
iter12		 Improve solution by repack 0.11377586670249933->0.1070337274926095 , unplacedBoxesSize:1
currentRepackCostTime:160.239s , currentRepackMaxTime:237.0847787418655s
iter821		 Improve solution by repack 0.1070337274926095->0.0724697661918839 , unplacedBoxesSize:1
currentRepackCostTime:161.714s , currentRepackMaxTime:237.0847787418655s
iter7		 Improve solution by repack 0.0724697661918839->0.06960225745767266 , unplacedBoxesSize:1
currentRepackCostTime:161.725s , currentRepackMaxTime:237.0847787418655s
Selecting boards with low utilization for repacking...
iter1		 Improve solution by repack 0.9590086670249932->0.8943825584520291 , unplacedBoxesSize:4
currentRepackCostTime:163.684s , currentRepackMaxTime:237.0847787418655s
iter3		 Improve solution by repack 0.8943825584520291->0.8844863611932275 , unplacedBoxesSize:3
currentRepackCostTime:163.69s , currentRepackMaxTime:237.0847787418655s
iter26		 Improve solution by repack 0.8844863611932275->0.3172517468422467 , unplacedBoxesSize:2
currentRepackCostTime:163.733s , currentRepackMaxTime:237.0847787418655s
iter55		 Improve solution by repack 0.3172517468422467->0.21399590163934426 , unplacedBoxesSize:2
currentRepackCostTime:163.84s , currentRepackMaxTime:237.0847787418655s
iter70		 Improve solution by repack 0.21399590163934426->0.20298172534264983 , unplacedBoxesSize:2
currentRepackCostTime:164.002s , currentRepackMaxTime:237.0847787418655s
iter4		 Improve solution by repack 0.20298172534264983->0.18012227895726957 , unplacedBoxesSize:2
currentRepackCostTime:164.011s , currentRepackMaxTime:237.0847787418655s
iter3		 Improve solution by repack 0.18012227895726957->0.17285810266057514 , unplacedBoxesSize:1
currentRepackCostTime:164.017s , currentRepackMaxTime:237.0847787418655s
iter17		 Improve solution by repack 0.17285810266057514->0.15644181671593657 , unplacedBoxesSize:1
currentRepackCostTime:164.043s , currentRepackMaxTime:237.0847787418655s
iter25		 Improve solution by repack 0.15644181671593657->0.15565170653050253 , unplacedBoxesSize:1
currentRepackCostTime:164.089s , currentRepackMaxTime:237.0847787418655s
iter46		 Improve solution by repack 0.15565170653050253->0.11975309056705186 , unplacedBoxesSize:1
currentRepackCostTime:164.169s , currentRepackMaxTime:237.0847787418655s
iter15		 Improve solution by repack 0.11975309056705186->0.11360655737704918 , unplacedBoxesSize:1
currentRepackCostTime:164.192s , currentRepackMaxTime:237.0847787418655s
iter7		 Improve solution by repack 0.11360655737704918->0.1129857565170653 , unplacedBoxesSize:1
currentRepackCostTime:164.20600000000002s , currentRepackMaxTime:237.0847787418655s
iter18		 Improve solution by repack 0.1129857565170653->0.10923273313625369 , unplacedBoxesSize:1
currentRepackCostTime:164.242s , currentRepackMaxTime:237.0847787418655s
iter24		 Improve solution by repack 0.10923273313625369->0.1078688524590164 , unplacedBoxesSize:1
currentRepackCostTime:164.28900000000002s , currentRepackMaxTime:237.0847787418655s
iter135		 Improve solution by repack 0.1078688524590164->0.09671324912657887 , unplacedBoxesSize:1
currentRepackCostTime:164.534s , currentRepackMaxTime:237.0847787418655s
iter11		 Improve solution by repack 0.09671324912657887->0.06960225745767266 , unplacedBoxesSize:1
currentRepackCostTime:164.553s , currentRepackMaxTime:237.0847787418655s
Selecting boards with low utilization for repacking...
iter3		 Improve solution by repack 0.8751007793603869->0.8440701424348294 , unplacedBoxesSize:4
currentRepackCostTime:166.479s , currentRepackMaxTime:237.0847787418655s
iter8		 Improve solution by repack 0.8440701424348294->0.8285998387530233 , unplacedBoxesSize:3
currentRepackCostTime:166.496s , currentRepackMaxTime:237.0847787418655s
iter5		 Improve solution by repack 0.8285998387530233->0.8203896801934963 , unplacedBoxesSize:3
currentRepackCostTime:166.505s , currentRepackMaxTime:237.0847787418655s
iter10		 Improve solution by repack 0.8203896801934963->0.15644181671593657 , unplacedBoxesSize:1
currentRepackCostTime:166.536s , currentRepackMaxTime:237.0847787418655s
iter36		 Improve solution by repack 0.15644181671593657->0.15565170653050253 , unplacedBoxesSize:1
currentRepackCostTime:166.597s , currentRepackMaxTime:237.0847787418655s
iter69		 Improve solution by repack 0.15565170653050253->0.15197796291319537 , unplacedBoxesSize:1
currentRepackCostTime:166.726s , currentRepackMaxTime:237.0847787418655s
iter28		 Improve solution by repack 0.15197796291319537->0.14911045417898414 , unplacedBoxesSize:1
currentRepackCostTime:166.772s , currentRepackMaxTime:237.0847787418655s
iter88		 Improve solution by repack 0.14911045417898414->0.13337946788497715 , unplacedBoxesSize:1
currentRepackCostTime:166.93s , currentRepackMaxTime:237.0847787418655s
iter174		 Improve solution by repack 0.13337946788497715->0.13135581832840634 , unplacedBoxesSize:1
currentRepackCostTime:167.218s , currentRepackMaxTime:237.0847787418655s
iter36		 Improve solution by repack 0.13135581832840634->0.1260225745767267 , unplacedBoxesSize:1
currentRepackCostTime:167.279s , currentRepackMaxTime:237.0847787418655s
iter28		 Improve solution by repack 0.1260225745767267->0.11377586670249933 , unplacedBoxesSize:1
currentRepackCostTime:167.32500000000002s , currentRepackMaxTime:237.0847787418655s
iter19		 Improve solution by repack 0.11377586670249933->0.11357833915614082 , unplacedBoxesSize:1
currentRepackCostTime:167.359s , currentRepackMaxTime:237.0847787418655s
iter11		 Improve solution by repack 0.11357833915614082->0.1127882289707068 , unplacedBoxesSize:1
currentRepackCostTime:167.383s , currentRepackMaxTime:237.0847787418655s
iter24		 Improve solution by repack 0.1127882289707068->0.10778352593388874 , unplacedBoxesSize:1
currentRepackCostTime:167.436s , currentRepackMaxTime:237.0847787418655s
iter17		 Improve solution by repack 0.10778352593388874->0.1070337274926095 , unplacedBoxesSize:1
currentRepackCostTime:167.461s , currentRepackMaxTime:237.0847787418655s
iter12		 Improve solution by repack 0.1070337274926095->0.0 , unplacedBoxesSize:0
currentRepackCostTime:167.484s , currentRepackMaxTime:237.0847787418655s
Improved success.
Found solution 81
Start improving solution by repacking.
Selecting boards with low utilization for repacking...
iter19		 Improve solution by repack 0.8648051599032518->0.840583848427842 , unplacedBoxesSize:4
currentRepackCostTime:0.056s , currentRepackMaxTime:69.6007787418655s
iter27		 Improve solution by repack 0.840583848427842->0.8399986562751948 , unplacedBoxesSize:3
currentRepackCostTime:0.112s , currentRepackMaxTime:69.6007787418655s
iter49		 Improve solution by repack 0.8399986562751948->0.8385726283257189 , unplacedBoxesSize:3
currentRepackCostTime:0.2s , currentRepackMaxTime:69.6007787418655s
iter458		 Improve solution by repack 0.8385726283257189->0.8298397608169847 , unplacedBoxesSize:3
currentRepackCostTime:1.006s , currentRepackMaxTime:69.6007787418655s
iter216		 Improve solution by repack 0.8298397608169847->0.8280915748454717 , unplacedBoxesSize:3
currentRepackCostTime:1.368s , currentRepackMaxTime:69.6007787418655s
iter180		 Improve solution by repack 0.8280915748454717->0.8169359715130341 , unplacedBoxesSize:3
currentRepackCostTime:1.694s , currentRepackMaxTime:69.6007787418655s
iter109		 Improve solution by repack 0.8169359715130341->0.803631752217146 , unplacedBoxesSize:3
currentRepackCostTime:1.887s , currentRepackMaxTime:69.6007787418655s
Selecting boards with low utilization for repacking...
iter30		 Improve solution by repack 0.8794020424617038->0.8648051599032518 , unplacedBoxesSize:4
currentRepackCostTime:3.7840000000000003s , currentRepackMaxTime:69.6007787418655s
iter3		 Improve solution by repack 0.8648051599032518->0.8625040311744155 , unplacedBoxesSize:3
currentRepackCostTime:3.791s , currentRepackMaxTime:69.6007787418655s
iter194		 Improve solution by repack 0.8625040311744155->0.8589451760279495 , unplacedBoxesSize:3
currentRepackCostTime:4.089s , currentRepackMaxTime:69.6007787418655s
iter27		 Improve solution by repack 0.8589451760279495->0.8440792125772643 , unplacedBoxesSize:3
currentRepackCostTime:4.1290000000000004s , currentRepackMaxTime:69.6007787418655s
iter23		 Improve solution by repack 0.8440792125772643->0.8432891023918302 , unplacedBoxesSize:3
currentRepackCostTime:4.167s , currentRepackMaxTime:69.6007787418655s
iter35		 Improve solution by repack 0.8432891023918302->0.8417387798978769 , unplacedBoxesSize:3
currentRepackCostTime:4.223s , currentRepackMaxTime:69.6007787418655s
iter19		 Improve solution by repack 0.8417387798978769->0.8307551733404999 , unplacedBoxesSize:3
currentRepackCostTime:4.251s , currentRepackMaxTime:69.6007787418655s
iter14		 Improve solution by repack 0.8307551733404999->0.8210168637463047 , unplacedBoxesSize:3
currentRepackCostTime:4.2780000000000005s , currentRepackMaxTime:69.6007787418655s
iter97		 Improve solution by repack 0.8210168637463047->0.8143845740392367 , unplacedBoxesSize:3
currentRepackCostTime:4.4430000000000005s , currentRepackMaxTime:69.6007787418655s
iter37		 Improve solution by repack 0.8143845740392367->0.8084829346949745 , unplacedBoxesSize:3
currentRepackCostTime:4.505s , currentRepackMaxTime:69.6007787418655s
iter3		 Improve solution by repack 0.8084829346949745->0.800594262295082 , unplacedBoxesSize:3
currentRepackCostTime:4.509s , currentRepackMaxTime:69.6007787418655s
iter4		 Improve solution by repack 0.800594262295082->0.7912510077936039 , unplacedBoxesSize:3
currentRepackCostTime:4.518s , currentRepackMaxTime:69.6007787418655s
iter54		 Improve solution by repack 0.7912510077936039->0.7898249798441279 , unplacedBoxesSize:3
currentRepackCostTime:4.625s , currentRepackMaxTime:69.6007787418655s
Selecting boards with low utilization for repacking...
iter54		 Improve solution by repack 0.8902492609513571->0.8794020424617038 , unplacedBoxesSize:3
currentRepackCostTime:6.604s , currentRepackMaxTime:69.6007787418655s
iter25		 Improve solution by repack 0.8794020424617038->0.8648051599032518 , unplacedBoxesSize:4
currentRepackCostTime:6.643s , currentRepackMaxTime:69.6007787418655s
iter32		 Improve solution by repack 0.8648051599032518->0.8578957269551196 , unplacedBoxesSize:4
currentRepackCostTime:6.713s , currentRepackMaxTime:69.6007787418655s
iter58		 Improve solution by repack 0.8578957269551196->0.8445915076592314 , unplacedBoxesSize:4
currentRepackCostTime:6.831s , currentRepackMaxTime:69.6007787418655s
iter22		 Improve solution by repack 0.8445915076592314->0.8426394114485353 , unplacedBoxesSize:3
currentRepackCostTime:6.875s , currentRepackMaxTime:69.6007787418655s
iter72		 Improve solution by repack 0.8426394114485353->0.840106490190809 , unplacedBoxesSize:3
currentRepackCostTime:6.997s , currentRepackMaxTime:69.6007787418655s
iter32		 Improve solution by repack 0.840106490190809->0.8358596479441011 , unplacedBoxesSize:4
currentRepackCostTime:7.049s , currentRepackMaxTime:69.6007787418655s
iter7		 Improve solution by repack 0.8358596479441011->0.8219339559258264 , unplacedBoxesSize:3
currentRepackCostTime:7.064s , currentRepackMaxTime:69.6007787418655s
iter8		 Improve solution by repack 0.8219339559258264->0.8190576901370599 , unplacedBoxesSize:4
currentRepackCostTime:7.0760000000000005s , currentRepackMaxTime:69.6007787418655s
iter7		 Improve solution by repack 0.8190576901370599->0.81267230986294 , unplacedBoxesSize:4
currentRepackCostTime:7.096s , currentRepackMaxTime:69.6007787418655s
iter1		 Improve solution by repack 0.81267230986294->0.7975372883633431 , unplacedBoxesSize:3
currentRepackCostTime:7.098s , currentRepackMaxTime:69.6007787418655s
iter88		 Improve solution by repack 0.7975372883633431->0.790627855415211 , unplacedBoxesSize:3
currentRepackCostTime:7.257000000000001s , currentRepackMaxTime:69.6007787418655s
iter42		 Improve solution by repack 0.790627855415211->0.7898249798441279 , unplacedBoxesSize:4
currentRepackCostTime:7.328s , currentRepackMaxTime:69.6007787418655s
iter4		 Improve solution by repack 0.7898249798441279->0.7758992878258533 , unplacedBoxesSize:3
currentRepackCostTime:7.339s , currentRepackMaxTime:69.6007787418655s
iter21		 Improve solution by repack 0.7758992878258533->0.7741511018543403 , unplacedBoxesSize:3
currentRepackCostTime:7.376s , currentRepackMaxTime:69.6007787418655s
iter575		 Improve solution by repack 0.7741511018543403->0.7733159768879333 , unplacedBoxesSize:3
currentRepackCostTime:8.433s , currentRepackMaxTime:69.6007787418655s
iter55		 Improve solution by repack 0.7733159768879333->0.7577962913195377 , unplacedBoxesSize:4
currentRepackCostTime:8.53s , currentRepackMaxTime:69.6007787418655s
iter3		 Improve solution by repack 0.7577962913195377->0.7504434291857027 , unplacedBoxesSize:3
currentRepackCostTime:8.538s , currentRepackMaxTime:69.6007787418655s
iter10		 Improve solution by repack 0.7504434291857027->0.74470572426767 , unplacedBoxesSize:3
currentRepackCostTime:8.56s , currentRepackMaxTime:69.6007787418655s
iter2		 Improve solution by repack 0.74470572426767->0.7380757860790109 , unplacedBoxesSize:2
currentRepackCostTime:8.57s , currentRepackMaxTime:69.6007787418655s
Selecting boards with low utilization for repacking...
iter23		 Improve solution by repack 0.9069221983337812->0.8608653587745231 , unplacedBoxesSize:3
currentRepackCostTime:10.099s , currentRepackMaxTime:69.6007787418655s
iter68		 Improve solution by repack 0.8608653587745231->0.858890083310938 , unplacedBoxesSize:2
currentRepackCostTime:10.211s , currentRepackMaxTime:69.6007787418655s
iter101		 Improve solution by repack 0.858890083310938->0.8559285138403655 , unplacedBoxesSize:3
currentRepackCostTime:10.333s , currentRepackMaxTime:69.6007787418655s
iter145		 Improve solution by repack 0.8559285138403655->0.8434829346949745 , unplacedBoxesSize:3
currentRepackCostTime:10.563s , currentRepackMaxTime:69.6007787418655s
iter4		 Improve solution by repack 0.8434829346949745->0.8426928245095405 , unplacedBoxesSize:3
currentRepackCostTime:10.567s , currentRepackMaxTime:69.6007787418655s
iter171		 Improve solution by repack 0.8426928245095405->0.8284708411717281 , unplacedBoxesSize:2
currentRepackCostTime:10.845s , currentRepackMaxTime:69.6007787418655s
iter10		 Improve solution by repack 0.8284708411717281->0.822597420048374 , unplacedBoxesSize:3
currentRepackCostTime:10.859s , currentRepackMaxTime:69.6007787418655s
iter193		 Improve solution by repack 0.822597420048374->0.8186871808653587 , unplacedBoxesSize:3
currentRepackCostTime:11.178s , currentRepackMaxTime:69.6007787418655s
iter5		 Improve solution by repack 0.8186871808653587->0.8092683418435904 , unplacedBoxesSize:4
currentRepackCostTime:11.187s , currentRepackMaxTime:69.6007787418655s
iter3		 Improve solution by repack 0.8092683418435904->0.8064095673206128 , unplacedBoxesSize:3
currentRepackCostTime:11.194s , currentRepackMaxTime:69.6007787418655s
iter33		 Improve solution by repack 0.8064095673206128->0.8035420585864015 , unplacedBoxesSize:3
currentRepackCostTime:11.249s , currentRepackMaxTime:69.6007787418655s
iter102		 Improve solution by repack 0.8035420585864015->0.7813840365493148 , unplacedBoxesSize:3
currentRepackCostTime:11.433s , currentRepackMaxTime:69.6007787418655s
iter84		 Improve solution by repack 0.7813840365493148->0.7765614082235959 , unplacedBoxesSize:3
currentRepackCostTime:11.576s , currentRepackMaxTime:69.6007787418655s
iter21		 Improve solution by repack 0.7765614082235959->0.7748132222520828 , unplacedBoxesSize:3
currentRepackCostTime:11.614s , currentRepackMaxTime:69.6007787418655s
iter63		 Improve solution by repack 0.7748132222520828->0.7739780972856759 , unplacedBoxesSize:3
currentRepackCostTime:11.72s , currentRepackMaxTime:69.6007787418655s
Selecting boards with low utilization for repacking...
iter5		 Improve solution by repack 0.914692958882021->0.8837033055630208 , unplacedBoxesSize:3
currentRepackCostTime:13.488s , currentRepackMaxTime:69.6007787418655s
iter6		 Improve solution by repack 0.8837033055630208->0.8724939532383769 , unplacedBoxesSize:3
currentRepackCostTime:13.495000000000001s , currentRepackMaxTime:69.6007787418655s
iter106		 Improve solution by repack 0.8724939532383769->0.8717024993281377 , unplacedBoxesSize:4
currentRepackCostTime:13.655000000000001s , currentRepackMaxTime:69.6007787418655s
iter20		 Improve solution by repack 0.8717024993281377->0.8644383230314431 , unplacedBoxesSize:3
currentRepackCostTime:13.699s , currentRepackMaxTime:69.6007787418655s
iter103		 Improve solution by repack 0.8644383230314431->0.8636354474603601 , unplacedBoxesSize:4
currentRepackCostTime:13.868s , currentRepackMaxTime:69.6007787418655s
iter16		 Improve solution by repack 0.8636354474603601->0.8497097554420855 , unplacedBoxesSize:3
currentRepackCostTime:13.897s , currentRepackMaxTime:69.6007787418655s
iter32		 Improve solution by repack 0.8497097554420855->0.8368059661381348 , unplacedBoxesSize:3
currentRepackCostTime:13.951s , currentRepackMaxTime:69.6007787418655s
iter7		 Improve solution by repack 0.8368059661381348->0.8235017468422468 , unplacedBoxesSize:3
currentRepackCostTime:13.964s , currentRepackMaxTime:69.6007787418655s
iter3		 Improve solution by repack 0.8235017468422468->0.8203896801934963 , unplacedBoxesSize:3
currentRepackCostTime:13.97s , currentRepackMaxTime:69.6007787418655s
iter22		 Improve solution by repack 0.8203896801934963->0.8195995700080623 , unplacedBoxesSize:3
currentRepackCostTime:14.008000000000001s , currentRepackMaxTime:69.6007787418655s
Selecting boards with low utilization for repacking...
iter15		 Improve solution by repack 0.9208478903520559->0.8902492609513571 , unplacedBoxesSize:4
currentRepackCostTime:15.82s , currentRepackMaxTime:69.6007787418655s
iter3		 Improve solution by repack 0.8902492609513571->0.8837033055630208 , unplacedBoxesSize:3
currentRepackCostTime:15.826s , currentRepackMaxTime:69.6007787418655s
iter20		 Improve solution by repack 0.8837033055630208->0.8794020424617038 , unplacedBoxesSize:3
currentRepackCostTime:15.855s , currentRepackMaxTime:69.6007787418655s
iter34		 Improve solution by repack 0.8794020424617038->0.8776538564901908 , unplacedBoxesSize:3
currentRepackCostTime:15.908s , currentRepackMaxTime:69.6007787418655s
iter25		 Improve solution by repack 0.8776538564901908->0.8759607632356894 , unplacedBoxesSize:4
currentRepackCostTime:15.947000000000001s , currentRepackMaxTime:69.6007787418655s
iter12		 Improve solution by repack 0.8759607632356894->0.8713477559795754 , unplacedBoxesSize:3
currentRepackCostTime:15.971s , currentRepackMaxTime:69.6007787418655s
iter14		 Improve solution by repack 0.8713477559795754->0.8644383230314431 , unplacedBoxesSize:3
currentRepackCostTime:15.99s , currentRepackMaxTime:69.6007787418655s
iter8		 Improve solution by repack 0.8644383230314431->0.8368059661381348 , unplacedBoxesSize:3
currentRepackCostTime:16.001s , currentRepackMaxTime:69.6007787418655s
iter7		 Improve solution by repack 0.8368059661381348->0.8281147540983607 , unplacedBoxesSize:4
currentRepackCostTime:16.013s , currentRepackMaxTime:69.6007787418655s
iter6		 Improve solution by repack 0.8281147540983607->0.8096949744692287 , unplacedBoxesSize:3
currentRepackCostTime:16.027s , currentRepackMaxTime:69.6007787418655s
iter109		 Improve solution by repack 0.8096949744692287->0.8011586267132491 , unplacedBoxesSize:3
currentRepackCostTime:16.231s , currentRepackMaxTime:69.6007787418655s
iter3		 Improve solution by repack 0.8011586267132491->0.7910225745767268 , unplacedBoxesSize:3
currentRepackCostTime:16.237000000000002s , currentRepackMaxTime:69.6007787418655s
iter13		 Improve solution by repack 0.7910225745767268->0.7904582101585595 , unplacedBoxesSize:3
currentRepackCostTime:16.257s , currentRepackMaxTime:69.6007787418655s
iter62		 Improve solution by repack 0.7904582101585595->0.7861347755979575 , unplacedBoxesSize:3
currentRepackCostTime:16.366s , currentRepackMaxTime:69.6007787418655s
iter8		 Improve solution by repack 0.7861347755979575->0.786084385917764 , unplacedBoxesSize:3
currentRepackCostTime:16.382s , currentRepackMaxTime:69.6007787418655s
iter20		 Improve solution by repack 0.786084385917764->0.7835010749798441 , unplacedBoxesSize:3
currentRepackCostTime:16.423000000000002s , currentRepackMaxTime:69.6007787418655s
iter1		 Improve solution by repack 0.7835010749798441->0.782239317387799 , unplacedBoxesSize:3
currentRepackCostTime:16.424s , currentRepackMaxTime:69.6007787418655s
iter45		 Improve solution by repack 0.782239317387799->0.7820518677774791 , unplacedBoxesSize:3
currentRepackCostTime:16.512s , currentRepackMaxTime:69.6007787418655s
iter366		 Improve solution by repack 0.7820518677774791->0.7755569739317388 , unplacedBoxesSize:2
currentRepackCostTime:17.151s , currentRepackMaxTime:69.6007787418655s
iter11		 Improve solution by repack 0.7755569739317388->0.7697850040311744 , unplacedBoxesSize:2
currentRepackCostTime:17.167s , currentRepackMaxTime:69.6007787418655s
Selecting boards with low utilization for repacking...
iter27		 Improve solution by repack 0.8933277344799786->0.8794020424617038 , unplacedBoxesSize:3
currentRepackCostTime:18.599s , currentRepackMaxTime:69.6007787418655s
iter8		 Improve solution by repack 0.8794020424617038->0.8790378930395055 , unplacedBoxesSize:3
currentRepackCostTime:18.612000000000002s , currentRepackMaxTime:69.6007787418655s
iter1		 Improve solution by repack 0.8790378930395055->0.8747910507927976 , unplacedBoxesSize:4
currentRepackCostTime:18.612000000000002s , currentRepackMaxTime:69.6007787418655s
iter2		 Improve solution by repack 0.8747910507927976->0.8422547702230584 , unplacedBoxesSize:3
currentRepackCostTime:18.616s , currentRepackMaxTime:69.6007787418655s
iter67		 Improve solution by repack 0.8422547702230584->0.839387261488847 , unplacedBoxesSize:3
currentRepackCostTime:18.733s , currentRepackMaxTime:69.6007787418655s
iter36		 Improve solution by repack 0.839387261488847->0.7697850040311744 , unplacedBoxesSize:2
currentRepackCostTime:18.79s , currentRepackMaxTime:69.6007787418655s
Selecting boards with low utilization for repacking...
iter8		 Improve solution by repack 0.8945370639613007->0.8790378930395055 , unplacedBoxesSize:3
currentRepackCostTime:20.146s , currentRepackMaxTime:69.6007787418655s
iter29		 Improve solution by repack 0.8790378930395055->0.8780717549045955 , unplacedBoxesSize:3
currentRepackCostTime:20.19s , currentRepackMaxTime:69.6007787418655s
iter125		 Improve solution by repack 0.8780717549045955->0.8750013437248052 , unplacedBoxesSize:3
currentRepackCostTime:20.39s , currentRepackMaxTime:69.6007787418655s
iter1		 Improve solution by repack 0.8750013437248052->0.818984144047299 , unplacedBoxesSize:3
currentRepackCostTime:20.391000000000002s , currentRepackMaxTime:69.6007787418655s
iter9		 Improve solution by repack 0.818984144047299->0.8188202096210695 , unplacedBoxesSize:3
currentRepackCostTime:20.404s , currentRepackMaxTime:69.6007787418655s
iter251		 Improve solution by repack 0.8188202096210695->0.8130358102660575 , unplacedBoxesSize:3
currentRepackCostTime:20.809s , currentRepackMaxTime:69.6007787418655s
iter1		 Improve solution by repack 0.8130358102660575->0.8032951491534533 , unplacedBoxesSize:3
currentRepackCostTime:20.811s , currentRepackMaxTime:69.6007787418655s
iter113		 Improve solution by repack 0.8032951491534533->0.7948246439129266 , unplacedBoxesSize:3
currentRepackCostTime:20.996s , currentRepackMaxTime:69.6007787418655s
iter49		 Improve solution by repack 0.7948246439129266->0.7935870733673744 , unplacedBoxesSize:3
currentRepackCostTime:21.082s , currentRepackMaxTime:69.6007787418655s
iter16		 Improve solution by repack 0.7935870733673744->0.7921610454178983 , unplacedBoxesSize:3
currentRepackCostTime:21.107s , currentRepackMaxTime:69.6007787418655s
Selecting boards with low utilization for repacking...
iter13		 Improve solution by repack 0.9208478903520559->0.8929635850577802 , unplacedBoxesSize:4
currentRepackCostTime:22.854s , currentRepackMaxTime:69.6007787418655s
iter9		 Improve solution by repack 0.8929635850577802->0.8790378930395055 , unplacedBoxesSize:3
currentRepackCostTime:22.872s , currentRepackMaxTime:69.6007787418655s
iter56		 Improve solution by repack 0.8790378930395055->0.8402240661112603 , unplacedBoxesSize:3
currentRepackCostTime:22.957s , currentRepackMaxTime:69.6007787418655s
iter20		 Improve solution by repack 0.8402240661112603->0.8302700886858372 , unplacedBoxesSize:3
currentRepackCostTime:22.985s , currentRepackMaxTime:69.6007787418655s
iter91		 Improve solution by repack 0.8302700886858372->0.8130358102660575 , unplacedBoxesSize:3
currentRepackCostTime:23.126s , currentRepackMaxTime:69.6007787418655s
iter10		 Improve solution by repack 0.8130358102660575->0.8042612872883633 , unplacedBoxesSize:3
currentRepackCostTime:23.142s , currentRepackMaxTime:69.6007787418655s
iter44		 Improve solution by repack 0.8042612872883633->0.7697850040311744 , unplacedBoxesSize:2
currentRepackCostTime:23.215s , currentRepackMaxTime:69.6007787418655s
Selecting boards with low utilization for repacking...
iter56		 Improve solution by repack 0.8790378930395055->0.7697850040311744 , unplacedBoxesSize:2
currentRepackCostTime:24.653000000000002s , currentRepackMaxTime:69.6007787418655s
Selecting boards with low utilization for repacking...
iter5		 Improve solution by repack 0.8976289975812953->0.8837033055630208 , unplacedBoxesSize:3
currentRepackCostTime:25.999s , currentRepackMaxTime:69.6007787418655s
iter9		 Improve solution by repack 0.8837033055630208->0.7697850040311744 , unplacedBoxesSize:2
currentRepackCostTime:26.012s , currentRepackMaxTime:69.6007787418655s
Selecting boards with low utilization for repacking...
iter9		 Improve solution by repack 0.8837033055630208->0.8794020424617038 , unplacedBoxesSize:3
currentRepackCostTime:27.382s , currentRepackMaxTime:69.6007787418655s
iter20		 Improve solution by repack 0.8794020424617038->0.7697850040311744 , unplacedBoxesSize:2
currentRepackCostTime:27.413s , currentRepackMaxTime:69.6007787418655s
Selecting boards with low utilization for repacking...
iter8		 Improve solution by repack 0.9208478903520559->0.7697850040311744 , unplacedBoxesSize:2
currentRepackCostTime:28.807000000000002s , currentRepackMaxTime:69.6007787418655s
Selecting boards with low utilization for repacking...
iter7		 Improve solution by repack 0.9208478903520559->0.8790378930395055 , unplacedBoxesSize:3
currentRepackCostTime:30.189s , currentRepackMaxTime:69.6007787418655s
iter4		 Improve solution by repack 0.8790378930395055->0.7697850040311744 , unplacedBoxesSize:2
currentRepackCostTime:30.194s , currentRepackMaxTime:69.6007787418655s
Selecting boards with low utilization for repacking...
iter18		 Improve solution by repack 0.9212389142703574->0.8988383270626175 , unplacedBoxesSize:4
currentRepackCostTime:31.596s , currentRepackMaxTime:69.6007787418655s
iter7		 Improve solution by repack 0.8988383270626175->0.7697850040311744 , unplacedBoxesSize:2
currentRepackCostTime:31.611s , currentRepackMaxTime:69.6007787418655s
Selecting boards with low utilization for repacking...
iter9		 Improve solution by repack 0.9268476216070949->0.8790378930395055 , unplacedBoxesSize:3
currentRepackCostTime:32.934s , currentRepackMaxTime:69.6007787418655s
iter68		 Improve solution by repack 0.8790378930395055->0.7697850040311744 , unplacedBoxesSize:2
currentRepackCostTime:33.048s , currentRepackMaxTime:69.6007787418655s
Selecting boards with low utilization for repacking...
iter2		 Improve solution by repack 0.9268476216070949->0.9212389142703574 , unplacedBoxesSize:4
currentRepackCostTime:34.37s , currentRepackMaxTime:69.6007787418655s
iter11		 Improve solution by repack 0.9212389142703574->0.9069221983337812 , unplacedBoxesSize:4
currentRepackCostTime:34.391s , currentRepackMaxTime:69.6007787418655s
iter10		 Improve solution by repack 0.9069221983337812->0.8780717549045955 , unplacedBoxesSize:3
currentRepackCostTime:34.412s , currentRepackMaxTime:69.6007787418655s
iter155		 Improve solution by repack 0.8780717549045955->0.8584426229508196 , unplacedBoxesSize:3
currentRepackCostTime:34.643s , currentRepackMaxTime:69.6007787418655s
iter414		 Improve solution by repack 0.8584426229508196->0.7993603869927438 , unplacedBoxesSize:3
currentRepackCostTime:35.337s , currentRepackMaxTime:69.6007787418655s
iter22		 Improve solution by repack 0.7993603869927438->0.7846321553345875 , unplacedBoxesSize:3
currentRepackCostTime:35.377s , currentRepackMaxTime:69.6007787418655s
iter142		 Improve solution by repack 0.7846321553345875->0.7826417629669443 , unplacedBoxesSize:3
currentRepackCostTime:35.628s , currentRepackMaxTime:69.6007787418655s
iter4		 Improve solution by repack 0.7826417629669443->0.7697850040311744 , unplacedBoxesSize:2
currentRepackCostTime:35.633s , currentRepackMaxTime:69.6007787418655s
Selecting boards with low utilization for repacking...
iter63		 Improve solution by repack 0.8790378930395055->0.7697850040311744 , unplacedBoxesSize:2
currentRepackCostTime:37.074s , currentRepackMaxTime:69.6007787418655s
iter325		 Improve solution by repack 0.7697850040311744->0.7572396533190002 , unplacedBoxesSize:3
currentRepackCostTime:37.498s , currentRepackMaxTime:69.6007787418655s
iter19		 Improve solution by repack 0.7572396533190002->0.7425110857296426 , unplacedBoxesSize:3
currentRepackCostTime:37.535000000000004s , currentRepackMaxTime:69.6007787418655s
Selecting boards with low utilization for repacking...
iter18		 Improve solution by repack 0.9028490325181403->0.8844329481322225 , unplacedBoxesSize:4
currentRepackCostTime:39.536s , currentRepackMaxTime:69.6007787418655s
iter90		 Improve solution by repack 0.8844329481322225->0.8295592582639075 , unplacedBoxesSize:3
currentRepackCostTime:39.716s , currentRepackMaxTime:69.6007787418655s
iter76		 Improve solution by repack 0.8295592582639075->0.8033277344799785 , unplacedBoxesSize:4
currentRepackCostTime:39.844s , currentRepackMaxTime:69.6007787418655s
iter57		 Improve solution by repack 0.8033277344799785->0.7819342918570278 , unplacedBoxesSize:3
currentRepackCostTime:39.968s , currentRepackMaxTime:69.6007787418655s
iter481		 Improve solution by repack 0.7819342918570278->0.7627126444504166 , unplacedBoxesSize:4
currentRepackCostTime:40.796s , currentRepackMaxTime:69.6007787418655s
iter5		 Improve solution by repack 0.7627126444504166->0.7593563558183284 , unplacedBoxesSize:3
currentRepackCostTime:40.81s , currentRepackMaxTime:69.6007787418655s
iter15		 Improve solution by repack 0.7593563558183284->0.7526074979844128 , unplacedBoxesSize:4
currentRepackCostTime:40.838s , currentRepackMaxTime:69.6007787418655s
iter21		 Improve solution by repack 0.7526074979844128->0.74245834453104 , unplacedBoxesSize:3
currentRepackCostTime:40.886s , currentRepackMaxTime:69.6007787418655s
Selecting boards with low utilization for repacking...
iter5		 Improve solution by repack 0.9208478903520559->0.74245834453104 , unplacedBoxesSize:3
currentRepackCostTime:42.658s , currentRepackMaxTime:69.6007787418655s
iter493		 Improve solution by repack 0.74245834453104->0.7339398011287288 , unplacedBoxesSize:2
currentRepackCostTime:43.543s , currentRepackMaxTime:69.6007787418655s
iter493		 Improve solution by repack 0.7339398011287288->0.7289693630744424 , unplacedBoxesSize:3
currentRepackCostTime:44.254s , currentRepackMaxTime:69.6007787418655s
iter2		 Improve solution by repack 0.7289693630744424->0.7277841977962913 , unplacedBoxesSize:3
currentRepackCostTime:44.256s , currentRepackMaxTime:69.6007787418655s
iter38		 Improve solution by repack 0.7277841977962913->0.7275866702499328 , unplacedBoxesSize:3
currentRepackCostTime:44.323s , currentRepackMaxTime:69.6007787418655s
iter177		 Improve solution by repack 0.7275866702499328->0.7240311744154797 , unplacedBoxesSize:3
currentRepackCostTime:44.656s , currentRepackMaxTime:69.6007787418655s
iter22		 Improve solution by repack 0.7240311744154797->0.7227694168234345 , unplacedBoxesSize:3
currentRepackCostTime:44.698s , currentRepackMaxTime:69.6007787418655s
iter12		 Improve solution by repack 0.7227694168234345->0.7218321687718356 , unplacedBoxesSize:3
currentRepackCostTime:44.719s , currentRepackMaxTime:69.6007787418655s
Selecting boards with low utilization for repacking...
iter11		 Improve solution by repack 0.9286619860252621->0.926408559527009 , unplacedBoxesSize:5
currentRepackCostTime:46.623s , currentRepackMaxTime:69.6007787418655s
iter19		 Improve solution by repack 0.926408559527009->0.9124828675087342 , unplacedBoxesSize:4
currentRepackCostTime:46.663000000000004s , currentRepackMaxTime:69.6007787418655s
iter35		 Improve solution by repack 0.9124828675087342->0.7567730448804085 , unplacedBoxesSize:3
currentRepackCostTime:46.726s , currentRepackMaxTime:69.6007787418655s
Selecting boards with low utilization for repacking...
iter18		 Improve solution by repack 0.9295691682343455->0.8794020424617038 , unplacedBoxesSize:3
currentRepackCostTime:48.558s , currentRepackMaxTime:69.6007787418655s
iter43		 Improve solution by repack 0.8794020424617038->0.8541776404192422 , unplacedBoxesSize:4
currentRepackCostTime:48.626s , currentRepackMaxTime:69.6007787418655s
iter33		 Improve solution by repack 0.8541776404192422->0.8539901908089224 , unplacedBoxesSize:4
currentRepackCostTime:48.695s , currentRepackMaxTime:69.6007787418655s
iter206		 Improve solution by repack 0.8539901908089224->0.7567730448804085 , unplacedBoxesSize:3
currentRepackCostTime:49.108000000000004s , currentRepackMaxTime:69.6007787418655s
iter471		 Improve solution by repack 0.7567730448804085->0.7528628056973932 , unplacedBoxesSize:3
currentRepackCostTime:49.958s , currentRepackMaxTime:69.6007787418655s
iter6		 Improve solution by repack 0.7528628056973932->0.7480401773716743 , unplacedBoxesSize:3
currentRepackCostTime:49.967s , currentRepackMaxTime:69.6007787418655s
iter212		 Improve solution by repack 0.7480401773716743->0.7218321687718356 , unplacedBoxesSize:3
currentRepackCostTime:50.321s , currentRepackMaxTime:69.6007787418655s
Selecting boards with low utilization for repacking...
iter5		 Improve solution by repack 0.933886723998925->0.804331496909433 , unplacedBoxesSize:4
currentRepackCostTime:52.199s , currentRepackMaxTime:69.6007787418655s
iter38		 Improve solution by repack 0.804331496909433->0.7968382155334588 , unplacedBoxesSize:3
currentRepackCostTime:52.285000000000004s , currentRepackMaxTime:69.6007787418655s
iter12		 Improve solution by repack 0.7968382155334588->0.7954121875839828 , unplacedBoxesSize:3
currentRepackCostTime:52.306000000000004s , currentRepackMaxTime:69.6007787418655s
iter26		 Improve solution by repack 0.7954121875839828->0.7842525530771298 , unplacedBoxesSize:3
currentRepackCostTime:52.348s , currentRepackMaxTime:69.6007787418655s
iter68		 Improve solution by repack 0.7842525530771298->0.7813840365493148 , unplacedBoxesSize:3
currentRepackCostTime:52.46s , currentRepackMaxTime:69.6007787418655s
iter25		 Improve solution by repack 0.7813840365493148->0.7686885245901639 , unplacedBoxesSize:3
currentRepackCostTime:52.505s , currentRepackMaxTime:69.6007787418655s
iter12		 Improve solution by repack 0.7686885245901639->0.763865896264445 , unplacedBoxesSize:3
currentRepackCostTime:52.525s , currentRepackMaxTime:69.6007787418655s
iter56		 Improve solution by repack 0.763865896264445->0.7614092313894114 , unplacedBoxesSize:3
currentRepackCostTime:52.622s , currentRepackMaxTime:69.6007787418655s
iter17		 Improve solution by repack 0.7614092313894114->0.7383411717280302 , unplacedBoxesSize:4
currentRepackCostTime:52.656s , currentRepackMaxTime:69.6007787418655s
iter4		 Improve solution by repack 0.7383411717280302->0.7244154797097554 , unplacedBoxesSize:3
currentRepackCostTime:52.663000000000004s , currentRepackMaxTime:69.6007787418655s
iter92		 Improve solution by repack 0.7244154797097554->0.7139881752217145 , unplacedBoxesSize:2
currentRepackCostTime:52.827s , currentRepackMaxTime:69.6007787418655s
iter27		 Improve solution by repack 0.7139881752217145->0.7042475141091104 , unplacedBoxesSize:2
currentRepackCostTime:52.861000000000004s , currentRepackMaxTime:69.6007787418655s
iter42		 Improve solution by repack 0.7042475141091104->0.700276807309863 , unplacedBoxesSize:2
currentRepackCostTime:52.919000000000004s , currentRepackMaxTime:69.6007787418655s
Selecting boards with low utilization for repacking...
iter7		 Improve solution by repack 0.899377855415211->0.8837033055630208 , unplacedBoxesSize:3
currentRepackCostTime:54.336s , currentRepackMaxTime:69.6007787418655s
iter2		 Improve solution by repack 0.8837033055630208->0.7566514377855414 , unplacedBoxesSize:2
currentRepackCostTime:54.338s , currentRepackMaxTime:69.6007787418655s
iter511		 Improve solution by repack 0.7566514377855414->0.700276807309863 , unplacedBoxesSize:2
currentRepackCostTime:55.035000000000004s , currentRepackMaxTime:69.6007787418655s
Selecting boards with low utilization for repacking...
iter12		 Improve solution by repack 0.8837033055630208->0.8794020424617038 , unplacedBoxesSize:3
currentRepackCostTime:56.497s , currentRepackMaxTime:69.6007787418655s
iter7		 Improve solution by repack 0.8794020424617038->0.700276807309863 , unplacedBoxesSize:2
currentRepackCostTime:56.505s , currentRepackMaxTime:69.6007787418655s
Selecting boards with low utilization for repacking...
iter1		 Improve solution by repack 0.9420212980381618->0.9104131953775867 , unplacedBoxesSize:5
currentRepackCostTime:57.932s , currentRepackMaxTime:69.6007787418655s
iter3		 Improve solution by repack 0.9104131953775867->0.8794020424617038 , unplacedBoxesSize:3
currentRepackCostTime:57.94s , currentRepackMaxTime:69.6007787418655s
iter32		 Improve solution by repack 0.8794020424617038->0.700276807309863 , unplacedBoxesSize:2
currentRepackCostTime:57.994s , currentRepackMaxTime:69.6007787418655s
iter85		 Improve solution by repack 0.700276807309863->0.687831228164472 , unplacedBoxesSize:2
currentRepackCostTime:58.114000000000004s , currentRepackMaxTime:69.6007787418655s
iter5		 Improve solution by repack 0.687831228164472->0.6870411179790379 , unplacedBoxesSize:2
currentRepackCostTime:58.119s , currentRepackMaxTime:69.6007787418655s
iter461		 Improve solution by repack 0.6870411179790379->0.6841648521902715 , unplacedBoxesSize:3
currentRepackCostTime:58.812000000000005s , currentRepackMaxTime:69.6007787418655s
iter1		 Improve solution by repack 0.6841648521902715->0.6690298306906746 , unplacedBoxesSize:2
currentRepackCostTime:58.815s , currentRepackMaxTime:69.6007787418655s
iter30		 Improve solution by repack 0.6690298306906746->0.6669443697930664 , unplacedBoxesSize:2
currentRepackCostTime:58.854s , currentRepackMaxTime:69.6007787418655s
Selecting boards with low utilization for repacking...
iter7		 Improve solution by repack 0.9121680999731254->0.8928560870733674 , unplacedBoxesSize:4
currentRepackCostTime:60.383s , currentRepackMaxTime:69.6007787418655s
iter3		 Improve solution by repack 0.8928560870733674->0.8835279494759474 , unplacedBoxesSize:4
currentRepackCostTime:60.39s , currentRepackMaxTime:69.6007787418655s
iter96		 Improve solution by repack 0.8835279494759474->0.666769013705993 , unplacedBoxesSize:3
currentRepackCostTime:60.59s , currentRepackMaxTime:69.6007787418655s
iter156		 Improve solution by repack 0.666769013705993->0.6557350174684226 , unplacedBoxesSize:2
currentRepackCostTime:60.897s , currentRepackMaxTime:69.6007787418655s
Selecting boards with low utilization for repacking...
iter8		 Improve solution by repack 0.9428963988175222->0.9104131953775867 , unplacedBoxesSize:5
currentRepackCostTime:62.481s , currentRepackMaxTime:69.6007787418655s
iter4		 Improve solution by repack 0.9104131953775867->0.6557350174684226 , unplacedBoxesSize:2
currentRepackCostTime:62.49s , currentRepackMaxTime:69.6007787418655s
Selecting boards with low utilization for repacking...
iter14		 Improve solution by repack 0.9243388873958613->0.9212389142703574 , unplacedBoxesSize:4
currentRepackCostTime:64.055s , currentRepackMaxTime:69.6007787418655s
iter7		 Improve solution by repack 0.9212389142703574->0.914692958882021 , unplacedBoxesSize:3
currentRepackCostTime:64.07000000000001s , currentRepackMaxTime:69.6007787418655s
iter24		 Improve solution by repack 0.914692958882021->0.9103916957807041 , unplacedBoxesSize:3
currentRepackCostTime:64.108s , currentRepackMaxTime:69.6007787418655s
iter4		 Improve solution by repack 0.9103916957807041->0.7550309056705187 , unplacedBoxesSize:3
currentRepackCostTime:64.112s , currentRepackMaxTime:69.6007787418655s
iter25		 Improve solution by repack 0.7550309056705187->0.7191642031711906 , unplacedBoxesSize:2
currentRepackCostTime:64.154s , currentRepackMaxTime:69.6007787418655s
iter25		 Improve solution by repack 0.7191642031711906->0.7142014915345337 , unplacedBoxesSize:2
currentRepackCostTime:64.19s , currentRepackMaxTime:69.6007787418655s
iter36		 Improve solution by repack 0.7142014915345337->0.7139881752217145 , unplacedBoxesSize:2
currentRepackCostTime:64.243s , currentRepackMaxTime:69.6007787418655s
iter165		 Improve solution by repack 0.7139881752217145->0.7042475141091104 , unplacedBoxesSize:2
currentRepackCostTime:64.481s , currentRepackMaxTime:69.6007787418655s
Selecting boards with low utilization for repacking...
iter30		 Improve solution by repack 0.914692958882021->0.9127640190808922 , unplacedBoxesSize:5
currentRepackCostTime:65.982s , currentRepackMaxTime:69.6007787418655s
iter4		 Improve solution by repack 0.9127640190808922->0.7042475141091104 , unplacedBoxesSize:2
currentRepackCostTime:65.99s , currentRepackMaxTime:69.6007787418655s
iter249		 Improve solution by repack 0.7042475141091104->0.700572426766998 , unplacedBoxesSize:3
currentRepackCostTime:66.343s , currentRepackMaxTime:69.6007787418655s
iter89		 Improve solution by repack 0.700572426766998->0.6829763504434293 , unplacedBoxesSize:3
currentRepackCostTime:66.521s , currentRepackMaxTime:69.6007787418655s
Selecting boards with low utilization for repacking...
iter21		 Improve solution by repack 0.914692958882021->0.9103916957807041 , unplacedBoxesSize:3
currentRepackCostTime:68.496s , currentRepackMaxTime:69.6007787418655s
iter59		 Improve solution by repack 0.9103916957807041->0.9072863477559796 , unplacedBoxesSize:4
currentRepackCostTime:68.587s , currentRepackMaxTime:69.6007787418655s
iter4		 Improve solution by repack 0.9072863477559796->0.9053399623757054 , unplacedBoxesSize:3
currentRepackCostTime:68.595s , currentRepackMaxTime:69.6007787418655s
iter36		 Improve solution by repack 0.9053399623757054->0.7218180596613814 , unplacedBoxesSize:3
currentRepackCostTime:68.654s , currentRepackMaxTime:69.6007787418655s
iter11		 Improve solution by repack 0.7218180596613814->0.7123031443160441 , unplacedBoxesSize:2
currentRepackCostTime:68.673s , currentRepackMaxTime:69.6007787418655s
iter166		 Improve solution by repack 0.7123031443160441->0.6958801397473797 , unplacedBoxesSize:3
currentRepackCostTime:68.901s , currentRepackMaxTime:69.6007787418655s
