total number of nestable workpieces：922
Processing color group: 0 (1/2), boxes: 482
Allocated time: 313.7s
searchTime: 1000
Start nesting on the 1th large board, remaining blocks count: 324
Utilization of the 1th large board: 98.87862805697394, Time taken for this board: 1.0010000000000001s
-------------------------------------------------------------------
Start nesting on the 2th large board, remaining blocks count: 315
Utilization of the 2th large board: 98.73122144584788, Time taken for this board: 2.001s
-------------------------------------------------------------------
Start nesting on the 3th large board, remaining blocks count: 307
Utilization of the 3th large board: 99.78030099435635, Time taken for this board: 3.001s
-------------------------------------------------------------------
Start nesting on the 4th large board, remaining blocks count: 301
Utilization of the 4th large board: 99.64565976887934, Time taken for this board: 4.0040000000000004s
-------------------------------------------------------------------
Start nesting on the 5th large board, remaining blocks count: 295
Utilization of the 5th large board: 99.41850309056706, Time taken for this board: 5.0040000000000004s
-------------------------------------------------------------------
Start nesting on the 6th large board, remaining blocks count: 283
Utilization of the 6th large board: 98.9731255038968, Time taken for this board: 6.0040000000000004s
-------------------------------------------------------------------
Start nesting on the 7th large board, remaining blocks count: 274
Utilization of the 7th large board: 99.49079548508465, Time taken for this board: 7.017s
-------------------------------------------------------------------
Start nesting on the 8th large board, remaining blocks count: 266
Utilization of the 8th large board: 99.49334856221446, Time taken for this board: 8.017s
-------------------------------------------------------------------
Start nesting on the 9th large board, remaining blocks count: 259
Utilization of the 9th large board: 99.07284157484547, Time taken for this board: 9.018s
-------------------------------------------------------------------
Start nesting on the 10th large board, remaining blocks count: 250
Utilization of the 10th large board: 99.82463208814835, Time taken for this board: 10.018s
-------------------------------------------------------------------
Start nesting on the 11th large board, remaining blocks count: 243
Utilization of the 11th large board: 99.53056973931739, Time taken for this board: 11.018s
-------------------------------------------------------------------
Start nesting on the 12th large board, remaining blocks count: 238
Utilization of the 12th large board: 99.48770491803279, Time taken for this board: 12.019s
-------------------------------------------------------------------
Start nesting on the 13th large board, remaining blocks count: 234
Utilization of the 13th large board: 99.41094463853803, Time taken for this board: 13.019s
-------------------------------------------------------------------
Start nesting on the 14th large board, remaining blocks count: 228
Utilization of the 14th large board: 99.63521230851923, Time taken for this board: 14.02s
-------------------------------------------------------------------
Start nesting on the 15th large board, remaining blocks count: 224
Utilization of the 15th large board: 99.5516662187584, Time taken for this board: 15.02s
-------------------------------------------------------------------
Start nesting on the 16th large board, remaining blocks count: 218
Utilization of the 16th large board: 99.64172937382425, Time taken for this board: 16.021s
-------------------------------------------------------------------
Start nesting on the 17th large board, remaining blocks count: 208
Utilization of the 17th large board: 99.37688121472722, Time taken for this board: 17.022000000000002s
-------------------------------------------------------------------
Start nesting on the 18th large board, remaining blocks count: 198
Utilization of the 18th large board: 99.51259742004837, Time taken for this board: 18.023s
-------------------------------------------------------------------
Start nesting on the 19th large board, remaining blocks count: 188
Utilization of the 19th large board: 99.22886992743886, Time taken for this board: 19.023s
-------------------------------------------------------------------
Start nesting on the 20th large board, remaining blocks count: 174
Utilization of the 20th large board: 99.3610924482666, Time taken for this board: 20.023s
-------------------------------------------------------------------
Start nesting on the 21th large board, remaining blocks count: 166
Utilization of the 21th large board: 99.38339828003225, Time taken for this board: 21.025000000000002s
-------------------------------------------------------------------
Start nesting on the 22th large board, remaining blocks count: 162
Utilization of the 22th large board: 99.34735286213383, Time taken for this board: 22.026s
-------------------------------------------------------------------
Start nesting on the 23th large board, remaining blocks count: 156
Utilization of the 23th large board: 99.48169174952969, Time taken for this board: 23.026s
-------------------------------------------------------------------
Start nesting on the 24th large board, remaining blocks count: 146
Utilization of the 24th large board: 99.48145659768879, Time taken for this board: 24.027s
-------------------------------------------------------------------
Start nesting on the 25th large board, remaining blocks count: 144
Utilization of the 25th large board: 99.50026874496103, Time taken for this board: 25.029s
-------------------------------------------------------------------
Start nesting on the 26th large board, remaining blocks count: 136
Utilization of the 26th large board: 99.12298441279225, Time taken for this board: 26.029s
-------------------------------------------------------------------
Start nesting on the 27th large board, remaining blocks count: 124
Utilization of the 27th large board: 98.98619322762698, Time taken for this board: 27.03s
-------------------------------------------------------------------
Start nesting on the 28th large board, remaining blocks count: 118
Utilization of the 28th large board: 99.17444907282989, Time taken for this board: 28.031000000000002s
-------------------------------------------------------------------
Start nesting on the 29th large board, remaining blocks count: 112
Utilization of the 29th large board: 98.89959016393442, Time taken for this board: 29.032s
-------------------------------------------------------------------
Start nesting on the 30th large board, remaining blocks count: 98
Utilization of the 30th large board: 98.90829078204783, Time taken for this board: 30.032s
-------------------------------------------------------------------
Start nesting on the 31th large board, remaining blocks count: 94
Utilization of the 31th large board: 98.96613813490997, Time taken for this board: 31.032s
-------------------------------------------------------------------
Start nesting on the 32th large board, remaining blocks count: 88
Utilization of the 32th large board: 98.78940472991131, Time taken for this board: 32.032000000000004s
-------------------------------------------------------------------
Start nesting on the 33th large board, remaining blocks count: 80
Utilization of the 33th large board: 98.35303009943563, Time taken for this board: 33.032000000000004s
-------------------------------------------------------------------
Start nesting on the 34th large board, remaining blocks count: 66
Utilization of the 34th large board: 98.34043267938726, Time taken for this board: 33.745s
-------------------------------------------------------------------
Start nesting on the 35th large board, remaining blocks count: 62
Utilization of the 35th large board: 98.01840902983069, Time taken for this board: 34.004s
-------------------------------------------------------------------
Start nesting on the 36th large board, remaining blocks count: 52
Utilization of the 36th large board: 97.79091642031712, Time taken for this board: 34.149s
-------------------------------------------------------------------
Start nesting on the 37th large board, remaining blocks count: 38
Utilization of the 37th large board: 96.24146734748723, Time taken for this board: 34.228s
-------------------------------------------------------------------
Start nesting on the 38th large board, remaining blocks count: 32
Utilization of the 38th large board: 91.31990728298845, Time taken for this board: 34.249s
-------------------------------------------------------------------
Start nesting on the 39th large board, remaining blocks count: 28
Utilization of the 39th large board: 92.93933082504704, Time taken for this board: 34.27s
-------------------------------------------------------------------
Start nesting on the 40th large board, remaining blocks count: 20
Utilization of the 40th large board: 86.22682074711099, Time taken for this board: 34.288000000000004s
-------------------------------------------------------------------
Start nesting on the 41th large board, remaining blocks count: 20
Utilization of the 41th large board: 86.11435098091911, Time taken for this board: 34.306s
-------------------------------------------------------------------
Start nesting on the 42th large board, remaining blocks count: 18
Utilization of the 42th large board: 85.60823703305563, Time taken for this board: 34.322s
-------------------------------------------------------------------
Start nesting on the 43th large board, remaining blocks count: 14
Utilization of the 43th large board: 85.42542327331363, Time taken for this board: 34.327s
-------------------------------------------------------------------
Start nesting on the 44th large board, remaining blocks count: 8
Utilization of the 44th large board: 77.73676431066917, Time taken for this board: 34.328s
-------------------------------------------------------------------
Start nesting on the 45th large board, remaining blocks count: 2
Utilization of the 45th large board: 31.80193496371943, Time taken for this board: 34.328s
-------------------------------------------------------------------
Found solution: 45


Start improving solution by repacking.
Selecting boards with low utilization for repacking...
iter8		 Improve solution by repack 0.3180193496371943->0.26585595270088686 , unplacedBoxesSize:2
currentRepackCostTime:0.105s , currentRepackMaxTime:279.3379436008677s
iter28		 Improve solution by repack 0.26585595270088686->0.26248185971513033 , unplacedBoxesSize:2
currentRepackCostTime:0.537s , currentRepackMaxTime:279.3379436008677s
iter10		 Improve solution by repack 0.26248185971513033->0.21968422467078744 , unplacedBoxesSize:3
currentRepackCostTime:0.686s , currentRepackMaxTime:279.3379436008677s
iter1		 Improve solution by repack 0.21968422467078744->0.14813625369524322 , unplacedBoxesSize:3
currentRepackCostTime:0.6940000000000001s , currentRepackMaxTime:279.3379436008677s
iter5		 Improve solution by repack 0.14813625369524322->0.12049986562751948 , unplacedBoxesSize:2
currentRepackCostTime:0.837s , currentRepackMaxTime:279.3379436008677s
iter6		 Improve solution by repack 0.12049986562751948->0.10347218489653319 , unplacedBoxesSize:1
currentRepackCostTime:0.9420000000000001s , currentRepackMaxTime:279.3379436008677s
iter22		 Improve solution by repack 0.10347218489653319->0.10126814028486966 , unplacedBoxesSize:1
currentRepackCostTime:1.2650000000000001s , currentRepackMaxTime:279.3379436008677s
iter16		 Improve solution by repack 0.10126814028486966->0.0667461703843053 , unplacedBoxesSize:1
currentRepackCostTime:1.5230000000000001s , currentRepackMaxTime:279.3379436008677s
iter7		 Improve solution by repack 0.0667461703843053->0.05500806234883096 , unplacedBoxesSize:2
currentRepackCostTime:1.643s , currentRepackMaxTime:279.3379436008677s
iter1		 Improve solution by repack 0.05500806234883096->0.04149287825853265 , unplacedBoxesSize:1
currentRepackCostTime:1.6500000000000001s , currentRepackMaxTime:279.3379436008677s
iter36		 Improve solution by repack 0.04149287825853265->0.03203607901101854 , unplacedBoxesSize:3
currentRepackCostTime:2.278s , currentRepackMaxTime:279.3379436008677s
iter1		 Improve solution by repack 0.03203607901101854->0.0 , unplacedBoxesSize:0
currentRepackCostTime:2.298s , currentRepackMaxTime:279.3379436008677s
Improved success.
Found solution 44
Start improving solution by repacking.
Selecting boards with low utilization for repacking...
iter1		 Improve solution by repack 0.9217374361730717->0.9166447191615157 , unplacedBoxesSize:10
currentRepackCostTime:0.01s , currentRepackMaxTime:277.0399436008677s
iter5		 Improve solution by repack 0.9166447191615157->0.9031026605751142 , unplacedBoxesSize:10
currentRepackCostTime:0.138s , currentRepackMaxTime:277.0399436008677s
iter3		 Improve solution by repack 0.9031026605751142->0.8844238779897877 , unplacedBoxesSize:9
currentRepackCostTime:0.222s , currentRepackMaxTime:277.0399436008677s
iter1		 Improve solution by repack 0.8844238779897877->0.8541248992206396 , unplacedBoxesSize:11
currentRepackCostTime:0.23800000000000002s , currentRepackMaxTime:277.0399436008677s
iter4		 Improve solution by repack 0.8541248992206396->0.8467532249395324 , unplacedBoxesSize:10
currentRepackCostTime:0.367s , currentRepackMaxTime:277.0399436008677s
iter4		 Improve solution by repack 0.8467532249395324->0.8248955253963989 , unplacedBoxesSize:10
currentRepackCostTime:0.448s , currentRepackMaxTime:277.0399436008677s
iter2		 Improve solution by repack 0.8248955253963989->0.8022208411717281 , unplacedBoxesSize:9
currentRepackCostTime:0.481s , currentRepackMaxTime:277.0399436008677s
iter3		 Improve solution by repack 0.8022208411717281->0.7995357430798172 , unplacedBoxesSize:11
currentRepackCostTime:0.543s , currentRepackMaxTime:277.0399436008677s
iter12		 Improve solution by repack 0.7995357430798172->0.7839062080085998 , unplacedBoxesSize:13
currentRepackCostTime:0.8270000000000001s , currentRepackMaxTime:277.0399436008677s
iter4		 Improve solution by repack 0.7839062080085998->0.7685652378392905 , unplacedBoxesSize:11
currentRepackCostTime:0.97s , currentRepackMaxTime:277.0399436008677s
iter21		 Improve solution by repack 0.7685652378392905->0.7533371405536147 , unplacedBoxesSize:11
currentRepackCostTime:1.566s , currentRepackMaxTime:277.0399436008677s
iter8		 Improve solution by repack 0.7533371405536147->0.7511327600107498 , unplacedBoxesSize:10
currentRepackCostTime:1.799s , currentRepackMaxTime:277.0399436008677s
iter4		 Improve solution by repack 0.7511327600107498->0.7487973662993819 , unplacedBoxesSize:10
currentRepackCostTime:1.9060000000000001s , currentRepackMaxTime:277.0399436008677s
iter2		 Improve solution by repack 0.7487973662993819->0.7285538161784466 , unplacedBoxesSize:7
currentRepackCostTime:1.952s , currentRepackMaxTime:277.0399436008677s
iter6		 Improve solution by repack 0.7285538161784466->0.690475006718624 , unplacedBoxesSize:6
currentRepackCostTime:2.048s , currentRepackMaxTime:277.0399436008677s
iter22		 Improve solution by repack 0.690475006718624->0.6890493147003494 , unplacedBoxesSize:12
currentRepackCostTime:2.47s , currentRepackMaxTime:277.0399436008677s
iter5		 Improve solution by repack 0.6890493147003494->0.6650530771298038 , unplacedBoxesSize:9
currentRepackCostTime:2.61s , currentRepackMaxTime:277.0399436008677s
iter14		 Improve solution by repack 0.6650530771298038->0.6506980650362806 , unplacedBoxesSize:9
currentRepackCostTime:2.887s , currentRepackMaxTime:277.0399436008677s
iter5		 Improve solution by repack 0.6506980650362806->0.6469074173609245 , unplacedBoxesSize:9
currentRepackCostTime:2.985s , currentRepackMaxTime:277.0399436008677s
iter45		 Improve solution by repack 0.6469074173609245->0.6424287825853265 , unplacedBoxesSize:9
currentRepackCostTime:3.931s , currentRepackMaxTime:277.0399436008677s
iter22		 Improve solution by repack 0.6424287825853265->0.6413161784466541 , unplacedBoxesSize:9
currentRepackCostTime:4.407s , currentRepackMaxTime:277.0399436008677s
iter11		 Improve solution by repack 0.6413161784466541->0.638163800053749 , unplacedBoxesSize:9
currentRepackCostTime:4.635s , currentRepackMaxTime:277.0399436008677s
iter25		 Improve solution by repack 0.638163800053749->0.6374220639613007 , unplacedBoxesSize:9
currentRepackCostTime:5.198s , currentRepackMaxTime:277.0399436008677s
iter16		 Improve solution by repack 0.6374220639613007->0.6369947594732599 , unplacedBoxesSize:9
currentRepackCostTime:5.537s , currentRepackMaxTime:277.0399436008677s
iter21		 Improve solution by repack 0.6369947594732599->0.6366151572158022 , unplacedBoxesSize:10
currentRepackCostTime:6.102s , currentRepackMaxTime:277.0399436008677s
iter136		 Improve solution by repack 0.6366151572158022->0.6253698602526202 , unplacedBoxesSize:10
currentRepackCostTime:9.334s , currentRepackMaxTime:277.0399436008677s
iter5		 Improve solution by repack 0.6253698602526202->0.6246062886320882 , unplacedBoxesSize:9
currentRepackCostTime:9.468s , currentRepackMaxTime:277.0399436008677s
iter19		 Improve solution by repack 0.6246062886320882->0.6164995968825585 , unplacedBoxesSize:9
currentRepackCostTime:9.878s , currentRepackMaxTime:277.0399436008677s
iter109		 Improve solution by repack 0.6164995968825585->0.6164072158022037 , unplacedBoxesSize:10
currentRepackCostTime:12.471s , currentRepackMaxTime:277.0399436008677s
iter39		 Improve solution by repack 0.6164072158022037->0.6164025127653857 , unplacedBoxesSize:11
currentRepackCostTime:13.355s , currentRepackMaxTime:277.0399436008677s
iter9		 Improve solution by repack 0.6164025127653857->0.6131940338618651 , unplacedBoxesSize:11
currentRepackCostTime:13.596s , currentRepackMaxTime:277.0399436008677s
iter1		 Improve solution by repack 0.6131940338618651->0.6115261354474604 , unplacedBoxesSize:11
currentRepackCostTime:13.611s , currentRepackMaxTime:277.0399436008677s
iter37		 Improve solution by repack 0.6115261354474604->0.6105250604676162 , unplacedBoxesSize:12
currentRepackCostTime:14.548s , currentRepackMaxTime:277.0399436008677s
iter3		 Improve solution by repack 0.6105250604676162->0.6077972991131416 , unplacedBoxesSize:16
currentRepackCostTime:14.626s , currentRepackMaxTime:277.0399436008677s
iter13		 Improve solution by repack 0.6077972991131416->0.6003285407148616 , unplacedBoxesSize:13
currentRepackCostTime:15.136000000000001s , currentRepackMaxTime:277.0399436008677s
iter11		 Improve solution by repack 0.6003285407148616->0.5984009674818597 , unplacedBoxesSize:13
currentRepackCostTime:15.457s , currentRepackMaxTime:277.0399436008677s
iter3		 Improve solution by repack 0.5984009674818597->0.5947930663800054 , unplacedBoxesSize:11
currentRepackCostTime:15.577s , currentRepackMaxTime:277.0399436008677s
iter31		 Improve solution by repack 0.5947930663800054->0.5932665950013437 , unplacedBoxesSize:11
currentRepackCostTime:16.346s , currentRepackMaxTime:277.0399436008677s
iter170		 Improve solution by repack 0.5932665950013437->0.585030233808116 , unplacedBoxesSize:14
currentRepackCostTime:20.842s , currentRepackMaxTime:277.0399436008677s
iter1		 Improve solution by repack 0.585030233808116->0.5818288094598226 , unplacedBoxesSize:13
currentRepackCostTime:20.851s , currentRepackMaxTime:277.0399436008677s
iter12		 Improve solution by repack 0.5818288094598226->0.5806664875033594 , unplacedBoxesSize:12
currentRepackCostTime:21.246000000000002s , currentRepackMaxTime:277.0399436008677s
iter6		 Improve solution by repack 0.5806664875033594->0.5765076592313894 , unplacedBoxesSize:12
currentRepackCostTime:21.383s , currentRepackMaxTime:277.0399436008677s
iter2		 Improve solution by repack 0.5765076592313894->0.5652647137866165 , unplacedBoxesSize:12
currentRepackCostTime:21.416s , currentRepackMaxTime:277.0399436008677s
iter31		 Improve solution by repack 0.5652647137866165->0.5605280838484279 , unplacedBoxesSize:15
currentRepackCostTime:22.357s , currentRepackMaxTime:277.0399436008677s
iter8		 Improve solution by repack 0.5605280838484279->0.5590190808922333 , unplacedBoxesSize:15
currentRepackCostTime:22.624s , currentRepackMaxTime:277.0399436008677s
iter24		 Improve solution by repack 0.5590190808922333->0.5528554152109648 , unplacedBoxesSize:11
currentRepackCostTime:23.466s , currentRepackMaxTime:277.0399436008677s
iter128		 Improve solution by repack 0.5528554152109648->0.5528258532652512 , unplacedBoxesSize:11
currentRepackCostTime:27.526s , currentRepackMaxTime:277.0399436008677s
iter69		 Improve solution by repack 0.5528258532652512->0.5505764579414135 , unplacedBoxesSize:7
currentRepackCostTime:29.650000000000002s , currentRepackMaxTime:277.0399436008677s
iter5		 Improve solution by repack 0.5505764579414135->0.5490822359580757 , unplacedBoxesSize:9
currentRepackCostTime:29.782s , currentRepackMaxTime:277.0399436008677s
iter57		 Improve solution by repack 0.5490822359580757->0.5432867508734212 , unplacedBoxesSize:8
currentRepackCostTime:31.310000000000002s , currentRepackMaxTime:277.0399436008677s
iter148		 Improve solution by repack 0.5432867508734212->0.5409224670787423 , unplacedBoxesSize:9
currentRepackCostTime:34.911s , currentRepackMaxTime:277.0399436008677s
iter81		 Improve solution by repack 0.5409224670787423->0.5371331631281914 , unplacedBoxesSize:6
currentRepackCostTime:37.165s , currentRepackMaxTime:277.0399436008677s
iter17		 Improve solution by repack 0.5371331631281914->0.5368886052136522 , unplacedBoxesSize:6
currentRepackCostTime:37.52s , currentRepackMaxTime:277.0399436008677s
iter657		 Improve solution by repack 0.5368886052136522->0.5352761354474603 , unplacedBoxesSize:6
currentRepackCostTime:51.013s , currentRepackMaxTime:277.0399436008677s
iter246		 Improve solution by repack 0.5352761354474603->0.5297346143509809 , unplacedBoxesSize:6
currentRepackCostTime:56.077s , currentRepackMaxTime:277.0399436008677s
iter454		 Improve solution by repack 0.5297346143509809->0.5294030502553078 , unplacedBoxesSize:6
currentRepackCostTime:65.421s , currentRepackMaxTime:277.0399436008677s
Selecting boards with low utilization for repacking...
iter3		 Improve solution by repack 0.9763776538564902->0.9761902042461704 , unplacedBoxesSize:12
currentRepackCostTime:85.95s , currentRepackMaxTime:277.0399436008677s
iter11		 Improve solution by repack 0.9761902042461704->0.5973770491803279 , unplacedBoxesSize:6
currentRepackCostTime:86.21000000000001s , currentRepackMaxTime:277.0399436008677s
iter9		 Improve solution by repack 0.5973770491803279->0.5971895995700081 , unplacedBoxesSize:6
currentRepackCostTime:86.377s , currentRepackMaxTime:277.0399436008677s
iter28		 Improve solution by repack 0.5971895995700081->0.5971338349905939 , unplacedBoxesSize:6
currentRepackCostTime:86.918s , currentRepackMaxTime:277.0399436008677s
iter16		 Improve solution by repack 0.5971338349905939->0.5932424079548508 , unplacedBoxesSize:7
currentRepackCostTime:87.241s , currentRepackMaxTime:277.0399436008677s
iter20		 Improve solution by repack 0.5932424079548508->0.5907531577532922 , unplacedBoxesSize:7
currentRepackCostTime:87.679s , currentRepackMaxTime:277.0399436008677s
iter22		 Improve solution by repack 0.5907531577532922->0.5893845740392367 , unplacedBoxesSize:7
currentRepackCostTime:88.117s , currentRepackMaxTime:277.0399436008677s
iter20		 Improve solution by repack 0.5893845740392367->0.5890748454716475 , unplacedBoxesSize:6
currentRepackCostTime:88.59700000000001s , currentRepackMaxTime:277.0399436008677s
iter28		 Improve solution by repack 0.5890748454716475->0.575800524052674 , unplacedBoxesSize:8
currentRepackCostTime:89.07900000000001s , currentRepackMaxTime:277.0399436008677s
iter14		 Improve solution by repack 0.575800524052674->0.5756822762698199 , unplacedBoxesSize:8
currentRepackCostTime:89.393s , currentRepackMaxTime:277.0399436008677s
iter17		 Improve solution by repack 0.5756822762698199->0.5710447460360119 , unplacedBoxesSize:7
currentRepackCostTime:89.743s , currentRepackMaxTime:277.0399436008677s
iter89		 Improve solution by repack 0.5710447460360119->0.570890889545821 , unplacedBoxesSize:7
currentRepackCostTime:91.61200000000001s , currentRepackMaxTime:277.0399436008677s
iter35		 Improve solution by repack 0.570890889545821->0.5640839156140822 , unplacedBoxesSize:6
currentRepackCostTime:92.39s , currentRepackMaxTime:277.0399436008677s
iter139		 Improve solution by repack 0.5640839156140822->0.5622893711367911 , unplacedBoxesSize:7
currentRepackCostTime:95.233s , currentRepackMaxTime:277.0399436008677s
iter1		 Improve solution by repack 0.5622893711367911->0.5578480247245364 , unplacedBoxesSize:5
currentRepackCostTime:95.248s , currentRepackMaxTime:277.0399436008677s
iter346		 Improve solution by repack 0.5578480247245364->0.5550786079011019 , unplacedBoxesSize:5
currentRepackCostTime:101.553s , currentRepackMaxTime:277.0399436008677s
iter426		 Improve solution by repack 0.5550786079011019->0.5544739317387799 , unplacedBoxesSize:5
currentRepackCostTime:109.25s , currentRepackMaxTime:277.0399436008677s
Selecting boards with low utilization for repacking...
iter2		 Improve solution by repack 0.9674150094060736->0.6041722655200216 , unplacedBoxesSize:5
currentRepackCostTime:127.759s , currentRepackMaxTime:277.0399436008677s
iter35		 Improve solution by repack 0.6041722655200216->0.5862772104273045 , unplacedBoxesSize:7
currentRepackCostTime:128.464s , currentRepackMaxTime:277.0399436008677s
iter2		 Improve solution by repack 0.5862772104273045->0.5860897608169847 , unplacedBoxesSize:7
currentRepackCostTime:128.488s , currentRepackMaxTime:277.0399436008677s
iter59		 Improve solution by repack 0.5860897608169847->0.5856624563289439 , unplacedBoxesSize:7
currentRepackCostTime:129.722s , currentRepackMaxTime:277.0399436008677s
iter10		 Improve solution by repack 0.5856624563289439->0.5843113410373555 , unplacedBoxesSize:7
currentRepackCostTime:129.955s , currentRepackMaxTime:277.0399436008677s
iter1		 Improve solution by repack 0.5843113410373555->0.5809735286213383 , unplacedBoxesSize:7
currentRepackCostTime:129.964s , currentRepackMaxTime:277.0399436008677s
iter10		 Improve solution by repack 0.5809735286213383->0.576430730986294 , unplacedBoxesSize:8
currentRepackCostTime:130.145s , currentRepackMaxTime:277.0399436008677s
iter8		 Improve solution by repack 0.576430730986294->0.57627082773448 , unplacedBoxesSize:8
currentRepackCostTime:130.383s , currentRepackMaxTime:277.0399436008677s
iter39		 Improve solution by repack 0.57627082773448->0.5762184224670787 , unplacedBoxesSize:8
currentRepackCostTime:131.361s , currentRepackMaxTime:277.0399436008677s
iter4		 Improve solution by repack 0.5762184224670787->0.5758690540177371 , unplacedBoxesSize:8
currentRepackCostTime:131.422s , currentRepackMaxTime:277.0399436008677s
iter16		 Improve solution by repack 0.5758690540177371->0.5657417360924483 , unplacedBoxesSize:6
currentRepackCostTime:131.767s , currentRepackMaxTime:277.0399436008677s
iter121		 Improve solution by repack 0.5657417360924483->0.5635202230583177 , unplacedBoxesSize:9
currentRepackCostTime:134.347s , currentRepackMaxTime:277.0399436008677s
iter75		 Improve solution by repack 0.5635202230583177->0.5634906611126042 , unplacedBoxesSize:9
currentRepackCostTime:136.306s , currentRepackMaxTime:277.0399436008677s
iter58		 Improve solution by repack 0.5634906611126042->0.5625782719699005 , unplacedBoxesSize:10
currentRepackCostTime:137.776s , currentRepackMaxTime:277.0399436008677s
iter119		 Improve solution by repack 0.5625782719699005->0.5592236629938189 , unplacedBoxesSize:10
currentRepackCostTime:141.215s , currentRepackMaxTime:277.0399436008677s
iter11		 Improve solution by repack 0.5592236629938189->0.5569477291050793 , unplacedBoxesSize:10
currentRepackCostTime:141.459s , currentRepackMaxTime:277.0399436008677s
iter17		 Improve solution by repack 0.5569477291050793->0.5557464391292664 , unplacedBoxesSize:9
currentRepackCostTime:141.858s , currentRepackMaxTime:277.0399436008677s
iter3		 Improve solution by repack 0.5557464391292664->0.5555395055092717 , unplacedBoxesSize:9
currentRepackCostTime:141.937s , currentRepackMaxTime:277.0399436008677s
iter34		 Improve solution by repack 0.5555395055092717->0.5527196990056437 , unplacedBoxesSize:11
currentRepackCostTime:142.76s , currentRepackMaxTime:277.0399436008677s
iter5		 Improve solution by repack 0.5527196990056437->0.5491044074173609 , unplacedBoxesSize:10
currentRepackCostTime:142.83s , currentRepackMaxTime:277.0399436008677s
iter8		 Improve solution by repack 0.5491044074173609->0.5487728433216877 , unplacedBoxesSize:10
currentRepackCostTime:143.041s , currentRepackMaxTime:277.0399436008677s
iter39		 Improve solution by repack 0.5487728433216877->0.5483727492609514 , unplacedBoxesSize:9
currentRepackCostTime:144.03s , currentRepackMaxTime:277.0399436008677s
iter42		 Improve solution by repack 0.5483727492609514->0.5469477291050793 , unplacedBoxesSize:8
currentRepackCostTime:145.008s , currentRepackMaxTime:277.0399436008677s
iter22		 Improve solution by repack 0.5469477291050793->0.546020558989519 , unplacedBoxesSize:8
currentRepackCostTime:145.536s , currentRepackMaxTime:277.0399436008677s
iter16		 Improve solution by repack 0.546020558989519->0.5456375974200484 , unplacedBoxesSize:8
currentRepackCostTime:145.92000000000002s , currentRepackMaxTime:277.0399436008677s
iter98		 Improve solution by repack 0.5456375974200484->0.5441057511421661 , unplacedBoxesSize:8
currentRepackCostTime:148.113s , currentRepackMaxTime:277.0399436008677s
iter235		 Improve solution by repack 0.5441057511421661->0.543568261220102 , unplacedBoxesSize:8
currentRepackCostTime:153.504s , currentRepackMaxTime:277.0399436008677s
iter38		 Improve solution by repack 0.543568261220102->0.5408052270894921 , unplacedBoxesSize:10
currentRepackCostTime:154.389s , currentRepackMaxTime:277.0399436008677s
iter19		 Improve solution by repack 0.5408052270894921->0.5391967884977157 , unplacedBoxesSize:10
currentRepackCostTime:154.929s , currentRepackMaxTime:277.0399436008677s
iter87		 Improve solution by repack 0.5391967884977157->0.53896096479441 , unplacedBoxesSize:10
currentRepackCostTime:157.37800000000001s , currentRepackMaxTime:277.0399436008677s
iter125		 Improve solution by repack 0.53896096479441->0.5360585192152647 , unplacedBoxesSize:11
currentRepackCostTime:160.88s , currentRepackMaxTime:277.0399436008677s
iter10		 Improve solution by repack 0.5360585192152647->0.5340708142972319 , unplacedBoxesSize:10
currentRepackCostTime:161.199s , currentRepackMaxTime:277.0399436008677s
iter92		 Improve solution by repack 0.5340708142972319->0.5340614082235958 , unplacedBoxesSize:9
currentRepackCostTime:163.78s , currentRepackMaxTime:277.0399436008677s
iter7		 Improve solution by repack 0.5340614082235958->0.531092448266595 , unplacedBoxesSize:9
currentRepackCostTime:163.935s , currentRepackMaxTime:277.0399436008677s
iter44		 Improve solution by repack 0.531092448266595->0.5301289975812953 , unplacedBoxesSize:9
currentRepackCostTime:164.929s , currentRepackMaxTime:277.0399436008677s
iter8		 Improve solution by repack 0.5301289975812953->0.5300994356355818 , unplacedBoxesSize:9
currentRepackCostTime:165.124s , currentRepackMaxTime:277.0399436008677s
iter5		 Improve solution by repack 0.5300994356355818->0.528272641762967 , unplacedBoxesSize:9
currentRepackCostTime:165.233s , currentRepackMaxTime:277.0399436008677s
iter5		 Improve solution by repack 0.528272641762967->0.5243160440741736 , unplacedBoxesSize:7
currentRepackCostTime:165.369s , currentRepackMaxTime:277.0399436008677s
iter130		 Improve solution by repack 0.5243160440741736->0.5233787960225745 , unplacedBoxesSize:8
currentRepackCostTime:168.249s , currentRepackMaxTime:277.0399436008677s
iter49		 Improve solution by repack 0.5233787960225745->0.5205972856758936 , unplacedBoxesSize:8
currentRepackCostTime:169.371s , currentRepackMaxTime:277.0399436008677s
iter181		 Improve solution by repack 0.5205972856758936->0.5181053480247245 , unplacedBoxesSize:9
currentRepackCostTime:173.579s , currentRepackMaxTime:277.0399436008677s
iter41		 Improve solution by repack 0.5181053480247245->0.5176484815909702 , unplacedBoxesSize:9
currentRepackCostTime:174.606s , currentRepackMaxTime:277.0399436008677s
iter64		 Improve solution by repack 0.5176484815909702->0.516247648481591 , unplacedBoxesSize:12
currentRepackCostTime:176.222s , currentRepackMaxTime:277.0399436008677s
iter5		 Improve solution by repack 0.516247648481591->0.5110145122278957 , unplacedBoxesSize:11
currentRepackCostTime:176.366s , currentRepackMaxTime:277.0399436008677s
iter98		 Improve solution by repack 0.5110145122278957->0.5107175490459555 , unplacedBoxesSize:11
currentRepackCostTime:179.312s , currentRepackMaxTime:277.0399436008677s
iter27		 Improve solution by repack 0.5107175490459555->0.5084251545283526 , unplacedBoxesSize:13
currentRepackCostTime:180.105s , currentRepackMaxTime:277.0399436008677s
iter16		 Improve solution by repack 0.5084251545283526->0.5057175490459555 , unplacedBoxesSize:12
currentRepackCostTime:180.604s , currentRepackMaxTime:277.0399436008677s
iter53		 Improve solution by repack 0.5057175490459555->0.5037936710561677 , unplacedBoxesSize:13
currentRepackCostTime:182.166s , currentRepackMaxTime:277.0399436008677s
iter76		 Improve solution by repack 0.5037936710561677->0.50306772373018 , unplacedBoxesSize:12
currentRepackCostTime:184.702s , currentRepackMaxTime:277.0399436008677s
iter36		 Improve solution by repack 0.50306772373018->0.501366904058049 , unplacedBoxesSize:10
currentRepackCostTime:185.872s , currentRepackMaxTime:277.0399436008677s
iter42		 Improve solution by repack 0.501366904058049->0.4974381886589626 , unplacedBoxesSize:10
currentRepackCostTime:187.05700000000002s , currentRepackMaxTime:277.0399436008677s
iter143		 Improve solution by repack 0.4974381886589626->0.49638034130610054 , unplacedBoxesSize:10
currentRepackCostTime:190.977s , currentRepackMaxTime:277.0399436008677s
iter4		 Improve solution by repack 0.49638034130610054->0.496350779360387 , unplacedBoxesSize:10
currentRepackCostTime:191.078s , currentRepackMaxTime:277.0399436008677s
iter12		 Improve solution by repack 0.496350779360387->0.49484177640419247 , unplacedBoxesSize:9
currentRepackCostTime:191.377s , currentRepackMaxTime:277.0399436008677s
iter21		 Improve solution by repack 0.49484177640419247->0.49460897608169846 , unplacedBoxesSize:9
currentRepackCostTime:191.965s , currentRepackMaxTime:277.0399436008677s
iter162		 Improve solution by repack 0.49460897608169846->0.4914001612469766 , unplacedBoxesSize:10
currentRepackCostTime:195.91400000000002s , currentRepackMaxTime:277.0399436008677s
iter7		 Improve solution by repack 0.4914001612469766->0.49118113410373554 , unplacedBoxesSize:10
currentRepackCostTime:196.095s , currentRepackMaxTime:277.0399436008677s
iter3		 Improve solution by repack 0.49118113410373554->0.4904313356624563 , unplacedBoxesSize:10
currentRepackCostTime:196.178s , currentRepackMaxTime:277.0399436008677s
iter217		 Improve solution by repack 0.4904313356624563->0.4882000806234883 , unplacedBoxesSize:12
currentRepackCostTime:201.965s , currentRepackMaxTime:277.0399436008677s
iter36		 Improve solution by repack 0.4882000806234883->0.4877653856490191 , unplacedBoxesSize:11
currentRepackCostTime:203.238s , currentRepackMaxTime:277.0399436008677s
iter111		 Improve solution by repack 0.4877653856490191->0.4874338215533459 , unplacedBoxesSize:11
currentRepackCostTime:206.483s , currentRepackMaxTime:277.0399436008677s
iter12		 Improve solution by repack 0.4874338215533459->0.4871042730448804 , unplacedBoxesSize:10
currentRepackCostTime:206.835s , currentRepackMaxTime:277.0399436008677s
iter2		 Improve solution by repack 0.4871042730448804->0.4863034130610051 , unplacedBoxesSize:9
currentRepackCostTime:206.887s , currentRepackMaxTime:277.0399436008677s
iter95		 Improve solution by repack 0.4863034130610051->0.4861771029293201 , unplacedBoxesSize:10
currentRepackCostTime:209.359s , currentRepackMaxTime:277.0399436008677s
iter6		 Improve solution by repack 0.4861771029293201->0.4845001343724805 , unplacedBoxesSize:9
currentRepackCostTime:209.51500000000001s , currentRepackMaxTime:277.0399436008677s
iter441		 Improve solution by repack 0.4845001343724805->0.48363208814834724 , unplacedBoxesSize:9
currentRepackCostTime:221.255s , currentRepackMaxTime:277.0399436008677s
Selecting boards with low utilization for repacking...
iter12		 Improve solution by repack 0.9779091642031712->0.5424737973662993 , unplacedBoxesSize:7
currentRepackCostTime:247.99800000000002s , currentRepackMaxTime:277.0399436008677s
iter13		 Improve solution by repack 0.5424737973662993->0.5235098091910777 , unplacedBoxesSize:8
currentRepackCostTime:248.244s , currentRepackMaxTime:277.0399436008677s
iter2		 Improve solution by repack 0.5235098091910777->0.5194907282988444 , unplacedBoxesSize:9
currentRepackCostTime:248.294s , currentRepackMaxTime:277.0399436008677s
iter116		 Improve solution by repack 0.5194907282988444->0.5134506852996507 , unplacedBoxesSize:8
currentRepackCostTime:251.357s , currentRepackMaxTime:277.0399436008677s
iter14		 Improve solution by repack 0.5134506852996507->0.50960158559527 , unplacedBoxesSize:9
currentRepackCostTime:251.622s , currentRepackMaxTime:277.0399436008677s
iter83		 Improve solution by repack 0.50960158559527->0.509222655200215 , unplacedBoxesSize:9
currentRepackCostTime:253.787s , currentRepackMaxTime:277.0399436008677s
iter176		 Improve solution by repack 0.509222655200215->0.5066934291857027 , unplacedBoxesSize:10
currentRepackCostTime:257.982s , currentRepackMaxTime:277.0399436008677s
iter41		 Improve solution by repack 0.5066934291857027->0.5044440338618651 , unplacedBoxesSize:10
currentRepackCostTime:258.987s , currentRepackMaxTime:277.0399436008677s
iter2		 Improve solution by repack 0.5044440338618651->0.49769954313356624 , unplacedBoxesSize:9
currentRepackCostTime:259.05400000000003s , currentRepackMaxTime:277.0399436008677s
iter123		 Improve solution by repack 0.49769954313356624->0.4968314969094329 , unplacedBoxesSize:9
currentRepackCostTime:262.205s , currentRepackMaxTime:277.0399436008677s
iter2		 Improve solution by repack 0.4968314969094329->0.4960024187046493 , unplacedBoxesSize:7
currentRepackCostTime:262.249s , currentRepackMaxTime:277.0399436008677s
iter74		 Improve solution by repack 0.4960024187046493->0.4954635850577802 , unplacedBoxesSize:10
currentRepackCostTime:264.012s , currentRepackMaxTime:277.0399436008677s
iter17		 Improve solution by repack 0.4954635850577802->0.4953036818059661 , unplacedBoxesSize:10
currentRepackCostTime:264.512s , currentRepackMaxTime:277.0399436008677s
iter142		 Improve solution by repack 0.4953036818059661->0.4950584520290245 , unplacedBoxesSize:11
currentRepackCostTime:268.269s , currentRepackMaxTime:277.0399436008677s
iter192		 Improve solution by repack 0.4950584520290245->0.4896580220370868 , unplacedBoxesSize:10
currentRepackCostTime:273.841s , currentRepackMaxTime:277.0399436008677s
Processing color group: 1 (2/2), boxes: 440
Allocated time: 286.3s
searchTime: 1000
Start nesting on the 1th large board, remaining blocks count: 209
Utilization of the 1th large board: 94.32306275194841, Time taken for this board: 1.0010000000000001s
-------------------------------------------------------------------
Start nesting on the 2th large board, remaining blocks count: 209
Utilization of the 2th large board: 94.32306275194841, Time taken for this board: 2.004s
-------------------------------------------------------------------
Start nesting on the 3th large board, remaining blocks count: 207
Utilization of the 3th large board: 92.6847621607095, Time taken for this board: 3.005s
-------------------------------------------------------------------
Start nesting on the 4th large board, remaining blocks count: 207
Utilization of the 4th large board: 92.6847621607095, Time taken for this board: 4.005s
-------------------------------------------------------------------
Start nesting on the 5th large board, remaining blocks count: 206
Utilization of the 5th large board: 97.16964297231927, Time taken for this board: 5.008s
-------------------------------------------------------------------
Start nesting on the 6th large board, remaining blocks count: 206
Utilization of the 6th large board: 97.16964297231927, Time taken for this board: 6.011s
-------------------------------------------------------------------
Start nesting on the 7th large board, remaining blocks count: 202
Utilization of the 7th large board: 93.19349408761084, Time taken for this board: 7.011s
-------------------------------------------------------------------
Start nesting on the 8th large board, remaining blocks count: 202
Utilization of the 8th large board: 93.19349408761084, Time taken for this board: 8.011000000000001s
-------------------------------------------------------------------
Start nesting on the 9th large board, remaining blocks count: 200
Utilization of the 9th large board: 94.31577532921257, Time taken for this board: 9.011000000000001s
-------------------------------------------------------------------
Start nesting on the 10th large board, remaining blocks count: 200
Utilization of the 10th large board: 94.31577532921257, Time taken for this board: 10.011000000000001s
-------------------------------------------------------------------
Start nesting on the 11th large board, remaining blocks count: 198
Utilization of the 11th large board: 92.13779897876914, Time taken for this board: 11.013s
-------------------------------------------------------------------
Start nesting on the 12th large board, remaining blocks count: 198
Utilization of the 12th large board: 92.13779897876914, Time taken for this board: 12.015s
-------------------------------------------------------------------
Start nesting on the 13th large board, remaining blocks count: 198
Utilization of the 13th large board: 92.13779897876914, Time taken for this board: 13.017s
-------------------------------------------------------------------
Start nesting on the 14th large board, remaining blocks count: 198
Utilization of the 14th large board: 92.13779897876914, Time taken for this board: 14.017s
-------------------------------------------------------------------
Start nesting on the 15th large board, remaining blocks count: 197
Utilization of the 15th large board: 93.46198938457404, Time taken for this board: 15.018s
-------------------------------------------------------------------
Start nesting on the 16th large board, remaining blocks count: 195
Utilization of the 16th large board: 89.02492609513573, Time taken for this board: 16.001s
-------------------------------------------------------------------
Start nesting on the 17th large board, remaining blocks count: 194
Utilization of the 17th large board: 90.28970706799247, Time taken for this board: 17.001s
-------------------------------------------------------------------
Start nesting on the 18th large board, remaining blocks count: 194
Utilization of the 18th large board: 90.28970706799247, Time taken for this board: 18.001s
-------------------------------------------------------------------
Start nesting on the 19th large board, remaining blocks count: 192
Utilization of the 19th large board: 90.20871405536147, Time taken for this board: 19.001s
-------------------------------------------------------------------
Start nesting on the 20th large board, remaining blocks count: 191
Utilization of the 20th large board: 90.64957336737436, Time taken for this board: 20.001s
-------------------------------------------------------------------
Start nesting on the 21th large board, remaining blocks count: 191
Utilization of the 21th large board: 90.64957336737436, Time taken for this board: 21.002s
-------------------------------------------------------------------
Start nesting on the 22th large board, remaining blocks count: 189
Utilization of the 22th large board: 90.34021432410643, Time taken for this board: 22.002s
-------------------------------------------------------------------
Start nesting on the 23th large board, remaining blocks count: 187
Utilization of the 23th large board: 95.60897608169847, Time taken for this board: 23.002s
-------------------------------------------------------------------
Start nesting on the 24th large board, remaining blocks count: 183
Utilization of the 24th large board: 95.15278151034667, Time taken for this board: 24.002s
-------------------------------------------------------------------
Start nesting on the 25th large board, remaining blocks count: 181
Utilization of the 25th large board: 94.89028486965869, Time taken for this board: 25.003s
-------------------------------------------------------------------
Start nesting on the 26th large board, remaining blocks count: 177
Utilization of the 26th large board: 94.70733673743618, Time taken for this board: 26.003s
-------------------------------------------------------------------
Start nesting on the 27th large board, remaining blocks count: 177
Utilization of the 27th large board: 94.70733673743618, Time taken for this board: 27.003s
-------------------------------------------------------------------
Start nesting on the 28th large board, remaining blocks count: 176
Utilization of the 28th large board: 96.59103735554957, Time taken for this board: 28.003s
-------------------------------------------------------------------
Start nesting on the 29th large board, remaining blocks count: 174
Utilization of the 29th large board: 95.43896130072562, Time taken for this board: 29.003s
-------------------------------------------------------------------
Start nesting on the 30th large board, remaining blocks count: 172
Utilization of the 30th large board: 95.23908223595808, Time taken for this board: 30.003s
-------------------------------------------------------------------
Start nesting on the 31th large board, remaining blocks count: 168
Utilization of the 31th large board: 95.20723595807578, Time taken for this board: 31.003s
-------------------------------------------------------------------
Start nesting on the 32th large board, remaining blocks count: 166
Utilization of the 32th large board: 94.73394248857835, Time taken for this board: 32.003s
-------------------------------------------------------------------
Start nesting on the 33th large board, remaining blocks count: 164
Utilization of the 33th large board: 94.59382558452029, Time taken for this board: 33.003s
-------------------------------------------------------------------
Start nesting on the 34th large board, remaining blocks count: 160
Utilization of the 34th large board: 94.49556570814296, Time taken for this board: 34.003s
-------------------------------------------------------------------
Start nesting on the 35th large board, remaining blocks count: 160
Utilization of the 35th large board: 94.49556570814296, Time taken for this board: 35.003s
-------------------------------------------------------------------
Start nesting on the 36th large board, remaining blocks count: 160
Utilization of the 36th large board: 94.49556570814296, Time taken for this board: 35.998s
-------------------------------------------------------------------
Start nesting on the 37th large board, remaining blocks count: 160
Utilization of the 37th large board: 94.49556570814296, Time taken for this board: 36.998s
-------------------------------------------------------------------
Start nesting on the 38th large board, remaining blocks count: 158
Utilization of the 38th large board: 94.40553614619726, Time taken for this board: 37.975s
-------------------------------------------------------------------
Start nesting on the 39th large board, remaining blocks count: 156
Utilization of the 39th large board: 94.21704514915345, Time taken for this board: 38.932s
-------------------------------------------------------------------
Start nesting on the 40th large board, remaining blocks count: 153
Utilization of the 40th large board: 89.4792730448804, Time taken for this board: 39.416000000000004s
-------------------------------------------------------------------
Start nesting on the 41th large board, remaining blocks count: 153
Utilization of the 41th large board: 89.4792730448804, Time taken for this board: 39.902s
-------------------------------------------------------------------
Start nesting on the 42th large board, remaining blocks count: 150
Utilization of the 42th large board: 99.01350443429186, Time taken for this board: 40.786s
-------------------------------------------------------------------
Start nesting on the 43th large board, remaining blocks count: 146
Utilization of the 43th large board: 98.94719161515721, Time taken for this board: 41.64s
-------------------------------------------------------------------
Start nesting on the 44th large board, remaining blocks count: 142
Utilization of the 44th large board: 99.19732598763773, Time taken for this board: 42.436s
-------------------------------------------------------------------
Start nesting on the 45th large board, remaining blocks count: 138
Utilization of the 45th large board: 99.00483740929857, Time taken for this board: 43.18s
-------------------------------------------------------------------
Start nesting on the 46th large board, remaining blocks count: 132
Utilization of the 46th large board: 98.7168771835528, Time taken for this board: 43.882s
-------------------------------------------------------------------
Start nesting on the 47th large board, remaining blocks count: 130
Utilization of the 47th large board: 98.67508734211233, Time taken for this board: 44.61s
-------------------------------------------------------------------
Start nesting on the 48th large board, remaining blocks count: 128
Utilization of the 48th large board: 98.9930462241333, Time taken for this board: 44.981s
-------------------------------------------------------------------
Start nesting on the 49th large board, remaining blocks count: 122
Utilization of the 49th large board: 99.08690540177372, Time taken for this board: 45.339s
-------------------------------------------------------------------
Start nesting on the 50th large board, remaining blocks count: 118
Utilization of the 50th large board: 98.60040983606558, Time taken for this board: 45.676s
-------------------------------------------------------------------
Start nesting on the 51th large board, remaining blocks count: 116
Utilization of the 51th large board: 98.47423407686105, Time taken for this board: 45.993s
-------------------------------------------------------------------
Start nesting on the 52th large board, remaining blocks count: 112
Utilization of the 52th large board: 98.41759607632356, Time taken for this board: 46.283s
-------------------------------------------------------------------
Start nesting on the 53th large board, remaining blocks count: 108
Utilization of the 53th large board: 98.39871674281108, Time taken for this board: 46.554s
-------------------------------------------------------------------
Start nesting on the 54th large board, remaining blocks count: 100
Utilization of the 54th large board: 98.50325853265251, Time taken for this board: 46.831s
-------------------------------------------------------------------
Start nesting on the 55th large board, remaining blocks count: 94
Utilization of the 55th large board: 97.60017468422465, Time taken for this board: 47.063s
-------------------------------------------------------------------
Start nesting on the 56th large board, remaining blocks count: 92
Utilization of the 56th large board: 97.43328406342381, Time taken for this board: 47.284s
-------------------------------------------------------------------
Start nesting on the 57th large board, remaining blocks count: 90
Utilization of the 57th large board: 97.3870599301263, Time taken for this board: 47.499s
-------------------------------------------------------------------
Start nesting on the 58th large board, remaining blocks count: 88
Utilization of the 58th large board: 97.86196586938995, Time taken for this board: 47.708s
-------------------------------------------------------------------
Start nesting on the 59th large board, remaining blocks count: 82
Utilization of the 59th large board: 97.3626041386724, Time taken for this board: 47.898s
-------------------------------------------------------------------
Start nesting on the 60th large board, remaining blocks count: 80
Utilization of the 60th large board: 98.38843724805159, Time taken for this board: 48.08s
-------------------------------------------------------------------
Start nesting on the 61th large board, remaining blocks count: 80
Utilization of the 61th large board: 97.6885917764042, Time taken for this board: 48.254s
-------------------------------------------------------------------
Start nesting on the 62th large board, remaining blocks count: 74
Utilization of the 62th large board: 97.4537758667025, Time taken for this board: 48.393s
-------------------------------------------------------------------
Start nesting on the 63th large board, remaining blocks count: 68
Utilization of the 63th large board: 95.50319134641225, Time taken for this board: 48.512s
-------------------------------------------------------------------
Start nesting on the 64th large board, remaining blocks count: 64
Utilization of the 64th large board: 95.26041386723999, Time taken for this board: 48.564s
-------------------------------------------------------------------
Start nesting on the 65th large board, remaining blocks count: 64
Utilization of the 65th large board: 95.03802741198602, Time taken for this board: 48.620000000000005s
-------------------------------------------------------------------
Start nesting on the 66th large board, remaining blocks count: 60
Utilization of the 66th large board: 94.93771835528084, Time taken for this board: 48.665s
-------------------------------------------------------------------
Start nesting on the 67th large board, remaining blocks count: 54
Utilization of the 67th large board: 94.24989922063962, Time taken for this board: 48.705s
-------------------------------------------------------------------
Start nesting on the 68th large board, remaining blocks count: 50
Utilization of the 68th large board: 95.98078473528622, Time taken for this board: 48.741s
-------------------------------------------------------------------
Start nesting on the 69th large board, remaining blocks count: 44
Utilization of the 69th large board: 93.78607901101854, Time taken for this board: 48.775s
-------------------------------------------------------------------
Start nesting on the 70th large board, remaining blocks count: 44
Utilization of the 70th large board: 93.78607901101854, Time taken for this board: 48.808s
-------------------------------------------------------------------
Start nesting on the 71th large board, remaining blocks count: 44
Utilization of the 71th large board: 93.58183284063425, Time taken for this board: 48.84s
-------------------------------------------------------------------
Start nesting on the 72th large board, remaining blocks count: 42
Utilization of the 72th large board: 93.36347755979575, Time taken for this board: 48.870000000000005s
-------------------------------------------------------------------
Start nesting on the 73th large board, remaining blocks count: 40
Utilization of the 73th large board: 94.44235420585863, Time taken for this board: 48.897s
-------------------------------------------------------------------
Start nesting on the 74th large board, remaining blocks count: 34
Utilization of the 74th large board: 92.23461435098092, Time taken for this board: 48.918s
-------------------------------------------------------------------
Start nesting on the 75th large board, remaining blocks count: 28
Utilization of the 75th large board: 91.12886320881482, Time taken for this board: 48.927s
-------------------------------------------------------------------
Start nesting on the 76th large board, remaining blocks count: 28
Utilization of the 76th large board: 91.12886320881482, Time taken for this board: 48.935s
-------------------------------------------------------------------
Start nesting on the 77th large board, remaining blocks count: 22
Utilization of the 77th large board: 91.46533190002688, Time taken for this board: 48.94s
-------------------------------------------------------------------
Start nesting on the 78th large board, remaining blocks count: 18
Utilization of the 78th large board: 91.24371808653589, Time taken for this board: 48.944s
-------------------------------------------------------------------
Start nesting on the 79th large board, remaining blocks count: 14
Utilization of the 79th large board: 89.93012631013168, Time taken for this board: 48.945s
-------------------------------------------------------------------
Start nesting on the 80th large board, remaining blocks count: 12
Utilization of the 80th large board: 88.26024590163935, Time taken for this board: 48.945s
-------------------------------------------------------------------
Start nesting on the 81th large board, remaining blocks count: 8
Utilization of the 81th large board: 69.03722117710292, Time taken for this board: 48.946s
-------------------------------------------------------------------
Start nesting on the 82th large board, remaining blocks count: 4
Utilization of the 82th large board: 51.85743079817254, Time taken for this board: 48.946s
-------------------------------------------------------------------
Start nesting on the 83th large board, remaining blocks count: 4
Utilization of the 83th large board: 45.8504434291857, Time taken for this board: 48.946s
-------------------------------------------------------------------
Found solution: 83


Start improving solution by repacking.
Selecting boards with low utilization for repacking...
iter87		 Improve solution by repack 0.45850443429185705->0.4501437785541521 , unplacedBoxesSize:3
currentRepackCostTime:0.182s , currentRepackMaxTime:237.38805639913235s
iter7		 Improve solution by repack 0.4501437785541521->0.4420881483472185 , unplacedBoxesSize:3
currentRepackCostTime:0.195s , currentRepackMaxTime:237.38805639913235s
iter11		 Improve solution by repack 0.4420881483472185->0.43468019349637194 , unplacedBoxesSize:3
currentRepackCostTime:0.219s , currentRepackMaxTime:237.38805639913235s
iter3		 Improve solution by repack 0.43468019349637194->0.40999193765116904 , unplacedBoxesSize:3
currentRepackCostTime:0.223s , currentRepackMaxTime:237.38805639913235s
iter2		 Improve solution by repack 0.40999193765116904->0.39526337006181134 , unplacedBoxesSize:3
currentRepackCostTime:0.227s , currentRepackMaxTime:237.38805639913235s
iter16		 Improve solution by repack 0.39526337006181134->0.1127882289707068 , unplacedBoxesSize:1
currentRepackCostTime:0.257s , currentRepackMaxTime:237.38805639913235s
iter4		 Improve solution by repack 0.1127882289707068->0.10778352593388874 , unplacedBoxesSize:1
currentRepackCostTime:0.263s , currentRepackMaxTime:237.38805639913235s
iter38		 Improve solution by repack 0.10778352593388874->0.1070337274926095 , unplacedBoxesSize:1
currentRepackCostTime:0.34s , currentRepackMaxTime:237.38805639913235s
iter93		 Improve solution by repack 0.1070337274926095->0.0 , unplacedBoxesSize:0
currentRepackCostTime:0.497s , currentRepackMaxTime:237.38805639913235s
Improved success.
Found solution 82
Start improving solution by repacking.
Selecting boards with low utilization for repacking...
iter14		 Improve solution by repack 0.8800295619457135->0.8321707874227358 , unplacedBoxesSize:5
currentRepackCostTime:0.018000000000000002s , currentRepackMaxTime:236.89105639913234s
iter14		 Improve solution by repack 0.8321707874227358->0.7967717011556033 , unplacedBoxesSize:5
currentRepackCostTime:0.051000000000000004s , currentRepackMaxTime:236.89105639913234s
iter1		 Improve solution by repack 0.7967717011556033->0.7697850040311744 , unplacedBoxesSize:2
currentRepackCostTime:0.052000000000000005s , currentRepackMaxTime:236.89105639913234s
iter61		 Improve solution by repack 0.7697850040311744->0.7536586267132491 , unplacedBoxesSize:4
currentRepackCostTime:0.14100000000000001s , currentRepackMaxTime:236.89105639913234s
iter7		 Improve solution by repack 0.7536586267132491->0.7379578742273583 , unplacedBoxesSize:4
currentRepackCostTime:0.155s , currentRepackMaxTime:236.89105639913234s
iter1		 Improve solution by repack 0.7379578742273583->0.7024566648750337 , unplacedBoxesSize:4
currentRepackCostTime:0.159s , currentRepackMaxTime:236.89105639913234s
iter15		 Improve solution by repack 0.7024566648750337->0.7015130341306101 , unplacedBoxesSize:5
currentRepackCostTime:0.189s , currentRepackMaxTime:236.89105639913234s
iter12		 Improve solution by repack 0.7015130341306101->0.6966904058048912 , unplacedBoxesSize:5
currentRepackCostTime:0.216s , currentRepackMaxTime:236.89105639913234s
iter12		 Improve solution by repack 0.6966904058048912->0.69382289707068 , unplacedBoxesSize:5
currentRepackCostTime:0.25s , currentRepackMaxTime:236.89105639913234s
iter1		 Improve solution by repack 0.69382289707068->0.6872000134372481 , unplacedBoxesSize:4
currentRepackCostTime:0.253s , currentRepackMaxTime:236.89105639913234s
iter2		 Improve solution by repack 0.6872000134372481->0.6768516527815104 , unplacedBoxesSize:2
currentRepackCostTime:0.258s , currentRepackMaxTime:236.89105639913234s
iter140		 Improve solution by repack 0.6768516527815104->0.6639478634775597 , unplacedBoxesSize:2
currentRepackCostTime:0.47000000000000003s , currentRepackMaxTime:236.89105639913234s
iter123		 Improve solution by repack 0.6639478634775597->0.6474737973662994 , unplacedBoxesSize:4
currentRepackCostTime:0.667s , currentRepackMaxTime:236.89105639913234s
iter128		 Improve solution by repack 0.6474737973662994->0.6441776404192422 , unplacedBoxesSize:2
currentRepackCostTime:0.933s , currentRepackMaxTime:236.89105639913234s
iter59		 Improve solution by repack 0.6441776404192422->0.6304370464928782 , unplacedBoxesSize:2
currentRepackCostTime:1.026s , currentRepackMaxTime:236.89105639913234s
iter61		 Improve solution by repack 0.6304370464928782->0.614798441279226 , unplacedBoxesSize:2
currentRepackCostTime:1.118s , currentRepackMaxTime:236.89105639913234s
iter132		 Improve solution by repack 0.614798441279226->0.60726820747111 , unplacedBoxesSize:3
currentRepackCostTime:1.332s , currentRepackMaxTime:236.89105639913234s
iter20		 Improve solution by repack 0.60726820747111->0.6038591776404192 , unplacedBoxesSize:2
currentRepackCostTime:1.367s , currentRepackMaxTime:236.89105639913234s
iter31		 Improve solution by repack 0.6038591776404192->0.600991668906208 , unplacedBoxesSize:2
currentRepackCostTime:1.418s , currentRepackMaxTime:236.89105639913234s
iter165		 Improve solution by repack 0.600991668906208->0.5793839021768342 , unplacedBoxesSize:2
currentRepackCostTime:1.687s , currentRepackMaxTime:236.89105639913234s
iter20		 Improve solution by repack 0.5793839021768342->0.5731664875033593 , unplacedBoxesSize:4
currentRepackCostTime:1.724s , currentRepackMaxTime:236.89105639913234s
iter13		 Improve solution by repack 0.5731664875033593->0.5592407954850847 , unplacedBoxesSize:3
currentRepackCostTime:1.768s , currentRepackMaxTime:236.89105639913234s
iter22		 Improve solution by repack 0.5592407954850847->0.54531510346681 , unplacedBoxesSize:2
currentRepackCostTime:1.823s , currentRepackMaxTime:236.89105639913234s
iter2		 Improve solution by repack 0.54531510346681->0.5313894114485354 , unplacedBoxesSize:1
currentRepackCostTime:1.826s , currentRepackMaxTime:236.89105639913234s
Selecting boards with low utilization for repacking...
iter3		 Improve solution by repack 0.8842246707874227->0.8793281375974201 , unplacedBoxesSize:3
currentRepackCostTime:3.099s , currentRepackMaxTime:236.89105639913234s
iter7		 Improve solution by repack 0.8793281375974201->0.8643160440741736 , unplacedBoxesSize:2
currentRepackCostTime:3.108s , currentRepackMaxTime:236.89105639913234s
iter14		 Improve solution by repack 0.8643160440741736->0.7581107229239451 , unplacedBoxesSize:3
currentRepackCostTime:3.13s , currentRepackMaxTime:236.89105639913234s
iter10		 Improve solution by repack 0.7581107229239451->0.7262288363343187 , unplacedBoxesSize:3
currentRepackCostTime:3.146s , currentRepackMaxTime:236.89105639913234s
iter14		 Improve solution by repack 0.7262288363343187->0.7123031443160441 , unplacedBoxesSize:2
currentRepackCostTime:3.174s , currentRepackMaxTime:236.89105639913234s
iter67		 Improve solution by repack 0.7123031443160441->0.7092072023649556 , unplacedBoxesSize:5
currentRepackCostTime:3.277s , currentRepackMaxTime:236.89105639913234s
iter3		 Improve solution by repack 0.7092072023649556->0.6239908626713249 , unplacedBoxesSize:5
currentRepackCostTime:3.2840000000000003s , currentRepackMaxTime:236.89105639913234s
iter5		 Improve solution by repack 0.6239908626713249->0.5313894114485354 , unplacedBoxesSize:1
currentRepackCostTime:3.298s , currentRepackMaxTime:236.89105639913234s
Selecting boards with low utilization for repacking...
iter42		 Improve solution by repack 0.8625880139747379->0.862319269013706 , unplacedBoxesSize:3
currentRepackCostTime:4.649s , currentRepackMaxTime:236.89105639913234s
iter8		 Improve solution by repack 0.862319269013706->0.6804232733136254 , unplacedBoxesSize:2
currentRepackCostTime:4.66s , currentRepackMaxTime:236.89105639913234s
iter6		 Improve solution by repack 0.6804232733136254->0.6669443697930664 , unplacedBoxesSize:2
currentRepackCostTime:4.667s , currentRepackMaxTime:236.89105639913234s
iter5		 Improve solution by repack 0.6669443697930664->0.5313894114485354 , unplacedBoxesSize:1
currentRepackCostTime:4.672s , currentRepackMaxTime:236.89105639913234s
Selecting boards with low utilization for repacking...
iter1		 Improve solution by repack 0.8936582907820478->0.8657739854877721 , unplacedBoxesSize:4
currentRepackCostTime:5.965s , currentRepackMaxTime:236.89105639913234s
iter3		 Improve solution by repack 0.8657739854877721->0.8598458075786078 , unplacedBoxesSize:3
currentRepackCostTime:5.969s , currentRepackMaxTime:236.89105639913234s
iter30		 Improve solution by repack 0.8598458075786078->0.5672346143509809 , unplacedBoxesSize:1
currentRepackCostTime:6.019s , currentRepackMaxTime:236.89105639913234s
iter18		 Improve solution by repack 0.5672346143509809->0.5313894114485354 , unplacedBoxesSize:1
currentRepackCostTime:6.0440000000000005s , currentRepackMaxTime:236.89105639913234s
Selecting boards with low utilization for repacking...
iter7		 Improve solution by repack 0.8947927304488041->0.8895901639344262 , unplacedBoxesSize:4
currentRepackCostTime:7.3260000000000005s , currentRepackMaxTime:236.89105639913234s
iter5		 Improve solution by repack 0.8895901639344262->0.8775419914001613 , unplacedBoxesSize:4
currentRepackCostTime:7.338s , currentRepackMaxTime:236.89105639913234s
iter7		 Improve solution by repack 0.8775419914001613->0.8699146734748724 , unplacedBoxesSize:4
currentRepackCostTime:7.357s , currentRepackMaxTime:236.89105639913234s
iter1		 Improve solution by repack 0.8699146734748724->0.8693482934694975 , unplacedBoxesSize:4
currentRepackCostTime:7.359s , currentRepackMaxTime:236.89105639913234s
iter9		 Improve solution by repack 0.8693482934694975->0.867965600644988 , unplacedBoxesSize:4
currentRepackCostTime:7.373s , currentRepackMaxTime:236.89105639913234s
iter4		 Improve solution by repack 0.867965600644988->0.8673730180059124 , unplacedBoxesSize:4
currentRepackCostTime:7.38s , currentRepackMaxTime:236.89105639913234s
iter2		 Improve solution by repack 0.8673730180059124->0.6410064498790647 , unplacedBoxesSize:2
currentRepackCostTime:7.385s , currentRepackMaxTime:236.89105639913234s
iter54		 Improve solution by repack 0.6410064498790647->0.5313894114485354 , unplacedBoxesSize:1
currentRepackCostTime:7.466s , currentRepackMaxTime:236.89105639913234s
Selecting boards with low utilization for repacking...
iter1		 Improve solution by repack 0.8783593120128997->0.8504750067186241 , unplacedBoxesSize:4
currentRepackCostTime:8.769s , currentRepackMaxTime:236.89105639913234s
iter14		 Improve solution by repack 0.8504750067186241->0.5313894114485354 , unplacedBoxesSize:1
currentRepackCostTime:8.794s , currentRepackMaxTime:236.89105639913234s
Selecting boards with low utilization for repacking...
iter17		 Improve solution by repack 0.8504750067186241->0.5313894114485354 , unplacedBoxesSize:1
currentRepackCostTime:10.1s , currentRepackMaxTime:236.89105639913234s
Selecting boards with low utilization for repacking...
iter1		 Improve solution by repack 0.9140298306906746->0.896823434560602 , unplacedBoxesSize:6
currentRepackCostTime:11.374s , currentRepackMaxTime:236.89105639913234s
iter14		 Improve solution by repack 0.896823434560602->0.8750443429185703 , unplacedBoxesSize:6
currentRepackCostTime:11.41s , currentRepackMaxTime:236.89105639913234s
iter3		 Improve solution by repack 0.8750443429185703->0.8504750067186241 , unplacedBoxesSize:4
currentRepackCostTime:11.417s , currentRepackMaxTime:236.89105639913234s
iter22		 Improve solution by repack 0.8504750067186241->0.8359443026068262 , unplacedBoxesSize:4
currentRepackCostTime:11.46s , currentRepackMaxTime:236.89105639913234s
iter52		 Improve solution by repack 0.8359443026068262->0.8310249260951358 , unplacedBoxesSize:4
currentRepackCostTime:11.553s , currentRepackMaxTime:236.89105639913234s
iter5		 Improve solution by repack 0.8310249260951358->0.8255038968019349 , unplacedBoxesSize:4
currentRepackCostTime:11.563s , currentRepackMaxTime:236.89105639913234s
iter7		 Improve solution by repack 0.8255038968019349->0.7957000806234883 , unplacedBoxesSize:3
currentRepackCostTime:11.577s , currentRepackMaxTime:236.89105639913234s
iter9		 Improve solution by repack 0.7957000806234883->0.7789398011287287 , unplacedBoxesSize:3
currentRepackCostTime:11.596s , currentRepackMaxTime:236.89105639913234s
iter22		 Improve solution by repack 0.7789398011287287->0.7775571083042192 , unplacedBoxesSize:3
currentRepackCostTime:11.634s , currentRepackMaxTime:236.89105639913234s
iter27		 Improve solution by repack 0.7775571083042192->0.772542999193765 , unplacedBoxesSize:4
currentRepackCostTime:11.677s , currentRepackMaxTime:236.89105639913234s
iter9		 Improve solution by repack 0.772542999193765->0.7537946788497716 , unplacedBoxesSize:3
currentRepackCostTime:11.695s , currentRepackMaxTime:236.89105639913234s
iter34		 Improve solution by repack 0.7537946788497716->0.7487899758129535 , unplacedBoxesSize:3
currentRepackCostTime:11.755s , currentRepackMaxTime:236.89105639913234s
iter29		 Improve solution by repack 0.7487899758129535->0.7400540849234076 , unplacedBoxesSize:3
currentRepackCostTime:11.809000000000001s , currentRepackMaxTime:236.89105639913234s
iter5		 Improve solution by repack 0.7400540849234076->0.5313894114485354 , unplacedBoxesSize:1
currentRepackCostTime:11.815s , currentRepackMaxTime:236.89105639913234s
iter349		 Improve solution by repack 0.5313894114485354->0.5007366971244289 , unplacedBoxesSize:4
currentRepackCostTime:12.258000000000001s , currentRepackMaxTime:236.89105639913234s
iter12		 Improve solution by repack 0.5007366971244289->0.49880442085460897 , unplacedBoxesSize:5
currentRepackCostTime:12.289s , currentRepackMaxTime:236.89105639913234s
iter4		 Improve solution by repack 0.49880442085460897->0.4980015452835259 , unplacedBoxesSize:5
currentRepackCostTime:12.303s , currentRepackMaxTime:236.89105639913234s
iter3		 Improve solution by repack 0.4980015452835259->0.47979407417360925 , unplacedBoxesSize:4
currentRepackCostTime:12.31s , currentRepackMaxTime:236.89105639913234s
iter35		 Improve solution by repack 0.47979407417360925->0.42922903789303946 , unplacedBoxesSize:4
currentRepackCostTime:12.402000000000001s , currentRepackMaxTime:236.89105639913234s
iter24		 Improve solution by repack 0.42922903789303946->0.417363276001075 , unplacedBoxesSize:4
currentRepackCostTime:12.467s , currentRepackMaxTime:236.89105639913234s
iter34		 Improve solution by repack 0.417363276001075->0.40757188927707605 , unplacedBoxesSize:4
currentRepackCostTime:12.558s , currentRepackMaxTime:236.89105639913234s
iter8		 Improve solution by repack 0.40757188927707605->0.3943241064230046 , unplacedBoxesSize:3
currentRepackCostTime:12.582s , currentRepackMaxTime:236.89105639913234s
iter3		 Improve solution by repack 0.3943241064230046->0.3855912389142704 , unplacedBoxesSize:3
currentRepackCostTime:12.588000000000001s , currentRepackMaxTime:236.89105639913234s
iter24		 Improve solution by repack 0.3855912389142704->0.3837842649825316 , unplacedBoxesSize:3
currentRepackCostTime:12.637s , currentRepackMaxTime:236.89105639913234s
iter16		 Improve solution by repack 0.3837842649825316->0.38288363343187315 , unplacedBoxesSize:3
currentRepackCostTime:12.678s , currentRepackMaxTime:236.89105639913234s
iter22		 Improve solution by repack 0.38288363343187315->0.37468691212039773 , unplacedBoxesSize:3
currentRepackCostTime:12.725s , currentRepackMaxTime:236.89105639913234s
iter6		 Improve solution by repack 0.37468691212039773->0.3719000268744961 , unplacedBoxesSize:3
currentRepackCostTime:12.742s , currentRepackMaxTime:236.89105639913234s
iter7		 Improve solution by repack 0.3719000268744961->0.36822729105079277 , unplacedBoxesSize:3
currentRepackCostTime:12.756s , currentRepackMaxTime:236.89105639913234s
iter6		 Improve solution by repack 0.36822729105079277->0.36535169712442894 , unplacedBoxesSize:3
currentRepackCostTime:12.768s , currentRepackMaxTime:236.89105639913234s
iter8		 Improve solution by repack 0.36535169712442894->0.35021667562483205 , unplacedBoxesSize:2
currentRepackCostTime:12.789s , currentRepackMaxTime:236.89105639913234s
iter58		 Improve solution by repack 0.35021667562483205->0.34361193227626985 , unplacedBoxesSize:2
currentRepackCostTime:12.886000000000001s , currentRepackMaxTime:236.89105639913234s
iter39		 Improve solution by repack 0.34361193227626985->0.33970169309325454 , unplacedBoxesSize:2
currentRepackCostTime:12.958s , currentRepackMaxTime:236.89105639913234s
iter158		 Improve solution by repack 0.33970169309325454->0.338840365493147 , unplacedBoxesSize:2
currentRepackCostTime:13.251s , currentRepackMaxTime:236.89105639913234s
iter2		 Improve solution by repack 0.338840365493147->0.3362321956463316 , unplacedBoxesSize:3
currentRepackCostTime:13.258000000000001s , currentRepackMaxTime:236.89105639913234s
iter39		 Improve solution by repack 0.3362321956463316->0.314563289438323 , unplacedBoxesSize:3
currentRepackCostTime:13.34s , currentRepackMaxTime:236.89105639913234s
iter26		 Improve solution by repack 0.314563289438323->0.2853083848427842 , unplacedBoxesSize:3
currentRepackCostTime:13.399000000000001s , currentRepackMaxTime:236.89105639913234s
iter66		 Improve solution by repack 0.2853083848427842->0.2574240795485085 , unplacedBoxesSize:2
currentRepackCostTime:13.568s , currentRepackMaxTime:236.89105639913234s
iter97		 Improve solution by repack 0.2574240795485085->0.2524307981725343 , unplacedBoxesSize:3
currentRepackCostTime:13.767s , currentRepackMaxTime:236.89105639913234s
iter5		 Improve solution by repack 0.2524307981725343->0.23990997043805426 , unplacedBoxesSize:2
currentRepackCostTime:13.778s , currentRepackMaxTime:236.89105639913234s
iter30		 Improve solution by repack 0.23990997043805426->0.23810299650631553 , unplacedBoxesSize:2
currentRepackCostTime:13.828s , currentRepackMaxTime:236.89105639913234s
iter33		 Improve solution by repack 0.23810299650631553->0.23195646331631284 , unplacedBoxesSize:2
currentRepackCostTime:13.888s , currentRepackMaxTime:236.89105639913234s
iter19		 Improve solution by repack 0.23195646331631284->0.22429420854608978 , unplacedBoxesSize:2
currentRepackCostTime:13.921000000000001s , currentRepackMaxTime:236.89105639913234s
iter20		 Improve solution by repack 0.22429420854608978->0.21297803009943564 , unplacedBoxesSize:2
currentRepackCostTime:13.961s , currentRepackMaxTime:236.89105639913234s
iter8		 Improve solution by repack 0.21297803009943564->0.20374697661918842 , unplacedBoxesSize:2
currentRepackCostTime:13.975s , currentRepackMaxTime:236.89105639913234s
iter143		 Improve solution by repack 0.20374697661918842->0.20017334049986563 , unplacedBoxesSize:2
currentRepackCostTime:14.285s , currentRepackMaxTime:236.89105639913234s
iter179		 Improve solution by repack 0.20017334049986563->0.1961972588013975 , unplacedBoxesSize:2
currentRepackCostTime:14.655000000000001s , currentRepackMaxTime:236.89105639913234s
iter15		 Improve solution by repack 0.1961972588013975->0.18799415479709755 , unplacedBoxesSize:1
currentRepackCostTime:14.687000000000001s , currentRepackMaxTime:236.89105639913234s
iter51		 Improve solution by repack 0.18799415479709755->0.18777479172265518 , unplacedBoxesSize:1
currentRepackCostTime:14.767s , currentRepackMaxTime:236.89105639913234s
iter14		 Improve solution by repack 0.18777479172265518->0.17285810266057514 , unplacedBoxesSize:1
currentRepackCostTime:14.792s , currentRepackMaxTime:236.89105639913234s
iter51		 Improve solution by repack 0.17285810266057514->0.15644181671593657 , unplacedBoxesSize:1
currentRepackCostTime:14.879s , currentRepackMaxTime:236.89105639913234s
iter71		 Improve solution by repack 0.15644181671593657->0.15565170653050253 , unplacedBoxesSize:1
currentRepackCostTime:14.995000000000001s , currentRepackMaxTime:236.89105639913234s
iter695		 Improve solution by repack 0.15565170653050253->0.15298810803547433 , unplacedBoxesSize:1
currentRepackCostTime:16.213s , currentRepackMaxTime:236.89105639913234s
Selecting boards with low utilization for repacking...
iter1		 Improve solution by repack 0.9069221983337812->0.15298810803547433 , unplacedBoxesSize:1
currentRepackCostTime:17.966s , currentRepackMaxTime:236.89105639913234s
iter281		 Improve solution by repack 0.15298810803547433->0.13337946788497715 , unplacedBoxesSize:1
currentRepackCostTime:18.458000000000002s , currentRepackMaxTime:236.89105639913234s
Selecting boards with low utilization for repacking...
iter1		 Improve solution by repack 0.9069221983337812->0.8895397742542328 , unplacedBoxesSize:4
currentRepackCostTime:20.211000000000002s , currentRepackMaxTime:236.89105639913234s
iter15		 Improve solution by repack 0.8895397742542328->0.8837033055630208 , unplacedBoxesSize:3
currentRepackCostTime:20.244s , currentRepackMaxTime:236.89105639913234s
iter43		 Improve solution by repack 0.8837033055630208->0.8794020424617038 , unplacedBoxesSize:3
currentRepackCostTime:20.317s , currentRepackMaxTime:236.89105639913234s
iter43		 Improve solution by repack 0.8794020424617038->0.13337946788497715 , unplacedBoxesSize:1
currentRepackCostTime:20.385s , currentRepackMaxTime:236.89105639913234s
Selecting boards with low utilization for repacking...
iter1		 Improve solution by repack 0.9127640190808922->0.8837033055630208 , unplacedBoxesSize:3
currentRepackCostTime:22.113s , currentRepackMaxTime:236.89105639913234s
iter17		 Improve solution by repack 0.8837033055630208->0.8790110185434024 , unplacedBoxesSize:4
currentRepackCostTime:22.139s , currentRepackMaxTime:236.89105639913234s
iter29		 Improve solution by repack 0.8790110185434024->0.8782417360924483 , unplacedBoxesSize:3
currentRepackCostTime:22.198s , currentRepackMaxTime:236.89105639913234s
iter1		 Improve solution by repack 0.8782417360924483->0.8643160440741736 , unplacedBoxesSize:2
currentRepackCostTime:22.2s , currentRepackMaxTime:236.89105639913234s
iter13		 Improve solution by repack 0.8643160440741736->0.43046089760816986 , unplacedBoxesSize:2
currentRepackCostTime:22.215s , currentRepackMaxTime:236.89105639913234s
iter168		 Improve solution by repack 0.43046089760816986->0.370343993550121 , unplacedBoxesSize:2
currentRepackCostTime:22.501s , currentRepackMaxTime:236.89105639913234s
iter4		 Improve solution by repack 0.370343993550121->0.3541816715936576 , unplacedBoxesSize:2
currentRepackCostTime:22.509s , currentRepackMaxTime:236.89105639913234s
iter4		 Improve solution by repack 0.3541816715936576->0.35123757054555227 , unplacedBoxesSize:2
currentRepackCostTime:22.518s , currentRepackMaxTime:236.89105639913234s
iter8		 Improve solution by repack 0.35123757054555227->0.3383646869121204 , unplacedBoxesSize:3
currentRepackCostTime:22.531s , currentRepackMaxTime:236.89105639913234s
iter95		 Improve solution by repack 0.3383646869121204->0.3382635716205321 , unplacedBoxesSize:2
currentRepackCostTime:22.734s , currentRepackMaxTime:236.89105639913234s
iter6		 Improve solution by repack 0.3382635716205321->0.31209352324643913 , unplacedBoxesSize:2
currentRepackCostTime:22.742s , currentRepackMaxTime:236.89105639913234s
iter28		 Improve solution by repack 0.31209352324643913->0.30673340499865626 , unplacedBoxesSize:2
currentRepackCostTime:22.794s , currentRepackMaxTime:236.89105639913234s
iter24		 Improve solution by repack 0.30673340499865626->0.22526202633700618 , unplacedBoxesSize:1
currentRepackCostTime:22.847s , currentRepackMaxTime:236.89105639913234s
iter267		 Improve solution by repack 0.22526202633700618->0.1953587745229777 , unplacedBoxesSize:1
currentRepackCostTime:23.29s , currentRepackMaxTime:236.89105639913234s
iter15		 Improve solution by repack 0.1953587745229777->0.19342649825315775 , unplacedBoxesSize:2
currentRepackCostTime:23.313s , currentRepackMaxTime:236.89105639913234s
iter31		 Improve solution by repack 0.19342649825315775->0.13555495834453105 , unplacedBoxesSize:1
currentRepackCostTime:23.375s , currentRepackMaxTime:236.89105639913234s
iter62		 Improve solution by repack 0.13555495834453105->0.09671324912657887 , unplacedBoxesSize:1
currentRepackCostTime:23.495s , currentRepackMaxTime:236.89105639913234s
iter952		 Improve solution by repack 0.09671324912657887->0.09271902714324107 , unplacedBoxesSize:1
currentRepackCostTime:25.244s , currentRepackMaxTime:236.89105639913234s
iter569		 Improve solution by repack 0.09271902714324107->0.08738511152915883 , unplacedBoxesSize:1
currentRepackCostTime:26.274s , currentRepackMaxTime:236.89105639913234s
iter23		 Improve solution by repack 0.08738511152915883->0.08340902983069066 , unplacedBoxesSize:1
currentRepackCostTime:26.322s , currentRepackMaxTime:236.89105639913234s
Selecting boards with low utilization for repacking...
iter6		 Improve solution by repack 0.8943825584520291->0.08340902983069066 , unplacedBoxesSize:1
currentRepackCostTime:28.186s , currentRepackMaxTime:236.89105639913234s
Selecting boards with low utilization for repacking...
iter60		 Improve solution by repack 0.8943825584520291->0.8794020424617038 , unplacedBoxesSize:3
currentRepackCostTime:30.188000000000002s , currentRepackMaxTime:236.89105639913234s
iter5		 Improve solution by repack 0.8794020424617038->0.08340902983069066 , unplacedBoxesSize:1
currentRepackCostTime:30.196s , currentRepackMaxTime:236.89105639913234s
iter627		 Improve solution by repack 0.08340902983069066->0.0724697661918839 , unplacedBoxesSize:1
currentRepackCostTime:31.43s , currentRepackMaxTime:236.89105639913234s
iter4		 Improve solution by repack 0.0724697661918839->0.06960225745767266 , unplacedBoxesSize:1
currentRepackCostTime:31.436s , currentRepackMaxTime:236.89105639913234s
iter871		 Improve solution by repack 0.06960225745767266->0.05487368986831497 , unplacedBoxesSize:1
currentRepackCostTime:33.157000000000004s , currentRepackMaxTime:236.89105639913234s
Selecting boards with low utilization for repacking...
iter4		 Improve solution by repack 0.8943825584520291->0.8895397742542328 , unplacedBoxesSize:4
currentRepackCostTime:35.109s , currentRepackMaxTime:236.89105639913234s
iter3		 Improve solution by repack 0.8895397742542328->0.13828271969900566 , unplacedBoxesSize:2
currentRepackCostTime:35.114s , currentRepackMaxTime:236.89105639913234s
iter6		 Improve solution by repack 0.13828271969900566->0.11975309056705186 , unplacedBoxesSize:1
currentRepackCostTime:35.126s , currentRepackMaxTime:236.89105639913234s
iter10		 Improve solution by repack 0.11975309056705186->0.11360655737704918 , unplacedBoxesSize:1
currentRepackCostTime:35.144s , currentRepackMaxTime:236.89105639913234s
iter27		 Improve solution by repack 0.11360655737704918->0.1078688524590164 , unplacedBoxesSize:1
currentRepackCostTime:35.192s , currentRepackMaxTime:236.89105639913234s
iter47		 Improve solution by repack 0.1078688524590164->0.10035407148615964 , unplacedBoxesSize:2
currentRepackCostTime:35.293s , currentRepackMaxTime:236.89105639913234s
iter10		 Improve solution by repack 0.10035407148615964->0.09671324912657887 , unplacedBoxesSize:1
currentRepackCostTime:35.319s , currentRepackMaxTime:236.89105639913234s
iter245		 Improve solution by repack 0.09671324912657887->0.0724697661918839 , unplacedBoxesSize:1
currentRepackCostTime:35.754s , currentRepackMaxTime:236.89105639913234s
iter22		 Improve solution by repack 0.0724697661918839->0.06960225745767266 , unplacedBoxesSize:1
currentRepackCostTime:35.805s , currentRepackMaxTime:236.89105639913234s
Selecting boards with low utilization for repacking...
iter7		 Improve solution by repack 0.9034654662725073->0.8860830421929589 , unplacedBoxesSize:5
currentRepackCostTime:37.758s , currentRepackMaxTime:236.89105639913234s
iter9		 Improve solution by repack 0.8860830421929589->0.8721573501746842 , unplacedBoxesSize:4
currentRepackCostTime:37.784s , currentRepackMaxTime:236.89105639913234s
iter4		 Improve solution by repack 0.8721573501746842->0.8668099973125504 , unplacedBoxesSize:4
currentRepackCostTime:37.791000000000004s , currentRepackMaxTime:236.89105639913234s
iter32		 Improve solution by repack 0.8668099973125504->0.17747110991668907 , unplacedBoxesSize:2
currentRepackCostTime:37.86s , currentRepackMaxTime:236.89105639913234s
iter24		 Improve solution by repack 0.17747110991668907->0.16833982800322492 , unplacedBoxesSize:2
currentRepackCostTime:37.907000000000004s , currentRepackMaxTime:236.89105639913234s
iter7		 Improve solution by repack 0.16833982800322492->0.15441413598495027 , unplacedBoxesSize:1
currentRepackCostTime:37.926s , currentRepackMaxTime:236.89105639913234s
iter79		 Improve solution by repack 0.15441413598495027->0.11377586670249933 , unplacedBoxesSize:1
currentRepackCostTime:38.064s , currentRepackMaxTime:236.89105639913234s
iter9		 Improve solution by repack 0.11377586670249933->0.1127882289707068 , unplacedBoxesSize:1
currentRepackCostTime:38.079s , currentRepackMaxTime:236.89105639913234s
iter111		 Improve solution by repack 0.1127882289707068->0.1070337274926095 , unplacedBoxesSize:1
currentRepackCostTime:38.287s , currentRepackMaxTime:236.89105639913234s
iter515		 Improve solution by repack 0.1070337274926095->0.09671324912657887 , unplacedBoxesSize:1
currentRepackCostTime:39.242s , currentRepackMaxTime:236.89105639913234s
iter179		 Improve solution by repack 0.09671324912657887->0.08340902983069066 , unplacedBoxesSize:1
currentRepackCostTime:39.559s , currentRepackMaxTime:236.89105639913234s
iter574		 Improve solution by repack 0.08340902983069066->0.0724697661918839 , unplacedBoxesSize:1
currentRepackCostTime:40.618s , currentRepackMaxTime:236.89105639913234s
iter67		 Improve solution by repack 0.0724697661918839->0.06960225745767266 , unplacedBoxesSize:1
currentRepackCostTime:40.763s , currentRepackMaxTime:236.89105639913234s
Selecting boards with low utilization for repacking...
iter5		 Improve solution by repack 0.8680126310131685->0.06960225745767266 , unplacedBoxesSize:1
currentRepackCostTime:42.739000000000004s , currentRepackMaxTime:236.89105639913234s
Selecting boards with low utilization for repacking...
iter1		 Improve solution by repack 0.9127640190808922->0.8794020424617038 , unplacedBoxesSize:3
currentRepackCostTime:44.696s , currentRepackMaxTime:236.89105639913234s
iter3		 Improve solution by repack 0.8794020424617038->0.06960225745767266 , unplacedBoxesSize:1
currentRepackCostTime:44.7s , currentRepackMaxTime:236.89105639913234s
Selecting boards with low utilization for repacking...
iter6		 Improve solution by repack 0.8976289975812953->0.8680126310131685 , unplacedBoxesSize:4
currentRepackCostTime:46.622s , currentRepackMaxTime:236.89105639913234s
iter10		 Improve solution by repack 0.8680126310131685->0.8662056570814297 , unplacedBoxesSize:4
currentRepackCostTime:46.644s , currentRepackMaxTime:236.89105639913234s
iter42		 Improve solution by repack 0.8662056570814297->0.8527922601451222 , unplacedBoxesSize:3
currentRepackCostTime:46.730000000000004s , currentRepackMaxTime:236.89105639913234s
iter33		 Improve solution by repack 0.8527922601451222->0.8481107229239452 , unplacedBoxesSize:3
currentRepackCostTime:46.784s , currentRepackMaxTime:236.89105639913234s
iter18		 Improve solution by repack 0.8481107229239452->0.8477156678312282 , unplacedBoxesSize:3
currentRepackCostTime:46.818s , currentRepackMaxTime:236.89105639913234s
iter10		 Improve solution by repack 0.8477156678312282->0.8467280300994356 , unplacedBoxesSize:3
currentRepackCostTime:46.838s , currentRepackMaxTime:236.89105639913234s
iter18		 Improve solution by repack 0.8467280300994356->0.2025503896801935 , unplacedBoxesSize:1
currentRepackCostTime:46.869s , currentRepackMaxTime:236.89105639913234s
iter331		 Improve solution by repack 0.2025503896801935->0.20095807578607902 , unplacedBoxesSize:2
currentRepackCostTime:47.401s , currentRepackMaxTime:236.89105639913234s
iter7		 Improve solution by repack 0.20095807578607902->0.18377317925288902 , unplacedBoxesSize:2
currentRepackCostTime:47.417s , currentRepackMaxTime:236.89105639913234s
iter3		 Improve solution by repack 0.18377317925288902->0.18337812416017202 , unplacedBoxesSize:2
currentRepackCostTime:47.423s , currentRepackMaxTime:236.89105639913234s
iter9		 Improve solution by repack 0.18337812416017202->0.18239048642837946 , unplacedBoxesSize:2
currentRepackCostTime:47.441s , currentRepackMaxTime:236.89105639913234s
iter17		 Improve solution by repack 0.18239048642837946->0.17382424079548509 , unplacedBoxesSize:1
currentRepackCostTime:47.469s , currentRepackMaxTime:236.89105639913234s
iter38		 Improve solution by repack 0.17382424079548509->0.1558787960225746 , unplacedBoxesSize:2
currentRepackCostTime:47.528s , currentRepackMaxTime:236.89105639913234s
iter9		 Improve solution by repack 0.1558787960225746->0.15301128728836333 , unplacedBoxesSize:2
currentRepackCostTime:47.547000000000004s , currentRepackMaxTime:236.89105639913234s
iter256		 Improve solution by repack 0.15301128728836333->0.1127882289707068 , unplacedBoxesSize:1
currentRepackCostTime:48.128s , currentRepackMaxTime:236.89105639913234s
iter426		 Improve solution by repack 0.1127882289707068->0.1078688524590164 , unplacedBoxesSize:1
currentRepackCostTime:48.891s , currentRepackMaxTime:236.89105639913234s
iter331		 Improve solution by repack 0.1078688524590164->0.06960225745767266 , unplacedBoxesSize:1
currentRepackCostTime:49.539s , currentRepackMaxTime:236.89105639913234s
Selecting boards with low utilization for repacking...
iter5		 Improve solution by repack 0.8947927304488041->0.8831832840634238 , unplacedBoxesSize:4
currentRepackCostTime:51.469s , currentRepackMaxTime:236.89105639913234s
iter28		 Improve solution by repack 0.8831832840634238->0.8821956463316313 , unplacedBoxesSize:4
currentRepackCostTime:51.522s , currentRepackMaxTime:236.89105639913234s
iter14		 Improve solution by repack 0.8821956463316313->0.8808129535071217 , unplacedBoxesSize:4
currentRepackCostTime:51.545s , currentRepackMaxTime:236.89105639913234s
iter42		 Improve solution by repack 0.8808129535071217->0.19246170384305294 , unplacedBoxesSize:2
currentRepackCostTime:51.636s , currentRepackMaxTime:236.89105639913234s
iter8		 Improve solution by repack 0.19246170384305294->0.17747110991668907 , unplacedBoxesSize:2
currentRepackCostTime:51.651s , currentRepackMaxTime:236.89105639913234s
iter14		 Improve solution by repack 0.17747110991668907->0.1127882289707068 , unplacedBoxesSize:1
currentRepackCostTime:51.683s , currentRepackMaxTime:236.89105639913234s
iter358		 Improve solution by repack 0.1127882289707068->0.1078688524590164 , unplacedBoxesSize:1
currentRepackCostTime:52.336s , currentRepackMaxTime:236.89105639913234s
Selecting boards with low utilization for repacking...
iter4		 Improve solution by repack 0.8858102660575115->0.1078688524590164 , unplacedBoxesSize:1
currentRepackCostTime:54.129s , currentRepackMaxTime:236.89105639913234s
iter414		 Improve solution by repack 0.1078688524590164->0.06960225745767266 , unplacedBoxesSize:1
currentRepackCostTime:54.903s , currentRepackMaxTime:236.89105639913234s
Selecting boards with low utilization for repacking...
iter5		 Improve solution by repack 0.9167999193765117->0.06960225745767266 , unplacedBoxesSize:1
currentRepackCostTime:56.851s , currentRepackMaxTime:236.89105639913234s
Selecting boards with low utilization for repacking...
iter3		 Improve solution by repack 0.919795730986294->0.9161482128460091 , unplacedBoxesSize:5
currentRepackCostTime:58.837s , currentRepackMaxTime:236.89105639913234s
iter8		 Improve solution by repack 0.9161482128460091->0.9012980381617844 , unplacedBoxesSize:4
currentRepackCostTime:58.856s , currentRepackMaxTime:236.89105639913234s
iter10		 Improve solution by repack 0.9012980381617844->0.8973038161784466 , unplacedBoxesSize:4
currentRepackCostTime:58.875s , currentRepackMaxTime:236.89105639913234s
iter31		 Improve solution by repack 0.8973038161784466->0.8952183552808385 , unplacedBoxesSize:4
currentRepackCostTime:58.937000000000005s , currentRepackMaxTime:236.89105639913234s
iter23		 Improve solution by repack 0.8952183552808385->0.16232128460091375 , unplacedBoxesSize:2
currentRepackCostTime:58.977000000000004s , currentRepackMaxTime:236.89105639913234s
iter378		 Improve solution by repack 0.16232128460091375->0.15441413598495027 , unplacedBoxesSize:1
currentRepackCostTime:59.823s , currentRepackMaxTime:236.89105639913234s
iter1		 Improve solution by repack 0.15441413598495027->0.13555495834453105 , unplacedBoxesSize:1
currentRepackCostTime:59.825s , currentRepackMaxTime:236.89105639913234s
iter664		 Improve solution by repack 0.13555495834453105->0.12615291588282718 , unplacedBoxesSize:1
currentRepackCostTime:61.014s , currentRepackMaxTime:236.89105639913234s
iter8		 Improve solution by repack 0.12615291588282718->0.11834990593926363 , unplacedBoxesSize:1
currentRepackCostTime:61.029s , currentRepackMaxTime:236.89105639913234s
Selecting boards with low utilization for repacking...
iter68		 Improve solution by repack 0.8213585057780166->0.8199324778285407 , unplacedBoxesSize:3
currentRepackCostTime:62.95s , currentRepackMaxTime:236.89105639913234s
iter61		 Improve solution by repack 0.8199324778285407->0.11834990593926363 , unplacedBoxesSize:1
currentRepackCostTime:63.06s , currentRepackMaxTime:236.89105639913234s
iter678		 Improve solution by repack 0.11834990593926363->0.10961703843052943 , unplacedBoxesSize:1
currentRepackCostTime:64.279s , currentRepackMaxTime:236.89105639913234s
iter693		 Improve solution by repack 0.10961703843052943->0.09671324912657887 , unplacedBoxesSize:1
currentRepackCostTime:65.552s , currentRepackMaxTime:236.89105639913234s
iter12		 Improve solution by repack 0.09671324912657887->0.08340902983069066 , unplacedBoxesSize:1
currentRepackCostTime:65.572s , currentRepackMaxTime:236.89105639913234s
Selecting boards with low utilization for repacking...
iter6		 Improve solution by repack 0.9203369389948938->0.08340902983069066 , unplacedBoxesSize:1
currentRepackCostTime:67.436s , currentRepackMaxTime:236.89105639913234s
Selecting boards with low utilization for repacking...
iter1		 Improve solution by repack 0.9218059661381349->0.9059560601988713 , unplacedBoxesSize:4
currentRepackCostTime:69.346s , currentRepackMaxTime:236.89105639913234s
iter2		 Improve solution by repack 0.9059560601988713->0.17285810266057514 , unplacedBoxesSize:1
currentRepackCostTime:69.349s , currentRepackMaxTime:236.89105639913234s
iter13		 Improve solution by repack 0.17285810266057514->0.16681805966138133 , unplacedBoxesSize:2
currentRepackCostTime:69.37s , currentRepackMaxTime:236.89105639913234s
iter27		 Improve solution by repack 0.16681805966138133->0.15644181671593657 , unplacedBoxesSize:1
currentRepackCostTime:69.422s , currentRepackMaxTime:236.89105639913234s
iter10		 Improve solution by repack 0.15644181671593657->0.15565170653050253 , unplacedBoxesSize:1
currentRepackCostTime:69.43900000000001s , currentRepackMaxTime:236.89105639913234s
iter245		 Improve solution by repack 0.15565170653050253->0.15441413598495027 , unplacedBoxesSize:1
currentRepackCostTime:69.828s , currentRepackMaxTime:236.89105639913234s
iter16		 Improve solution by repack 0.15441413598495027->0.15298810803547433 , unplacedBoxesSize:1
currentRepackCostTime:69.857s , currentRepackMaxTime:236.89105639913234s
Selecting boards with low utilization for repacking...
iter13		 Improve solution by repack 0.8853708680462241->0.15298810803547433 , unplacedBoxesSize:1
currentRepackCostTime:71.643s , currentRepackMaxTime:236.89105639913234s
iter741		 Improve solution by repack 0.15298810803547433->0.14439364418167158 , unplacedBoxesSize:1
currentRepackCostTime:72.974s , currentRepackMaxTime:236.89105639913234s
iter975		 Improve solution by repack 0.14439364418167158->0.14415748454716476 , unplacedBoxesSize:1
currentRepackCostTime:74.735s , currentRepackMaxTime:236.89105639913234s
iter15		 Improve solution by repack 0.14415748454716476->0.13660239183015319 , unplacedBoxesSize:1
currentRepackCostTime:74.757s , currentRepackMaxTime:236.89105639913234s
iter15		 Improve solution by repack 0.13660239183015319->0.13337946788497715 , unplacedBoxesSize:1
currentRepackCostTime:74.786s , currentRepackMaxTime:236.89105639913234s
iter63		 Improve solution by repack 0.13337946788497715->0.11975309056705186 , unplacedBoxesSize:1
currentRepackCostTime:74.9s , currentRepackMaxTime:236.89105639913234s
iter9		 Improve solution by repack 0.11975309056705186->0.11885245901639344 , unplacedBoxesSize:1
currentRepackCostTime:74.917s , currentRepackMaxTime:236.89105639913234s
iter855		 Improve solution by repack 0.11885245901639344->0.11377586670249933 , unplacedBoxesSize:1
currentRepackCostTime:76.436s , currentRepackMaxTime:236.89105639913234s
iter33		 Improve solution by repack 0.11377586670249933->0.10923273313625369 , unplacedBoxesSize:1
currentRepackCostTime:76.492s , currentRepackMaxTime:236.89105639913234s
iter17		 Improve solution by repack 0.10923273313625369->0.10778352593388874 , unplacedBoxesSize:1
currentRepackCostTime:76.532s , currentRepackMaxTime:236.89105639913234s
iter86		 Improve solution by repack 0.10778352593388874->0.1070337274926095 , unplacedBoxesSize:1
currentRepackCostTime:76.672s , currentRepackMaxTime:236.89105639913234s
iter393		 Improve solution by repack 0.1070337274926095->0.1023189330825047 , unplacedBoxesSize:1
currentRepackCostTime:77.406s , currentRepackMaxTime:236.89105639913234s
iter4		 Improve solution by repack 0.1023189330825047->0.09904763504434293 , unplacedBoxesSize:1
currentRepackCostTime:77.415s , currentRepackMaxTime:236.89105639913234s
iter11		 Improve solution by repack 0.09904763504434293->0.08340902983069066 , unplacedBoxesSize:1
currentRepackCostTime:77.43s , currentRepackMaxTime:236.89105639913234s
iter208		 Improve solution by repack 0.08340902983069066->0.0724697661918839 , unplacedBoxesSize:1
currentRepackCostTime:77.821s , currentRepackMaxTime:236.89105639913234s
iter141		 Improve solution by repack 0.0724697661918839->0.06960225745767266 , unplacedBoxesSize:1
currentRepackCostTime:78.10300000000001s , currentRepackMaxTime:236.89105639913234s
iter983		 Improve solution by repack 0.06960225745767266->0.05487368986831497 , unplacedBoxesSize:1
currentRepackCostTime:80.039s , currentRepackMaxTime:236.89105639913234s
Selecting boards with low utilization for repacking...
iter7		 Improve solution by repack 0.892262137866165->0.8771271163665681 , unplacedBoxesSize:5
currentRepackCostTime:82.034s , currentRepackMaxTime:236.89105639913234s
iter24		 Improve solution by repack 0.8771271163665681->0.05487368986831497 , unplacedBoxesSize:1
currentRepackCostTime:82.107s , currentRepackMaxTime:236.89105639913234s
Selecting boards with low utilization for repacking...
iter52		 Improve solution by repack 0.8771271163665681->0.8757010884170923 , unplacedBoxesSize:5
currentRepackCostTime:84.289s , currentRepackMaxTime:236.89105639913234s
iter59		 Improve solution by repack 0.8757010884170923->0.8669762832571889 , unplacedBoxesSize:3
currentRepackCostTime:84.447s , currentRepackMaxTime:236.89105639913234s
iter10		 Improve solution by repack 0.8669762832571889->0.15298810803547433 , unplacedBoxesSize:1
currentRepackCostTime:84.461s , currentRepackMaxTime:236.89105639913234s
iter186		 Improve solution by repack 0.15298810803547433->0.1127882289707068 , unplacedBoxesSize:1
currentRepackCostTime:84.775s , currentRepackMaxTime:236.89105639913234s
iter8		 Improve solution by repack 0.1127882289707068->0.1070337274926095 , unplacedBoxesSize:1
currentRepackCostTime:84.788s , currentRepackMaxTime:236.89105639913234s
Selecting boards with low utilization for repacking...
iter10		 Improve solution by repack 0.8794020424617038->0.1070337274926095 , unplacedBoxesSize:1
currentRepackCostTime:86.674s , currentRepackMaxTime:236.89105639913234s
Selecting boards with low utilization for repacking...
iter9		 Improve solution by repack 0.8943825584520291->0.8630220370868046 , unplacedBoxesSize:3
currentRepackCostTime:88.53s , currentRepackMaxTime:236.89105639913234s
iter25		 Improve solution by repack 0.8630220370868046->0.8583818194033862 , unplacedBoxesSize:3
currentRepackCostTime:88.569s , currentRepackMaxTime:236.89105639913234s
iter1		 Improve solution by repack 0.8583818194033862->0.1070337274926095 , unplacedBoxesSize:1
currentRepackCostTime:88.571s , currentRepackMaxTime:236.89105639913234s
Selecting boards with low utilization for repacking...
iter4		 Improve solution by repack 0.9224213920988982->0.9183972722386455 , unplacedBoxesSize:8
currentRepackCostTime:90.415s , currentRepackMaxTime:236.89105639913234s
iter2		 Improve solution by repack 0.9183972722386455->0.905941951088417 , unplacedBoxesSize:8
currentRepackCostTime:90.418s , currentRepackMaxTime:236.89105639913234s
iter20		 Improve solution by repack 0.905941951088417->0.874436979306638 , unplacedBoxesSize:4
currentRepackCostTime:90.488s , currentRepackMaxTime:236.89105639913234s
iter19		 Improve solution by repack 0.874436979306638->0.22080959419510884 , unplacedBoxesSize:2
currentRepackCostTime:90.525s , currentRepackMaxTime:236.89105639913234s
iter30		 Improve solution by repack 0.22080959419510884->0.22061206664875033 , unplacedBoxesSize:2
currentRepackCostTime:90.60000000000001s , currentRepackMaxTime:236.89105639913234s
iter27		 Improve solution by repack 0.22061206664875033->0.21982195646331634 , unplacedBoxesSize:2
currentRepackCostTime:90.652s , currentRepackMaxTime:236.89105639913234s
iter227		 Improve solution by repack 0.21982195646331634->0.21626646062886323 , unplacedBoxesSize:2
currentRepackCostTime:91.122s , currentRepackMaxTime:236.89105639913234s
iter17		 Improve solution by repack 0.21626646062886323->0.21500470303681804 , unplacedBoxesSize:2
currentRepackCostTime:91.16s , currentRepackMaxTime:236.89105639913234s
iter46		 Improve solution by repack 0.21500470303681804->0.21131550658425152 , unplacedBoxesSize:2
currentRepackCostTime:91.262s , currentRepackMaxTime:236.89105639913234s
iter68		 Improve solution by repack 0.21131550658425152->0.19047433485622142 , unplacedBoxesSize:2
currentRepackCostTime:91.41s , currentRepackMaxTime:236.89105639913234s
iter43		 Improve solution by repack 0.19047433485622142->0.1644907282988444 , unplacedBoxesSize:2
currentRepackCostTime:91.511s , currentRepackMaxTime:236.89105639913234s
iter143		 Improve solution by repack 0.1644907282988444->0.13828271969900566 , unplacedBoxesSize:2
currentRepackCostTime:91.83800000000001s , currentRepackMaxTime:236.89105639913234s
iter55		 Improve solution by repack 0.13828271969900566->0.11377586670249933 , unplacedBoxesSize:1
currentRepackCostTime:91.971s , currentRepackMaxTime:236.89105639913234s
iter12		 Improve solution by repack 0.11377586670249933->0.1129857565170653 , unplacedBoxesSize:1
currentRepackCostTime:91.994s , currentRepackMaxTime:236.89105639913234s
iter78		 Improve solution by repack 0.1129857565170653->0.1127882289707068 , unplacedBoxesSize:1
currentRepackCostTime:92.145s , currentRepackMaxTime:236.89105639913234s
iter396		 Improve solution by repack 0.1127882289707068->0.1070337274926095 , unplacedBoxesSize:1
currentRepackCostTime:92.846s , currentRepackMaxTime:236.89105639913234s
Selecting boards with low utilization for repacking...
iter1		 Improve solution by repack 0.8842038430529428->0.8702781510346682 , unplacedBoxesSize:4
currentRepackCostTime:94.708s , currentRepackMaxTime:236.89105639913234s
iter10		 Improve solution by repack 0.8702781510346682->0.8638087879602258 , unplacedBoxesSize:5
currentRepackCostTime:94.73100000000001s , currentRepackMaxTime:236.89105639913234s
iter5		 Improve solution by repack 0.8638087879602258->0.8631590970169309 , unplacedBoxesSize:5
currentRepackCostTime:94.745s , currentRepackMaxTime:236.89105639913234s
iter29		 Improve solution by repack 0.8631590970169309->0.8592770760548241 , unplacedBoxesSize:3
currentRepackCostTime:94.82600000000001s , currentRepackMaxTime:236.89105639913234s
iter26		 Improve solution by repack 0.8592770760548241->0.8570558989518946 , unplacedBoxesSize:3
currentRepackCostTime:94.875s , currentRepackMaxTime:236.89105639913234s
iter19		 Improve solution by repack 0.8570558989518946->0.8562657887664605 , unplacedBoxesSize:3
currentRepackCostTime:94.901s , currentRepackMaxTime:236.89105639913234s
iter71		 Improve solution by repack 0.8562657887664605->0.3960649019080892 , unplacedBoxesSize:3
currentRepackCostTime:95.015s , currentRepackMaxTime:236.89105639913234s
iter80		 Improve solution by repack 0.3960649019080892->0.3349805159903252 , unplacedBoxesSize:3
currentRepackCostTime:95.193s , currentRepackMaxTime:236.89105639913234s
iter14		 Improve solution by repack 0.3349805159903252->0.3345854608976082 , unplacedBoxesSize:3
currentRepackCostTime:95.238s , currentRepackMaxTime:236.89105639913234s
iter9		 Improve solution by repack 0.3345854608976082->0.33438793335124967 , unplacedBoxesSize:3
currentRepackCostTime:95.258s , currentRepackMaxTime:236.89105639913234s
iter43		 Improve solution by repack 0.33438793335124967->0.33340029561945717 , unplacedBoxesSize:3
currentRepackCostTime:95.354s , currentRepackMaxTime:236.89105639913234s
iter2		 Improve solution by repack 0.33340029561945717->0.3326101854340231 , unplacedBoxesSize:3
currentRepackCostTime:95.35900000000001s , currentRepackMaxTime:236.89105639913234s
iter23		 Improve solution by repack 0.3326101854340231->0.32750067186240256 , unplacedBoxesSize:1
currentRepackCostTime:95.413s , currentRepackMaxTime:236.89105639913234s
iter23		 Improve solution by repack 0.32750067186240256->0.2970814297231927 , unplacedBoxesSize:1
currentRepackCostTime:95.44800000000001s , currentRepackMaxTime:236.89105639913234s
iter2		 Improve solution by repack 0.2970814297231927->0.1953587745229777 , unplacedBoxesSize:1
currentRepackCostTime:95.45100000000001s , currentRepackMaxTime:236.89105639913234s
iter44		 Improve solution by repack 0.1953587745229777->0.19342649825315775 , unplacedBoxesSize:2
currentRepackCostTime:95.521s , currentRepackMaxTime:236.89105639913234s
iter81		 Improve solution by repack 0.19342649825315775->0.13537960225745768 , unplacedBoxesSize:2
currentRepackCostTime:95.69800000000001s , currentRepackMaxTime:236.89105639913234s
iter39		 Improve solution by repack 0.13537960225745768->0.12285944638538028 , unplacedBoxesSize:1
currentRepackCostTime:95.792s , currentRepackMaxTime:236.89105639913234s
iter15		 Improve solution by repack 0.12285944638538028->0.11834990593926363 , unplacedBoxesSize:1
currentRepackCostTime:95.821s , currentRepackMaxTime:236.89105639913234s
iter50		 Improve solution by repack 0.11834990593926363->0.11515855952700887 , unplacedBoxesSize:1
currentRepackCostTime:95.912s , currentRepackMaxTime:236.89105639913234s
iter2		 Improve solution by repack 0.11515855952700887->0.11417092179521635 , unplacedBoxesSize:1
currentRepackCostTime:95.916s , currentRepackMaxTime:236.89105639913234s
iter11		 Improve solution by repack 0.11417092179521635->0.11377586670249933 , unplacedBoxesSize:1
currentRepackCostTime:95.933s , currentRepackMaxTime:236.89105639913234s
iter8		 Improve solution by repack 0.11377586670249933->0.1070337274926095 , unplacedBoxesSize:1
currentRepackCostTime:95.947s , currentRepackMaxTime:236.89105639913234s
Selecting boards with low utilization for repacking...
iter6		 Improve solution by repack 0.8950765923138941->0.8583818194033862 , unplacedBoxesSize:3
currentRepackCostTime:97.837s , currentRepackMaxTime:236.89105639913234s
iter4		 Improve solution by repack 0.8583818194033862->0.1070337274926095 , unplacedBoxesSize:1
currentRepackCostTime:97.842s , currentRepackMaxTime:236.89105639913234s
iter20		 Improve solution by repack 0.1070337274926095->0.10317287019618382 , unplacedBoxesSize:1
currentRepackCostTime:97.878s , currentRepackMaxTime:236.89105639913234s
iter5		 Improve solution by repack 0.10317287019618382->0.09671324912657887 , unplacedBoxesSize:1
currentRepackCostTime:97.885s , currentRepackMaxTime:236.89105639913234s
Selecting boards with low utilization for repacking...
iter2		 Improve solution by repack 0.924428916957807->0.894237772104273 , unplacedBoxesSize:4
currentRepackCostTime:99.809s , currentRepackMaxTime:236.89105639913234s
iter4		 Improve solution by repack 0.894237772104273->0.09671324912657887 , unplacedBoxesSize:1
currentRepackCostTime:99.821s , currentRepackMaxTime:236.89105639913234s
Selecting boards with low utilization for repacking...
iter3		 Improve solution by repack 0.924428916957807->0.9070464928782586 , unplacedBoxesSize:4
currentRepackCostTime:101.752s , currentRepackMaxTime:236.89105639913234s
iter7		 Improve solution by repack 0.9070464928782586->0.8953056973931738 , unplacedBoxesSize:2
currentRepackCostTime:101.765s , currentRepackMaxTime:236.89105639913234s
iter16		 Improve solution by repack 0.8953056973931738->0.2970814297231927 , unplacedBoxesSize:1
currentRepackCostTime:101.783s , currentRepackMaxTime:236.89105639913234s
iter68		 Improve solution by repack 0.2970814297231927->0.2950433351249664 , unplacedBoxesSize:3
currentRepackCostTime:101.896s , currentRepackMaxTime:236.89105639913234s
iter21		 Improve solution by repack 0.2950433351249664->0.2946482800322494 , unplacedBoxesSize:3
currentRepackCostTime:101.958s , currentRepackMaxTime:236.89105639913234s
iter6		 Improve solution by repack 0.2946482800322494->0.26676397473797364 , unplacedBoxesSize:2
currentRepackCostTime:101.971s , currentRepackMaxTime:236.89105639913234s
iter52		 Improve solution by repack 0.26676397473797364->0.26577633700618114 , unplacedBoxesSize:2
currentRepackCostTime:102.072s , currentRepackMaxTime:236.89105639913234s
iter14		 Improve solution by repack 0.26577633700618114->0.26157753292125774 , unplacedBoxesSize:2
currentRepackCostTime:102.098s , currentRepackMaxTime:236.89105639913234s
iter23		 Improve solution by repack 0.26157753292125774->0.1260225745767267 , unplacedBoxesSize:1
currentRepackCostTime:102.146s , currentRepackMaxTime:236.89105639913234s
iter90		 Improve solution by repack 0.1260225745767267->0.1137704918032787 , unplacedBoxesSize:1
currentRepackCostTime:102.33s , currentRepackMaxTime:236.89105639913234s
iter15		 Improve solution by repack 0.1137704918032787->0.1127882289707068 , unplacedBoxesSize:1
currentRepackCostTime:102.357s , currentRepackMaxTime:236.89105639913234s
iter39		 Improve solution by repack 0.1127882289707068->0.08340902983069066 , unplacedBoxesSize:1
currentRepackCostTime:102.429s , currentRepackMaxTime:236.89105639913234s
Selecting boards with low utilization for repacking...
iter2		 Improve solution by repack 0.9268476216070949->0.894237772104273 , unplacedBoxesSize:4
currentRepackCostTime:104.306s , currentRepackMaxTime:236.89105639913234s
iter15		 Improve solution by repack 0.894237772104273->0.8903890083310938 , unplacedBoxesSize:4
currentRepackCostTime:104.334s , currentRepackMaxTime:236.89105639913234s
iter2		 Improve solution by repack 0.8903890083310938->0.8852129803816179 , unplacedBoxesSize:4
currentRepackCostTime:104.33800000000001s , currentRepackMaxTime:236.89105639913234s
iter26		 Improve solution by repack 0.8852129803816179->0.8764384574039237 , unplacedBoxesSize:4
currentRepackCostTime:104.391s , currentRepackMaxTime:236.89105639913234s
iter10		 Improve solution by repack 0.8764384574039237->0.8590560333243751 , unplacedBoxesSize:4
currentRepackCostTime:104.416s , currentRepackMaxTime:236.89105639913234s
iter19		 Improve solution by repack 0.8590560333243751->0.15644181671593657 , unplacedBoxesSize:1
currentRepackCostTime:104.462s , currentRepackMaxTime:236.89105639913234s
iter76		 Improve solution by repack 0.15644181671593657->0.14903386186509002 , unplacedBoxesSize:1
currentRepackCostTime:104.589s , currentRepackMaxTime:236.89105639913234s
iter7		 Improve solution by repack 0.14903386186509002->0.14439364418167158 , unplacedBoxesSize:1
currentRepackCostTime:104.599s , currentRepackMaxTime:236.89105639913234s
iter81		 Improve solution by repack 0.14439364418167158->0.13140352055898952 , unplacedBoxesSize:2
currentRepackCostTime:104.746s , currentRepackMaxTime:236.89105639913234s
iter191		 Improve solution by repack 0.13140352055898952->0.13135581832840634 , unplacedBoxesSize:1
currentRepackCostTime:105.181s , currentRepackMaxTime:236.89105639913234s
iter1		 Improve solution by repack 0.13135581832840634->0.1260225745767267 , unplacedBoxesSize:1
currentRepackCostTime:105.182s , currentRepackMaxTime:236.89105639913234s
iter120		 Improve solution by repack 0.1260225745767267->0.1070337274926095 , unplacedBoxesSize:1
currentRepackCostTime:105.388s , currentRepackMaxTime:236.89105639913234s
iter11		 Improve solution by repack 0.1070337274926095->0.08738511152915883 , unplacedBoxesSize:1
currentRepackCostTime:105.412s , currentRepackMaxTime:236.89105639913234s
iter2		 Improve solution by repack 0.08738511152915883->0.08340902983069066 , unplacedBoxesSize:1
currentRepackCostTime:105.417s , currentRepackMaxTime:236.89105639913234s
iter59		 Improve solution by repack 0.08340902983069066->0.04799449072829884 , unplacedBoxesSize:1
currentRepackCostTime:105.525s , currentRepackMaxTime:236.89105639913234s
Selecting boards with low utilization for repacking...
iter5		 Improve solution by repack 0.8842246707874227->0.8794020424617038 , unplacedBoxesSize:3
currentRepackCostTime:107.643s , currentRepackMaxTime:236.89105639913234s
iter36		 Improve solution by repack 0.8794020424617038->0.8643160440741736 , unplacedBoxesSize:2
currentRepackCostTime:107.693s , currentRepackMaxTime:236.89105639913234s
iter50		 Improve solution by repack 0.8643160440741736->0.15644181671593657 , unplacedBoxesSize:1
currentRepackCostTime:107.757s , currentRepackMaxTime:236.89105639913234s
iter12		 Improve solution by repack 0.15644181671593657->0.15441413598495027 , unplacedBoxesSize:1
currentRepackCostTime:107.773s , currentRepackMaxTime:236.89105639913234s
iter10		 Improve solution by repack 0.15441413598495027->0.11065573770491803 , unplacedBoxesSize:1
currentRepackCostTime:107.792s , currentRepackMaxTime:236.89105639913234s
iter9		 Improve solution by repack 0.11065573770491803->0.10797097554420855 , unplacedBoxesSize:1
currentRepackCostTime:107.812s , currentRepackMaxTime:236.89105639913234s
iter1		 Improve solution by repack 0.10797097554420855->0.10778352593388874 , unplacedBoxesSize:1
currentRepackCostTime:107.815s , currentRepackMaxTime:236.89105639913234s
iter38		 Improve solution by repack 0.10778352593388874->0.1070337274926095 , unplacedBoxesSize:1
currentRepackCostTime:107.886s , currentRepackMaxTime:236.89105639913234s
iter300		 Improve solution by repack 0.1070337274926095->0.09271902714324107 , unplacedBoxesSize:1
currentRepackCostTime:108.462s , currentRepackMaxTime:236.89105639913234s
iter63		 Improve solution by repack 0.09271902714324107->0.0724697661918839 , unplacedBoxesSize:1
currentRepackCostTime:108.58200000000001s , currentRepackMaxTime:236.89105639913234s
iter16		 Improve solution by repack 0.0724697661918839->0.06960225745767266 , unplacedBoxesSize:1
currentRepackCostTime:108.611s , currentRepackMaxTime:236.89105639913234s
Selecting boards with low utilization for repacking...
iter30		 Improve solution by repack 0.8837033055630208->0.8710077936038699 , unplacedBoxesSize:3
currentRepackCostTime:110.623s , currentRepackMaxTime:236.89105639913234s
iter19		 Improve solution by repack 0.8710077936038699->0.8635578473528621 , unplacedBoxesSize:3
currentRepackCostTime:110.652s , currentRepackMaxTime:236.89105639913234s
iter2		 Improve solution by repack 0.8635578473528621->0.848641158290782 , unplacedBoxesSize:3
currentRepackCostTime:110.654s , currentRepackMaxTime:236.89105639913234s
iter26		 Improve solution by repack 0.848641158290782->0.8446704514915344 , unplacedBoxesSize:3
currentRepackCostTime:110.69500000000001s , currentRepackMaxTime:236.89105639913234s
iter47		 Improve solution by repack 0.8446704514915344->0.14439364418167158 , unplacedBoxesSize:1
currentRepackCostTime:110.77s , currentRepackMaxTime:236.89105639913234s
iter38		 Improve solution by repack 0.14439364418167158->0.13555495834453105 , unplacedBoxesSize:1
currentRepackCostTime:110.842s , currentRepackMaxTime:236.89105639913234s
iter35		 Improve solution by repack 0.13555495834453105->0.08738511152915883 , unplacedBoxesSize:1
currentRepackCostTime:110.913s , currentRepackMaxTime:236.89105639913234s
iter147		 Improve solution by repack 0.08738511152915883->0.08340902983069066 , unplacedBoxesSize:1
currentRepackCostTime:111.187s , currentRepackMaxTime:236.89105639913234s
Selecting boards with low utilization for repacking...
iter2		 Improve solution by repack 0.9284762160709487->0.9014095673206127 , unplacedBoxesSize:4
currentRepackCostTime:113.132s , currentRepackMaxTime:236.89105639913234s
iter18		 Improve solution by repack 0.9014095673206127->0.15644181671593657 , unplacedBoxesSize:1
currentRepackCostTime:113.164s , currentRepackMaxTime:236.89105639913234s
iter17		 Improve solution by repack 0.15644181671593657->0.15565170653050253 , unplacedBoxesSize:1
currentRepackCostTime:113.197s , currentRepackMaxTime:236.89105639913234s
iter27		 Improve solution by repack 0.15565170653050253->0.12434560601988713 , unplacedBoxesSize:1
currentRepackCostTime:113.253s , currentRepackMaxTime:236.89105639913234s
iter29		 Improve solution by repack 0.12434560601988713->0.08340902983069066 , unplacedBoxesSize:1
currentRepackCostTime:113.302s , currentRepackMaxTime:236.89105639913234s
iter654		 Improve solution by repack 0.08340902983069066->0.06312951222789573 , unplacedBoxesSize:2
currentRepackCostTime:114.48100000000001s , currentRepackMaxTime:236.89105639913234s
iter2		 Improve solution by repack 0.06312951222789573->0.04799449072829884 , unplacedBoxesSize:1
currentRepackCostTime:114.486s , currentRepackMaxTime:236.89105639913234s
Selecting boards with low utilization for repacking...
iter1		 Improve solution by repack 0.9302660575114217->0.04799449072829884 , unplacedBoxesSize:1
currentRepackCostTime:116.473s , currentRepackMaxTime:236.89105639913234s
Selecting boards with low utilization for repacking...
iter6		 Improve solution by repack 0.9303053614619726->0.8794020424617038 , unplacedBoxesSize:3
currentRepackCostTime:118.554s , currentRepackMaxTime:236.89105639913234s
iter33		 Improve solution by repack 0.8794020424617038->0.8757293066380004 , unplacedBoxesSize:3
currentRepackCostTime:118.60300000000001s , currentRepackMaxTime:236.89105639913234s
iter2		 Improve solution by repack 0.8757293066380004->0.8693133566245633 , unplacedBoxesSize:4
currentRepackCostTime:118.605s , currentRepackMaxTime:236.89105639913234s
iter13		 Improve solution by repack 0.8693133566245633->0.04799449072829884 , unplacedBoxesSize:1
currentRepackCostTime:118.628s , currentRepackMaxTime:236.89105639913234s
Selecting boards with low utilization for repacking...
iter8		 Improve solution by repack 0.9317858102660574->0.9295579145391023 , unplacedBoxesSize:4
currentRepackCostTime:120.653s , currentRepackMaxTime:236.89105639913234s
iter5		 Improve solution by repack 0.9295579145391023->0.8698310266057511 , unplacedBoxesSize:5
currentRepackCostTime:120.663s , currentRepackMaxTime:236.89105639913234s
iter19		 Improve solution by repack 0.8698310266057511->0.8559053345874765 , unplacedBoxesSize:4
currentRepackCostTime:120.71000000000001s , currentRepackMaxTime:236.89105639913234s
iter10		 Improve solution by repack 0.8559053345874765->0.8434829346949745 , unplacedBoxesSize:3
currentRepackCostTime:120.727s , currentRepackMaxTime:236.89105639913234s
iter31		 Improve solution by repack 0.8434829346949745->0.04799449072829884 , unplacedBoxesSize:1
currentRepackCostTime:120.78s , currentRepackMaxTime:236.89105639913234s
Selecting boards with low utilization for repacking...
iter6		 Improve solution by repack 0.8434829346949745->0.8390325181402848 , unplacedBoxesSize:4
currentRepackCostTime:122.881s , currentRepackMaxTime:236.89105639913234s
iter1		 Improve solution by repack 0.8390325181402848->0.8332377049180328 , unplacedBoxesSize:4
currentRepackCostTime:122.883s , currentRepackMaxTime:236.89105639913234s
iter7		 Improve solution by repack 0.8332377049180328->0.8316618516527815 , unplacedBoxesSize:4
currentRepackCostTime:122.898s , currentRepackMaxTime:236.89105639913234s
iter4		 Improve solution by repack 0.8316618516527815->0.04799449072829884 , unplacedBoxesSize:1
currentRepackCostTime:122.905s , currentRepackMaxTime:236.89105639913234s
Selecting boards with low utilization for repacking...
iter3		 Improve solution by repack 0.8671630610051062->0.04799449072829884 , unplacedBoxesSize:1
currentRepackCostTime:125.023s , currentRepackMaxTime:236.89105639913234s
Selecting boards with low utilization for repacking...
iter2		 Improve solution by repack 0.872967952163397->0.11377586670249933 , unplacedBoxesSize:1
currentRepackCostTime:127.09700000000001s , currentRepackMaxTime:236.89105639913234s
iter6		 Improve solution by repack 0.11377586670249933->0.1127882289707068 , unplacedBoxesSize:1
currentRepackCostTime:127.10900000000001s , currentRepackMaxTime:236.89105639913234s
iter2		 Improve solution by repack 0.1127882289707068->0.10797097554420855 , unplacedBoxesSize:1
currentRepackCostTime:127.114s , currentRepackMaxTime:236.89105639913234s
iter3		 Improve solution by repack 0.10797097554420855->0.04799449072829884 , unplacedBoxesSize:1
currentRepackCostTime:127.11800000000001s , currentRepackMaxTime:236.89105639913234s
Selecting boards with low utilization for repacking...
iter5		 Improve solution by repack 0.9036136119322763->0.9003782585326525 , unplacedBoxesSize:4
currentRepackCostTime:129.186s , currentRepackMaxTime:236.89105639913234s
iter13		 Improve solution by repack 0.9003782585326525->0.8986838215533458 , unplacedBoxesSize:5
currentRepackCostTime:129.21s , currentRepackMaxTime:236.89105639913234s
iter1		 Improve solution by repack 0.8986838215533458->0.8941306100510616 , unplacedBoxesSize:3
currentRepackCostTime:129.212s , currentRepackMaxTime:236.89105639913234s
iter13		 Improve solution by repack 0.8941306100510616->0.8901666218758398 , unplacedBoxesSize:5
currentRepackCostTime:129.231s , currentRepackMaxTime:236.89105639913234s
iter1		 Improve solution by repack 0.8901666218758398->0.8843415748454717 , unplacedBoxesSize:4
currentRepackCostTime:129.233s , currentRepackMaxTime:236.89105639913234s
iter23		 Improve solution by repack 0.8843415748454717->0.8710991668906207 , unplacedBoxesSize:4
currentRepackCostTime:129.278s , currentRepackMaxTime:236.89105639913234s
iter19		 Improve solution by repack 0.8710991668906207->0.10961703843052943 , unplacedBoxesSize:1
currentRepackCostTime:129.31900000000002s , currentRepackMaxTime:236.89105639913234s
iter20		 Improve solution by repack 0.10961703843052943->0.1078688524590164 , unplacedBoxesSize:1
currentRepackCostTime:129.363s , currentRepackMaxTime:236.89105639913234s
iter34		 Improve solution by repack 0.1078688524590164->0.10778352593388874 , unplacedBoxesSize:1
currentRepackCostTime:129.434s , currentRepackMaxTime:236.89105639913234s
iter88		 Improve solution by repack 0.10778352593388874->0.1070337274926095 , unplacedBoxesSize:1
currentRepackCostTime:129.617s , currentRepackMaxTime:236.89105639913234s
iter155		 Improve solution by repack 0.1070337274926095->0.10286818059661382 , unplacedBoxesSize:2
currentRepackCostTime:129.927s , currentRepackMaxTime:236.89105639913234s
iter28		 Improve solution by repack 0.10286818059661382->0.09671324912657887 , unplacedBoxesSize:1
currentRepackCostTime:129.997s , currentRepackMaxTime:236.89105639913234s
iter245		 Improve solution by repack 0.09671324912657887->0.09598898145659768 , unplacedBoxesSize:2
currentRepackCostTime:130.448s , currentRepackMaxTime:236.89105639913234s
iter11		 Improve solution by repack 0.09598898145659768->0.09271902714324107 , unplacedBoxesSize:1
currentRepackCostTime:130.479s , currentRepackMaxTime:236.89105639913234s
iter395		 Improve solution by repack 0.09271902714324107->0.08340902983069066 , unplacedBoxesSize:1
currentRepackCostTime:131.249s , currentRepackMaxTime:236.89105639913234s
iter173		 Improve solution by repack 0.08340902983069066->0.0724697661918839 , unplacedBoxesSize:1
currentRepackCostTime:131.591s , currentRepackMaxTime:236.89105639913234s
iter53		 Improve solution by repack 0.0724697661918839->0.06960225745767266 , unplacedBoxesSize:1
currentRepackCostTime:131.706s , currentRepackMaxTime:236.89105639913234s
Selecting boards with low utilization for repacking...
iter5		 Improve solution by repack 0.9291786482128459->0.9205499193765116 , unplacedBoxesSize:6
currentRepackCostTime:133.72s , currentRepackMaxTime:236.89105639913234s
iter6		 Improve solution by repack 0.9205499193765116->0.16232128460091375 , unplacedBoxesSize:2
currentRepackCostTime:133.741s , currentRepackMaxTime:236.89105639913234s
iter92		 Improve solution by repack 0.16232128460091375->0.15301128728836333 , unplacedBoxesSize:2
currentRepackCostTime:133.958s , currentRepackMaxTime:236.89105639913234s
iter86		 Improve solution by repack 0.15301128728836333->0.10778352593388874 , unplacedBoxesSize:1
currentRepackCostTime:134.151s , currentRepackMaxTime:236.89105639913234s
iter13		 Improve solution by repack 0.10778352593388874->0.1070337274926095 , unplacedBoxesSize:1
currentRepackCostTime:134.178s , currentRepackMaxTime:236.89105639913234s
iter271		 Improve solution by repack 0.1070337274926095->0.06960225745767266 , unplacedBoxesSize:1
currentRepackCostTime:134.69400000000002s , currentRepackMaxTime:236.89105639913234s
Selecting boards with low utilization for repacking...
iter4		 Improve solution by repack 0.8775419914001613->0.8757293066380004 , unplacedBoxesSize:3
currentRepackCostTime:136.612s , currentRepackMaxTime:236.89105639913234s
iter1		 Improve solution by repack 0.8757293066380004->0.8693133566245633 , unplacedBoxesSize:4
currentRepackCostTime:136.614s , currentRepackMaxTime:236.89105639913234s
iter11		 Improve solution by repack 0.8693133566245633->0.06960225745767266 , unplacedBoxesSize:1
currentRepackCostTime:136.643s , currentRepackMaxTime:236.89105639913234s
Selecting boards with low utilization for repacking...
iter35		 Improve solution by repack 0.8693133566245633->0.8581987368986831 , unplacedBoxesSize:4
currentRepackCostTime:138.654s , currentRepackMaxTime:236.89105639913234s
iter2		 Improve solution by repack 0.8581987368986831->0.8442730448804086 , unplacedBoxesSize:3
currentRepackCostTime:138.65800000000002s , currentRepackMaxTime:236.89105639913234s
iter6		 Improve solution by repack 0.8442730448804086->0.8417381080354743 , unplacedBoxesSize:4
currentRepackCostTime:138.666s , currentRepackMaxTime:236.89105639913234s
iter5		 Improve solution by repack 0.8417381080354743->0.829886455253964 , unplacedBoxesSize:4
currentRepackCostTime:138.679s , currentRepackMaxTime:236.89105639913234s
iter1		 Improve solution by repack 0.829886455253964->0.82909634506853 , unplacedBoxesSize:4
currentRepackCostTime:138.681s , currentRepackMaxTime:236.89105639913234s
iter19		 Improve solution by repack 0.82909634506853->0.8228963988175222 , unplacedBoxesSize:4
currentRepackCostTime:138.728s , currentRepackMaxTime:236.89105639913234s
iter9		 Improve solution by repack 0.8228963988175222->0.06960225745767266 , unplacedBoxesSize:1
currentRepackCostTime:138.749s , currentRepackMaxTime:236.89105639913234s
Selecting boards with low utilization for repacking...
iter2		 Improve solution by repack 0.9205613181940339->0.905426296694437 , unplacedBoxesSize:5
currentRepackCostTime:140.687s , currentRepackMaxTime:236.89105639913234s
iter9		 Improve solution by repack 0.905426296694437->0.06960225745767266 , unplacedBoxesSize:1
currentRepackCostTime:140.711s , currentRepackMaxTime:236.89105639913234s
iter687		 Improve solution by repack 0.06960225745767266->0.04799449072829884 , unplacedBoxesSize:1
currentRepackCostTime:142.08s , currentRepackMaxTime:236.89105639913234s
Selecting boards with low utilization for repacking...
iter3		 Improve solution by repack 0.9250819672131148->0.8820088685837141 , unplacedBoxesSize:4
currentRepackCostTime:144.117s , currentRepackMaxTime:236.89105639913234s
iter26		 Improve solution by repack 0.8820088685837141->0.8721573501746842 , unplacedBoxesSize:4
currentRepackCostTime:144.174s , currentRepackMaxTime:236.89105639913234s
iter50		 Improve solution by repack 0.8721573501746842->0.8524832034399356 , unplacedBoxesSize:3
currentRepackCostTime:144.28900000000002s , currentRepackMaxTime:236.89105639913234s
iter4		 Improve solution by repack 0.8524832034399356->0.8442730448804086 , unplacedBoxesSize:3
currentRepackCostTime:144.296s , currentRepackMaxTime:236.89105639913234s
iter7		 Improve solution by repack 0.8442730448804086->0.11885245901639344 , unplacedBoxesSize:1
currentRepackCostTime:144.305s , currentRepackMaxTime:236.89105639913234s
iter22		 Improve solution by repack 0.11885245901639344->0.11834990593926363 , unplacedBoxesSize:1
currentRepackCostTime:144.342s , currentRepackMaxTime:236.89105639913234s
iter26		 Improve solution by repack 0.11834990593926363->0.10961703843052943 , unplacedBoxesSize:1
currentRepackCostTime:144.39600000000002s , currentRepackMaxTime:236.89105639913234s
iter53		 Improve solution by repack 0.10961703843052943->0.10594430260682612 , unplacedBoxesSize:1
currentRepackCostTime:144.497s , currentRepackMaxTime:236.89105639913234s
iter4		 Improve solution by repack 0.10594430260682612->0.10317287019618382 , unplacedBoxesSize:1
currentRepackCostTime:144.504s , currentRepackMaxTime:236.89105639913234s
iter13		 Improve solution by repack 0.10317287019618382->0.09671324912657887 , unplacedBoxesSize:1
currentRepackCostTime:144.532s , currentRepackMaxTime:236.89105639913234s
iter11		 Improve solution by repack 0.09671324912657887->0.08340902983069066 , unplacedBoxesSize:1
currentRepackCostTime:144.565s , currentRepackMaxTime:236.89105639913234s
iter1		 Improve solution by repack 0.08340902983069066->0.04799449072829884 , unplacedBoxesSize:1
currentRepackCostTime:144.567s , currentRepackMaxTime:236.89105639913234s
Selecting boards with low utilization for repacking...
iter9		 Improve solution by repack 0.9382907820478366->0.9330767938726149 , unplacedBoxesSize:4
currentRepackCostTime:146.77700000000002s , currentRepackMaxTime:236.89105639913234s
iter2		 Improve solution by repack 0.9330767938726149->0.9251148884708411 , unplacedBoxesSize:6
currentRepackCostTime:146.781s , currentRepackMaxTime:236.89105639913234s
iter4		 Improve solution by repack 0.9251148884708411->0.921441144853534 , unplacedBoxesSize:6
currentRepackCostTime:146.79s , currentRepackMaxTime:236.89105639913234s
iter7		 Improve solution by repack 0.921441144853534->0.871142166084386 , unplacedBoxesSize:3
currentRepackCostTime:146.811s , currentRepackMaxTime:236.89105639913234s
iter19		 Improve solution by repack 0.871142166084386->0.8680139747379737 , unplacedBoxesSize:3
currentRepackCostTime:146.839s , currentRepackMaxTime:236.89105639913234s
iter1		 Improve solution by repack 0.8680139747379737->0.1488497715667831 , unplacedBoxesSize:1
currentRepackCostTime:146.84s , currentRepackMaxTime:236.89105639913234s
iter9		 Improve solution by repack 0.1488497715667831->0.11360655737704918 , unplacedBoxesSize:1
currentRepackCostTime:146.853s , currentRepackMaxTime:236.89105639913234s
iter3		 Improve solution by repack 0.11360655737704918->0.1070337274926095 , unplacedBoxesSize:1
currentRepackCostTime:146.859s , currentRepackMaxTime:236.89105639913234s
iter38		 Improve solution by repack 0.1070337274926095->0.08340902983069066 , unplacedBoxesSize:1
currentRepackCostTime:146.93s , currentRepackMaxTime:236.89105639913234s
iter871		 Improve solution by repack 0.08340902983069066->0.06960225745767266 , unplacedBoxesSize:1
currentRepackCostTime:148.583s , currentRepackMaxTime:236.89105639913234s
Selecting boards with low utilization for repacking...
iter1		 Improve solution by repack 0.9039666756248321->0.8947386455253965 , unplacedBoxesSize:6
currentRepackCostTime:150.546s , currentRepackMaxTime:236.89105639913234s
iter2		 Improve solution by repack 0.8947386455253965->0.8833915614082236 , unplacedBoxesSize:3
currentRepackCostTime:150.55100000000002s , currentRepackMaxTime:236.89105639913234s
iter8		 Improve solution by repack 0.8833915614082236->0.11360655737704918 , unplacedBoxesSize:1
currentRepackCostTime:150.562s , currentRepackMaxTime:236.89105639913234s
iter15		 Improve solution by repack 0.11360655737704918->0.10961703843052943 , unplacedBoxesSize:1
currentRepackCostTime:150.594s , currentRepackMaxTime:236.89105639913234s
iter86		 Improve solution by repack 0.10961703843052943->0.10797097554420855 , unplacedBoxesSize:1
currentRepackCostTime:150.749s , currentRepackMaxTime:236.89105639913234s
iter31		 Improve solution by repack 0.10797097554420855->0.10778352593388874 , unplacedBoxesSize:1
currentRepackCostTime:150.805s , currentRepackMaxTime:236.89105639913234s
iter72		 Improve solution by repack 0.10778352593388874->0.1070337274926095 , unplacedBoxesSize:1
currentRepackCostTime:150.957s , currentRepackMaxTime:236.89105639913234s
iter41		 Improve solution by repack 0.1070337274926095->0.09904763504434293 , unplacedBoxesSize:1
currentRepackCostTime:151.04s , currentRepackMaxTime:236.89105639913234s
iter346		 Improve solution by repack 0.09904763504434293->0.06960225745767266 , unplacedBoxesSize:1
currentRepackCostTime:151.668s , currentRepackMaxTime:236.89105639913234s
iter686		 Improve solution by repack 0.06960225745767266->0.015135021499596885 , unplacedBoxesSize:1
currentRepackCostTime:153.05100000000002s , currentRepackMaxTime:236.89105639913234s
iter4		 Improve solution by repack 0.015135021499596885->0.0 , unplacedBoxesSize:0
currentRepackCostTime:153.05700000000002s , currentRepackMaxTime:236.89105639913234s
Improved success.
Found solution 81
Start improving solution by repacking.
Selecting boards with low utilization for repacking...
iter38		 Improve solution by repack 0.8524832034399356->0.8442730448804086 , unplacedBoxesSize:3
currentRepackCostTime:0.066s , currentRepackMaxTime:83.83405639913235s
iter11		 Improve solution by repack 0.8442730448804086->0.8366809997312551 , unplacedBoxesSize:3
currentRepackCostTime:0.085s , currentRepackMaxTime:83.83405639913235s
iter57		 Improve solution by repack 0.8366809997312551->0.8299032518140285 , unplacedBoxesSize:4
currentRepackCostTime:0.187s , currentRepackMaxTime:83.83405639913235s
iter11		 Improve solution by repack 0.8299032518140285->0.8270357430798173 , unplacedBoxesSize:4
currentRepackCostTime:0.211s , currentRepackMaxTime:83.83405639913235s
iter13		 Improve solution by repack 0.8270357430798173->0.8233861865090031 , unplacedBoxesSize:3
currentRepackCostTime:0.23500000000000001s , currentRepackMaxTime:83.83405639913235s
iter166		 Improve solution by repack 0.8233861865090031->0.8225960763235689 , unplacedBoxesSize:3
currentRepackCostTime:0.532s , currentRepackMaxTime:83.83405639913235s
iter479		 Improve solution by repack 0.8225960763235689->0.8204205858640151 , unplacedBoxesSize:3
currentRepackCostTime:1.341s , currentRepackMaxTime:83.83405639913235s
iter95		 Improve solution by repack 0.8204205858640151->0.8170357430798173 , unplacedBoxesSize:3
currentRepackCostTime:1.51s , currentRepackMaxTime:83.83405639913235s
iter6		 Improve solution by repack 0.8170357430798173->0.7974482665950013 , unplacedBoxesSize:3
currentRepackCostTime:1.5210000000000001s , currentRepackMaxTime:83.83405639913235s
iter48		 Improve solution by repack 0.7974482665950013->0.7916326256382693 , unplacedBoxesSize:3
currentRepackCostTime:1.617s , currentRepackMaxTime:83.83405639913235s
iter27		 Improve solution by repack 0.7916326256382693->0.7876619188390218 , unplacedBoxesSize:3
currentRepackCostTime:1.688s , currentRepackMaxTime:83.83405639913235s
iter29		 Improve solution by repack 0.7876619188390218->0.7752163396936308 , unplacedBoxesSize:3
currentRepackCostTime:1.756s , currentRepackMaxTime:83.83405639913235s
iter56		 Improve solution by repack 0.7752163396936308->0.7712402579951626 , unplacedBoxesSize:3
currentRepackCostTime:1.873s , currentRepackMaxTime:83.83405639913235s
iter387		 Improve solution by repack 0.7712402579951626->0.7692125772641764 , unplacedBoxesSize:3
currentRepackCostTime:2.634s , currentRepackMaxTime:83.83405639913235s
iter264		 Improve solution by repack 0.7692125772641764->0.7671768341843591 , unplacedBoxesSize:3
currentRepackCostTime:3.118s , currentRepackMaxTime:83.83405639913235s
iter4		 Improve solution by repack 0.7671768341843591->0.7654823972050524 , unplacedBoxesSize:4
currentRepackCostTime:3.125s , currentRepackMaxTime:83.83405639913235s
iter21		 Improve solution by repack 0.7654823972050524->0.7653520558989519 , unplacedBoxesSize:3
currentRepackCostTime:3.1710000000000003s , currentRepackMaxTime:83.83405639913235s
iter51		 Improve solution by repack 0.7653520558989519->0.763705993012631 , unplacedBoxesSize:3
currentRepackCostTime:3.261s , currentRepackMaxTime:83.83405639913235s
iter24		 Improve solution by repack 0.763705993012631->0.7635185434023113 , unplacedBoxesSize:3
currentRepackCostTime:3.305s , currentRepackMaxTime:83.83405639913235s
iter73		 Improve solution by repack 0.7635185434023113->0.762768744961032 , unplacedBoxesSize:3
currentRepackCostTime:3.436s , currentRepackMaxTime:83.83405639913235s
iter755		 Improve solution by repack 0.762768744961032->0.7567730448804085 , unplacedBoxesSize:3
currentRepackCostTime:4.835s , currentRepackMaxTime:83.83405639913235s
iter79		 Improve solution by repack 0.7567730448804085->0.7499140016124698 , unplacedBoxesSize:3
currentRepackCostTime:4.982s , currentRepackMaxTime:83.83405639913235s
iter163		 Improve solution by repack 0.7499140016124698->0.7488753023380811 , unplacedBoxesSize:3
currentRepackCostTime:5.266s , currentRepackMaxTime:83.83405639913235s
iter574		 Improve solution by repack 0.7488753023380811->0.7359715130341307 , unplacedBoxesSize:3
currentRepackCostTime:6.299s , currentRepackMaxTime:83.83405639913235s
iter505		 Improve solution by repack 0.7359715130341307->0.7339398011287288 , unplacedBoxesSize:2
currentRepackCostTime:7.2410000000000005s , currentRepackMaxTime:83.83405639913235s
Selecting boards with low utilization for repacking...
iter26		 Improve solution by repack 0.8933277344799786->0.8794020424617038 , unplacedBoxesSize:3
currentRepackCostTime:8.796s , currentRepackMaxTime:83.83405639913235s
iter5		 Improve solution by repack 0.8794020424617038->0.8524832034399356 , unplacedBoxesSize:3
currentRepackCostTime:8.803s , currentRepackMaxTime:83.83405639913235s
iter1		 Improve solution by repack 0.8524832034399356->0.8442730448804086 , unplacedBoxesSize:3
currentRepackCostTime:8.806000000000001s , currentRepackMaxTime:83.83405639913235s
iter13		 Improve solution by repack 0.8442730448804086->0.8434829346949745 , unplacedBoxesSize:3
currentRepackCostTime:8.82s , currentRepackMaxTime:83.83405639913235s
iter28		 Improve solution by repack 0.8434829346949745->0.8284708411717281 , unplacedBoxesSize:2
currentRepackCostTime:8.865s , currentRepackMaxTime:83.83405639913235s
Selecting boards with low utilization for repacking...
iter12		 Improve solution by repack 0.9003453372749262->0.8524832034399356 , unplacedBoxesSize:3
currentRepackCostTime:10.285s , currentRepackMaxTime:83.83405639913235s
iter11		 Improve solution by repack 0.8524832034399356->0.8442730448804086 , unplacedBoxesSize:3
currentRepackCostTime:10.31s , currentRepackMaxTime:83.83405639913235s
iter43		 Improve solution by repack 0.8442730448804086->0.8213249126578877 , unplacedBoxesSize:3
currentRepackCostTime:10.379s , currentRepackMaxTime:83.83405639913235s
iter13		 Improve solution by repack 0.8213249126578877->0.8173488309594195 , unplacedBoxesSize:3
currentRepackCostTime:10.399000000000001s , currentRepackMaxTime:83.83405639913235s
iter1		 Improve solution by repack 0.8173488309594195->0.8127452297769416 , unplacedBoxesSize:3
currentRepackCostTime:10.4s , currentRepackMaxTime:83.83405639913235s
iter94		 Improve solution by repack 0.8127452297769416->0.8095095404461167 , unplacedBoxesSize:3
currentRepackCostTime:10.569s , currentRepackMaxTime:83.83405639913235s
iter75		 Improve solution by repack 0.8095095404461167->0.8080603332437517 , unplacedBoxesSize:3
currentRepackCostTime:10.695s , currentRepackMaxTime:83.83405639913235s
iter56		 Improve solution by repack 0.8080603332437517->0.7956147540983607 , unplacedBoxesSize:3
currentRepackCostTime:10.795s , currentRepackMaxTime:83.83405639913235s
iter19		 Improve solution by repack 0.7956147540983607->0.7747278957269552 , unplacedBoxesSize:3
currentRepackCostTime:10.832s , currentRepackMaxTime:83.83405639913235s
iter120		 Improve solution by repack 0.7747278957269552->0.7731177774791722 , unplacedBoxesSize:4
currentRepackCostTime:11.063s , currentRepackMaxTime:83.83405639913235s
iter1		 Improve solution by repack 0.7731177774791722->0.7591920854608977 , unplacedBoxesSize:3
currentRepackCostTime:11.065s , currentRepackMaxTime:83.83405639913235s
iter248		 Improve solution by repack 0.7591920854608977->0.7525786079011019 , unplacedBoxesSize:4
currentRepackCostTime:11.508000000000001s , currentRepackMaxTime:83.83405639913235s
iter9		 Improve solution by repack 0.7525786079011019->0.7464525665143779 , unplacedBoxesSize:3
currentRepackCostTime:11.526s , currentRepackMaxTime:83.83405639913235s
iter128		 Improve solution by repack 0.7464525665143779->0.7339398011287288 , unplacedBoxesSize:2
currentRepackCostTime:11.752s , currentRepackMaxTime:83.83405639913235s
Selecting boards with low utilization for repacking...
iter11		 Improve solution by repack 0.9059288497715667->0.8913487637731793 , unplacedBoxesSize:4
currentRepackCostTime:13.227s , currentRepackMaxTime:83.83405639913235s
iter21		 Improve solution by repack 0.8913487637731793->0.8825100779360386 , unplacedBoxesSize:4
currentRepackCostTime:13.271s , currentRepackMaxTime:83.83405639913235s
iter190		 Improve solution by repack 0.8825100779360386->0.8779736629938188 , unplacedBoxesSize:4
currentRepackCostTime:13.689s , currentRepackMaxTime:83.83405639913235s
iter153		 Improve solution by repack 0.8779736629938188->0.872647137866165 , unplacedBoxesSize:4
currentRepackCostTime:14.013s , currentRepackMaxTime:83.83405639913235s
iter96		 Improve solution by repack 0.872647137866165->0.8675705455522709 , unplacedBoxesSize:4
currentRepackCostTime:14.191s , currentRepackMaxTime:83.83405639913235s
iter11		 Improve solution by repack 0.8675705455522709->0.8665829078204784 , unplacedBoxesSize:4
currentRepackCostTime:14.216000000000001s , currentRepackMaxTime:83.83405639913235s
iter15		 Improve solution by repack 0.8665829078204784->0.8662684762160711 , unplacedBoxesSize:3
currentRepackCostTime:14.242s , currentRepackMaxTime:83.83405639913235s
Selecting boards with low utilization for repacking...
iter6		 Improve solution by repack 0.9129985219027144->0.9098931738779897 , unplacedBoxesSize:5
currentRepackCostTime:15.911s , currentRepackMaxTime:83.83405639913235s
iter4		 Improve solution by repack 0.9098931738779897->0.8803675087342112 , unplacedBoxesSize:4
currentRepackCostTime:15.92s , currentRepackMaxTime:83.83405639913235s
iter4		 Improve solution by repack 0.8803675087342112->0.8795773985487773 , unplacedBoxesSize:4
currentRepackCostTime:15.929s , currentRepackMaxTime:83.83405639913235s
iter1		 Improve solution by repack 0.8795773985487773->0.8790378930395055 , unplacedBoxesSize:3
currentRepackCostTime:15.93s , currentRepackMaxTime:83.83405639913235s
iter13		 Improve solution by repack 0.8790378930395055->0.8724939532383769 , unplacedBoxesSize:3
currentRepackCostTime:15.953000000000001s , currentRepackMaxTime:83.83405639913235s
iter29		 Improve solution by repack 0.8724939532383769->0.8707995162590701 , unplacedBoxesSize:4
currentRepackCostTime:15.996s , currentRepackMaxTime:83.83405639913235s
iter290		 Improve solution by repack 0.8707995162590701->0.8648038161784466 , unplacedBoxesSize:4
currentRepackCostTime:16.644000000000002s , currentRepackMaxTime:83.83405639913235s
iter305		 Improve solution by repack 0.8648038161784466->0.8440792125772643 , unplacedBoxesSize:3
currentRepackCostTime:17.324s , currentRepackMaxTime:83.83405639913235s
iter142		 Improve solution by repack 0.8440792125772643->0.8432891023918302 , unplacedBoxesSize:3
currentRepackCostTime:17.567s , currentRepackMaxTime:83.83405639913235s
iter26		 Improve solution by repack 0.8432891023918302->0.8368059661381348 , unplacedBoxesSize:3
currentRepackCostTime:17.61s , currentRepackMaxTime:83.83405639913235s
iter128		 Improve solution by repack 0.8368059661381348->0.8328352593388875 , unplacedBoxesSize:3
currentRepackCostTime:17.855s , currentRepackMaxTime:83.83405639913235s
iter21		 Improve solution by repack 0.8328352593388875->0.8280193496371943 , unplacedBoxesSize:3
currentRepackCostTime:17.885s , currentRepackMaxTime:83.83405639913235s
iter22		 Improve solution by repack 0.8280193496371943->0.8189639881752216 , unplacedBoxesSize:3
currentRepackCostTime:17.924s , currentRepackMaxTime:83.83405639913235s
iter55		 Improve solution by repack 0.8189639881752216->0.804436979306638 , unplacedBoxesSize:3
currentRepackCostTime:18.024s , currentRepackMaxTime:83.83405639913235s
iter297		 Improve solution by repack 0.804436979306638->0.7991910776672938 , unplacedBoxesSize:3
currentRepackCostTime:18.57s , currentRepackMaxTime:83.83405639913235s
iter37		 Improve solution by repack 0.7991910776672938->0.793453372749261 , unplacedBoxesSize:3
currentRepackCostTime:18.637s , currentRepackMaxTime:83.83405639913235s
iter85		 Improve solution by repack 0.793453372749261->0.792246371943026 , unplacedBoxesSize:3
currentRepackCostTime:18.841s , currentRepackMaxTime:83.83405639913235s
iter279		 Improve solution by repack 0.792246371943026->0.7836519080892234 , unplacedBoxesSize:3
currentRepackCostTime:19.343s , currentRepackMaxTime:83.83405639913235s
iter27		 Improve solution by repack 0.7836519080892234->0.7731886589626444 , unplacedBoxesSize:3
currentRepackCostTime:19.411s , currentRepackMaxTime:83.83405639913235s
iter50		 Improve solution by repack 0.7731886589626444->0.7717626310131686 , unplacedBoxesSize:3
currentRepackCostTime:19.503s , currentRepackMaxTime:83.83405639913235s
iter1		 Improve solution by repack 0.7717626310131686->0.7677865493147004 , unplacedBoxesSize:3
currentRepackCostTime:19.504s , currentRepackMaxTime:83.83405639913235s
iter649		 Improve solution by repack 0.7677865493147004->0.7671768341843591 , unplacedBoxesSize:3
currentRepackCostTime:20.706s , currentRepackMaxTime:83.83405639913235s
iter88		 Improve solution by repack 0.7671768341843591->0.7657430798172533 , unplacedBoxesSize:3
currentRepackCostTime:20.871s , currentRepackMaxTime:83.83405639913235s
iter83		 Improve solution by repack 0.7657430798172533->0.7524482665950013 , unplacedBoxesSize:3
currentRepackCostTime:21.014s , currentRepackMaxTime:83.83405639913235s
iter12		 Improve solution by repack 0.7524482665950013->0.7431201289975813 , unplacedBoxesSize:3
currentRepackCostTime:21.034s , currentRepackMaxTime:83.83405639913235s
iter234		 Improve solution by repack 0.7431201289975813->0.7369530811609781 , unplacedBoxesSize:4
currentRepackCostTime:21.468s , currentRepackMaxTime:83.83405639913235s
iter2		 Improve solution by repack 0.7369530811609781->0.7274381658156409 , unplacedBoxesSize:3
currentRepackCostTime:21.474s , currentRepackMaxTime:83.83405639913235s
iter13		 Improve solution by repack 0.7274381658156409->0.7123031443160441 , unplacedBoxesSize:2
currentRepackCostTime:21.497s , currentRepackMaxTime:83.83405639913235s
Selecting boards with low utilization for repacking...
iter4		 Improve solution by repack 0.9136945713517871->0.8943825584520291 , unplacedBoxesSize:4
currentRepackCostTime:22.991s , currentRepackMaxTime:83.83405639913235s
iter20		 Improve solution by repack 0.8943825584520291->0.8941306100510616 , unplacedBoxesSize:3
currentRepackCostTime:23.043s , currentRepackMaxTime:83.83405639913235s
iter287		 Improve solution by repack 0.8941306100510616->0.8895270088685836 , unplacedBoxesSize:3
currentRepackCostTime:23.51s , currentRepackMaxTime:83.83405639913235s
iter21		 Improve solution by repack 0.8895270088685836->0.8783334453104005 , unplacedBoxesSize:3
currentRepackCostTime:23.548000000000002s , currentRepackMaxTime:83.83405639913235s
iter145		 Improve solution by repack 0.8783334453104005->0.8780905670518677 , unplacedBoxesSize:3
currentRepackCostTime:23.784s , currentRepackMaxTime:83.83405639913235s
iter11		 Improve solution by repack 0.8780905670518677->0.8773004568664337 , unplacedBoxesSize:3
currentRepackCostTime:23.798000000000002s , currentRepackMaxTime:83.83405639913235s
iter140		 Improve solution by repack 0.8773004568664337->0.8643160440741736 , unplacedBoxesSize:2
currentRepackCostTime:24.041s , currentRepackMaxTime:83.83405639913235s
iter428		 Improve solution by repack 0.8643160440741736->0.8536992743886053 , unplacedBoxesSize:3
currentRepackCostTime:24.691s , currentRepackMaxTime:83.83405639913235s
iter22		 Improve solution by repack 0.8536992743886053->0.8364928782585327 , unplacedBoxesSize:3
currentRepackCostTime:24.728s , currentRepackMaxTime:83.83405639913235s
iter1		 Improve solution by repack 0.8364928782585327->0.8329420854608977 , unplacedBoxesSize:4
currentRepackCostTime:24.731s , currentRepackMaxTime:83.83405639913235s
iter3		 Improve solution by repack 0.8329420854608977->0.8050577801666219 , unplacedBoxesSize:3
currentRepackCostTime:24.739s , currentRepackMaxTime:83.83405639913235s
iter101		 Improve solution by repack 0.8050577801666219->0.8030220370868046 , unplacedBoxesSize:3
currentRepackCostTime:24.934s , currentRepackMaxTime:83.83405639913235s
iter17		 Improve solution by repack 0.8030220370868046->0.8000241870464929 , unplacedBoxesSize:3
currentRepackCostTime:24.966s , currentRepackMaxTime:83.83405639913235s
iter40		 Improve solution by repack 0.8000241870464929->0.7991910776672938 , unplacedBoxesSize:3
currentRepackCostTime:25.043s , currentRepackMaxTime:83.83405639913235s
iter73		 Improve solution by repack 0.7991910776672938->0.793453372749261 , unplacedBoxesSize:3
currentRepackCostTime:25.182000000000002s , currentRepackMaxTime:83.83405639913235s
iter10		 Improve solution by repack 0.793453372749261->0.785742407954851 , unplacedBoxesSize:4
currentRepackCostTime:25.201s , currentRepackMaxTime:83.83405639913235s
iter2		 Improve solution by repack 0.785742407954851->0.7847205052405267 , unplacedBoxesSize:3
currentRepackCostTime:25.204s , currentRepackMaxTime:83.83405639913235s
iter96		 Improve solution by repack 0.7847205052405267->0.7843506449879064 , unplacedBoxesSize:3
currentRepackCostTime:25.382s , currentRepackMaxTime:83.83405639913235s
iter26		 Improve solution by repack 0.7843506449879064->0.777554420854609 , unplacedBoxesSize:3
currentRepackCostTime:25.431s , currentRepackMaxTime:83.83405639913235s
iter12		 Improve solution by repack 0.777554420854609->0.7682262832571889 , unplacedBoxesSize:3
currentRepackCostTime:25.454s , currentRepackMaxTime:83.83405639913235s
iter7		 Improve solution by repack 0.7682262832571889->0.7642502015587208 , unplacedBoxesSize:3
currentRepackCostTime:25.468s , currentRepackMaxTime:83.83405639913235s
iter22		 Improve solution by repack 0.7642502015587208->0.7625933888739587 , unplacedBoxesSize:2
currentRepackCostTime:25.512s , currentRepackMaxTime:83.83405639913235s
Selecting boards with low utilization for repacking...
iter1		 Improve solution by repack 0.914692958882021->0.8933277344799786 , unplacedBoxesSize:4
currentRepackCostTime:26.971s , currentRepackMaxTime:83.83405639913235s
iter16		 Improve solution by repack 0.8933277344799786->0.8524832034399356 , unplacedBoxesSize:3
currentRepackCostTime:27.001s , currentRepackMaxTime:83.83405639913235s
iter6		 Improve solution by repack 0.8524832034399356->0.8442730448804086 , unplacedBoxesSize:3
currentRepackCostTime:27.01s , currentRepackMaxTime:83.83405639913235s
iter10		 Improve solution by repack 0.8442730448804086->0.8434829346949745 , unplacedBoxesSize:3
currentRepackCostTime:27.026s , currentRepackMaxTime:83.83405639913235s
iter26		 Improve solution by repack 0.8434829346949745->0.835890889545821 , unplacedBoxesSize:3
currentRepackCostTime:27.076s , currentRepackMaxTime:83.83405639913235s
iter9		 Improve solution by repack 0.835890889545821->0.8311986025262026 , unplacedBoxesSize:3
currentRepackCostTime:27.088s , currentRepackMaxTime:83.83405639913235s
iter30		 Improve solution by repack 0.8311986025262026->0.8291131416285945 , unplacedBoxesSize:4
currentRepackCostTime:27.145s , currentRepackMaxTime:83.83405639913235s
iter30		 Improve solution by repack 0.8291131416285945->0.8225960763235689 , unplacedBoxesSize:3
currentRepackCostTime:27.213s , currentRepackMaxTime:83.83405639913235s
Selecting boards with low utilization for repacking...
iter30		 Improve solution by repack 0.9267307175490459->0.8865288228970706 , unplacedBoxesSize:7
currentRepackCostTime:29.056s , currentRepackMaxTime:83.83405639913235s
iter9		 Improve solution by repack 0.8865288228970706->0.8857387127116367 , unplacedBoxesSize:7
currentRepackCostTime:29.083000000000002s , currentRepackMaxTime:83.83405639913235s
iter7		 Improve solution by repack 0.8857387127116367->0.8818583714055361 , unplacedBoxesSize:4
currentRepackCostTime:29.11s , currentRepackMaxTime:83.83405639913235s
iter16		 Improve solution by repack 0.8818583714055361->0.8787530233808116 , unplacedBoxesSize:5
currentRepackCostTime:29.14s , currentRepackMaxTime:83.83405639913235s
iter14		 Improve solution by repack 0.8787530233808116->0.8741709217952164 , unplacedBoxesSize:3
currentRepackCostTime:29.173000000000002s , currentRepackMaxTime:83.83405639913235s
iter60		 Improve solution by repack 0.8741709217952164->0.8609365761891965 , unplacedBoxesSize:3
currentRepackCostTime:29.267s , currentRepackMaxTime:83.83405639913235s
iter70		 Improve solution by repack 0.8609365761891965->0.8592421392098898 , unplacedBoxesSize:4
currentRepackCostTime:29.394000000000002s , currentRepackMaxTime:83.83405639913235s
iter18		 Improve solution by repack 0.8592421392098898->0.8542374361730717 , unplacedBoxesSize:4
currentRepackCostTime:29.441s , currentRepackMaxTime:83.83405639913235s
iter19		 Improve solution by repack 0.8542374361730717->0.8432891023918302 , unplacedBoxesSize:3
currentRepackCostTime:29.486s , currentRepackMaxTime:83.83405639913235s
iter325		 Improve solution by repack 0.8432891023918302->0.8274778285407148 , unplacedBoxesSize:3
currentRepackCostTime:30.07s , currentRepackMaxTime:83.83405639913235s
iter40		 Improve solution by repack 0.8274778285407148->0.8235071217414673 , unplacedBoxesSize:3
currentRepackCostTime:30.142s , currentRepackMaxTime:83.83405639913235s
iter51		 Improve solution by repack 0.8235071217414673->0.8110615425960763 , unplacedBoxesSize:3
currentRepackCostTime:30.249000000000002s , currentRepackMaxTime:83.83405639913235s
iter12		 Improve solution by repack 0.8110615425960763->0.8102714324106424 , unplacedBoxesSize:3
currentRepackCostTime:30.277s , currentRepackMaxTime:83.83405639913235s
iter442		 Improve solution by repack 0.8102714324106424->0.7635185434023113 , unplacedBoxesSize:3
currentRepackCostTime:31.096s , currentRepackMaxTime:83.83405639913235s
iter97		 Improve solution by repack 0.7635185434023113->0.7620323837678044 , unplacedBoxesSize:3
currentRepackCostTime:31.267s , currentRepackMaxTime:83.83405639913235s
iter72		 Improve solution by repack 0.7620323837678044->0.7487899758129535 , unplacedBoxesSize:3
currentRepackCostTime:31.403000000000002s , currentRepackMaxTime:83.83405639913235s
iter270		 Improve solution by repack 0.7487899758129535->0.7480401773716743 , unplacedBoxesSize:3
currentRepackCostTime:31.917s , currentRepackMaxTime:83.83405639913235s
iter84		 Improve solution by repack 0.7480401773716743->0.7351363880677237 , unplacedBoxesSize:3
currentRepackCostTime:32.081s , currentRepackMaxTime:83.83405639913235s
iter286		 Improve solution by repack 0.7351363880677237->0.7219510884170922 , unplacedBoxesSize:4
currentRepackCostTime:32.65s , currentRepackMaxTime:83.83405639913235s
iter67		 Improve solution by repack 0.7219510884170922->0.7147675356087073 , unplacedBoxesSize:3
currentRepackCostTime:32.818s , currentRepackMaxTime:83.83405639913235s
iter7		 Improve solution by repack 0.7147675356087073->0.7137798978769148 , unplacedBoxesSize:3
currentRepackCostTime:32.832s , currentRepackMaxTime:83.83405639913235s
iter265		 Improve solution by repack 0.7137798978769148->0.7087751948400968 , unplacedBoxesSize:3
currentRepackCostTime:33.347s , currentRepackMaxTime:83.83405639913235s
iter70		 Improve solution by repack 0.7087751948400968->0.7080253963988175 , unplacedBoxesSize:3
currentRepackCostTime:33.497s , currentRepackMaxTime:83.83405639913235s
iter64		 Improve solution by repack 0.7080253963988175->0.6858035474334857 , unplacedBoxesSize:2
currentRepackCostTime:33.619s , currentRepackMaxTime:83.83405639913235s
Selecting boards with low utilization for repacking...
iter23		 Improve solution by repack 0.8933277344799786->0.8794020424617038 , unplacedBoxesSize:3
currentRepackCostTime:35.206s , currentRepackMaxTime:83.83405639913235s
iter97		 Improve solution by repack 0.8794020424617038->0.6858035474334857 , unplacedBoxesSize:2
currentRepackCostTime:35.366s , currentRepackMaxTime:83.83405639913235s
iter532		 Improve solution by repack 0.6858035474334857->0.6843775194840096 , unplacedBoxesSize:2
currentRepackCostTime:36.183s , currentRepackMaxTime:83.83405639913235s
Selecting boards with low utilization for repacking...
iter69		 Improve solution by repack 0.8794020424617038->0.6843775194840096 , unplacedBoxesSize:2
currentRepackCostTime:37.816s , currentRepackMaxTime:83.83405639913235s
Selecting boards with low utilization for repacking...
iter18		 Improve solution by repack 0.8794020424617038->0.8780445444772911 , unplacedBoxesSize:4
currentRepackCostTime:39.413000000000004s , currentRepackMaxTime:83.83405639913235s
iter5		 Improve solution by repack 0.8780445444772911->0.8714310669174953 , unplacedBoxesSize:5
currentRepackCostTime:39.424s , currentRepackMaxTime:83.83405639913235s
iter6		 Improve solution by repack 0.8714310669174953->0.8713007256113947 , unplacedBoxesSize:4
currentRepackCostTime:39.442s , currentRepackMaxTime:83.83405639913235s
iter42		 Improve solution by repack 0.8713007256113947->0.7469551195915077 , unplacedBoxesSize:3
currentRepackCostTime:39.528s , currentRepackMaxTime:83.83405639913235s
iter137		 Improve solution by repack 0.7469551195915077->0.7417092179521635 , unplacedBoxesSize:3
currentRepackCostTime:39.781s , currentRepackMaxTime:83.83405639913235s
iter35		 Improve solution by repack 0.7417092179521635->0.7145982262832572 , unplacedBoxesSize:3
currentRepackCostTime:39.847s , currentRepackMaxTime:83.83405639913235s
iter8		 Improve solution by repack 0.7145982262832572->0.6843775194840096 , unplacedBoxesSize:2
currentRepackCostTime:39.864000000000004s , currentRepackMaxTime:83.83405639913235s
Selecting boards with low utilization for repacking...
iter11		 Improve solution by repack 0.8976212711636656->0.8911616500940608 , unplacedBoxesSize:5
currentRepackCostTime:41.401s , currentRepackMaxTime:83.83405639913235s
iter20		 Improve solution by repack 0.8911616500940608->0.8794020424617038 , unplacedBoxesSize:3
currentRepackCostTime:41.451s , currentRepackMaxTime:83.83405639913235s
iter24		 Improve solution by repack 0.8794020424617038->0.6843775194840096 , unplacedBoxesSize:2
currentRepackCostTime:41.492s , currentRepackMaxTime:83.83405639913235s
Selecting boards with low utilization for repacking...
iter131		 Improve solution by repack 0.8794020424617038->0.6843775194840096 , unplacedBoxesSize:2
currentRepackCostTime:43.262s , currentRepackMaxTime:83.83405639913235s
Selecting boards with low utilization for repacking...
iter11		 Improve solution by repack 0.9103916957807041->0.9072863477559796 , unplacedBoxesSize:4
currentRepackCostTime:44.83s , currentRepackMaxTime:83.83405639913235s
iter19		 Improve solution by repack 0.9072863477559796->0.8941306100510616 , unplacedBoxesSize:3
currentRepackCostTime:44.868s , currentRepackMaxTime:83.83405639913235s
iter30		 Improve solution by repack 0.8941306100510616->0.8714727223864552 , unplacedBoxesSize:4
currentRepackCostTime:44.922000000000004s , currentRepackMaxTime:83.83405639913235s
iter18		 Improve solution by repack 0.8714727223864552->0.8654770223058317 , unplacedBoxesSize:4
currentRepackCostTime:44.956s , currentRepackMaxTime:83.83405639913235s
iter16		 Improve solution by repack 0.8654770223058317->0.8550980919107767 , unplacedBoxesSize:4
currentRepackCostTime:44.986000000000004s , currentRepackMaxTime:83.83405639913235s
iter29		 Improve solution by repack 0.8550980919107767->0.8532541655468959 , unplacedBoxesSize:4
currentRepackCostTime:45.052s , currentRepackMaxTime:83.83405639913235s
iter11		 Improve solution by repack 0.8532541655468959->0.848641158290782 , unplacedBoxesSize:3
currentRepackCostTime:45.069s , currentRepackMaxTime:83.83405639913235s
iter3		 Improve solution by repack 0.848641158290782->0.8422453641494223 , unplacedBoxesSize:3
currentRepackCostTime:45.076s , currentRepackMaxTime:83.83405639913235s
iter25		 Improve solution by repack 0.8422453641494223->0.8408193361999462 , unplacedBoxesSize:3
currentRepackCostTime:45.117000000000004s , currentRepackMaxTime:83.83405639913235s
iter160		 Improve solution by repack 0.8408193361999462->0.8233955925826391 , unplacedBoxesSize:3
currentRepackCostTime:45.387s , currentRepackMaxTime:83.83405639913235s
iter3		 Improve solution by repack 0.8233955925826391->0.8169359715130341 , unplacedBoxesSize:3
currentRepackCostTime:45.392s , currentRepackMaxTime:83.83405639913235s
iter189		 Improve solution by repack 0.8169359715130341->0.792246371943026 , unplacedBoxesSize:3
currentRepackCostTime:45.755s , currentRepackMaxTime:83.83405639913235s
iter734		 Improve solution by repack 0.792246371943026->0.7836519080892234 , unplacedBoxesSize:3
currentRepackCostTime:47.08s , currentRepackMaxTime:83.83405639913235s
iter144		 Improve solution by repack 0.7836519080892234->0.7576081698468153 , unplacedBoxesSize:3
currentRepackCostTime:47.327s , currentRepackMaxTime:83.83405639913235s
iter36		 Improve solution by repack 0.7576081698468153->0.7575228433216876 , unplacedBoxesSize:3
currentRepackCostTime:47.385s , currentRepackMaxTime:83.83405639913235s
iter222		 Improve solution by repack 0.7575228433216876->0.7567730448804085 , unplacedBoxesSize:3
currentRepackCostTime:47.798s , currentRepackMaxTime:83.83405639913235s
iter14		 Improve solution by repack 0.7567730448804085->0.7480401773716743 , unplacedBoxesSize:3
currentRepackCostTime:47.828s , currentRepackMaxTime:83.83405639913235s
iter10		 Improve solution by repack 0.7480401773716743->0.7476558720773985 , unplacedBoxesSize:3
currentRepackCostTime:47.854s , currentRepackMaxTime:83.83405639913235s
iter10		 Improve solution by repack 0.7476558720773985->0.7463941144853534 , unplacedBoxesSize:3
currentRepackCostTime:47.869s , currentRepackMaxTime:83.83405639913235s
iter41		 Improve solution by repack 0.7463941144853534->0.7462919914001613 , unplacedBoxesSize:3
currentRepackCostTime:47.949s , currentRepackMaxTime:83.83405639913235s
iter64		 Improve solution by repack 0.7462919914001613->0.7351363880677237 , unplacedBoxesSize:3
currentRepackCostTime:48.064s , currentRepackMaxTime:83.83405639913235s
iter481		 Improve solution by repack 0.7351363880677237->0.7304215936576189 , unplacedBoxesSize:3
currentRepackCostTime:48.987s , currentRepackMaxTime:83.83405639913235s
iter12		 Improve solution by repack 0.7304215936576189->0.7271502956194571 , unplacedBoxesSize:3
currentRepackCostTime:49.005s , currentRepackMaxTime:83.83405639913235s
iter143		 Improve solution by repack 0.7271502956194571->0.7174657350174685 , unplacedBoxesSize:3
currentRepackCostTime:49.27s , currentRepackMaxTime:83.83405639913235s
iter2		 Improve solution by repack 0.7174657350174685->0.7145982262832572 , unplacedBoxesSize:3
currentRepackCostTime:49.274s , currentRepackMaxTime:83.83405639913235s
iter36		 Improve solution by repack 0.7145982262832572->0.7088605213652245 , unplacedBoxesSize:3
currentRepackCostTime:49.353s , currentRepackMaxTime:83.83405639913235s
Selecting boards with low utilization for repacking...
iter4		 Improve solution by repack 0.9129360386992743->0.8926457941413598 , unplacedBoxesSize:4
currentRepackCostTime:51.276s , currentRepackMaxTime:83.83405639913235s
iter31		 Improve solution by repack 0.8926457941413598->0.8857665950013438 , unplacedBoxesSize:4
currentRepackCostTime:51.343s , currentRepackMaxTime:83.83405639913235s
iter22		 Improve solution by repack 0.8857665950013438->0.8786992743886053 , unplacedBoxesSize:3
currentRepackCostTime:51.391s , currentRepackMaxTime:83.83405639913235s
iter19		 Improve solution by repack 0.8786992743886053->0.7923048239720505 , unplacedBoxesSize:3
currentRepackCostTime:51.419000000000004s , currentRepackMaxTime:83.83405639913235s
iter11		 Improve solution by repack 0.7923048239720505->0.7638165143778555 , unplacedBoxesSize:3
currentRepackCostTime:51.449s , currentRepackMaxTime:83.83405639913235s
iter6		 Improve solution by repack 0.7638165143778555->0.738220572426767 , unplacedBoxesSize:3
currentRepackCostTime:51.461s , currentRepackMaxTime:83.83405639913235s
iter47		 Improve solution by repack 0.738220572426767->0.7372386455253964 , unplacedBoxesSize:3
currentRepackCostTime:51.546s , currentRepackMaxTime:83.83405639913235s
iter3		 Improve solution by repack 0.7372386455253964->0.7343711367911852 , unplacedBoxesSize:3
currentRepackCostTime:51.550000000000004s , currentRepackMaxTime:83.83405639913235s
iter97		 Improve solution by repack 0.7343711367911852->0.7145982262832572 , unplacedBoxesSize:3
currentRepackCostTime:51.729s , currentRepackMaxTime:83.83405639913235s
iter34		 Improve solution by repack 0.7145982262832572->0.7088605213652245 , unplacedBoxesSize:3
currentRepackCostTime:51.794000000000004s , currentRepackMaxTime:83.83405639913235s
iter595		 Improve solution by repack 0.7088605213652245->0.7042475141091104 , unplacedBoxesSize:2
currentRepackCostTime:52.986000000000004s , currentRepackMaxTime:83.83405639913235s
iter28		 Improve solution by repack 0.7042475141091104->0.700276807309863 , unplacedBoxesSize:2
currentRepackCostTime:53.026s , currentRepackMaxTime:83.83405639913235s
Selecting boards with low utilization for repacking...
iter5		 Improve solution by repack 0.914692958882021->0.7154118288094597 , unplacedBoxesSize:3
currentRepackCostTime:54.548s , currentRepackMaxTime:83.83405639913235s
iter18		 Improve solution by repack 0.7154118288094597->0.7142024993281376 , unplacedBoxesSize:3
currentRepackCostTime:54.586s , currentRepackMaxTime:83.83405639913235s
iter48		 Improve solution by repack 0.7142024993281376->0.700276807309863 , unplacedBoxesSize:2
currentRepackCostTime:54.685s , currentRepackMaxTime:83.83405639913235s
iter793		 Improve solution by repack 0.700276807309863->0.6870411179790379 , unplacedBoxesSize:2
currentRepackCostTime:55.895s , currentRepackMaxTime:83.83405639913235s
Selecting boards with low utilization for repacking...
iter3		 Improve solution by repack 0.9268476216070949->0.6870411179790379 , unplacedBoxesSize:2
currentRepackCostTime:57.449s , currentRepackMaxTime:83.83405639913235s
iter802		 Improve solution by repack 0.6870411179790379->0.6858035474334857 , unplacedBoxesSize:2
currentRepackCostTime:58.711s , currentRepackMaxTime:83.83405639913235s
iter62		 Improve solution by repack 0.6858035474334857->0.6843775194840096 , unplacedBoxesSize:2
currentRepackCostTime:58.804s , currentRepackMaxTime:83.83405639913235s
Selecting boards with low utilization for repacking...
iter15		 Improve solution by repack 0.8851162321956464->0.8816332746573502 , unplacedBoxesSize:4
currentRepackCostTime:60.438s , currentRepackMaxTime:83.83405639913235s
iter14		 Improve solution by repack 0.8816332746573502->0.8664982531577532 , unplacedBoxesSize:3
currentRepackCostTime:60.466s , currentRepackMaxTime:83.83405639913235s
iter13		 Improve solution by repack 0.8664982531577532->0.6843775194840096 , unplacedBoxesSize:2
currentRepackCostTime:60.49s , currentRepackMaxTime:83.83405639913235s
Selecting boards with low utilization for repacking...
iter7		 Improve solution by repack 0.915214324106423->0.9121089760816984 , unplacedBoxesSize:4
currentRepackCostTime:62.093s , currentRepackMaxTime:83.83405639913235s
iter4		 Improve solution by repack 0.9121089760816984->0.8993596922870196 , unplacedBoxesSize:4
currentRepackCostTime:62.1s , currentRepackMaxTime:83.83405639913235s
iter5		 Improve solution by repack 0.8993596922870196->0.8664982531577532 , unplacedBoxesSize:3
currentRepackCostTime:62.11s , currentRepackMaxTime:83.83405639913235s
iter60		 Improve solution by repack 0.8664982531577532->0.7566514377855414 , unplacedBoxesSize:2
currentRepackCostTime:62.206s , currentRepackMaxTime:83.83405639913235s
iter42		 Improve solution by repack 0.7566514377855414->0.7471509674818597 , unplacedBoxesSize:3
currentRepackCostTime:62.268s , currentRepackMaxTime:83.83405639913235s
iter21		 Improve solution by repack 0.7471509674818597->0.6843775194840096 , unplacedBoxesSize:2
currentRepackCostTime:62.299s , currentRepackMaxTime:83.83405639913235s
Selecting boards with low utilization for repacking...
iter11		 Improve solution by repack 0.8664982531577532->0.866185165278151 , unplacedBoxesSize:5
currentRepackCostTime:63.85s , currentRepackMaxTime:83.83405639913235s
iter2		 Improve solution by repack 0.866185165278151->0.8661643375436711 , unplacedBoxesSize:5
currentRepackCostTime:63.857s , currentRepackMaxTime:83.83405639913235s
iter7		 Improve solution by repack 0.8661643375436711->0.8522386455253965 , unplacedBoxesSize:4
currentRepackCostTime:63.877s , currentRepackMaxTime:83.83405639913235s
iter11		 Improve solution by repack 0.8522386455253965->0.847546358505778 , unplacedBoxesSize:3
currentRepackCostTime:63.905s , currentRepackMaxTime:83.83405639913235s
iter210		 Improve solution by repack 0.847546358505778->0.837365627519484 , unplacedBoxesSize:3
currentRepackCostTime:64.258s , currentRepackMaxTime:83.83405639913235s
iter3		 Improve solution by repack 0.837365627519484->0.8201766998118785 , unplacedBoxesSize:3
currentRepackCostTime:64.263s , currentRepackMaxTime:83.83405639913235s
iter17		 Improve solution by repack 0.8201766998118785->0.7339398011287288 , unplacedBoxesSize:2
currentRepackCostTime:64.29s , currentRepackMaxTime:83.83405639913235s
Selecting boards with low utilization for repacking...
iter5		 Improve solution by repack 0.9268476216070949->0.8993596922870196 , unplacedBoxesSize:4
currentRepackCostTime:65.728s , currentRepackMaxTime:83.83405639913235s
iter2		 Improve solution by repack 0.8993596922870196->0.8664982531577532 , unplacedBoxesSize:3
currentRepackCostTime:65.73s , currentRepackMaxTime:83.83405639913235s
iter8		 Improve solution by repack 0.8664982531577532->0.866185165278151 , unplacedBoxesSize:5
currentRepackCostTime:65.749s , currentRepackMaxTime:83.83405639913235s
iter23		 Improve solution by repack 0.866185165278151->0.8600591238914271 , unplacedBoxesSize:4
currentRepackCostTime:65.81700000000001s , currentRepackMaxTime:83.83405639913235s
iter6		 Improve solution by repack 0.8600591238914271->0.6843775194840096 , unplacedBoxesSize:2
currentRepackCostTime:65.828s , currentRepackMaxTime:83.83405639913235s
Selecting boards with low utilization for repacking...
iter21		 Improve solution by repack 0.9268476216070949->0.9129387261488848 , unplacedBoxesSize:5
currentRepackCostTime:67.45s , currentRepackMaxTime:83.83405639913235s
iter1		 Improve solution by repack 0.9129387261488848->0.8600591238914271 , unplacedBoxesSize:4
currentRepackCostTime:67.453s , currentRepackMaxTime:83.83405639913235s
iter168		 Improve solution by repack 0.8600591238914271->0.7417092179521635 , unplacedBoxesSize:3
currentRepackCostTime:67.88s , currentRepackMaxTime:83.83405639913235s
iter294		 Improve solution by repack 0.7417092179521635->0.7122618247782855 , unplacedBoxesSize:3
currentRepackCostTime:68.42s , currentRepackMaxTime:83.83405639913235s
iter43		 Improve solution by repack 0.7122618247782855->0.6843775194840096 , unplacedBoxesSize:2
currentRepackCostTime:68.508s , currentRepackMaxTime:83.83405639913235s
Selecting boards with low utilization for repacking...
iter4		 Improve solution by repack 0.905426296694437->0.9051904729911314 , unplacedBoxesSize:5
currentRepackCostTime:70.062s , currentRepackMaxTime:83.83405639913235s
iter22		 Improve solution by repack 0.9051904729911314->0.7888134909970438 , unplacedBoxesSize:3
currentRepackCostTime:70.119s , currentRepackMaxTime:83.83405639913235s
iter75		 Improve solution by repack 0.7888134909970438->0.7671768341843591 , unplacedBoxesSize:3
currentRepackCostTime:70.264s , currentRepackMaxTime:83.83405639913235s
iter202		 Improve solution by repack 0.7671768341843591->0.7653520558989519 , unplacedBoxesSize:3
currentRepackCostTime:70.653s , currentRepackMaxTime:83.83405639913235s
iter270		 Improve solution by repack 0.7653520558989519->0.7616793200752485 , unplacedBoxesSize:3
currentRepackCostTime:71.153s , currentRepackMaxTime:83.83405639913235s
iter16		 Improve solution by repack 0.7616793200752485->0.7602976350443429 , unplacedBoxesSize:3
currentRepackCostTime:71.185s , currentRepackMaxTime:83.83405639913235s
iter37		 Improve solution by repack 0.7602976350443429->0.7525577801666219 , unplacedBoxesSize:4
currentRepackCostTime:71.251s , currentRepackMaxTime:83.83405639913235s
iter19		 Improve solution by repack 0.7525577801666219->0.7386320881483472 , unplacedBoxesSize:3
currentRepackCostTime:71.293s , currentRepackMaxTime:83.83405639913235s
iter33		 Improve solution by repack 0.7386320881483472->0.7339398011287288 , unplacedBoxesSize:2
currentRepackCostTime:71.348s , currentRepackMaxTime:83.83405639913235s
Selecting boards with low utilization for repacking...
iter17		 Improve solution by repack 0.9129387261488848->0.6843775194840096 , unplacedBoxesSize:2
currentRepackCostTime:72.862s , currentRepackMaxTime:83.83405639913235s
iter53		 Improve solution by repack 0.6843775194840096->0.675783055630207 , unplacedBoxesSize:2
currentRepackCostTime:72.94200000000001s , currentRepackMaxTime:83.83405639913235s
iter231		 Improve solution by repack 0.675783055630207->0.6574119860252621 , unplacedBoxesSize:2
currentRepackCostTime:73.305s , currentRepackMaxTime:83.83405639913235s
iter249		 Improve solution by repack 0.6574119860252621->0.6511425020155872 , unplacedBoxesSize:2
currentRepackCostTime:73.69500000000001s , currentRepackMaxTime:83.83405639913235s
iter5		 Improve solution by repack 0.6511425020155872->0.649739317387799 , unplacedBoxesSize:2
currentRepackCostTime:73.703s , currentRepackMaxTime:83.83405639913235s
Selecting boards with low utilization for repacking...
iter4		 Improve solution by repack 0.9320619457135179->0.8993596922870196 , unplacedBoxesSize:4
currentRepackCostTime:75.281s , currentRepackMaxTime:83.83405639913235s
iter4		 Improve solution by repack 0.8993596922870196->0.8842246707874227 , unplacedBoxesSize:3
currentRepackCostTime:75.291s , currentRepackMaxTime:83.83405639913235s
iter8		 Improve solution by repack 0.8842246707874227->0.8837033055630208 , unplacedBoxesSize:3
currentRepackCostTime:75.307s , currentRepackMaxTime:83.83405639913235s
iter44		 Improve solution by repack 0.8837033055630208->0.649739317387799 , unplacedBoxesSize:2
currentRepackCostTime:75.379s , currentRepackMaxTime:83.83405639913235s
iter10		 Improve solution by repack 0.649739317387799->0.6449959688255845 , unplacedBoxesSize:2
currentRepackCostTime:75.395s , currentRepackMaxTime:83.83405639913235s
Selecting boards with low utilization for repacking...
iter42		 Improve solution by repack 0.8837033055630208->0.6449959688255845 , unplacedBoxesSize:2
currentRepackCostTime:77.043s , currentRepackMaxTime:83.83405639913235s
Selecting boards with low utilization for repacking...
iter24		 Improve solution by repack 0.915214324106423->0.9068294813222252 , unplacedBoxesSize:5
currentRepackCostTime:78.628s , currentRepackMaxTime:83.83405639913235s
iter1		 Improve solution by repack 0.9068294813222252->0.900846882558452 , unplacedBoxesSize:5
currentRepackCostTime:78.631s , currentRepackMaxTime:83.83405639913235s
iter5		 Improve solution by repack 0.900846882558452->0.8914676834184359 , unplacedBoxesSize:5
currentRepackCostTime:78.645s , currentRepackMaxTime:83.83405639913235s
iter5		 Improve solution by repack 0.8914676834184359->0.8908462106960494 , unplacedBoxesSize:4
currentRepackCostTime:78.66s , currentRepackMaxTime:83.83405639913235s
iter80		 Improve solution by repack 0.8908462106960494->0.675783055630207 , unplacedBoxesSize:2
currentRepackCostTime:78.819s , currentRepackMaxTime:83.83405639913235s
iter998		 Improve solution by repack 0.675783055630207->0.6449959688255845 , unplacedBoxesSize:2
currentRepackCostTime:80.378s , currentRepackMaxTime:83.83405639913235s
Selecting boards with low utilization for repacking...
iter1		 Improve solution by repack 0.8914676834184359->0.7139881752217145 , unplacedBoxesSize:2
currentRepackCostTime:81.959s , currentRepackMaxTime:83.83405639913235s
iter9		 Improve solution by repack 0.7139881752217145->0.7042475141091104 , unplacedBoxesSize:2
currentRepackCostTime:81.971s , currentRepackMaxTime:83.83405639913235s
iter82		 Improve solution by repack 0.7042475141091104->0.6809157484547165 , unplacedBoxesSize:3
currentRepackCostTime:82.093s , currentRepackMaxTime:83.83405639913235s
iter25		 Improve solution by repack 0.6809157484547165->0.6786945713517871 , unplacedBoxesSize:3
currentRepackCostTime:82.144s , currentRepackMaxTime:83.83405639913235s
iter46		 Improve solution by repack 0.6786945713517871->0.6647688793335125 , unplacedBoxesSize:2
currentRepackCostTime:82.246s , currentRepackMaxTime:83.83405639913235s
