total number of nestable workpieces：924
Start priority-first combined packing.
Start nesting on the 1th large board, remaining blocks count: 209
Utilization of the 1th large board: 94.32306275194841, Time taken for this board: 3.021s
-------------------------------------------------------------------
Start nesting on the 2th large board, remaining blocks count: 207
Utilization of the 2th large board: 94.20212980381618, Time taken for this board: 5.746s
-------------------------------------------------------------------
Start nesting on the 3th large board, remaining blocks count: 205
Utilization of the 3th large board: 92.6847621607095, Time taken for this board: 8.611s
-------------------------------------------------------------------
Start nesting on the 4th large board, remaining blocks count: 205
Utilization of the 4th large board: 92.6847621607095, Time taken for this board: 11.504s
-------------------------------------------------------------------
Start nesting on the 5th large board, remaining blocks count: 204
Utilization of the 5th large board: 96.73320343993551, Time taken for this board: 14.384s
-------------------------------------------------------------------
Start nesting on the 6th large board, remaining blocks count: 204
Utilization of the 6th large board: 96.36495565708142, Time taken for this board: 16.989s
-------------------------------------------------------------------
Start nesting on the 7th large board, remaining blocks count: 200
Utilization of the 7th large board: 93.07256113947864, Time taken for this board: 19.423000000000002s
-------------------------------------------------------------------
Start nesting on the 8th large board, remaining blocks count: 198
Utilization of the 8th large board: 94.31577532921257, Time taken for this board: 21.377s
-------------------------------------------------------------------
Start nesting on the 9th large board, remaining blocks count: 198
Utilization of the 9th large board: 94.31577532921257, Time taken for this board: 23.32s
-------------------------------------------------------------------
Start nesting on the 10th large board, remaining blocks count: 198
Utilization of the 10th large board: 94.31577532921257, Time taken for this board: 25.313s
-------------------------------------------------------------------
Start nesting on the 11th large board, remaining blocks count: 196
Utilization of the 11th large board: 92.13779897876914, Time taken for this board: 27.191s
-------------------------------------------------------------------
Start nesting on the 12th large board, remaining blocks count: 196
Utilization of the 12th large board: 92.13779897876914, Time taken for this board: 29.043s
-------------------------------------------------------------------
Start nesting on the 13th large board, remaining blocks count: 196
Utilization of the 13th large board: 92.13779897876914, Time taken for this board: 30.853s
-------------------------------------------------------------------
Start nesting on the 14th large board, remaining blocks count: 196
Utilization of the 14th large board: 92.13779897876914, Time taken for this board: 32.574s
-------------------------------------------------------------------
Start nesting on the 15th large board, remaining blocks count: 195
Utilization of the 15th large board: 92.95691682343455, Time taken for this board: 34.17s
-------------------------------------------------------------------
Start nesting on the 16th large board, remaining blocks count: 193
Utilization of the 16th large board: 89.02492609513573, Time taken for this board: 35.31s
-------------------------------------------------------------------
Start nesting on the 17th large board, remaining blocks count: 193
Utilization of the 17th large board: 89.02492609513573, Time taken for this board: 36.454s
-------------------------------------------------------------------
Start nesting on the 18th large board, remaining blocks count: 192
Utilization of the 18th large board: 90.28970706799247, Time taken for this board: 37.587s
-------------------------------------------------------------------
Start nesting on the 19th large board, remaining blocks count: 192
Utilization of the 19th large board: 90.28970706799247, Time taken for this board: 38.735s
-------------------------------------------------------------------
Start nesting on the 20th large board, remaining blocks count: 189
Utilization of the 20th large board: 90.64957336737436, Time taken for this board: 40.022s
-------------------------------------------------------------------
Start nesting on the 21th large board, remaining blocks count: 189
Utilization of the 21th large board: 90.64957336737436, Time taken for this board: 41.298s
-------------------------------------------------------------------
Start nesting on the 22th large board, remaining blocks count: 187
Utilization of the 22th large board: 90.34021432410643, Time taken for this board: 42.604s
-------------------------------------------------------------------
Start nesting on the 23th large board, remaining blocks count: 183
Utilization of the 23th large board: 97.25127653856491, Time taken for this board: 44.0s
-------------------------------------------------------------------
Start nesting on the 24th large board, remaining blocks count: 179
Utilization of the 24th large board: 97.1991400161247, Time taken for this board: 45.297000000000004s
-------------------------------------------------------------------
Start nesting on the 25th large board, remaining blocks count: 175
Utilization of the 25th large board: 96.72897070679925, Time taken for this board: 46.564s
-------------------------------------------------------------------
Start nesting on the 26th large board, remaining blocks count: 173
Utilization of the 26th large board: 96.59147406611126, Time taken for this board: 47.797000000000004s
-------------------------------------------------------------------
Start nesting on the 27th large board, remaining blocks count: 173
Utilization of the 27th large board: 96.59147406611126, Time taken for this board: 49.036s
-------------------------------------------------------------------
Start nesting on the 28th large board, remaining blocks count: 170
Utilization of the 28th large board: 96.91584923407687, Time taken for this board: 50.622s
-------------------------------------------------------------------
Start nesting on the 29th large board, remaining blocks count: 168
Utilization of the 29th large board: 96.28490325181403, Time taken for this board: 52.17s
-------------------------------------------------------------------
Start nesting on the 30th large board, remaining blocks count: 164
Utilization of the 30th large board: 96.01666218758399, Time taken for this board: 53.704s
-------------------------------------------------------------------
Start nesting on the 31th large board, remaining blocks count: 162
Utilization of the 31th large board: 95.75661784466541, Time taken for this board: 55.202s
-------------------------------------------------------------------
Start nesting on the 32th large board, remaining blocks count: 162
Utilization of the 32th large board: 95.75661784466541, Time taken for this board: 56.696s
-------------------------------------------------------------------
Start nesting on the 33th large board, remaining blocks count: 160
Utilization of the 33th large board: 95.69457135178716, Time taken for this board: 58.158s
-------------------------------------------------------------------
Start nesting on the 34th large board, remaining blocks count: 160
Utilization of the 34th large board: 95.69457135178716, Time taken for this board: 59.627s
-------------------------------------------------------------------
Start nesting on the 35th large board, remaining blocks count: 156
Utilization of the 35th large board: 95.65123622682076, Time taken for this board: 61.064s
-------------------------------------------------------------------
Start nesting on the 36th large board, remaining blocks count: 154
Utilization of the 36th large board: 95.5236159634507, Time taken for this board: 62.402s
-------------------------------------------------------------------
Start nesting on the 37th large board, remaining blocks count: 152
Utilization of the 37th large board: 95.20723595807578, Time taken for this board: 63.703s
-------------------------------------------------------------------
Start nesting on the 38th large board, remaining blocks count: 150
Utilization of the 38th large board: 95.18758398280032, Time taken for this board: 64.96300000000001s
-------------------------------------------------------------------
Start nesting on the 39th large board, remaining blocks count: 148
Utilization of the 39th large board: 94.96254367105617, Time taken for this board: 66.199s
-------------------------------------------------------------------
Start nesting on the 40th large board, remaining blocks count: 145
Utilization of the 40th large board: 88.64391292663262, Time taken for this board: 66.743s
-------------------------------------------------------------------
Start nesting on the 41th large board, remaining blocks count: 145
Utilization of the 41th large board: 88.64391292663262, Time taken for this board: 67.287s
-------------------------------------------------------------------
Start nesting on the 42th large board, remaining blocks count: 142
Utilization of the 42th large board: 99.05331228164471, Time taken for this board: 68.324s
-------------------------------------------------------------------
Start nesting on the 43th large board, remaining blocks count: 136
Utilization of the 43th large board: 98.85514646600376, Time taken for this board: 69.289s
-------------------------------------------------------------------
Start nesting on the 44th large board, remaining blocks count: 132
Utilization of the 44th large board: 98.67508734211233, Time taken for this board: 70.248s
-------------------------------------------------------------------
Start nesting on the 45th large board, remaining blocks count: 130
Utilization of the 45th large board: 99.00483740929857, Time taken for this board: 71.182s
-------------------------------------------------------------------
Start nesting on the 46th large board, remaining blocks count: 126
Utilization of the 46th large board: 99.25396398817523, Time taken for this board: 71.683s
-------------------------------------------------------------------
Start nesting on the 47th large board, remaining blocks count: 120
Utilization of the 47th large board: 99.17599435635582, Time taken for this board: 72.154s
-------------------------------------------------------------------
Start nesting on the 48th large board, remaining blocks count: 116
Utilization of the 48th large board: 99.07521499596884, Time taken for this board: 72.59400000000001s
-------------------------------------------------------------------
Start nesting on the 49th large board, remaining blocks count: 110
Utilization of the 49th large board: 98.0559661381349, Time taken for this board: 72.981s
-------------------------------------------------------------------
Start nesting on the 50th large board, remaining blocks count: 108
Utilization of the 50th large board: 98.05284197796291, Time taken for this board: 73.35000000000001s
-------------------------------------------------------------------
Start nesting on the 51th large board, remaining blocks count: 104
Utilization of the 51th large board: 97.80012093523246, Time taken for this board: 73.7s
-------------------------------------------------------------------
Start nesting on the 52th large board, remaining blocks count: 102
Utilization of the 52th large board: 97.93839021768342, Time taken for this board: 74.046s
-------------------------------------------------------------------
Start nesting on the 53th large board, remaining blocks count: 100
Utilization of the 53th large board: 98.11448535339962, Time taken for this board: 74.38s
-------------------------------------------------------------------
Start nesting on the 54th large board, remaining blocks count: 100
Utilization of the 54th large board: 98.11448535339962, Time taken for this board: 74.71300000000001s
-------------------------------------------------------------------
Start nesting on the 55th large board, remaining blocks count: 96
Utilization of the 55th large board: 97.89962375705454, Time taken for this board: 75.048s
-------------------------------------------------------------------
Start nesting on the 56th large board, remaining blocks count: 96
Utilization of the 56th large board: 98.20438054286481, Time taken for this board: 75.382s
-------------------------------------------------------------------
Start nesting on the 57th large board, remaining blocks count: 90
Utilization of the 57th large board: 97.63964660037624, Time taken for this board: 75.665s
-------------------------------------------------------------------
Start nesting on the 58th large board, remaining blocks count: 84
Utilization of the 58th large board: 97.08761085729644, Time taken for this board: 75.916s
-------------------------------------------------------------------
Start nesting on the 59th large board, remaining blocks count: 80
Utilization of the 59th large board: 97.57279629131955, Time taken for this board: 76.146s
-------------------------------------------------------------------
Start nesting on the 60th large board, remaining blocks count: 78
Utilization of the 60th large board: 97.28604541789842, Time taken for this board: 76.354s
-------------------------------------------------------------------
Start nesting on the 61th large board, remaining blocks count: 74
Utilization of the 61th large board: 96.96694436979307, Time taken for this board: 76.554s
-------------------------------------------------------------------
Start nesting on the 62th large board, remaining blocks count: 74
Utilization of the 62th large board: 96.96694436979307, Time taken for this board: 76.754s
-------------------------------------------------------------------
Start nesting on the 63th large board, remaining blocks count: 72
Utilization of the 63th large board: 96.70253292125771, Time taken for this board: 76.95400000000001s
-------------------------------------------------------------------
Start nesting on the 64th large board, remaining blocks count: 66
Utilization of the 64th large board: 95.56134103735556, Time taken for this board: 77.136s
-------------------------------------------------------------------
Start nesting on the 65th large board, remaining blocks count: 64
Utilization of the 65th large board: 95.29635850577802, Time taken for this board: 77.22s
-------------------------------------------------------------------
Start nesting on the 66th large board, remaining blocks count: 62
Utilization of the 66th large board: 95.22423407686105, Time taken for this board: 77.296s
-------------------------------------------------------------------
Start nesting on the 67th large board, remaining blocks count: 60
Utilization of the 67th large board: 95.20169309325449, Time taken for this board: 77.368s
-------------------------------------------------------------------
Start nesting on the 68th large board, remaining blocks count: 60
Utilization of the 68th large board: 95.20169309325449, Time taken for this board: 77.441s
-------------------------------------------------------------------
Start nesting on the 69th large board, remaining blocks count: 56
Utilization of the 69th large board: 95.1649758129535, Time taken for this board: 77.503s
-------------------------------------------------------------------
Start nesting on the 70th large board, remaining blocks count: 54
Utilization of the 70th large board: 94.55616769685568, Time taken for this board: 77.56s
-------------------------------------------------------------------
Start nesting on the 71th large board, remaining blocks count: 50
Utilization of the 71th large board: 96.05079279763504, Time taken for this board: 77.61s
-------------------------------------------------------------------
Start nesting on the 72th large board, remaining blocks count: 46
Utilization of the 72th large board: 96.06275194840097, Time taken for this board: 77.654s
-------------------------------------------------------------------
Start nesting on the 73th large board, remaining blocks count: 42
Utilization of the 73th large board: 95.53211502284333, Time taken for this board: 77.693s
-------------------------------------------------------------------
Start nesting on the 74th large board, remaining blocks count: 38
Utilization of the 74th large board: 93.40815640956733, Time taken for this board: 77.72s
-------------------------------------------------------------------
Start nesting on the 75th large board, remaining blocks count: 34
Utilization of the 75th large board: 92.45169309325449, Time taken for this board: 77.748s
-------------------------------------------------------------------
Start nesting on the 76th large board, remaining blocks count: 30
Utilization of the 76th large board: 96.42139209889814, Time taken for this board: 77.762s
-------------------------------------------------------------------
Start nesting on the 77th large board, remaining blocks count: 26
Utilization of the 77th large board: 90.96785138403655, Time taken for this board: 77.773s
-------------------------------------------------------------------
Start nesting on the 78th large board, remaining blocks count: 22
Utilization of the 78th large board: 92.1194571351787, Time taken for this board: 77.782s
-------------------------------------------------------------------
Start nesting on the 79th large board, remaining blocks count: 20
Utilization of the 79th large board: 91.85864015049717, Time taken for this board: 77.789s
-------------------------------------------------------------------
Start nesting on the 80th large board, remaining blocks count: 14
Utilization of the 80th large board: 91.3512496640688, Time taken for this board: 77.792s
-------------------------------------------------------------------
Start nesting on the 81th large board, remaining blocks count: 12
Utilization of the 81th large board: 84.07350174684224, Time taken for this board: 77.793s
-------------------------------------------------------------------
Start nesting on the 82th large board, remaining blocks count: 4
Utilization of the 82th large board: 39.885245901639344, Time taken for this board: 77.793s
-------------------------------------------------------------------
Start global repack optimization for 82 boards, time=285.822s.
Start improving solution by repacking.
Selecting boards with low utilization for repacking...
iter54		 Improve solution by repack 0.39885245901639343->0.3968496371943026 , unplacedBoxesSize:3
currentRepackCostTime:0.105s , currentRepackMaxTime:285.822s
iter4		 Improve solution by repack 0.3968496371943026->0.38292394517602796 , unplacedBoxesSize:2
currentRepackCostTime:0.112s , currentRepackMaxTime:285.822s
iter52		 Improve solution by repack 0.38292394517602796->0.3811461972588014 , unplacedBoxesSize:2
currentRepackCostTime:0.209s , currentRepackMaxTime:285.822s
iter16		 Improve solution by repack 0.3811461972588014->0.3283606557377049 , unplacedBoxesSize:2
currentRepackCostTime:0.23900000000000002s , currentRepackMaxTime:285.822s
iter43		 Improve solution by repack 0.3283606557377049->0.3243664337543671 , unplacedBoxesSize:2
currentRepackCostTime:0.325s , currentRepackMaxTime:285.822s
iter46		 Improve solution by repack 0.3243664337543671->0.31403050255307713 , unplacedBoxesSize:3
currentRepackCostTime:0.41000000000000003s , currentRepackMaxTime:285.822s
iter10		 Improve solution by repack 0.31403050255307713->0.29720370868046225 , unplacedBoxesSize:2
currentRepackCostTime:0.432s , currentRepackMaxTime:285.822s
iter3		 Improve solution by repack 0.29720370868046225->0.29323300188121476 , unplacedBoxesSize:2
currentRepackCostTime:0.443s , currentRepackMaxTime:285.822s
iter81		 Improve solution by repack 0.29323300188121476->0.27964189733942485 , unplacedBoxesSize:2
currentRepackCostTime:0.625s , currentRepackMaxTime:285.822s
iter28		 Improve solution by repack 0.27964189733942485->0.2699153453372749 , unplacedBoxesSize:2
currentRepackCostTime:0.6900000000000001s , currentRepackMaxTime:285.822s
iter6		 Improve solution by repack 0.2699153453372749->0.2655771298038162 , unplacedBoxesSize:2
currentRepackCostTime:0.6980000000000001s , currentRepackMaxTime:285.822s
iter430		 Improve solution by repack 0.2655771298038162->0.25349231792528887 , unplacedBoxesSize:4
currentRepackCostTime:1.625s , currentRepackMaxTime:285.822s
iter3		 Improve solution by repack 0.25349231792528887->0.2520451491534534 , unplacedBoxesSize:2
currentRepackCostTime:1.6380000000000001s , currentRepackMaxTime:285.822s
iter15		 Improve solution by repack 0.2520451491534534->0.239798441279226 , unplacedBoxesSize:2
currentRepackCostTime:1.668s , currentRepackMaxTime:285.822s
iter1		 Improve solution by repack 0.239798441279226->0.23380610051061543 , unplacedBoxesSize:2
currentRepackCostTime:1.672s , currentRepackMaxTime:285.822s
iter38		 Improve solution by repack 0.23380610051061543->0.22085259338887395 , unplacedBoxesSize:2
currentRepackCostTime:1.762s , currentRepackMaxTime:285.822s
iter22		 Improve solution by repack 0.22085259338887395->0.17285810266057514 , unplacedBoxesSize:1
currentRepackCostTime:1.821s , currentRepackMaxTime:285.822s
iter545		 Improve solution by repack 0.17285810266057514->0.15298810803547433 , unplacedBoxesSize:1
currentRepackCostTime:2.845s , currentRepackMaxTime:285.822s
iter41		 Improve solution by repack 0.15298810803547433->0.12434560601988713 , unplacedBoxesSize:1
currentRepackCostTime:2.9130000000000003s , currentRepackMaxTime:285.822s
Selecting boards with low utilization for repacking...
iter7		 Improve solution by repack 0.8864391292663263->0.8522897070679926 , unplacedBoxesSize:3
currentRepackCostTime:4.9510000000000005s , currentRepackMaxTime:285.822s
iter36		 Improve solution by repack 0.8522897070679926->0.2025503896801935 , unplacedBoxesSize:1
currentRepackCostTime:5.0040000000000004s , currentRepackMaxTime:285.822s
iter113		 Improve solution by repack 0.2025503896801935->0.18091373286750875 , unplacedBoxesSize:1
currentRepackCostTime:5.188s , currentRepackMaxTime:285.822s
Selecting boards with low utilization for repacking...
iter6		 Improve solution by repack 0.8617535608707337->0.8593348562214459 , unplacedBoxesSize:5
currentRepackCostTime:7.074s , currentRepackMaxTime:285.822s
iter8		 Improve solution by repack 0.8593348562214459->0.847546358505778 , unplacedBoxesSize:3
currentRepackCostTime:7.099s , currentRepackMaxTime:285.822s
iter24		 Improve solution by repack 0.847546358505778->0.18091373286750875 , unplacedBoxesSize:1
currentRepackCostTime:7.139s , currentRepackMaxTime:285.822s
iter644		 Improve solution by repack 0.18091373286750875->0.17285810266057514 , unplacedBoxesSize:1
currentRepackCostTime:8.337s , currentRepackMaxTime:285.822s
Selecting boards with low utilization for repacking...
iter1		 Improve solution by repack 0.8864391292663263->0.17285810266057514 , unplacedBoxesSize:1
currentRepackCostTime:10.221s , currentRepackMaxTime:285.822s
iter152		 Improve solution by repack 0.17285810266057514->0.15644181671593657 , unplacedBoxesSize:1
currentRepackCostTime:10.535s , currentRepackMaxTime:285.822s
iter43		 Improve solution by repack 0.15644181671593657->0.15565170653050253 , unplacedBoxesSize:1
currentRepackCostTime:10.626s , currentRepackMaxTime:285.822s
Selecting boards with low utilization for repacking...
iter3		 Improve solution by repack 0.8901219430260682->0.8783334453104005 , unplacedBoxesSize:3
currentRepackCostTime:12.554s , currentRepackMaxTime:285.822s
iter12		 Improve solution by repack 0.8783334453104005->0.2025503896801935 , unplacedBoxesSize:1
currentRepackCostTime:12.575000000000001s , currentRepackMaxTime:285.822s
Selecting boards with low utilization for repacking...
iter27		 Improve solution by repack 0.8314347621607096->0.25112738511152916 , unplacedBoxesSize:2
currentRepackCostTime:14.464s , currentRepackMaxTime:285.822s
iter1		 Improve solution by repack 0.25112738511152916->0.24970135716205322 , unplacedBoxesSize:2
currentRepackCostTime:14.466000000000001s , currentRepackMaxTime:285.822s
iter33		 Improve solution by repack 0.24970135716205322->0.2457071351787154 , unplacedBoxesSize:2
currentRepackCostTime:14.540000000000001s , currentRepackMaxTime:285.822s
iter65		 Improve solution by repack 0.2457071351787154->0.24494893845740393 , unplacedBoxesSize:3
currentRepackCostTime:14.685s , currentRepackMaxTime:285.822s
iter1		 Improve solution by repack 0.24494893845740393->0.24480986294006987 , unplacedBoxesSize:3
currentRepackCostTime:14.687000000000001s , currentRepackMaxTime:285.822s
iter4		 Improve solution by repack 0.24480986294006987->0.24037086804622415 , unplacedBoxesSize:2
currentRepackCostTime:14.698s , currentRepackMaxTime:285.822s
iter4		 Improve solution by repack 0.24037086804622415->0.2357874227358237 , unplacedBoxesSize:2
currentRepackCostTime:14.705s , currentRepackMaxTime:285.822s
iter29		 Improve solution by repack 0.2357874227358237->0.21052539639881754 , unplacedBoxesSize:2
currentRepackCostTime:14.763s , currentRepackMaxTime:285.822s
iter93		 Improve solution by repack 0.21052539639881754->0.18678379467884978 , unplacedBoxesSize:2
currentRepackCostTime:14.986s , currentRepackMaxTime:285.822s
iter1		 Improve solution by repack 0.18678379467884978->0.17285810266057514 , unplacedBoxesSize:1
currentRepackCostTime:14.988s , currentRepackMaxTime:285.822s
iter322		 Improve solution by repack 0.17285810266057514->0.1688873958613276 , unplacedBoxesSize:1
currentRepackCostTime:15.57s , currentRepackMaxTime:285.822s
iter104		 Improve solution by repack 0.1688873958613276->0.13555495834453105 , unplacedBoxesSize:1
currentRepackCostTime:15.749s , currentRepackMaxTime:285.822s
iter10		 Improve solution by repack 0.13555495834453105->0.12434560601988713 , unplacedBoxesSize:1
currentRepackCostTime:15.768s , currentRepackMaxTime:285.822s
iter52		 Improve solution by repack 0.12434560601988713->0.11834990593926363 , unplacedBoxesSize:1
currentRepackCostTime:15.874s , currentRepackMaxTime:285.822s
iter120		 Improve solution by repack 0.11834990593926363->0.1129857565170653 , unplacedBoxesSize:1
currentRepackCostTime:16.132s , currentRepackMaxTime:285.822s
iter16		 Improve solution by repack 0.1129857565170653->0.10961703843052943 , unplacedBoxesSize:1
currentRepackCostTime:16.165s , currentRepackMaxTime:285.822s
iter6		 Improve solution by repack 0.10961703843052943->0.09671324912657887 , unplacedBoxesSize:1
currentRepackCostTime:16.179000000000002s , currentRepackMaxTime:285.822s
iter107		 Improve solution by repack 0.09671324912657887->0.09271902714324107 , unplacedBoxesSize:1
currentRepackCostTime:16.431s , currentRepackMaxTime:285.822s
Selecting boards with low utilization for repacking...
iter1		 Improve solution by repack 0.8668553480247245->0.09271902714324107 , unplacedBoxesSize:1
currentRepackCostTime:18.528s , currentRepackMaxTime:285.822s
Selecting boards with low utilization for repacking...
iter5		 Improve solution by repack 0.8943825584520291->0.8881349099704381 , unplacedBoxesSize:3
currentRepackCostTime:20.593s , currentRepackMaxTime:285.822s
iter40		 Improve solution by repack 0.8881349099704381->0.11834990593926363 , unplacedBoxesSize:1
currentRepackCostTime:20.656s , currentRepackMaxTime:285.822s
iter165		 Improve solution by repack 0.11834990593926363->0.1175967481859715 , unplacedBoxesSize:2
currentRepackCostTime:20.991s , currentRepackMaxTime:285.822s
iter11		 Improve solution by repack 0.1175967481859715->0.10797097554420855 , unplacedBoxesSize:1
currentRepackCostTime:21.019000000000002s , currentRepackMaxTime:285.822s
iter129		 Improve solution by repack 0.10797097554420855->0.10778352593388874 , unplacedBoxesSize:1
currentRepackCostTime:21.306s , currentRepackMaxTime:285.822s
iter649		 Improve solution by repack 0.10778352593388874->0.1070337274926095 , unplacedBoxesSize:1
currentRepackCostTime:22.632s , currentRepackMaxTime:285.822s
Selecting boards with low utilization for repacking...
iter7		 Improve solution by repack 0.8934936844934157->0.1070337274926095 , unplacedBoxesSize:1
currentRepackCostTime:24.727s , currentRepackMaxTime:285.822s
Selecting boards with low utilization for repacking...
iter5		 Improve solution by repack 0.9036136119322763->0.8757293066380004 , unplacedBoxesSize:3
currentRepackCostTime:26.830000000000002s , currentRepackMaxTime:285.822s
iter20		 Improve solution by repack 0.8757293066380004->0.8664982531577532 , unplacedBoxesSize:3
currentRepackCostTime:26.863s , currentRepackMaxTime:285.822s
iter2		 Improve solution by repack 0.8664982531577532->0.1070337274926095 , unplacedBoxesSize:1
currentRepackCostTime:26.865000000000002s , currentRepackMaxTime:285.822s
iter625		 Improve solution by repack 0.1070337274926095->0.09987503359312014 , unplacedBoxesSize:1
currentRepackCostTime:28.2s , currentRepackMaxTime:285.822s
iter24		 Improve solution by repack 0.09987503359312014->0.09671324912657887 , unplacedBoxesSize:1
currentRepackCostTime:28.261s , currentRepackMaxTime:285.822s
iter15		 Improve solution by repack 0.09671324912657887->0.09271902714324107 , unplacedBoxesSize:1
currentRepackCostTime:28.286s , currentRepackMaxTime:285.822s
Selecting boards with low utilization for repacking...
iter1		 Improve solution by repack 0.8696600376242947->0.17382424079548509 , unplacedBoxesSize:1
currentRepackCostTime:30.398s , currentRepackMaxTime:285.822s
iter86		 Improve solution by repack 0.17382424079548509->0.15644181671593657 , unplacedBoxesSize:1
currentRepackCostTime:30.552s , currentRepackMaxTime:285.822s
iter3		 Improve solution by repack 0.15644181671593657->0.15565170653050253 , unplacedBoxesSize:1
currentRepackCostTime:30.558s , currentRepackMaxTime:285.822s
iter1		 Improve solution by repack 0.15565170653050253->0.09271902714324107 , unplacedBoxesSize:1
currentRepackCostTime:30.559s , currentRepackMaxTime:285.822s
Selecting boards with low utilization for repacking...
iter6		 Improve solution by repack 0.8696600376242947->0.8664982531577532 , unplacedBoxesSize:3
currentRepackCostTime:32.617s , currentRepackMaxTime:285.822s
iter13		 Improve solution by repack 0.8664982531577532->0.09671324912657887 , unplacedBoxesSize:1
currentRepackCostTime:32.641s , currentRepackMaxTime:285.822s
iter83		 Improve solution by repack 0.09671324912657887->0.09271902714324107 , unplacedBoxesSize:1
currentRepackCostTime:32.817s , currentRepackMaxTime:285.822s
Selecting boards with low utilization for repacking...
iter20		 Improve solution by repack 0.8664982531577532->0.09271902714324107 , unplacedBoxesSize:1
currentRepackCostTime:34.902s , currentRepackMaxTime:285.822s
Selecting boards with low utilization for repacking...
iter23		 Improve solution by repack 0.8664982531577532->0.8543425826390755 , unplacedBoxesSize:3
currentRepackCostTime:37.017s , currentRepackMaxTime:285.822s
iter12		 Improve solution by repack 0.8543425826390755->0.2025503896801935 , unplacedBoxesSize:1
currentRepackCostTime:37.043s , currentRepackMaxTime:285.822s
iter59		 Improve solution by repack 0.2025503896801935->0.1984923407686106 , unplacedBoxesSize:2
currentRepackCostTime:37.159s , currentRepackMaxTime:285.822s
iter2		 Improve solution by repack 0.1984923407686106->0.1860481053480247 , unplacedBoxesSize:2
currentRepackCostTime:37.164s , currentRepackMaxTime:285.822s
iter11		 Improve solution by repack 0.1860481053480247->0.1831805966138135 , unplacedBoxesSize:2
currentRepackCostTime:37.19s , currentRepackMaxTime:285.822s
iter34		 Improve solution by repack 0.1831805966138135->0.17757323300188121 , unplacedBoxesSize:2
currentRepackCostTime:37.277s , currentRepackMaxTime:285.822s
iter3		 Improve solution by repack 0.17757323300188121->0.16833982800322492 , unplacedBoxesSize:2
currentRepackCostTime:37.285000000000004s , currentRepackMaxTime:285.822s
iter8		 Improve solution by repack 0.16833982800322492->0.15441413598495027 , unplacedBoxesSize:1
currentRepackCostTime:37.302s , currentRepackMaxTime:285.822s
iter56		 Improve solution by repack 0.15441413598495027->0.15298810803547433 , unplacedBoxesSize:1
currentRepackCostTime:37.421s , currentRepackMaxTime:285.822s
iter357		 Improve solution by repack 0.15298810803547433->0.10923273313625369 , unplacedBoxesSize:1
currentRepackCostTime:38.132s , currentRepackMaxTime:285.822s
iter13		 Improve solution by repack 0.10923273313625369->0.10778352593388874 , unplacedBoxesSize:1
currentRepackCostTime:38.161s , currentRepackMaxTime:285.822s
iter9		 Improve solution by repack 0.10778352593388874->0.1070337274926095 , unplacedBoxesSize:1
currentRepackCostTime:38.178s , currentRepackMaxTime:285.822s
Selecting boards with low utilization for repacking...
iter5		 Improve solution by repack 0.8681980650362806->0.1070337274926095 , unplacedBoxesSize:1
currentRepackCostTime:40.297000000000004s , currentRepackMaxTime:285.822s
Selecting boards with low utilization for repacking...
iter15		 Improve solution by repack 0.8681980650362806->0.1070337274926095 , unplacedBoxesSize:1
currentRepackCostTime:42.449s , currentRepackMaxTime:285.822s
iter383		 Improve solution by repack 0.1070337274926095->0.09671324912657887 , unplacedBoxesSize:1
currentRepackCostTime:43.27s , currentRepackMaxTime:285.822s
iter21		 Improve solution by repack 0.09671324912657887->0.09598898145659768 , unplacedBoxesSize:2
currentRepackCostTime:43.31s , currentRepackMaxTime:285.822s
iter74		 Improve solution by repack 0.09598898145659768->0.09271902714324107 , unplacedBoxesSize:1
currentRepackCostTime:43.508s , currentRepackMaxTime:285.822s
Selecting boards with low utilization for repacking...
iter2		 Improve solution by repack 0.8790110185434024->0.8681980650362806 , unplacedBoxesSize:3
currentRepackCostTime:45.607s , currentRepackMaxTime:285.822s
iter38		 Improve solution by repack 0.8681980650362806->0.09271902714324107 , unplacedBoxesSize:1
currentRepackCostTime:45.678000000000004s , currentRepackMaxTime:285.822s
Selecting boards with low utilization for repacking...
iter22		 Improve solution by repack 0.8790110185434024->0.09271902714324107 , unplacedBoxesSize:1
currentRepackCostTime:47.817s , currentRepackMaxTime:285.822s
Selecting boards with low utilization for repacking...
iter5		 Improve solution by repack 0.9006496909432948->0.8696600376242947 , unplacedBoxesSize:3
currentRepackCostTime:49.959s , currentRepackMaxTime:285.822s
iter20		 Improve solution by repack 0.8696600376242947->0.8681980650362806 , unplacedBoxesSize:3
currentRepackCostTime:49.993s , currentRepackMaxTime:285.822s
iter11		 Improve solution by repack 0.8681980650362806->0.8664982531577532 , unplacedBoxesSize:3
currentRepackCostTime:50.014s , currentRepackMaxTime:285.822s
iter51		 Improve solution by repack 0.8664982531577532->0.09271902714324107 , unplacedBoxesSize:1
currentRepackCostTime:50.109s , currentRepackMaxTime:285.822s
Selecting boards with low utilization for repacking...
iter27		 Improve solution by repack 0.8664982531577532->0.09271902714324107 , unplacedBoxesSize:1
currentRepackCostTime:52.234s , currentRepackMaxTime:285.822s
Selecting boards with low utilization for repacking...
iter3		 Improve solution by repack 0.8960823703305563->0.8885736361193228 , unplacedBoxesSize:4
currentRepackCostTime:54.319s , currentRepackMaxTime:285.822s
iter10		 Improve solution by repack 0.8885736361193228->0.15644181671593657 , unplacedBoxesSize:1
currentRepackCostTime:54.344s , currentRepackMaxTime:285.822s
iter126		 Improve solution by repack 0.15644181671593657->0.1260225745767267 , unplacedBoxesSize:1
currentRepackCostTime:54.586s , currentRepackMaxTime:285.822s
iter52		 Improve solution by repack 0.1260225745767267->0.1129857565170653 , unplacedBoxesSize:1
currentRepackCostTime:54.69s , currentRepackMaxTime:285.822s
iter64		 Improve solution by repack 0.1129857565170653->0.1127882289707068 , unplacedBoxesSize:1
currentRepackCostTime:54.831s , currentRepackMaxTime:285.822s
iter46		 Improve solution by repack 0.1127882289707068->0.10797097554420855 , unplacedBoxesSize:1
currentRepackCostTime:54.92s , currentRepackMaxTime:285.822s
iter56		 Improve solution by repack 0.10797097554420855->0.10778352593388874 , unplacedBoxesSize:1
currentRepackCostTime:55.039s , currentRepackMaxTime:285.822s
iter55		 Improve solution by repack 0.10778352593388874->0.1070337274926095 , unplacedBoxesSize:1
currentRepackCostTime:55.156s , currentRepackMaxTime:285.822s
Selecting boards with low utilization for repacking...
iter1		 Improve solution by repack 0.903483606557377->0.8930808250470303 , unplacedBoxesSize:3
currentRepackCostTime:57.318s , currentRepackMaxTime:285.822s
iter13		 Improve solution by repack 0.8930808250470303->0.432879938188659 , unplacedBoxesSize:3
currentRepackCostTime:57.342s , currentRepackMaxTime:285.822s
iter7		 Improve solution by repack 0.432879938188659->0.4188101316850309 , unplacedBoxesSize:4
currentRepackCostTime:57.36s , currentRepackMaxTime:285.822s
iter15		 Improve solution by repack 0.4188101316850309->0.40629736629938185 , unplacedBoxesSize:3
currentRepackCostTime:57.402s , currentRepackMaxTime:285.822s
iter73		 Improve solution by repack 0.40629736629938185->0.1070337274926095 , unplacedBoxesSize:1
currentRepackCostTime:57.575s , currentRepackMaxTime:285.822s
Selecting boards with low utilization for repacking...
iter8		 Improve solution by repack 0.903483606557377->0.8664982531577532 , unplacedBoxesSize:3
currentRepackCostTime:59.695s , currentRepackMaxTime:285.822s
iter6		 Improve solution by repack 0.8664982531577532->0.8616554689599569 , unplacedBoxesSize:3
currentRepackCostTime:59.704s , currentRepackMaxTime:285.822s
iter33		 Improve solution by repack 0.8616554689599569->0.1070337274926095 , unplacedBoxesSize:1
currentRepackCostTime:59.758s , currentRepackMaxTime:285.822s
iter422		 Improve solution by repack 0.1070337274926095->0.09904763504434293 , unplacedBoxesSize:1
currentRepackCostTime:60.645s , currentRepackMaxTime:285.822s
Selecting boards with low utilization for repacking...
iter3		 Improve solution by repack 0.914692958882021->0.8974879064767536 , unplacedBoxesSize:3
currentRepackCostTime:62.815000000000005s , currentRepackMaxTime:285.822s
iter14		 Improve solution by repack 0.8974879064767536->0.8664982531577532 , unplacedBoxesSize:3
currentRepackCostTime:62.836s , currentRepackMaxTime:285.822s
iter21		 Improve solution by repack 0.8664982531577532->0.8616554689599569 , unplacedBoxesSize:3
currentRepackCostTime:62.877s , currentRepackMaxTime:285.822s
iter8		 Improve solution by repack 0.8616554689599569->0.8597500671862403 , unplacedBoxesSize:3
currentRepackCostTime:62.891s , currentRepackMaxTime:285.822s
iter84		 Improve solution by repack 0.8597500671862403->0.1957608841709218 , unplacedBoxesSize:2
currentRepackCostTime:63.048s , currentRepackMaxTime:285.822s
iter311		 Improve solution by repack 0.1957608841709218->0.1824566648750336 , unplacedBoxesSize:2
currentRepackCostTime:63.832s , currentRepackMaxTime:285.822s
iter678		 Improve solution by repack 0.1824566648750336->0.18012227895726957 , unplacedBoxesSize:2
currentRepackCostTime:65.489s , currentRepackMaxTime:285.822s
iter14		 Improve solution by repack 0.18012227895726957->0.17285810266057514 , unplacedBoxesSize:1
currentRepackCostTime:65.522s , currentRepackMaxTime:285.822s
iter90		 Improve solution by repack 0.17285810266057514->0.1688873958613276 , unplacedBoxesSize:1
currentRepackCostTime:65.706s , currentRepackMaxTime:285.822s
iter55		 Improve solution by repack 0.1688873958613276->0.16465197527546357 , unplacedBoxesSize:1
currentRepackCostTime:65.806s , currentRepackMaxTime:285.822s
iter29		 Improve solution by repack 0.16465197527546357->0.15644181671593657 , unplacedBoxesSize:1
currentRepackCostTime:65.86s , currentRepackMaxTime:285.822s
iter15		 Improve solution by repack 0.15644181671593657->0.15565170653050253 , unplacedBoxesSize:1
currentRepackCostTime:65.888s , currentRepackMaxTime:285.822s
Selecting boards with low utilization for repacking...
iter1		 Improve solution by repack 0.8858102660575115->0.8794020424617038 , unplacedBoxesSize:3
currentRepackCostTime:67.862s , currentRepackMaxTime:285.822s
iter31		 Improve solution by repack 0.8794020424617038->0.8714962375705456 , unplacedBoxesSize:4
currentRepackCostTime:67.917s , currentRepackMaxTime:285.822s
iter6		 Improve solution by repack 0.8714962375705456->0.8584426229508196 , unplacedBoxesSize:3
currentRepackCostTime:67.936s , currentRepackMaxTime:285.822s
iter18		 Improve solution by repack 0.8584426229508196->0.849840096748186 , unplacedBoxesSize:4
currentRepackCostTime:67.971s , currentRepackMaxTime:285.822s
iter4		 Improve solution by repack 0.849840096748186->0.32850980919107764 , unplacedBoxesSize:2
currentRepackCostTime:67.982s , currentRepackMaxTime:285.822s
iter140		 Improve solution by repack 0.32850980919107764->0.20364619725880143 , unplacedBoxesSize:2
currentRepackCostTime:68.275s , currentRepackMaxTime:285.822s
iter117		 Improve solution by repack 0.20364619725880143->0.18943227626981995 , unplacedBoxesSize:2
currentRepackCostTime:68.559s , currentRepackMaxTime:285.822s
iter50		 Improve solution by repack 0.18943227626981995->0.18091373286750875 , unplacedBoxesSize:1
currentRepackCostTime:68.675s , currentRepackMaxTime:285.822s
iter18		 Improve solution by repack 0.18091373286750875->0.17322359580757862 , unplacedBoxesSize:2
currentRepackCostTime:68.702s , currentRepackMaxTime:285.822s
iter131		 Improve solution by repack 0.17322359580757862->0.14759271701155605 , unplacedBoxesSize:2
currentRepackCostTime:69.06s , currentRepackMaxTime:285.822s
iter102		 Improve solution by repack 0.14759271701155605->0.12740526740123623 , unplacedBoxesSize:1
currentRepackCostTime:69.324s , currentRepackMaxTime:285.822s
iter66		 Improve solution by repack 0.12740526740123623->0.1260225745767267 , unplacedBoxesSize:1
currentRepackCostTime:69.462s , currentRepackMaxTime:285.822s
iter11		 Improve solution by repack 0.1260225745767267->0.11377586670249933 , unplacedBoxesSize:1
currentRepackCostTime:69.483s , currentRepackMaxTime:285.822s
iter17		 Improve solution by repack 0.11377586670249933->0.11357833915614082 , unplacedBoxesSize:1
currentRepackCostTime:69.516s , currentRepackMaxTime:285.822s
iter3		 Improve solution by repack 0.11357833915614082->0.1129857565170653 , unplacedBoxesSize:1
currentRepackCostTime:69.523s , currentRepackMaxTime:285.822s
iter9		 Improve solution by repack 0.1129857565170653->0.1127882289707068 , unplacedBoxesSize:1
currentRepackCostTime:69.539s , currentRepackMaxTime:285.822s
iter16		 Improve solution by repack 0.1127882289707068->0.1070337274926095 , unplacedBoxesSize:1
currentRepackCostTime:69.566s , currentRepackMaxTime:285.822s
iter179		 Improve solution by repack 0.1070337274926095->0.09904763504434293 , unplacedBoxesSize:1
currentRepackCostTime:69.938s , currentRepackMaxTime:285.822s
iter104		 Improve solution by repack 0.09904763504434293->0.09671324912657887 , unplacedBoxesSize:1
currentRepackCostTime:70.153s , currentRepackMaxTime:285.822s
iter237		 Improve solution by repack 0.09671324912657887->0.09271902714324107 , unplacedBoxesSize:1
currentRepackCostTime:70.652s , currentRepackMaxTime:285.822s
iter717		 Improve solution by repack 0.09271902714324107->0.08340902983069066 , unplacedBoxesSize:1
currentRepackCostTime:72.167s , currentRepackMaxTime:285.822s
iter582		 Improve solution by repack 0.08340902983069066->0.06960225745767266 , unplacedBoxesSize:1
currentRepackCostTime:73.356s , currentRepackMaxTime:285.822s
iter892		 Improve solution by repack 0.06960225745767266->0.05487368986831497 , unplacedBoxesSize:1
currentRepackCostTime:75.359s , currentRepackMaxTime:285.822s
Selecting boards with low utilization for repacking...
iter12		 Improve solution by repack 0.8934936844934157->0.8625040311744155 , unplacedBoxesSize:3
currentRepackCostTime:77.634s , currentRepackMaxTime:285.822s
iter3		 Improve solution by repack 0.8625040311744155->0.05487368986831497 , unplacedBoxesSize:1
currentRepackCostTime:77.639s , currentRepackMaxTime:285.822s
Selecting boards with low utilization for repacking...
iter8		 Improve solution by repack 0.9121680999731254->0.8837033055630208 , unplacedBoxesSize:3
currentRepackCostTime:79.936s , currentRepackMaxTime:285.822s
iter8		 Improve solution by repack 0.8837033055630208->0.8625040311744155 , unplacedBoxesSize:3
currentRepackCostTime:79.947s , currentRepackMaxTime:285.822s
iter37		 Improve solution by repack 0.8625040311744155->0.8616554689599569 , unplacedBoxesSize:3
currentRepackCostTime:80.015s , currentRepackMaxTime:285.822s
iter8		 Improve solution by repack 0.8616554689599569->0.8568886052136523 , unplacedBoxesSize:4
currentRepackCostTime:80.027s , currentRepackMaxTime:285.822s
iter6		 Improve solution by repack 0.8568886052136523->0.855626847621607 , unplacedBoxesSize:4
currentRepackCostTime:80.04s , currentRepackMaxTime:285.822s
iter12		 Improve solution by repack 0.855626847621607->0.8541776404192422 , unplacedBoxesSize:4
currentRepackCostTime:80.06700000000001s , currentRepackMaxTime:285.822s
iter5		 Improve solution by repack 0.8541776404192422->0.09671324912657887 , unplacedBoxesSize:1
currentRepackCostTime:80.078s , currentRepackMaxTime:285.822s
iter12		 Improve solution by repack 0.09671324912657887->0.09271902714324107 , unplacedBoxesSize:1
currentRepackCostTime:80.099s , currentRepackMaxTime:285.822s
Selecting boards with low utilization for repacking...
iter7		 Improve solution by repack 0.8816332746573502->0.8804407417360924 , unplacedBoxesSize:3
currentRepackCostTime:82.283s , currentRepackMaxTime:285.822s
iter24		 Improve solution by repack 0.8804407417360924->0.8664982531577532 , unplacedBoxesSize:3
currentRepackCostTime:82.327s , currentRepackMaxTime:285.822s
iter8		 Improve solution by repack 0.8664982531577532->0.09271902714324107 , unplacedBoxesSize:1
currentRepackCostTime:82.34s , currentRepackMaxTime:285.822s
Selecting boards with low utilization for repacking...
iter10		 Improve solution by repack 0.9212389142703574->0.9191245632894383 , unplacedBoxesSize:3
currentRepackCostTime:84.474s , currentRepackMaxTime:285.822s
iter1		 Improve solution by repack 0.9191245632894383->0.8881349099704381 , unplacedBoxesSize:3
currentRepackCostTime:84.476s , currentRepackMaxTime:285.822s
iter58		 Improve solution by repack 0.8881349099704381->0.11834990593926363 , unplacedBoxesSize:1
currentRepackCostTime:84.577s , currentRepackMaxTime:285.822s
iter181		 Improve solution by repack 0.11834990593926363->0.10961703843052943 , unplacedBoxesSize:1
currentRepackCostTime:84.935s , currentRepackMaxTime:285.822s
iter3		 Improve solution by repack 0.10961703843052943->0.09271902714324107 , unplacedBoxesSize:1
currentRepackCostTime:84.94s , currentRepackMaxTime:285.822s
Selecting boards with low utilization for repacking...
iter1		 Improve solution by repack 0.9217166084385917->0.8428594463853804 , unplacedBoxesSize:4
currentRepackCostTime:87.04s , currentRepackMaxTime:285.822s
iter9		 Improve solution by repack 0.8428594463853804->0.09271902714324107 , unplacedBoxesSize:1
currentRepackCostTime:87.063s , currentRepackMaxTime:285.822s
Selecting boards with low utilization for repacking...
iter1		 Improve solution by repack 0.8744117844665412->0.8620471647406611 , unplacedBoxesSize:4
currentRepackCostTime:89.209s , currentRepackMaxTime:285.822s
iter9		 Improve solution by repack 0.8620471647406611->0.15644181671593657 , unplacedBoxesSize:1
currentRepackCostTime:89.229s , currentRepackMaxTime:285.822s
iter82		 Improve solution by repack 0.15644181671593657->0.15565170653050253 , unplacedBoxesSize:1
currentRepackCostTime:89.386s , currentRepackMaxTime:285.822s
iter101		 Improve solution by repack 0.15565170653050253->0.1260225745767267 , unplacedBoxesSize:1
currentRepackCostTime:89.59s , currentRepackMaxTime:285.822s
iter210		 Improve solution by repack 0.1260225745767267->0.1127882289707068 , unplacedBoxesSize:1
currentRepackCostTime:89.979s , currentRepackMaxTime:285.822s
iter83		 Improve solution by repack 0.1127882289707068->0.10923273313625369 , unplacedBoxesSize:1
currentRepackCostTime:90.152s , currentRepackMaxTime:285.822s
iter91		 Improve solution by repack 0.10923273313625369->0.1070337274926095 , unplacedBoxesSize:1
currentRepackCostTime:90.349s , currentRepackMaxTime:285.822s
iter117		 Improve solution by repack 0.1070337274926095->0.1023189330825047 , unplacedBoxesSize:1
currentRepackCostTime:90.59400000000001s , currentRepackMaxTime:285.822s
iter29		 Improve solution by repack 0.1023189330825047->0.09904763504434293 , unplacedBoxesSize:1
currentRepackCostTime:90.671s , currentRepackMaxTime:285.822s
Selecting boards with low utilization for repacking...
iter16		 Improve solution by repack 0.8516930932545015->0.8434829346949745 , unplacedBoxesSize:3
currentRepackCostTime:92.867s , currentRepackMaxTime:285.822s
iter17		 Improve solution by repack 0.8434829346949745->0.09904763504434293 , unplacedBoxesSize:1
currentRepackCostTime:92.901s , currentRepackMaxTime:285.822s
Selecting boards with low utilization for repacking...
iter1		 Improve solution by repack 0.914692958882021->0.8837033055630208 , unplacedBoxesSize:3
currentRepackCostTime:95.004s , currentRepackMaxTime:285.822s
iter1		 Improve solution by repack 0.8837033055630208->0.09904763504434293 , unplacedBoxesSize:1
currentRepackCostTime:95.005s , currentRepackMaxTime:285.822s
Selecting boards with low utilization for repacking...
iter4		 Improve solution by repack 0.9346217414673476->0.8837033055630208 , unplacedBoxesSize:3
currentRepackCostTime:97.135s , currentRepackMaxTime:285.822s
iter1		 Improve solution by repack 0.8837033055630208->0.09904763504434293 , unplacedBoxesSize:1
currentRepackCostTime:97.136s , currentRepackMaxTime:285.822s
Selecting boards with low utilization for repacking...
iter13		 Improve solution by repack 0.8837033055630208->0.8664982531577532 , unplacedBoxesSize:3
currentRepackCostTime:99.298s , currentRepackMaxTime:285.822s
iter31		 Improve solution by repack 0.8664982531577532->0.8516930932545015 , unplacedBoxesSize:3
currentRepackCostTime:99.349s , currentRepackMaxTime:285.822s
iter55		 Improve solution by repack 0.8516930932545015->0.8434829346949745 , unplacedBoxesSize:3
currentRepackCostTime:99.44800000000001s , currentRepackMaxTime:285.822s
iter14		 Improve solution by repack 0.8434829346949745->0.8422487234614352 , unplacedBoxesSize:4
currentRepackCostTime:99.46900000000001s , currentRepackMaxTime:285.822s
iter9		 Improve solution by repack 0.8422487234614352->0.8403184627788229 , unplacedBoxesSize:4
currentRepackCostTime:99.492s , currentRepackMaxTime:285.822s
iter12		 Improve solution by repack 0.8403184627788229->0.836865090029562 , unplacedBoxesSize:3
currentRepackCostTime:99.523s , currentRepackMaxTime:285.822s
iter64		 Improve solution by repack 0.836865090029562->0.8356033324375167 , unplacedBoxesSize:3
currentRepackCostTime:99.65s , currentRepackMaxTime:285.822s
iter2		 Improve solution by repack 0.8356033324375167->0.8302700886858372 , unplacedBoxesSize:3
currentRepackCostTime:99.653s , currentRepackMaxTime:285.822s
iter51		 Improve solution by repack 0.8302700886858372->0.1260225745767267 , unplacedBoxesSize:1
currentRepackCostTime:99.746s , currentRepackMaxTime:285.822s
iter223		 Improve solution by repack 0.1260225745767267->0.1127882289707068 , unplacedBoxesSize:1
currentRepackCostTime:100.19s , currentRepackMaxTime:285.822s
iter75		 Improve solution by repack 0.1127882289707068->0.10797097554420855 , unplacedBoxesSize:1
currentRepackCostTime:100.342s , currentRepackMaxTime:285.822s
iter5		 Improve solution by repack 0.10797097554420855->0.1070337274926095 , unplacedBoxesSize:1
currentRepackCostTime:100.352s , currentRepackMaxTime:285.822s
iter313		 Improve solution by repack 0.1070337274926095->0.09904763504434293 , unplacedBoxesSize:1
currentRepackCostTime:101.011s , currentRepackMaxTime:285.822s
Selecting boards with low utilization for repacking...
iter6		 Improve solution by repack 0.9174092985756518->0.8867743886052136 , unplacedBoxesSize:3
currentRepackCostTime:103.132s , currentRepackMaxTime:285.822s
iter14		 Improve solution by repack 0.8867743886052136->0.8794020424617038 , unplacedBoxesSize:3
currentRepackCostTime:103.153s , currentRepackMaxTime:285.822s
iter6		 Improve solution by repack 0.8794020424617038->0.8664982531577532 , unplacedBoxesSize:3
currentRepackCostTime:103.161s , currentRepackMaxTime:285.822s
iter2		 Improve solution by repack 0.8664982531577532->0.23072829884439666 , unplacedBoxesSize:2
currentRepackCostTime:103.164s , currentRepackMaxTime:285.822s
iter9		 Improve solution by repack 0.23072829884439666->0.21701625907014246 , unplacedBoxesSize:2
currentRepackCostTime:103.188s , currentRepackMaxTime:285.822s
iter6		 Improve solution by repack 0.21701625907014246->0.21481725342649824 , unplacedBoxesSize:2
currentRepackCostTime:103.203s , currentRepackMaxTime:285.822s
iter20		 Improve solution by repack 0.21481725342649824->0.20608136253695244 , unplacedBoxesSize:2
currentRepackCostTime:103.25s , currentRepackMaxTime:285.822s
iter9		 Improve solution by repack 0.20608136253695244->0.20584923407686104 , unplacedBoxesSize:2
currentRepackCostTime:103.278s , currentRepackMaxTime:285.822s
iter21		 Improve solution by repack 0.20584923407686104->0.15441413598495027 , unplacedBoxesSize:1
currentRepackCostTime:103.333s , currentRepackMaxTime:285.822s
iter53		 Improve solution by repack 0.15441413598495027->0.1488497715667831 , unplacedBoxesSize:1
currentRepackCostTime:103.427s , currentRepackMaxTime:285.822s
iter109		 Improve solution by repack 0.1488497715667831->0.11834990593926363 , unplacedBoxesSize:1
currentRepackCostTime:103.635s , currentRepackMaxTime:285.822s
iter321		 Improve solution by repack 0.11834990593926363->0.1175967481859715 , unplacedBoxesSize:2
currentRepackCostTime:104.308s , currentRepackMaxTime:285.822s
iter2		 Improve solution by repack 0.1175967481859715->0.10961703843052943 , unplacedBoxesSize:1
currentRepackCostTime:104.311s , currentRepackMaxTime:285.822s
iter107		 Improve solution by repack 0.10961703843052943->0.09271902714324107 , unplacedBoxesSize:1
currentRepackCostTime:104.545s , currentRepackMaxTime:285.822s
Selecting boards with low utilization for repacking...
iter1		 Improve solution by repack 0.914692958882021->0.8837033055630208 , unplacedBoxesSize:3
currentRepackCostTime:106.727s , currentRepackMaxTime:285.822s
iter48		 Improve solution by repack 0.8837033055630208->0.8794020424617038 , unplacedBoxesSize:3
currentRepackCostTime:106.806s , currentRepackMaxTime:285.822s
iter3		 Improve solution by repack 0.8794020424617038->0.09271902714324107 , unplacedBoxesSize:1
currentRepackCostTime:106.809s , currentRepackMaxTime:285.822s
Selecting boards with low utilization for repacking...
iter17		 Improve solution by repack 0.8794020424617038->0.15565170653050253 , unplacedBoxesSize:1
currentRepackCostTime:108.97200000000001s , currentRepackMaxTime:285.822s
iter82		 Improve solution by repack 0.15565170653050253->0.11975309056705186 , unplacedBoxesSize:1
currentRepackCostTime:109.125s , currentRepackMaxTime:285.822s
iter8		 Improve solution by repack 0.11975309056705186->0.11885245901639344 , unplacedBoxesSize:1
currentRepackCostTime:109.138s , currentRepackMaxTime:285.822s
iter6		 Improve solution by repack 0.11885245901639344->0.11360655737704918 , unplacedBoxesSize:1
currentRepackCostTime:109.149s , currentRepackMaxTime:285.822s
iter26		 Improve solution by repack 0.11360655737704918->0.10778352593388874 , unplacedBoxesSize:1
currentRepackCostTime:109.20700000000001s , currentRepackMaxTime:285.822s
iter24		 Improve solution by repack 0.10778352593388874->0.1070337274926095 , unplacedBoxesSize:1
currentRepackCostTime:109.262s , currentRepackMaxTime:285.822s
iter627		 Improve solution by repack 0.1070337274926095->0.1023189330825047 , unplacedBoxesSize:1
currentRepackCostTime:110.571s , currentRepackMaxTime:285.822s
iter21		 Improve solution by repack 0.1023189330825047->0.09904763504434293 , unplacedBoxesSize:1
currentRepackCostTime:110.629s , currentRepackMaxTime:285.822s
iter271		 Improve solution by repack 0.09904763504434293->0.09671324912657887 , unplacedBoxesSize:1
currentRepackCostTime:111.21600000000001s , currentRepackMaxTime:285.822s
Selecting boards with low utilization for repacking...
iter20		 Improve solution by repack 0.8794020424617038->0.8724939532383769 , unplacedBoxesSize:3
currentRepackCostTime:113.354s , currentRepackMaxTime:285.822s
iter41		 Improve solution by repack 0.8724939532383769->0.1376404192421392 , unplacedBoxesSize:1
currentRepackCostTime:113.418s , currentRepackMaxTime:285.822s
iter13		 Improve solution by repack 0.1376404192421392->0.12434560601988713 , unplacedBoxesSize:1
currentRepackCostTime:113.446s , currentRepackMaxTime:285.822s
iter25		 Improve solution by repack 0.12434560601988713->0.09671324912657887 , unplacedBoxesSize:1
currentRepackCostTime:113.494s , currentRepackMaxTime:285.822s
Selecting boards with low utilization for repacking...
iter15		 Improve solution by repack 0.9028970706799248->0.8943825584520291 , unplacedBoxesSize:4
currentRepackCostTime:115.652s , currentRepackMaxTime:285.822s
iter2		 Improve solution by repack 0.8943825584520291->0.23164740661112607 , unplacedBoxesSize:1
currentRepackCostTime:115.655s , currentRepackMaxTime:285.822s
iter122		 Improve solution by repack 0.23164740661112607->0.2044967750604676 , unplacedBoxesSize:2
currentRepackCostTime:115.879s , currentRepackMaxTime:285.822s
iter42		 Improve solution by repack 0.2044967750604676->0.16265721580220371 , unplacedBoxesSize:2
currentRepackCostTime:115.983s , currentRepackMaxTime:285.822s
iter7		 Improve solution by repack 0.16265721580220371->0.15441413598495027 , unplacedBoxesSize:1
currentRepackCostTime:116.002s , currentRepackMaxTime:285.822s
iter157		 Improve solution by repack 0.15441413598495027->0.12434560601988713 , unplacedBoxesSize:1
currentRepackCostTime:116.309s , currentRepackMaxTime:285.822s
iter103		 Improve solution by repack 0.12434560601988713->0.09671324912657887 , unplacedBoxesSize:1
currentRepackCostTime:116.511s , currentRepackMaxTime:285.822s
iter541		 Improve solution by repack 0.09671324912657887->0.07000871136791184 , unplacedBoxesSize:2
currentRepackCostTime:117.672s , currentRepackMaxTime:285.822s
iter3		 Improve solution by repack 0.07000871136791184->0.05487368986831497 , unplacedBoxesSize:1
currentRepackCostTime:117.684s , currentRepackMaxTime:285.822s
Selecting boards with low utilization for repacking...
iter13		 Improve solution by repack 0.9028970706799248->0.8837033055630208 , unplacedBoxesSize:3
currentRepackCostTime:119.983s , currentRepackMaxTime:285.822s
iter11		 Improve solution by repack 0.8837033055630208->0.05487368986831497 , unplacedBoxesSize:1
currentRepackCostTime:119.998s , currentRepackMaxTime:285.822s
Selecting boards with low utilization for repacking...
iter11		 Improve solution by repack 0.9069221983337812->0.8943825584520291 , unplacedBoxesSize:4
currentRepackCostTime:122.275s , currentRepackMaxTime:285.822s
iter73		 Improve solution by repack 0.8943825584520291->0.05487368986831497 , unplacedBoxesSize:1
currentRepackCostTime:122.428s , currentRepackMaxTime:285.822s
Selecting boards with low utilization for repacking...
iter4		 Improve solution by repack 0.9103916957807041->0.9069221983337812 , unplacedBoxesSize:4
currentRepackCostTime:124.683s , currentRepackMaxTime:285.822s
iter17		 Improve solution by repack 0.9069221983337812->0.05487368986831497 , unplacedBoxesSize:1
currentRepackCostTime:124.72200000000001s , currentRepackMaxTime:285.822s
Selecting boards with low utilization for repacking...
iter6		 Improve solution by repack 0.9069221983337812->0.8946459285138404 , unplacedBoxesSize:4
currentRepackCostTime:127.008s , currentRepackMaxTime:285.822s
iter6		 Improve solution by repack 0.8946459285138404->0.14759271701155605 , unplacedBoxesSize:2
currentRepackCostTime:127.022s , currentRepackMaxTime:285.822s
iter220		 Improve solution by repack 0.14759271701155605->0.09671324912657887 , unplacedBoxesSize:1
currentRepackCostTime:127.583s , currentRepackMaxTime:285.822s
iter124		 Improve solution by repack 0.09671324912657887->0.08340902983069066 , unplacedBoxesSize:1
currentRepackCostTime:127.837s , currentRepackMaxTime:285.822s
iter117		 Improve solution by repack 0.08340902983069066->0.06960225745767266 , unplacedBoxesSize:1
currentRepackCostTime:128.078s , currentRepackMaxTime:285.822s
Selecting boards with low utilization for repacking...
iter17		 Improve solution by repack 0.8834184359043268->0.06960225745767266 , unplacedBoxesSize:1
currentRepackCostTime:130.354s , currentRepackMaxTime:285.822s
Selecting boards with low utilization for repacking...
iter12		 Improve solution by repack 0.9389404729911314->0.914692958882021 , unplacedBoxesSize:3
currentRepackCostTime:132.66s , currentRepackMaxTime:285.822s
iter12		 Improve solution by repack 0.914692958882021->0.8837033055630208 , unplacedBoxesSize:3
currentRepackCostTime:132.68200000000002s , currentRepackMaxTime:285.822s
iter10		 Improve solution by repack 0.8837033055630208->0.8794020424617038 , unplacedBoxesSize:3
currentRepackCostTime:132.696s , currentRepackMaxTime:285.822s
iter4		 Improve solution by repack 0.8794020424617038->0.06960225745767266 , unplacedBoxesSize:1
currentRepackCostTime:132.7s , currentRepackMaxTime:285.822s
Selecting boards with low utilization for repacking...
iter1		 Improve solution by repack 0.914692958882021->0.9095175799516259 , unplacedBoxesSize:5
currentRepackCostTime:134.928s , currentRepackMaxTime:285.822s
iter10		 Improve solution by repack 0.9095175799516259->0.9083082504703036 , unplacedBoxesSize:5
currentRepackCostTime:134.961s , currentRepackMaxTime:285.822s
iter14		 Improve solution by repack 0.9083082504703036->0.09748656275194839 , unplacedBoxesSize:2
currentRepackCostTime:135.004s , currentRepackMaxTime:285.822s
iter1		 Improve solution by repack 0.09748656275194839->0.06960225745767266 , unplacedBoxesSize:1
currentRepackCostTime:135.005s , currentRepackMaxTime:285.822s
iter735		 Improve solution by repack 0.06960225745767266->0.05487368986831497 , unplacedBoxesSize:1
currentRepackCostTime:136.62s , currentRepackMaxTime:285.822s
Selecting boards with low utilization for repacking...
iter10		 Improve solution by repack 0.9410722923945176->0.8895397742542328 , unplacedBoxesSize:4
currentRepackCostTime:138.937s , currentRepackMaxTime:285.822s
iter4		 Improve solution by repack 0.8895397742542328->0.8837033055630208 , unplacedBoxesSize:3
currentRepackCostTime:138.942s , currentRepackMaxTime:285.822s
iter13		 Improve solution by repack 0.8837033055630208->0.05487368986831497 , unplacedBoxesSize:1
currentRepackCostTime:138.963s , currentRepackMaxTime:285.822s
Selecting boards with low utilization for repacking...
iter1		 Improve solution by repack 0.9420212980381618->0.9268476216070949 , unplacedBoxesSize:1
currentRepackCostTime:141.219s , currentRepackMaxTime:285.822s
iter2		 Improve solution by repack 0.9268476216070949->0.8724939532383769 , unplacedBoxesSize:3
currentRepackCostTime:141.221s , currentRepackMaxTime:285.822s
iter4		 Improve solution by repack 0.8724939532383769->0.0724697661918839 , unplacedBoxesSize:1
currentRepackCostTime:141.23s , currentRepackMaxTime:285.822s
iter34		 Improve solution by repack 0.0724697661918839->0.05487368986831497 , unplacedBoxesSize:1
currentRepackCostTime:141.317s , currentRepackMaxTime:285.822s
Selecting boards with low utilization for repacking...
iter1		 Improve solution by repack 0.9431577532921257->0.8864196452566514 , unplacedBoxesSize:4
currentRepackCostTime:143.536s , currentRepackMaxTime:285.822s
iter14		 Improve solution by repack 0.8864196452566514->0.8724939532383769 , unplacedBoxesSize:3
currentRepackCostTime:143.562s , currentRepackMaxTime:285.822s
iter50		 Improve solution by repack 0.8724939532383769->0.8664982531577532 , unplacedBoxesSize:3
currentRepackCostTime:143.645s , currentRepackMaxTime:285.822s
iter136		 Improve solution by repack 0.8664982531577532->0.05487368986831497 , unplacedBoxesSize:1
currentRepackCostTime:143.886s , currentRepackMaxTime:285.822s
Selecting boards with low utilization for repacking...
iter5		 Improve solution by repack 0.9461206664875034->0.15298810803547433 , unplacedBoxesSize:1
currentRepackCostTime:146.156s , currentRepackMaxTime:285.822s
iter168		 Improve solution by repack 0.15298810803547433->0.11443966675624832 , unplacedBoxesSize:1
currentRepackCostTime:146.52s , currentRepackMaxTime:285.822s
iter1		 Improve solution by repack 0.11443966675624832->0.05487368986831497 , unplacedBoxesSize:1
currentRepackCostTime:146.52100000000002s , currentRepackMaxTime:285.822s
Selecting boards with low utilization for repacking...
iter10		 Improve solution by repack 0.9268476216070949->0.9174744692287019 , unplacedBoxesSize:5
currentRepackCostTime:148.83s , currentRepackMaxTime:285.822s
iter4		 Improve solution by repack 0.9174744692287019->0.912067992475141 , unplacedBoxesSize:4
currentRepackCostTime:148.846s , currentRepackMaxTime:285.822s
iter4		 Improve solution by repack 0.912067992475141->0.903483606557377 , unplacedBoxesSize:3
currentRepackCostTime:148.856s , currentRepackMaxTime:285.822s
iter3		 Improve solution by repack 0.903483606557377->0.8724939532383769 , unplacedBoxesSize:3
currentRepackCostTime:148.859s , currentRepackMaxTime:285.822s
iter23		 Improve solution by repack 0.8724939532383769->0.8664982531577532 , unplacedBoxesSize:3
currentRepackCostTime:148.899s , currentRepackMaxTime:285.822s
iter1		 Improve solution by repack 0.8664982531577532->0.05487368986831497 , unplacedBoxesSize:1
currentRepackCostTime:148.9s , currentRepackMaxTime:285.822s
Selecting boards with low utilization for repacking...
iter6		 Improve solution by repack 0.948305730986294->0.9432306275194839 , unplacedBoxesSize:3
currentRepackCostTime:151.153s , currentRepackMaxTime:285.822s
iter4		 Improve solution by repack 0.9432306275194839->0.9392098898145659 , unplacedBoxesSize:7
currentRepackCostTime:151.161s , currentRepackMaxTime:285.822s
iter2		 Improve solution by repack 0.9392098898145659->0.9186502284332169 , unplacedBoxesSize:5
currentRepackCostTime:151.17000000000002s , currentRepackMaxTime:285.822s
iter4		 Improve solution by repack 0.9186502284332169->0.907392166084386 , unplacedBoxesSize:5
currentRepackCostTime:151.186s , currentRepackMaxTime:285.822s
iter5		 Improve solution by repack 0.907392166084386->0.13125503896801935 , unplacedBoxesSize:1
currentRepackCostTime:151.205s , currentRepackMaxTime:285.822s
iter6		 Improve solution by repack 0.13125503896801935->0.12734345606019887 , unplacedBoxesSize:2
currentRepackCostTime:151.22s , currentRepackMaxTime:285.822s
iter4		 Improve solution by repack 0.12734345606019887->0.12447594732598764 , unplacedBoxesSize:2
currentRepackCostTime:151.23s , currentRepackMaxTime:285.822s
iter12		 Improve solution by repack 0.12447594732598764->0.10974737973662994 , unplacedBoxesSize:2
currentRepackCostTime:151.267s , currentRepackMaxTime:285.822s
iter86		 Improve solution by repack 0.10974737973662994->0.09671324912657887 , unplacedBoxesSize:1
currentRepackCostTime:151.513s , currentRepackMaxTime:285.822s
iter79		 Improve solution by repack 0.09671324912657887->0.0724697661918839 , unplacedBoxesSize:1
currentRepackCostTime:151.681s , currentRepackMaxTime:285.822s
iter13		 Improve solution by repack 0.0724697661918839->0.06960225745767266 , unplacedBoxesSize:1
currentRepackCostTime:151.711s , currentRepackMaxTime:285.822s
Selecting boards with low utilization for repacking...
iter5		 Improve solution by repack 0.9246328271969901->0.9178177909164204 , unplacedBoxesSize:5
currentRepackCostTime:153.898s , currentRepackMaxTime:285.822s
iter21		 Improve solution by repack 0.9178177909164204->0.17285810266057514 , unplacedBoxesSize:1
currentRepackCostTime:153.947s , currentRepackMaxTime:285.822s
iter101		 Improve solution by repack 0.17285810266057514->0.1688873958613276 , unplacedBoxesSize:1
currentRepackCostTime:154.133s , currentRepackMaxTime:285.822s
iter32		 Improve solution by repack 0.1688873958613276->0.10797097554420855 , unplacedBoxesSize:1
currentRepackCostTime:154.198s , currentRepackMaxTime:285.822s
iter25		 Improve solution by repack 0.10797097554420855->0.1070337274926095 , unplacedBoxesSize:1
currentRepackCostTime:154.254s , currentRepackMaxTime:285.822s
iter480		 Improve solution by repack 0.1070337274926095->0.09671324912657887 , unplacedBoxesSize:1
currentRepackCostTime:155.29s , currentRepackMaxTime:285.822s
iter734		 Improve solution by repack 0.09671324912657887->0.08340902983069066 , unplacedBoxesSize:1
currentRepackCostTime:156.834s , currentRepackMaxTime:285.822s
Selecting boards with low utilization for repacking...
iter2		 Improve solution by repack 0.9495674885783392->0.914692958882021 , unplacedBoxesSize:3
currentRepackCostTime:158.96s , currentRepackMaxTime:285.822s
iter15		 Improve solution by repack 0.914692958882021->0.9131772373018007 , unplacedBoxesSize:6
currentRepackCostTime:158.984s , currentRepackMaxTime:285.822s
iter12		 Improve solution by repack 0.9131772373018007->0.8664982531577532 , unplacedBoxesSize:3
currentRepackCostTime:159.022s , currentRepackMaxTime:285.822s
iter3		 Improve solution by repack 0.8664982531577532->0.08340902983069066 , unplacedBoxesSize:1
currentRepackCostTime:159.024s , currentRepackMaxTime:285.822s
Selecting boards with low utilization for repacking...
iter2		 Improve solution by repack 0.9520723595807579->0.9252042461703843 , unplacedBoxesSize:6
currentRepackCostTime:161.157s , currentRepackMaxTime:285.822s
iter21		 Improve solution by repack 0.9252042461703843->0.9237782182209084 , unplacedBoxesSize:6
currentRepackCostTime:161.22s , currentRepackMaxTime:285.822s
iter11		 Improve solution by repack 0.9237782182209084->0.9210198871271164 , unplacedBoxesSize:6
currentRepackCostTime:161.244s , currentRepackMaxTime:285.822s
iter10		 Improve solution by repack 0.9210198871271164->0.08340902983069066 , unplacedBoxesSize:1
currentRepackCostTime:161.272s , currentRepackMaxTime:285.822s
Selecting boards with low utilization for repacking...
iter1		 Improve solution by repack 0.9520723595807579->0.9268476216070949 , unplacedBoxesSize:1
currentRepackCostTime:163.387s , currentRepackMaxTime:285.822s
iter4		 Improve solution by repack 0.9268476216070949->0.915214324106423 , unplacedBoxesSize:3
currentRepackCostTime:163.393s , currentRepackMaxTime:285.822s
iter9		 Improve solution by repack 0.915214324106423->0.9131772373018007 , unplacedBoxesSize:6
currentRepackCostTime:163.407s , currentRepackMaxTime:285.822s
iter4		 Improve solution by repack 0.9131772373018007->0.08340902983069066 , unplacedBoxesSize:1
currentRepackCostTime:163.422s , currentRepackMaxTime:285.822s
Selecting boards with low utilization for repacking...
iter1		 Improve solution by repack 0.9543946519752754->0.946893476216071 , unplacedBoxesSize:4
currentRepackCostTime:165.554s , currentRepackMaxTime:285.822s
iter3		 Improve solution by repack 0.946893476216071->0.9450675221714593 , unplacedBoxesSize:6
currentRepackCostTime:165.56s , currentRepackMaxTime:285.822s
iter1		 Improve solution by repack 0.9450675221714593->0.9442774119860253 , unplacedBoxesSize:6
currentRepackCostTime:165.564s , currentRepackMaxTime:285.822s
iter24		 Improve solution by repack 0.9442774119860253->0.9439505509271701 , unplacedBoxesSize:3
currentRepackCostTime:165.642s , currentRepackMaxTime:285.822s
iter60		 Improve solution by repack 0.9439505509271701->0.2643227626981994 , unplacedBoxesSize:2
currentRepackCostTime:165.741s , currentRepackMaxTime:285.822s
iter127		 Improve solution by repack 0.2643227626981994->0.17285810266057514 , unplacedBoxesSize:1
currentRepackCostTime:165.993s , currentRepackMaxTime:285.822s
iter13		 Improve solution by repack 0.17285810266057514->0.1688873958613276 , unplacedBoxesSize:1
currentRepackCostTime:166.017s , currentRepackMaxTime:285.822s
iter13		 Improve solution by repack 0.1688873958613276->0.15644181671593657 , unplacedBoxesSize:1
currentRepackCostTime:166.04500000000002s , currentRepackMaxTime:285.822s
iter7		 Improve solution by repack 0.15644181671593657->0.15565170653050253 , unplacedBoxesSize:1
currentRepackCostTime:166.061s , currentRepackMaxTime:285.822s
iter38		 Improve solution by repack 0.15565170653050253->0.14207202364955657 , unplacedBoxesSize:2
currentRepackCostTime:166.138s , currentRepackMaxTime:285.822s
iter32		 Improve solution by repack 0.14207202364955657->0.13920451491534533 , unplacedBoxesSize:2
currentRepackCostTime:166.22s , currentRepackMaxTime:285.822s
iter3		 Improve solution by repack 0.13920451491534533->0.12447594732598764 , unplacedBoxesSize:2
currentRepackCostTime:166.23s , currentRepackMaxTime:285.822s
iter17		 Improve solution by repack 0.12447594732598764->0.11417092179521635 , unplacedBoxesSize:1
currentRepackCostTime:166.27700000000002s , currentRepackMaxTime:285.822s
iter13		 Improve solution by repack 0.11417092179521635->0.11377586670249933 , unplacedBoxesSize:1
currentRepackCostTime:166.298s , currentRepackMaxTime:285.822s
iter8		 Improve solution by repack 0.11377586670249933->0.1127882289707068 , unplacedBoxesSize:1
currentRepackCostTime:166.31300000000002s , currentRepackMaxTime:285.822s
iter45		 Improve solution by repack 0.1127882289707068->0.08340902983069066 , unplacedBoxesSize:1
currentRepackCostTime:166.435s , currentRepackMaxTime:285.822s
Selecting boards with low utilization for repacking...
iter2		 Improve solution by repack 0.9349983203439934->0.9288722789572695 , unplacedBoxesSize:6
currentRepackCostTime:168.58s , currentRepackMaxTime:285.822s
iter1		 Improve solution by repack 0.9288722789572695->0.9266591642031712 , unplacedBoxesSize:6
currentRepackCostTime:168.582s , currentRepackMaxTime:285.822s
iter5		 Improve solution by repack 0.9266591642031712->0.9124828675087342 , unplacedBoxesSize:4
currentRepackCostTime:168.595s , currentRepackMaxTime:285.822s
iter36		 Improve solution by repack 0.9124828675087342->0.11834990593926363 , unplacedBoxesSize:1
currentRepackCostTime:168.667s , currentRepackMaxTime:285.822s
iter11		 Improve solution by repack 0.11834990593926363->0.09271902714324107 , unplacedBoxesSize:1
currentRepackCostTime:168.699s , currentRepackMaxTime:285.822s
iter40		 Improve solution by repack 0.09271902714324107->0.08340902983069066 , unplacedBoxesSize:1
currentRepackCostTime:168.787s , currentRepackMaxTime:285.822s
Selecting boards with low utilization for repacking...
iter3		 Improve solution by repack 0.9313548105348024->0.9306648078473528 , unplacedBoxesSize:6
currentRepackCostTime:170.927s , currentRepackMaxTime:285.822s
iter8		 Improve solution by repack 0.9306648078473528->0.9212600779360387 , unplacedBoxesSize:6
currentRepackCostTime:170.946s , currentRepackMaxTime:285.822s
iter2		 Improve solution by repack 0.9212600779360387->0.9188897473797366 , unplacedBoxesSize:7
currentRepackCostTime:170.95000000000002s , currentRepackMaxTime:285.822s
iter25		 Improve solution by repack 0.9188897473797366->0.8950255307712981 , unplacedBoxesSize:6
currentRepackCostTime:171.029s , currentRepackMaxTime:285.822s
iter5		 Improve solution by repack 0.8950255307712981->0.8531940338618651 , unplacedBoxesSize:3
currentRepackCostTime:171.046s , currentRepackMaxTime:285.822s
iter139		 Improve solution by repack 0.8531940338618651->0.08340902983069066 , unplacedBoxesSize:1
currentRepackCostTime:171.293s , currentRepackMaxTime:285.822s
Selecting boards with low utilization for repacking...
iter1		 Improve solution by repack 0.9376528486965869->0.915214324106423 , unplacedBoxesSize:3
currentRepackCostTime:173.44400000000002s , currentRepackMaxTime:285.822s
iter40		 Improve solution by repack 0.915214324106423->0.08340902983069066 , unplacedBoxesSize:1
currentRepackCostTime:173.508s , currentRepackMaxTime:285.822s
iter467		 Improve solution by repack 0.08340902983069066->0.0724697661918839 , unplacedBoxesSize:1
currentRepackCostTime:174.50300000000001s , currentRepackMaxTime:285.822s
iter274		 Improve solution by repack 0.0724697661918839->0.06960225745767266 , unplacedBoxesSize:1
currentRepackCostTime:175.086s , currentRepackMaxTime:285.822s
Selecting boards with low utilization for repacking...
iter21		 Improve solution by repack 0.8858102660575115->0.8842246707874227 , unplacedBoxesSize:3
currentRepackCostTime:177.385s , currentRepackMaxTime:285.822s
iter16		 Improve solution by repack 0.8842246707874227->0.8837033055630208 , unplacedBoxesSize:3
currentRepackCostTime:177.412s , currentRepackMaxTime:285.822s
iter10		 Improve solution by repack 0.8837033055630208->0.06960225745767266 , unplacedBoxesSize:1
currentRepackCostTime:177.428s , currentRepackMaxTime:285.822s
Selecting boards with low utilization for repacking...
iter1		 Improve solution by repack 0.9378607901101854->0.9268476216070949 , unplacedBoxesSize:1
currentRepackCostTime:179.647s , currentRepackMaxTime:285.822s
iter6		 Improve solution by repack 0.9268476216070949->0.9212389142703574 , unplacedBoxesSize:4
currentRepackCostTime:179.655s , currentRepackMaxTime:285.822s
iter4		 Improve solution by repack 0.9212389142703574->0.8943825584520291 , unplacedBoxesSize:4
currentRepackCostTime:179.66400000000002s , currentRepackMaxTime:285.822s
iter14		 Improve solution by repack 0.8943825584520291->0.8664982531577532 , unplacedBoxesSize:3
currentRepackCostTime:179.693s , currentRepackMaxTime:285.822s
iter80		 Improve solution by repack 0.8664982531577532->0.11357833915614082 , unplacedBoxesSize:1
currentRepackCostTime:179.832s , currentRepackMaxTime:285.822s
iter10		 Improve solution by repack 0.11357833915614082->0.1127882289707068 , unplacedBoxesSize:1
currentRepackCostTime:179.853s , currentRepackMaxTime:285.822s
iter2		 Improve solution by repack 0.1127882289707068->0.10797097554420855 , unplacedBoxesSize:1
currentRepackCostTime:179.858s , currentRepackMaxTime:285.822s
iter15		 Improve solution by repack 0.10797097554420855->0.10778352593388874 , unplacedBoxesSize:1
currentRepackCostTime:179.89000000000001s , currentRepackMaxTime:285.822s
iter3		 Improve solution by repack 0.10778352593388874->0.09904763504434293 , unplacedBoxesSize:1
currentRepackCostTime:179.903s , currentRepackMaxTime:285.822s
Selecting boards with low utilization for repacking...
iter2		 Improve solution by repack 0.9531229844127923->0.9268476216070949 , unplacedBoxesSize:1
currentRepackCostTime:182.026s , currentRepackMaxTime:285.822s
iter6		 Improve solution by repack 0.9268476216070949->0.8976289975812953 , unplacedBoxesSize:4
currentRepackCostTime:182.034s , currentRepackMaxTime:285.822s
iter22		 Improve solution by repack 0.8976289975812953->0.09904763504434293 , unplacedBoxesSize:1
currentRepackCostTime:182.079s , currentRepackMaxTime:285.822s
iter486		 Improve solution by repack 0.09904763504434293->0.06960225745767266 , unplacedBoxesSize:1
currentRepackCostTime:183.117s , currentRepackMaxTime:285.822s
Selecting boards with low utilization for repacking...
iter1		 Improve solution by repack 0.9544134641225478->0.9333106019887127 , unplacedBoxesSize:6
currentRepackCostTime:185.386s , currentRepackMaxTime:285.822s
iter4		 Improve solution by repack 0.9333106019887127->0.8664982531577532 , unplacedBoxesSize:3
currentRepackCostTime:185.399s , currentRepackMaxTime:285.822s
iter61		 Improve solution by repack 0.8664982531577532->0.06960225745767266 , unplacedBoxesSize:1
currentRepackCostTime:185.505s , currentRepackMaxTime:285.822s
Selecting boards with low utilization for repacking...
iter3		 Improve solution by repack 0.9546203977425423->0.9003782585326525 , unplacedBoxesSize:4
currentRepackCostTime:187.713s , currentRepackMaxTime:285.822s
iter50		 Improve solution by repack 0.9003782585326525->0.06960225745767266 , unplacedBoxesSize:1
currentRepackCostTime:187.821s , currentRepackMaxTime:285.822s
Selecting boards with low utilization for repacking...
iter1		 Improve solution by repack 0.9552361596345069->0.9432306275194839 , unplacedBoxesSize:3
currentRepackCostTime:190.076s , currentRepackMaxTime:285.822s
iter6		 Improve solution by repack 0.9432306275194839->0.9306355818328407 , unplacedBoxesSize:5
currentRepackCostTime:190.086s , currentRepackMaxTime:285.822s
iter1		 Improve solution by repack 0.9306355818328407->0.8833915614082236 , unplacedBoxesSize:3
currentRepackCostTime:190.08700000000002s , currentRepackMaxTime:285.822s
iter15		 Improve solution by repack 0.8833915614082236->0.09671324912657887 , unplacedBoxesSize:1
currentRepackCostTime:190.112s , currentRepackMaxTime:285.822s
iter24		 Improve solution by repack 0.09671324912657887->0.06960225745767266 , unplacedBoxesSize:1
currentRepackCostTime:190.155s , currentRepackMaxTime:285.822s
Selecting boards with low utilization for repacking...
iter9		 Improve solution by repack 0.9432306275194839->0.06960225745767266 , unplacedBoxesSize:1
currentRepackCostTime:192.409s , currentRepackMaxTime:285.822s
Selecting boards with low utilization for repacking...
iter10		 Improve solution by repack 0.9559889814565976->0.9470303681805967 , unplacedBoxesSize:5
currentRepackCostTime:194.641s , currentRepackMaxTime:285.822s
iter9		 Improve solution by repack 0.9470303681805967->0.9402841977962914 , unplacedBoxesSize:5
currentRepackCostTime:194.666s , currentRepackMaxTime:285.822s
iter8		 Improve solution by repack 0.9402841977962914->0.9331470034936845 , unplacedBoxesSize:5
currentRepackCostTime:194.692s , currentRepackMaxTime:285.822s
iter1		 Improve solution by repack 0.9331470034936845->0.9325544208546089 , unplacedBoxesSize:5
currentRepackCostTime:194.695s , currentRepackMaxTime:285.822s
iter7		 Improve solution by repack 0.9325544208546089->0.908310937919914 , unplacedBoxesSize:5
currentRepackCostTime:194.714s , currentRepackMaxTime:285.822s
iter5		 Improve solution by repack 0.908310937919914->0.9070071889277076 , unplacedBoxesSize:4
currentRepackCostTime:194.732s , currentRepackMaxTime:285.822s
iter1		 Improve solution by repack 0.9070071889277076->0.9057968288094599 , unplacedBoxesSize:4
currentRepackCostTime:194.733s , currentRepackMaxTime:285.822s
iter56		 Improve solution by repack 0.9057968288094599->0.3385622144584789 , unplacedBoxesSize:3
currentRepackCostTime:194.858s , currentRepackMaxTime:285.822s
iter1		 Improve solution by repack 0.3385622144584789->0.3383646869121204 , unplacedBoxesSize:3
currentRepackCostTime:194.861s , currentRepackMaxTime:285.822s
iter54		 Improve solution by repack 0.3383646869121204->0.3074022440204246 , unplacedBoxesSize:2
currentRepackCostTime:195.005s , currentRepackMaxTime:285.822s
iter2		 Improve solution by repack 0.3074022440204246->0.30597621607094866 , unplacedBoxesSize:2
currentRepackCostTime:195.01s , currentRepackMaxTime:285.822s
iter208		 Improve solution by repack 0.30597621607094866->0.1488497715667831 , unplacedBoxesSize:1
currentRepackCostTime:195.447s , currentRepackMaxTime:285.822s
iter206		 Improve solution by repack 0.1488497715667831->0.14439364418167158 , unplacedBoxesSize:1
currentRepackCostTime:195.87800000000001s , currentRepackMaxTime:285.822s
iter151		 Improve solution by repack 0.14439364418167158->0.12285944638538028 , unplacedBoxesSize:1
currentRepackCostTime:196.168s , currentRepackMaxTime:285.822s
iter976		 Improve solution by repack 0.12285944638538028->0.10797097554420855 , unplacedBoxesSize:1
currentRepackCostTime:198.101s , currentRepackMaxTime:285.822s
iter36		 Improve solution by repack 0.10797097554420855->0.10778352593388874 , unplacedBoxesSize:1
currentRepackCostTime:198.19s , currentRepackMaxTime:285.822s
iter15		 Improve solution by repack 0.10778352593388874->0.1070337274926095 , unplacedBoxesSize:1
currentRepackCostTime:198.219s , currentRepackMaxTime:285.822s
iter11		 Improve solution by repack 0.1070337274926095->0.09904763504434293 , unplacedBoxesSize:1
currentRepackCostTime:198.247s , currentRepackMaxTime:285.822s
iter350		 Improve solution by repack 0.09904763504434293->0.09671324912657887 , unplacedBoxesSize:1
currentRepackCostTime:199.038s , currentRepackMaxTime:285.822s
Selecting boards with low utilization for repacking...
iter4		 Improve solution by repack 0.9597309191077668->0.944853366030637 , unplacedBoxesSize:4
currentRepackCostTime:201.104s , currentRepackMaxTime:285.822s
iter4		 Improve solution by repack 0.944853366030637->0.8996462644450417 , unplacedBoxesSize:4
currentRepackCostTime:201.112s , currentRepackMaxTime:285.822s
iter8		 Improve solution by repack 0.8996462644450417->0.8955952700886859 , unplacedBoxesSize:3
currentRepackCostTime:201.13400000000001s , currentRepackMaxTime:285.822s
iter7		 Improve solution by repack 0.8955952700886859->0.28704178984144046 , unplacedBoxesSize:2
currentRepackCostTime:201.145s , currentRepackMaxTime:285.822s
iter3		 Improve solution by repack 0.28704178984144046->0.27513302875571083 , unplacedBoxesSize:2
currentRepackCostTime:201.155s , currentRepackMaxTime:285.822s
iter20		 Improve solution by repack 0.27513302875571083->0.26795821015855953 , unplacedBoxesSize:2
currentRepackCostTime:201.19s , currentRepackMaxTime:285.822s
iter4		 Improve solution by repack 0.26795821015855953->0.26622110991668907 , unplacedBoxesSize:2
currentRepackCostTime:201.198s , currentRepackMaxTime:285.822s
iter3		 Improve solution by repack 0.26622110991668907->0.26597084117172803 , unplacedBoxesSize:3
currentRepackCostTime:201.209s , currentRepackMaxTime:285.822s
iter16		 Improve solution by repack 0.26597084117172803->0.2520451491534534 , unplacedBoxesSize:2
currentRepackCostTime:201.254s , currentRepackMaxTime:285.822s
iter24		 Improve solution by repack 0.2520451491534534->0.24577566514377858 , unplacedBoxesSize:2
currentRepackCostTime:201.305s , currentRepackMaxTime:285.822s
iter36		 Improve solution by repack 0.24577566514377858->0.20775463585057782 , unplacedBoxesSize:2
currentRepackCostTime:201.395s , currentRepackMaxTime:285.822s
iter7		 Improve solution by repack 0.20775463585057782->0.2025503896801935 , unplacedBoxesSize:1
currentRepackCostTime:201.411s , currentRepackMaxTime:285.822s
iter32		 Improve solution by repack 0.2025503896801935->0.09671324912657887 , unplacedBoxesSize:1
currentRepackCostTime:201.473s , currentRepackMaxTime:285.822s
iter15		 Improve solution by repack 0.09671324912657887->0.08340902983069066 , unplacedBoxesSize:1
currentRepackCostTime:201.507s , currentRepackMaxTime:285.822s
Selecting boards with low utilization for repacking...
iter2		 Improve solution by repack 0.9604246170384306->0.9597110991668907 , unplacedBoxesSize:6
currentRepackCostTime:203.61s , currentRepackMaxTime:285.822s
iter1		 Improve solution by repack 0.9597110991668907->0.9474425557645795 , unplacedBoxesSize:7
currentRepackCostTime:203.613s , currentRepackMaxTime:285.822s
iter2		 Improve solution by repack 0.9474425557645795->0.9374052674012363 , unplacedBoxesSize:7
currentRepackCostTime:203.619s , currentRepackMaxTime:285.822s
iter2		 Improve solution by repack 0.9374052674012363->0.9268476216070949 , unplacedBoxesSize:1
currentRepackCostTime:203.622s , currentRepackMaxTime:285.822s
iter2		 Improve solution by repack 0.9268476216070949->0.915214324106423 , unplacedBoxesSize:3
currentRepackCostTime:203.623s , currentRepackMaxTime:285.822s
iter8		 Improve solution by repack 0.915214324106423->0.8790110185434024 , unplacedBoxesSize:4
currentRepackCostTime:203.635s , currentRepackMaxTime:285.822s
iter11		 Improve solution by repack 0.8790110185434024->0.15565170653050253 , unplacedBoxesSize:1
currentRepackCostTime:203.661s , currentRepackMaxTime:285.822s
iter10		 Improve solution by repack 0.15565170653050253->0.1488497715667831 , unplacedBoxesSize:1
currentRepackCostTime:203.68s , currentRepackMaxTime:285.822s
iter222		 Improve solution by repack 0.1488497715667831->0.09671324912657887 , unplacedBoxesSize:1
currentRepackCostTime:204.138s , currentRepackMaxTime:285.822s
iter24		 Improve solution by repack 0.09671324912657887->0.08340902983069066 , unplacedBoxesSize:1
currentRepackCostTime:204.177s , currentRepackMaxTime:285.822s
Selecting boards with low utilization for repacking...
iter6		 Improve solution by repack 0.9658673743617308->0.9505106154259607 , unplacedBoxesSize:8
currentRepackCostTime:206.352s , currentRepackMaxTime:285.822s
iter5		 Improve solution by repack 0.9505106154259607->0.9348837678043537 , unplacedBoxesSize:7
currentRepackCostTime:206.372s , currentRepackMaxTime:285.822s
iter7		 Improve solution by repack 0.9348837678043537->0.9209580757860789 , unplacedBoxesSize:6
currentRepackCostTime:206.39600000000002s , currentRepackMaxTime:285.822s
iter22		 Improve solution by repack 0.9209580757860789->0.9063410373555495 , unplacedBoxesSize:7
currentRepackCostTime:206.455s , currentRepackMaxTime:285.822s
iter3		 Improve solution by repack 0.9063410373555495->0.8959043267938726 , unplacedBoxesSize:4
currentRepackCostTime:206.461s , currentRepackMaxTime:285.822s
iter3		 Improve solution by repack 0.8959043267938726->0.8833915614082236 , unplacedBoxesSize:3
currentRepackCostTime:206.46800000000002s , currentRepackMaxTime:285.822s
iter1		 Improve solution by repack 0.8833915614082236->0.8708977761354474 , unplacedBoxesSize:3
currentRepackCostTime:206.47s , currentRepackMaxTime:285.822s
iter3		 Improve solution by repack 0.8708977761354474->0.8560649019080891 , unplacedBoxesSize:4
currentRepackCostTime:206.475s , currentRepackMaxTime:285.822s
iter5		 Improve solution by repack 0.8560649019080891->0.800647675356087 , unplacedBoxesSize:3
currentRepackCostTime:206.485s , currentRepackMaxTime:285.822s
iter6		 Improve solution by repack 0.800647675356087->0.08340902983069066 , unplacedBoxesSize:1
currentRepackCostTime:206.495s , currentRepackMaxTime:285.822s
Selecting boards with low utilization for repacking...
iter1		 Improve solution by repack 0.9016848629400699->0.8837033055630208 , unplacedBoxesSize:3
currentRepackCostTime:208.67000000000002s , currentRepackMaxTime:285.822s
iter31		 Improve solution by repack 0.8837033055630208->0.8664982531577532 , unplacedBoxesSize:3
currentRepackCostTime:208.72s , currentRepackMaxTime:285.822s
iter35		 Improve solution by repack 0.8664982531577532->0.800647675356087 , unplacedBoxesSize:3
currentRepackCostTime:208.779s , currentRepackMaxTime:285.822s
iter25		 Improve solution by repack 0.800647675356087->0.7994101048105349 , unplacedBoxesSize:3
currentRepackCostTime:208.83s , currentRepackMaxTime:285.822s
iter9		 Improve solution by repack 0.7994101048105349->0.08340902983069066 , unplacedBoxesSize:1
currentRepackCostTime:208.844s , currentRepackMaxTime:285.822s
iter499		 Improve solution by repack 0.08340902983069066->0.0724697661918839 , unplacedBoxesSize:1
currentRepackCostTime:209.927s , currentRepackMaxTime:285.822s
iter21		 Improve solution by repack 0.0724697661918839->0.06960225745767266 , unplacedBoxesSize:1
currentRepackCostTime:209.973s , currentRepackMaxTime:285.822s
Selecting boards with low utilization for repacking...
iter4		 Improve solution by repack 0.9682870868046225->0.9268476216070949 , unplacedBoxesSize:1
currentRepackCostTime:212.222s , currentRepackMaxTime:285.822s
iter9		 Improve solution by repack 0.9268476216070949->0.8664982531577532 , unplacedBoxesSize:3
currentRepackCostTime:212.231s , currentRepackMaxTime:285.822s
iter5		 Improve solution by repack 0.8664982531577532->0.8652660575114216 , unplacedBoxesSize:3
currentRepackCostTime:212.239s , currentRepackMaxTime:285.822s
iter9		 Improve solution by repack 0.8652660575114216->0.8562657887664605 , unplacedBoxesSize:3
currentRepackCostTime:212.254s , currentRepackMaxTime:285.822s
iter51		 Improve solution by repack 0.8562657887664605->0.8494638538027413 , unplacedBoxesSize:3
currentRepackCostTime:212.346s , currentRepackMaxTime:285.822s
iter5		 Improve solution by repack 0.8494638538027413->0.15441413598495027 , unplacedBoxesSize:1
currentRepackCostTime:212.35500000000002s , currentRepackMaxTime:285.822s
iter19		 Improve solution by repack 0.15441413598495027->0.15298810803547433 , unplacedBoxesSize:1
currentRepackCostTime:212.397s , currentRepackMaxTime:285.822s
iter80		 Improve solution by repack 0.15298810803547433->0.1488497715667831 , unplacedBoxesSize:1
currentRepackCostTime:212.566s , currentRepackMaxTime:285.822s
iter103		 Improve solution by repack 0.1488497715667831->0.09705724267669981 , unplacedBoxesSize:1
currentRepackCostTime:212.792s , currentRepackMaxTime:285.822s
iter34		 Improve solution by repack 0.09705724267669981->0.09671324912657887 , unplacedBoxesSize:1
currentRepackCostTime:212.87s , currentRepackMaxTime:285.822s
iter4		 Improve solution by repack 0.09671324912657887->0.08340902983069066 , unplacedBoxesSize:1
currentRepackCostTime:212.883s , currentRepackMaxTime:285.822s
iter30		 Improve solution by repack 0.08340902983069066->0.0724697661918839 , unplacedBoxesSize:1
currentRepackCostTime:212.948s , currentRepackMaxTime:285.822s
iter92		 Improve solution by repack 0.0724697661918839->0.06960225745767266 , unplacedBoxesSize:1
currentRepackCostTime:213.151s , currentRepackMaxTime:285.822s
iter398		 Improve solution by repack 0.06960225745767266->0.04799449072829884 , unplacedBoxesSize:1
currentRepackCostTime:214.032s , currentRepackMaxTime:285.822s
Selecting boards with low utilization for repacking...
iter2		 Improve solution by repack 0.971649758129535->0.941071620532115 , unplacedBoxesSize:6
currentRepackCostTime:216.279s , currentRepackMaxTime:285.822s
iter14		 Improve solution by repack 0.941071620532115->0.9185363477559796 , unplacedBoxesSize:6
currentRepackCostTime:216.314s , currentRepackMaxTime:285.822s
iter16		 Improve solution by repack 0.9185363477559796->0.04799449072829884 , unplacedBoxesSize:1
currentRepackCostTime:216.36s , currentRepackMaxTime:285.822s
Selecting boards with low utilization for repacking...
iter1		 Improve solution by repack 0.9749227358237034->0.9557316581564096 , unplacedBoxesSize:7
currentRepackCostTime:218.675s , currentRepackMaxTime:285.822s
iter2		 Improve solution by repack 0.9557316581564096->0.9458722453641495 , unplacedBoxesSize:4
currentRepackCostTime:218.68200000000002s , currentRepackMaxTime:285.822s
iter33		 Improve solution by repack 0.9458722453641495->0.9398790647675356 , unplacedBoxesSize:4
currentRepackCostTime:218.751s , currentRepackMaxTime:285.822s
iter3		 Improve solution by repack 0.9398790647675356->0.17285810266057514 , unplacedBoxesSize:1
currentRepackCostTime:218.75300000000001s , currentRepackMaxTime:285.822s
iter44		 Improve solution by repack 0.17285810266057514->0.1688873958613276 , unplacedBoxesSize:1
currentRepackCostTime:218.827s , currentRepackMaxTime:285.822s
iter13		 Improve solution by repack 0.1688873958613276->0.15565170653050253 , unplacedBoxesSize:1
currentRepackCostTime:218.859s , currentRepackMaxTime:285.822s
iter19		 Improve solution by repack 0.15565170653050253->0.1488497715667831 , unplacedBoxesSize:1
currentRepackCostTime:218.888s , currentRepackMaxTime:285.822s
iter39		 Improve solution by repack 0.1488497715667831->0.07587879602257458 , unplacedBoxesSize:2
currentRepackCostTime:218.957s , currentRepackMaxTime:285.822s
iter6		 Improve solution by repack 0.07587879602257458->0.04799449072829884 , unplacedBoxesSize:1
currentRepackCostTime:218.971s , currentRepackMaxTime:285.822s
Selecting boards with low utilization for repacking...
iter1		 Improve solution by repack 0.9767824509540446->0.914692958882021 , unplacedBoxesSize:3
currentRepackCostTime:221.213s , currentRepackMaxTime:285.822s
iter4		 Improve solution by repack 0.914692958882021->0.9115876108572964 , unplacedBoxesSize:4
currentRepackCostTime:221.21800000000002s , currentRepackMaxTime:285.822s
iter8		 Improve solution by repack 0.9115876108572964->0.8837033055630208 , unplacedBoxesSize:3
currentRepackCostTime:221.23000000000002s , currentRepackMaxTime:285.822s
iter3		 Improve solution by repack 0.8837033055630208->0.8681980650362806 , unplacedBoxesSize:3
currentRepackCostTime:221.234s , currentRepackMaxTime:285.822s
iter12		 Improve solution by repack 0.8681980650362806->0.04799449072829884 , unplacedBoxesSize:1
currentRepackCostTime:221.25300000000001s , currentRepackMaxTime:285.822s
Selecting boards with low utilization for repacking...
iter1		 Improve solution by repack 0.9853708680462241->0.9682746573501747 , unplacedBoxesSize:4
currentRepackCostTime:223.556s , currentRepackMaxTime:285.822s
iter53		 Improve solution by repack 0.9682746573501747->0.19684426229508198 , unplacedBoxesSize:2
currentRepackCostTime:223.65800000000002s , currentRepackMaxTime:285.822s
iter19		 Improve solution by repack 0.19684426229508198->0.17285810266057514 , unplacedBoxesSize:1
currentRepackCostTime:223.70000000000002s , currentRepackMaxTime:285.822s
iter27		 Improve solution by repack 0.17285810266057514->0.16216541252351518 , unplacedBoxesSize:2
currentRepackCostTime:223.748s , currentRepackMaxTime:285.822s
iter6		 Improve solution by repack 0.16216541252351518->0.16078271969900565 , unplacedBoxesSize:2
currentRepackCostTime:223.76s , currentRepackMaxTime:285.822s
iter4		 Improve solution by repack 0.16078271969900565->0.15644181671593657 , unplacedBoxesSize:1
currentRepackCostTime:223.774s , currentRepackMaxTime:285.822s
iter9		 Improve solution by repack 0.15644181671593657->0.15565170653050253 , unplacedBoxesSize:1
currentRepackCostTime:223.791s , currentRepackMaxTime:285.822s
iter47		 Improve solution by repack 0.15565170653050253->0.13560064498790647 , unplacedBoxesSize:1
currentRepackCostTime:223.89000000000001s , currentRepackMaxTime:285.822s
iter3		 Improve solution by repack 0.13560064498790647->0.13337946788497715 , unplacedBoxesSize:1
currentRepackCostTime:223.899s , currentRepackMaxTime:285.822s
iter36		 Improve solution by repack 0.13337946788497715->0.11834990593926363 , unplacedBoxesSize:1
currentRepackCostTime:223.96800000000002s , currentRepackMaxTime:285.822s
iter141		 Improve solution by repack 0.11834990593926363->0.10594430260682612 , unplacedBoxesSize:1
currentRepackCostTime:224.263s , currentRepackMaxTime:285.822s
iter6		 Improve solution by repack 0.10594430260682612->0.09987503359312014 , unplacedBoxesSize:1
currentRepackCostTime:224.27700000000002s , currentRepackMaxTime:285.822s
iter19		 Improve solution by repack 0.09987503359312014->0.09671324912657887 , unplacedBoxesSize:1
currentRepackCostTime:224.316s , currentRepackMaxTime:285.822s
Selecting boards with low utilization for repacking...
iter2		 Improve solution by repack 0.8763914270357431->0.8673790647675356 , unplacedBoxesSize:4
currentRepackCostTime:226.428s , currentRepackMaxTime:285.822s
iter3		 Improve solution by repack 0.8673790647675356->0.09671324912657887 , unplacedBoxesSize:1
currentRepackCostTime:226.433s , currentRepackMaxTime:285.822s
Selecting boards with low utilization for repacking...
iter1		 Improve solution by repack 0.9875638269282451->0.9456977291050793 , unplacedBoxesSize:7
currentRepackCostTime:228.532s , currentRepackMaxTime:285.822s
iter16		 Improve solution by repack 0.9456977291050793->0.9424986562751948 , unplacedBoxesSize:7
currentRepackCostTime:228.574s , currentRepackMaxTime:285.822s
iter13		 Improve solution by repack 0.9424986562751948->0.927518476216071 , unplacedBoxesSize:3
currentRepackCostTime:228.61100000000002s , currentRepackMaxTime:285.822s
iter17		 Improve solution by repack 0.927518476216071->0.886394786347756 , unplacedBoxesSize:4
currentRepackCostTime:228.642s , currentRepackMaxTime:285.822s
iter32		 Improve solution by repack 0.886394786347756->0.8751854340231121 , unplacedBoxesSize:4
currentRepackCostTime:228.709s , currentRepackMaxTime:285.822s
iter40		 Improve solution by repack 0.8751854340231121->0.1957608841709218 , unplacedBoxesSize:2
currentRepackCostTime:228.79s , currentRepackMaxTime:285.822s
iter5		 Improve solution by repack 0.1957608841709218->0.1539213249126579 , unplacedBoxesSize:2
currentRepackCostTime:228.802s , currentRepackMaxTime:285.822s
iter1		 Improve solution by repack 0.1539213249126579->0.15298810803547433 , unplacedBoxesSize:1
currentRepackCostTime:228.804s , currentRepackMaxTime:285.822s
iter374		 Improve solution by repack 0.15298810803547433->0.14439364418167158 , unplacedBoxesSize:1
currentRepackCostTime:229.56s , currentRepackMaxTime:285.822s
Selecting boards with low utilization for repacking...
iter1		 Improve solution by repack 0.9917599435635582->0.9875870061811342 , unplacedBoxesSize:6
currentRepackCostTime:231.585s , currentRepackMaxTime:285.822s
iter2		 Improve solution by repack 0.9875870061811342->0.9865993684493416 , unplacedBoxesSize:6
currentRepackCostTime:231.59s , currentRepackMaxTime:285.822s
iter8		 Improve solution by repack 0.9865993684493416->0.9852593388873958 , unplacedBoxesSize:6
currentRepackCostTime:231.61s , currentRepackMaxTime:285.822s
iter2		 Improve solution by repack 0.9852593388873958->0.9800964122547703 , unplacedBoxesSize:7
currentRepackCostTime:231.616s , currentRepackMaxTime:285.822s
iter2		 Improve solution by repack 0.9800964122547703->0.9741376646062886 , unplacedBoxesSize:7
currentRepackCostTime:231.62300000000002s , currentRepackMaxTime:285.822s
iter3		 Improve solution by repack 0.9741376646062886->0.9736089088954581 , unplacedBoxesSize:7
currentRepackCostTime:231.635s , currentRepackMaxTime:285.822s
iter4		 Improve solution by repack 0.9736089088954581->0.9371217414673475 , unplacedBoxesSize:6
currentRepackCostTime:231.65200000000002s , currentRepackMaxTime:285.822s
iter15		 Improve solution by repack 0.9371217414673475->0.9193939801128728 , unplacedBoxesSize:4
currentRepackCostTime:231.696s , currentRepackMaxTime:285.822s
iter93		 Improve solution by repack 0.9193939801128728->0.9166984681537221 , unplacedBoxesSize:4
currentRepackCostTime:231.895s , currentRepackMaxTime:285.822s
iter2		 Improve solution by repack 0.9166984681537221->0.9118812147272238 , unplacedBoxesSize:4
currentRepackCostTime:231.898s , currentRepackMaxTime:285.822s
iter2		 Improve solution by repack 0.9118812147272238->0.9036710561676968 , unplacedBoxesSize:4
currentRepackCostTime:231.901s , currentRepackMaxTime:285.822s
iter4		 Improve solution by repack 0.9036710561676968->0.21583982800322493 , unplacedBoxesSize:2
currentRepackCostTime:231.91s , currentRepackMaxTime:285.822s
iter67		 Improve solution by repack 0.21583982800322493->0.2157377049180328 , unplacedBoxesSize:2
currentRepackCostTime:232.07s , currentRepackMaxTime:285.822s
iter748		 Improve solution by repack 0.2157377049180328->0.2025503896801935 , unplacedBoxesSize:1
currentRepackCostTime:233.79s , currentRepackMaxTime:285.822s
Selecting boards with low utilization for repacking...
iter1		 Improve solution by repack 0.9921348427841978->0.33274657350174686 , unplacedBoxesSize:3
currentRepackCostTime:235.562s , currentRepackMaxTime:285.822s
iter2		 Improve solution by repack 0.33274657350174686->0.3317589357699543 , unplacedBoxesSize:3
currentRepackCostTime:235.565s , currentRepackMaxTime:285.822s
iter2		 Improve solution by repack 0.3317589357699543->0.31885514646600377 , unplacedBoxesSize:3
currentRepackCostTime:235.572s , currentRepackMaxTime:285.822s
iter21		 Improve solution by repack 0.31885514646600377->0.31747245364149423 , unplacedBoxesSize:3
currentRepackCostTime:235.63s , currentRepackMaxTime:285.822s
iter1		 Improve solution by repack 0.31747245364149423->0.31728500403117443 , unplacedBoxesSize:3
currentRepackCostTime:235.631s , currentRepackMaxTime:285.822s
iter47		 Improve solution by repack 0.31728500403117443->0.3124677506046762 , unplacedBoxesSize:3
currentRepackCostTime:235.761s , currentRepackMaxTime:285.822s
iter34		 Improve solution by repack 0.3124677506046762->0.3115305025530771 , unplacedBoxesSize:3
currentRepackCostTime:235.847s , currentRepackMaxTime:285.822s
iter14		 Improve solution by repack 0.3115305025530771->0.30279461166353133 , unplacedBoxesSize:3
currentRepackCostTime:235.886s , currentRepackMaxTime:285.822s
iter46		 Improve solution by repack 0.30279461166353133->0.2996949744692287 , unplacedBoxesSize:3
currentRepackCostTime:236.022s , currentRepackMaxTime:285.822s
iter12		 Improve solution by repack 0.2996949744692287->0.285167965600645 , unplacedBoxesSize:3
currentRepackCostTime:236.05700000000002s , currentRepackMaxTime:285.822s
iter2		 Improve solution by repack 0.285167965600645->0.2846654125235152 , unplacedBoxesSize:3
currentRepackCostTime:236.06s , currentRepackMaxTime:285.822s
iter48		 Improve solution by repack 0.2846654125235152->0.271361193227627 , unplacedBoxesSize:3
currentRepackCostTime:236.197s , currentRepackMaxTime:285.822s
iter36		 Improve solution by repack 0.271361193227627->0.22525396398817524 , unplacedBoxesSize:2
currentRepackCostTime:236.294s , currentRepackMaxTime:285.822s
iter67		 Improve solution by repack 0.22525396398817524->0.21052539639881754 , unplacedBoxesSize:2
currentRepackCostTime:236.449s , currentRepackMaxTime:285.822s
iter3		 Improve solution by repack 0.21052539639881754->0.2037234614350981 , unplacedBoxesSize:2
currentRepackCostTime:236.457s , currentRepackMaxTime:285.822s
iter159		 Improve solution by repack 0.2037234614350981->0.2025503896801935 , unplacedBoxesSize:1
currentRepackCostTime:236.852s , currentRepackMaxTime:285.822s
Selecting boards with low utilization for repacking...
All low-utilization boards have been repacked once. Restarting repacking process...
Selecting boards with low utilization for repacking...
iter602		 Improve solution by repack 0.2025503896801935->0.19127788228970705 , unplacedBoxesSize:2
currentRepackCostTime:239.767s , currentRepackMaxTime:285.822s
iter17		 Improve solution by repack 0.19127788228970705->0.18777479172265518 , unplacedBoxesSize:1
currentRepackCostTime:239.809s , currentRepackMaxTime:285.822s
iter23		 Improve solution by repack 0.18777479172265518->0.17285810266057514 , unplacedBoxesSize:1
currentRepackCostTime:239.854s , currentRepackMaxTime:285.822s
iter77		 Improve solution by repack 0.17285810266057514->0.1688873958613276 , unplacedBoxesSize:1
currentRepackCostTime:239.99200000000002s , currentRepackMaxTime:285.822s
iter30		 Improve solution by repack 0.1688873958613276->0.14439364418167158 , unplacedBoxesSize:1
currentRepackCostTime:240.052s , currentRepackMaxTime:285.822s
iter16		 Improve solution by repack 0.14439364418167158->0.13575315775329214 , unplacedBoxesSize:2
currentRepackCostTime:240.083s , currentRepackMaxTime:285.822s
iter24		 Improve solution by repack 0.13575315775329214->0.1078688524590164 , unplacedBoxesSize:1
currentRepackCostTime:240.16s , currentRepackMaxTime:285.822s
iter48		 Improve solution by repack 0.1078688524590164->0.10778352593388874 , unplacedBoxesSize:1
currentRepackCostTime:240.28900000000002s , currentRepackMaxTime:285.822s
iter43		 Improve solution by repack 0.10778352593388874->0.1070337274926095 , unplacedBoxesSize:1
currentRepackCostTime:240.39000000000001s , currentRepackMaxTime:285.822s
iter316		 Improve solution by repack 0.1070337274926095->0.1023189330825047 , unplacedBoxesSize:1
currentRepackCostTime:241.034s , currentRepackMaxTime:285.822s
iter16		 Improve solution by repack 0.1023189330825047->0.09904763504434293 , unplacedBoxesSize:1
currentRepackCostTime:241.067s , currentRepackMaxTime:285.822s
iter968		 Improve solution by repack 0.09904763504434293->0.09271902714324107 , unplacedBoxesSize:1
currentRepackCostTime:243.115s , currentRepackMaxTime:285.822s
iter34		 Improve solution by repack 0.09271902714324107->0.08340902983069066 , unplacedBoxesSize:1
currentRepackCostTime:243.18800000000002s , currentRepackMaxTime:285.822s
iter247		 Improve solution by repack 0.08340902983069066->0.0724697661918839 , unplacedBoxesSize:1
currentRepackCostTime:243.70000000000002s , currentRepackMaxTime:285.822s
iter64		 Improve solution by repack 0.0724697661918839->0.06960225745767266 , unplacedBoxesSize:1
currentRepackCostTime:243.841s , currentRepackMaxTime:285.822s
iter24		 Improve solution by repack 0.06960225745767266->0.05487368986831497 , unplacedBoxesSize:1
currentRepackCostTime:243.895s , currentRepackMaxTime:285.822s
iter65		 Improve solution by repack 0.05487368986831497->0.04799449072829884 , unplacedBoxesSize:1
currentRepackCostTime:244.043s , currentRepackMaxTime:285.822s
Selecting boards with low utilization for repacking...
iter2		 Improve solution by repack 0.8914421526471379->0.8837033055630208 , unplacedBoxesSize:3
currentRepackCostTime:246.285s , currentRepackMaxTime:285.822s
iter32		 Improve solution by repack 0.8837033055630208->0.8831772373018006 , unplacedBoxesSize:4
currentRepackCostTime:246.34300000000002s , currentRepackMaxTime:285.822s
iter37		 Improve solution by repack 0.8831772373018006->0.8802264176296695 , unplacedBoxesSize:4
currentRepackCostTime:246.433s , currentRepackMaxTime:285.822s
iter1		 Improve solution by repack 0.8802264176296695->0.87754165546896 , unplacedBoxesSize:4
currentRepackCostTime:246.435s , currentRepackMaxTime:285.822s
iter1		 Improve solution by repack 0.87754165546896->0.8773542058586402 , unplacedBoxesSize:4
currentRepackCostTime:246.43800000000002s , currentRepackMaxTime:285.822s
iter36		 Improve solution by repack 0.8773542058586402->0.8736814700349368 , unplacedBoxesSize:4
currentRepackCostTime:246.528s , currentRepackMaxTime:285.822s
iter29		 Improve solution by repack 0.8736814700349368->0.8644504165546896 , unplacedBoxesSize:4
currentRepackCostTime:246.592s , currentRepackMaxTime:285.822s
iter3		 Improve solution by repack 0.8644504165546896->0.8637006181134103 , unplacedBoxesSize:4
currentRepackCostTime:246.603s , currentRepackMaxTime:285.822s
iter40		 Improve solution by repack 0.8637006181134103->0.1070337274926095 , unplacedBoxesSize:1
currentRepackCostTime:246.697s , currentRepackMaxTime:285.822s
iter64		 Improve solution by repack 0.1070337274926095->0.09671324912657887 , unplacedBoxesSize:1
currentRepackCostTime:246.835s , currentRepackMaxTime:285.822s
iter34		 Improve solution by repack 0.09671324912657887->0.0724697661918839 , unplacedBoxesSize:1
currentRepackCostTime:246.921s , currentRepackMaxTime:285.822s
iter5		 Improve solution by repack 0.0724697661918839->0.06960225745767266 , unplacedBoxesSize:1
currentRepackCostTime:246.937s , currentRepackMaxTime:285.822s
iter730		 Improve solution by repack 0.06960225745767266->0.04799449072829884 , unplacedBoxesSize:1
currentRepackCostTime:248.528s , currentRepackMaxTime:285.822s
Selecting boards with low utilization for repacking...
iter37		 Improve solution by repack 0.8837033055630208->0.11065573770491803 , unplacedBoxesSize:1
currentRepackCostTime:250.848s , currentRepackMaxTime:285.822s
iter4		 Improve solution by repack 0.11065573770491803->0.1078688524590164 , unplacedBoxesSize:1
currentRepackCostTime:250.86s , currentRepackMaxTime:285.822s
iter235		 Improve solution by repack 0.1078688524590164->0.1070337274926095 , unplacedBoxesSize:1
currentRepackCostTime:251.34s , currentRepackMaxTime:285.822s
iter481		 Improve solution by repack 0.1070337274926095->0.10317287019618382 , unplacedBoxesSize:1
currentRepackCostTime:252.341s , currentRepackMaxTime:285.822s
iter6		 Improve solution by repack 0.10317287019618382->0.09671324912657887 , unplacedBoxesSize:1
currentRepackCostTime:252.351s , currentRepackMaxTime:285.822s
iter102		 Improve solution by repack 0.09671324912657887->0.08340902983069066 , unplacedBoxesSize:1
currentRepackCostTime:252.578s , currentRepackMaxTime:285.822s
iter64		 Improve solution by repack 0.08340902983069066->0.06960225745767266 , unplacedBoxesSize:1
currentRepackCostTime:252.701s , currentRepackMaxTime:285.822s
Selecting boards with low utilization for repacking...
iter10		 Improve solution by repack 0.8686126041386724->0.8635578473528621 , unplacedBoxesSize:3
currentRepackCostTime:254.943s , currentRepackMaxTime:285.822s
iter4		 Improve solution by repack 0.8635578473528621->0.8418086535877451 , unplacedBoxesSize:3
currentRepackCostTime:254.953s , currentRepackMaxTime:285.822s
iter35		 Improve solution by repack 0.8418086535877451->0.8371126713249126 , unplacedBoxesSize:3
currentRepackCostTime:255.008s , currentRepackMaxTime:285.822s
iter7		 Improve solution by repack 0.8371126713249126->0.8306530502553078 , unplacedBoxesSize:3
currentRepackCostTime:255.017s , currentRepackMaxTime:285.822s
iter17		 Improve solution by repack 0.8306530502553078->0.8064095673206128 , unplacedBoxesSize:3
currentRepackCostTime:255.046s , currentRepackMaxTime:285.822s
iter50		 Improve solution by repack 0.8064095673206128->0.7570780704111798 , unplacedBoxesSize:2
currentRepackCostTime:255.144s , currentRepackMaxTime:285.822s
iter21		 Improve solution by repack 0.7570780704111798->0.06960225745767266 , unplacedBoxesSize:1
currentRepackCostTime:255.18s , currentRepackMaxTime:285.822s
iter566		 Improve solution by repack 0.06960225745767266->0.0 , unplacedBoxesSize:0
currentRepackCostTime:256.42900000000003s , currentRepackMaxTime:285.822s
Improved success.
Global repack result: 82 -> 81 boards.
Start nesting on the 1th large board, remaining blocks count: 267
Utilization of the 1th large board: 98.8124496103198, Time taken for this board: 12.333s
-------------------------------------------------------------------
Start nesting on the 2th large board, remaining blocks count: 260
Utilization of the 2th large board: 98.93204111797903, Time taken for this board: 26.747s
-------------------------------------------------------------------
Start nesting on the 3th large board, remaining blocks count: 253
Utilization of the 3th large board: 99.93573636119322, Time taken for this board: 36.111000000000004s
-------------------------------------------------------------------
Start nesting on the 4th large board, remaining blocks count: 250
Utilization of the 4th large board: 98.70209621069606, Time taken for this board: 46.666000000000004s
-------------------------------------------------------------------
Start nesting on the 5th large board, remaining blocks count: 239
Utilization of the 5th large board: 99.5478366030637, Time taken for this board: 56.099000000000004s
-------------------------------------------------------------------
Start nesting on the 6th large board, remaining blocks count: 225
Utilization of the 6th large board: 99.44645256651438, Time taken for this board: 64.795s
-------------------------------------------------------------------
Start nesting on the 7th large board, remaining blocks count: 223
Utilization of the 7th large board: 99.67538968019349, Time taken for this board: 77.294s
-------------------------------------------------------------------
Start nesting on the 8th large board, remaining blocks count: 208
Utilization of the 8th large board: 99.2128124160172, Time taken for this board: 86.21000000000001s
-------------------------------------------------------------------
Start nesting on the 9th large board, remaining blocks count: 203
Utilization of the 9th large board: 99.57457672668639, Time taken for this board: 93.364s
-------------------------------------------------------------------
Start nesting on the 10th large board, remaining blocks count: 199
Utilization of the 10th large board: 99.46358505778016, Time taken for this board: 99.763s
-------------------------------------------------------------------
Start nesting on the 11th large board, remaining blocks count: 192
Utilization of the 11th large board: 99.41749529696318, Time taken for this board: 104.883s
-------------------------------------------------------------------
Start nesting on the 12th large board, remaining blocks count: 185
Utilization of the 12th large board: 99.08435232464392, Time taken for this board: 110.107s
-------------------------------------------------------------------
Start nesting on the 13th large board, remaining blocks count: 172
Utilization of the 13th large board: 99.46412254770223, Time taken for this board: 116.34400000000001s
-------------------------------------------------------------------
Start nesting on the 14th large board, remaining blocks count: 168
Utilization of the 14th large board: 99.65328540714862, Time taken for this board: 122.342s
-------------------------------------------------------------------
Start nesting on the 15th large board, remaining blocks count: 162
Utilization of the 15th large board: 99.13439922063961, Time taken for this board: 128.298s
-------------------------------------------------------------------
Start nesting on the 16th large board, remaining blocks count: 156
Utilization of the 16th large board: 99.35430663800054, Time taken for this board: 132.603s
-------------------------------------------------------------------
Start nesting on the 17th large board, remaining blocks count: 144
Utilization of the 17th large board: 99.20034936844934, Time taken for this board: 136.385s
-------------------------------------------------------------------
Start nesting on the 18th large board, remaining blocks count: 138
Utilization of the 18th large board: 99.09432948132223, Time taken for this board: 139.8s
-------------------------------------------------------------------
Start nesting on the 19th large board, remaining blocks count: 126
Utilization of the 19th large board: 99.16158290782049, Time taken for this board: 141.098s
-------------------------------------------------------------------
Start nesting on the 20th large board, remaining blocks count: 118
Utilization of the 20th large board: 98.9029158828272, Time taken for this board: 142.207s
-------------------------------------------------------------------
Start nesting on the 21th large board, remaining blocks count: 114
Utilization of the 21th large board: 98.83979441010482, Time taken for this board: 143.671s
-------------------------------------------------------------------
Start nesting on the 22th large board, remaining blocks count: 108
Utilization of the 22th large board: 98.41191883902177, Time taken for this board: 144.974s
-------------------------------------------------------------------
Start nesting on the 23th large board, remaining blocks count: 104
Utilization of the 23th large board: 98.26619188390218, Time taken for this board: 145.931s
-------------------------------------------------------------------
Start nesting on the 24th large board, remaining blocks count: 98
Utilization of the 24th large board: 99.09412792260146, Time taken for this board: 146.859s
-------------------------------------------------------------------
Start nesting on the 25th large board, remaining blocks count: 90
Utilization of the 25th large board: 98.65167293738241, Time taken for this board: 147.597s
-------------------------------------------------------------------
Start nesting on the 26th large board, remaining blocks count: 82
Utilization of the 26th large board: 98.46956463316312, Time taken for this board: 148.175s
-------------------------------------------------------------------
Start nesting on the 27th large board, remaining blocks count: 78
Utilization of the 27th large board: 98.47853399623757, Time taken for this board: 148.829s
-------------------------------------------------------------------
Start nesting on the 28th large board, remaining blocks count: 70
Utilization of the 28th large board: 97.9230717549046, Time taken for this board: 149.352s
-------------------------------------------------------------------
Start nesting on the 29th large board, remaining blocks count: 58
Utilization of the 29th large board: 97.56550658425154, Time taken for this board: 149.496s
-------------------------------------------------------------------
Start nesting on the 30th large board, remaining blocks count: 52
Utilization of the 30th large board: 97.92045149153454, Time taken for this board: 149.56900000000002s
-------------------------------------------------------------------
Start nesting on the 31th large board, remaining blocks count: 46
Utilization of the 31th large board: 93.03009943563558, Time taken for this board: 149.612s
-------------------------------------------------------------------
Start nesting on the 32th large board, remaining blocks count: 42
Utilization of the 32th large board: 95.92199677506048, Time taken for this board: 149.659s
-------------------------------------------------------------------
Start nesting on the 33th large board, remaining blocks count: 36
Utilization of the 33th large board: 92.09328809459824, Time taken for this board: 149.702s
-------------------------------------------------------------------
Start nesting on the 34th large board, remaining blocks count: 32
Utilization of the 34th large board: 90.93583714055362, Time taken for this board: 149.718s
-------------------------------------------------------------------
Start nesting on the 35th large board, remaining blocks count: 30
Utilization of the 35th large board: 89.64888470841171, Time taken for this board: 149.735s
-------------------------------------------------------------------
Start nesting on the 36th large board, remaining blocks count: 28
Utilization of the 36th large board: 88.25188121472722, Time taken for this board: 149.75s
-------------------------------------------------------------------
Start nesting on the 37th large board, remaining blocks count: 24
Utilization of the 37th large board: 89.81134103735556, Time taken for this board: 149.764s
-------------------------------------------------------------------
Start nesting on the 38th large board, remaining blocks count: 18
Utilization of the 38th large board: 89.1486159634507, Time taken for this board: 149.778s
-------------------------------------------------------------------
Start nesting on the 39th large board, remaining blocks count: 16
Utilization of the 39th large board: 86.35803547433486, Time taken for this board: 149.785s
-------------------------------------------------------------------
Start nesting on the 40th large board, remaining blocks count: 14
Utilization of the 40th large board: 86.15184090298307, Time taken for this board: 149.79s
-------------------------------------------------------------------
Start nesting on the 41th large board, remaining blocks count: 12
Utilization of the 41th large board: 85.77694168234345, Time taken for this board: 149.794s
-------------------------------------------------------------------
Start nesting on the 42th large board, remaining blocks count: 10
Utilization of the 42th large board: 85.14727223864553, Time taken for this board: 149.797s
-------------------------------------------------------------------
Start nesting on the 43th large board, remaining blocks count: 2
Utilization of the 43th large board: 79.50483740929857, Time taken for this board: 149.797s
-------------------------------------------------------------------
Start nesting on the 44th large board, remaining blocks count: 2
Utilization of the 44th large board: 47.70290244557915, Time taken for this board: 149.797s
-------------------------------------------------------------------
Start global repack optimization for 44 boards, time=108.599s.
Start improving solution by repacking.
Selecting boards with low utilization for repacking...
iter44		 Improve solution by repack 0.4770290244557915->0.4622248723461435 , unplacedBoxesSize:3
currentRepackCostTime:0.398s , currentRepackMaxTime:108.599s
iter1		 Improve solution by repack 0.4622248723461435->0.44511556033324373 , unplacedBoxesSize:5
currentRepackCostTime:0.40800000000000003s , currentRepackMaxTime:108.599s
iter2		 Improve solution by repack 0.44511556033324373->0.39958814834721845 , unplacedBoxesSize:5
currentRepackCostTime:0.427s , currentRepackMaxTime:108.599s
iter1		 Improve solution by repack 0.39958814834721845->0.37835796828809465 , unplacedBoxesSize:5
currentRepackCostTime:0.437s , currentRepackMaxTime:108.599s
iter4		 Improve solution by repack 0.37835796828809465->0.37466003762429456 , unplacedBoxesSize:3
currentRepackCostTime:0.5s , currentRepackMaxTime:108.599s
iter3		 Improve solution by repack 0.37466003762429456->0.36448535339962373 , unplacedBoxesSize:5
currentRepackCostTime:0.554s , currentRepackMaxTime:108.599s
iter5		 Improve solution by repack 0.36448535339962373->0.34414807847352863 , unplacedBoxesSize:5
currentRepackCostTime:0.63s , currentRepackMaxTime:108.599s
iter3		 Improve solution by repack 0.34414807847352863->0.33122547702230587 , unplacedBoxesSize:5
currentRepackCostTime:0.683s , currentRepackMaxTime:108.599s
iter5		 Improve solution by repack 0.33122547702230587->0.32856490190808924 , unplacedBoxesSize:5
currentRepackCostTime:0.726s , currentRepackMaxTime:108.599s
iter1		 Improve solution by repack 0.32856490190808924->0.31156678312281644 , unplacedBoxesSize:4
currentRepackCostTime:0.742s , currentRepackMaxTime:108.599s
iter1		 Improve solution by repack 0.31156678312281644->0.29260413867239987 , unplacedBoxesSize:3
currentRepackCostTime:0.763s , currentRepackMaxTime:108.599s
iter2		 Improve solution by repack 0.29260413867239987->0.28303110722923946 , unplacedBoxesSize:3
currentRepackCostTime:0.784s , currentRepackMaxTime:108.599s
iter12		 Improve solution by repack 0.28303110722923946->0.27147977694168235 , unplacedBoxesSize:4
currentRepackCostTime:0.927s , currentRepackMaxTime:108.599s
iter1		 Improve solution by repack 0.27147977694168235->0.26604340231120666 , unplacedBoxesSize:2
currentRepackCostTime:0.9400000000000001s , currentRepackMaxTime:108.599s
iter22		 Improve solution by repack 0.26604340231120666->0.26585595270088686 , unplacedBoxesSize:2
currentRepackCostTime:1.1500000000000001s , currentRepackMaxTime:108.599s
iter16		 Improve solution by repack 0.26585595270088686->0.2587946788497716 , unplacedBoxesSize:4
currentRepackCostTime:1.349s , currentRepackMaxTime:108.599s
iter5		 Improve solution by repack 0.2587946788497716->0.2320142434829347 , unplacedBoxesSize:2
currentRepackCostTime:1.3940000000000001s , currentRepackMaxTime:108.599s
iter7		 Improve solution by repack 0.2320142434829347->0.16805159903251815 , unplacedBoxesSize:2
currentRepackCostTime:1.448s , currentRepackMaxTime:108.599s
iter9		 Improve solution by repack 0.16805159903251815->0.15754434291857028 , unplacedBoxesSize:2
currentRepackCostTime:1.556s , currentRepackMaxTime:108.599s
iter1		 Improve solution by repack 0.15754434291857028->0.13359446385380275 , unplacedBoxesSize:2
currentRepackCostTime:1.57s , currentRepackMaxTime:108.599s
iter1		 Improve solution by repack 0.13359446385380275->0.12457672668637462 , unplacedBoxesSize:2
currentRepackCostTime:1.583s , currentRepackMaxTime:108.599s
iter5		 Improve solution by repack 0.12457672668637462->0.11255710830421929 , unplacedBoxesSize:2
currentRepackCostTime:1.647s , currentRepackMaxTime:108.599s
iter26		 Improve solution by repack 0.11255710830421929->0.0976874496103198 , unplacedBoxesSize:2
currentRepackCostTime:1.99s , currentRepackMaxTime:108.599s
iter1		 Improve solution by repack 0.0976874496103198->0.08308384842784199 , unplacedBoxesSize:1
currentRepackCostTime:1.999s , currentRepackMaxTime:108.599s
iter15		 Improve solution by repack 0.08308384842784199->0.06738208814834722 , unplacedBoxesSize:1
currentRepackCostTime:2.1430000000000002s , currentRepackMaxTime:108.599s
iter15		 Improve solution by repack 0.06738208814834722->0.05822090835796829 , unplacedBoxesSize:3
currentRepackCostTime:2.2760000000000002s , currentRepackMaxTime:108.599s
iter2		 Improve solution by repack 0.05822090835796829->0.039211233539371136 , unplacedBoxesSize:2
currentRepackCostTime:2.31s , currentRepackMaxTime:108.599s
iter1		 Improve solution by repack 0.039211233539371136->0.027137866165009406 , unplacedBoxesSize:1
currentRepackCostTime:2.325s , currentRepackMaxTime:108.599s
iter14		 Improve solution by repack 0.027137866165009406->0.01984144047299113 , unplacedBoxesSize:1
currentRepackCostTime:2.495s , currentRepackMaxTime:108.599s
iter1		 Improve solution by repack 0.01984144047299113->0.0 , unplacedBoxesSize:0
currentRepackCostTime:2.508s , currentRepackMaxTime:108.599s
Improved success.
Global repack result: 44 -> 43 boards.
