total number of nestable workpieces：922
Processing color group: 0 (1/2), boxes: 485
Allocated time: 315.6s
searchTime: 1000
Start nesting on the 1th large board, remaining blocks count: 325
Utilization of the 1th large board: 98.77596748185972, Time taken for this board: 1.0030000000000001s
-------------------------------------------------------------------
Start nesting on the 2th large board, remaining blocks count: 322
Utilization of the 2th large board: 98.6750537489922, Time taken for this board: 2.004s
-------------------------------------------------------------------
Start nesting on the 3th large board, remaining blocks count: 314
Utilization of the 3th large board: 99.78030099435635, Time taken for this board: 3.004s
-------------------------------------------------------------------
Start nesting on the 4th large board, remaining blocks count: 308
Utilization of the 4th large board: 99.64565976887934, Time taken for this board: 4.007s
-------------------------------------------------------------------
Start nesting on the 5th large board, remaining blocks count: 302
Utilization of the 5th large board: 99.5341642031712, Time taken for this board: 5.007s
-------------------------------------------------------------------
Start nesting on the 6th large board, remaining blocks count: 290
Utilization of the 6th large board: 99.1613454716474, Time taken for this board: 6.008s
-------------------------------------------------------------------
Start nesting on the 7th large board, remaining blocks count: 283
Utilization of the 7th large board: 99.47504031174415, Time taken for this board: 7.008s
-------------------------------------------------------------------
Start nesting on the 8th large board, remaining blocks count: 275
Utilization of the 8th large board: 99.49855549583444, Time taken for this board: 8.009s
-------------------------------------------------------------------
Start nesting on the 9th large board, remaining blocks count: 264
Utilization of the 9th large board: 99.47668637463048, Time taken for this board: 9.012s
-------------------------------------------------------------------
Start nesting on the 10th large board, remaining blocks count: 257
Utilization of the 10th large board: 99.74428916957808, Time taken for this board: 10.014s
-------------------------------------------------------------------
Start nesting on the 11th large board, remaining blocks count: 254
Utilization of the 11th large board: 99.53806100510616, Time taken for this board: 11.016s
-------------------------------------------------------------------
Start nesting on the 12th large board, remaining blocks count: 249
Utilization of the 12th large board: 99.61304084923408, Time taken for this board: 12.016s
-------------------------------------------------------------------
Start nesting on the 13th large board, remaining blocks count: 247
Utilization of the 13th large board: 99.51481456597689, Time taken for this board: 13.017s
-------------------------------------------------------------------
Start nesting on the 14th large board, remaining blocks count: 243
Utilization of the 14th large board: 99.50073904864284, Time taken for this board: 14.019s
-------------------------------------------------------------------
Start nesting on the 15th large board, remaining blocks count: 237
Utilization of the 15th large board: 99.42280300994356, Time taken for this board: 15.019s
-------------------------------------------------------------------
Start nesting on the 16th large board, remaining blocks count: 227
Utilization of the 16th large board: 99.44087382424078, Time taken for this board: 16.022000000000002s
-------------------------------------------------------------------
Start nesting on the 17th large board, remaining blocks count: 219
Utilization of the 17th large board: 99.39407860790111, Time taken for this board: 17.023s
-------------------------------------------------------------------
Start nesting on the 18th large board, remaining blocks count: 207
Utilization of the 18th large board: 99.74905939263638, Time taken for this board: 18.023s
-------------------------------------------------------------------
Start nesting on the 19th large board, remaining blocks count: 199
Utilization of the 19th large board: 99.32756651437786, Time taken for this board: 19.023s
-------------------------------------------------------------------
Start nesting on the 20th large board, remaining blocks count: 191
Utilization of the 20th large board: 99.44430260682613, Time taken for this board: 20.023s
-------------------------------------------------------------------
Start nesting on the 21th large board, remaining blocks count: 181
Utilization of the 21th large board: 99.28762429454447, Time taken for this board: 21.023s
-------------------------------------------------------------------
Start nesting on the 22th large board, remaining blocks count: 171
Utilization of the 22th large board: 99.25859983875301, Time taken for this board: 22.023s
-------------------------------------------------------------------
Start nesting on the 23th large board, remaining blocks count: 159
Utilization of the 23th large board: 99.40902983069067, Time taken for this board: 23.026s
-------------------------------------------------------------------
Start nesting on the 24th large board, remaining blocks count: 148
Utilization of the 24th large board: 99.42014915345338, Time taken for this board: 24.027s
-------------------------------------------------------------------
Start nesting on the 25th large board, remaining blocks count: 140
Utilization of the 25th large board: 99.44984547164742, Time taken for this board: 25.027s
-------------------------------------------------------------------
Start nesting on the 26th large board, remaining blocks count: 130
Utilization of the 26th large board: 99.10766595001344, Time taken for this board: 26.028000000000002s
-------------------------------------------------------------------
Start nesting on the 27th large board, remaining blocks count: 118
Utilization of the 27th large board: 99.34668099973126, Time taken for this board: 27.028000000000002s
-------------------------------------------------------------------
Start nesting on the 28th large board, remaining blocks count: 108
Utilization of the 28th large board: 98.65318462778824, Time taken for this board: 28.028000000000002s
-------------------------------------------------------------------
Start nesting on the 29th large board, remaining blocks count: 102
Utilization of the 29th large board: 99.17176162321957, Time taken for this board: 28.978s
-------------------------------------------------------------------
Start nesting on the 30th large board, remaining blocks count: 96
Utilization of the 30th large board: 99.18839021768342, Time taken for this board: 29.887s
-------------------------------------------------------------------
Start nesting on the 31th large board, remaining blocks count: 88
Utilization of the 31th large board: 98.73552136522441, Time taken for this board: 30.603s
-------------------------------------------------------------------
Start nesting on the 32th large board, remaining blocks count: 82
Utilization of the 32th large board: 98.44138000537491, Time taken for this board: 31.208000000000002s
-------------------------------------------------------------------
Start nesting on the 33th large board, remaining blocks count: 70
Utilization of the 33th large board: 98.64169578070411, Time taken for this board: 31.624000000000002s
-------------------------------------------------------------------
Start nesting on the 34th large board, remaining blocks count: 62
Utilization of the 34th large board: 98.78769148078474, Time taken for this board: 31.817s
-------------------------------------------------------------------
Start nesting on the 35th large board, remaining blocks count: 56
Utilization of the 35th large board: 97.61488847084117, Time taken for this board: 31.953s
-------------------------------------------------------------------
Start nesting on the 36th large board, remaining blocks count: 48
Utilization of the 36th large board: 96.5783055630207, Time taken for this board: 32.038000000000004s
-------------------------------------------------------------------
Start nesting on the 37th large board, remaining blocks count: 38
Utilization of the 37th large board: 97.0790110185434, Time taken for this board: 32.093s
-------------------------------------------------------------------
Start nesting on the 38th large board, remaining blocks count: 28
Utilization of the 38th large board: 95.41225477022306, Time taken for this board: 32.129s
-------------------------------------------------------------------
Start nesting on the 39th large board, remaining blocks count: 24
Utilization of the 39th large board: 92.63840365493147, Time taken for this board: 32.14s
-------------------------------------------------------------------
Start nesting on the 40th large board, remaining blocks count: 18
Utilization of the 40th large board: 86.20807578607901, Time taken for this board: 32.151s
-------------------------------------------------------------------
Start nesting on the 41th large board, remaining blocks count: 16
Utilization of the 41th large board: 84.99623757054555, Time taken for this board: 32.154s
-------------------------------------------------------------------
Start nesting on the 42th large board, remaining blocks count: 14
Utilization of the 42th large board: 85.8331765654394, Time taken for this board: 32.159s
-------------------------------------------------------------------
Start nesting on the 43th large board, remaining blocks count: 10
Utilization of the 43th large board: 85.47339424885784, Time taken for this board: 32.162s
-------------------------------------------------------------------
Start nesting on the 44th large board, remaining blocks count: 6
Utilization of the 44th large board: 74.21795216339694, Time taken for this board: 32.162s
-------------------------------------------------------------------
Start nesting on the 45th large board, remaining blocks count: 2
Utilization of the 45th large board: 15.900967481859714, Time taken for this board: 32.162s
-------------------------------------------------------------------
Found solution: 45


Start improving solution by repacking.
Selecting boards with low utilization for repacking...
iter6		 Improve solution by repack 0.15900967481859715->0.058218220908357966 , unplacedBoxesSize:1
currentRepackCostTime:0.08600000000000001s , currentRepackMaxTime:283.4562212581345s
iter2		 Improve solution by repack 0.058218220908357966->0.05051061542596076 , unplacedBoxesSize:1
currentRepackCostTime:0.116s , currentRepackMaxTime:283.4562212581345s
iter19		 Improve solution by repack 0.05051061542596076->0.0 , unplacedBoxesSize:0
currentRepackCostTime:0.428s , currentRepackMaxTime:283.4562212581345s
Improved success.
Found solution 44
Start improving solution by repacking.
Selecting boards with low utilization for repacking...
iter35		 Improve solution by repack 0.7421795216339694->0.7299133297500672 , unplacedBoxesSize:9
currentRepackCostTime:0.5690000000000001s , currentRepackMaxTime:283.0282212581345s
iter5		 Improve solution by repack 0.7299133297500672->0.7148689868314969 , unplacedBoxesSize:8
currentRepackCostTime:0.674s , currentRepackMaxTime:283.0282212581345s
iter20		 Improve solution by repack 0.7148689868314969->0.6333149690943295 , unplacedBoxesSize:6
currentRepackCostTime:1.027s , currentRepackMaxTime:283.0282212581345s
iter14		 Improve solution by repack 0.6333149690943295->0.6333129535071218 , unplacedBoxesSize:6
currentRepackCostTime:1.3760000000000001s , currentRepackMaxTime:283.0282212581345s
iter6		 Improve solution by repack 0.6333129535071218->0.608158089223327 , unplacedBoxesSize:11
currentRepackCostTime:1.471s , currentRepackMaxTime:283.0282212581345s
iter8		 Improve solution by repack 0.608158089223327->0.592533593120129 , unplacedBoxesSize:7
currentRepackCostTime:1.669s , currentRepackMaxTime:283.0282212581345s
iter9		 Improve solution by repack 0.592533593120129->0.58441144853534 , unplacedBoxesSize:6
currentRepackCostTime:1.868s , currentRepackMaxTime:283.0282212581345s
iter13		 Improve solution by repack 0.58441144853534->0.5715042999193765 , unplacedBoxesSize:5
currentRepackCostTime:2.099s , currentRepackMaxTime:283.0282212581345s
iter45		 Improve solution by repack 0.5715042999193765->0.5692797635044343 , unplacedBoxesSize:4
currentRepackCostTime:2.947s , currentRepackMaxTime:283.0282212581345s
iter11		 Improve solution by repack 0.5692797635044343->0.5649778056973931 , unplacedBoxesSize:8
currentRepackCostTime:3.1470000000000002s , currentRepackMaxTime:283.0282212581345s
iter35		 Improve solution by repack 0.5649778056973931->0.5432309634506852 , unplacedBoxesSize:6
currentRepackCostTime:3.984s , currentRepackMaxTime:283.0282212581345s
iter276		 Improve solution by repack 0.5432309634506852->0.543044544477291 , unplacedBoxesSize:5
currentRepackCostTime:10.03s , currentRepackMaxTime:283.0282212581345s
iter17		 Improve solution by repack 0.543044544477291->0.5409919819940876 , unplacedBoxesSize:7
currentRepackCostTime:10.331s , currentRepackMaxTime:283.0282212581345s
iter40		 Improve solution by repack 0.5409919819940876->0.5336334318731524 , unplacedBoxesSize:6
currentRepackCostTime:11.119s , currentRepackMaxTime:283.0282212581345s
iter48		 Improve solution by repack 0.5336334318731524->0.5321338349905939 , unplacedBoxesSize:6
currentRepackCostTime:12.116s , currentRepackMaxTime:283.0282212581345s
iter13		 Improve solution by repack 0.5321338349905939->0.5299932813759742 , unplacedBoxesSize:6
currentRepackCostTime:12.315s , currentRepackMaxTime:283.0282212581345s
iter212		 Improve solution by repack 0.5299932813759742->0.5230784735286214 , unplacedBoxesSize:6
currentRepackCostTime:16.662s , currentRepackMaxTime:283.0282212581345s
iter45		 Improve solution by repack 0.5230784735286214->0.5225040311744155 , unplacedBoxesSize:7
currentRepackCostTime:17.59s , currentRepackMaxTime:283.0282212581345s
iter19		 Improve solution by repack 0.5225040311744155->0.5220948669712443 , unplacedBoxesSize:7
currentRepackCostTime:17.971s , currentRepackMaxTime:283.0282212581345s
iter10		 Improve solution by repack 0.5220948669712443->0.5195780704111798 , unplacedBoxesSize:5
currentRepackCostTime:18.19s , currentRepackMaxTime:283.0282212581345s
iter98		 Improve solution by repack 0.5195780704111798->0.5112573904864284 , unplacedBoxesSize:7
currentRepackCostTime:19.976s , currentRepackMaxTime:283.0282212581345s
iter2		 Improve solution by repack 0.5112573904864284->0.509646600376243 , unplacedBoxesSize:8
currentRepackCostTime:20.031s , currentRepackMaxTime:283.0282212581345s
iter10		 Improve solution by repack 0.509646600376243->0.5060269416823435 , unplacedBoxesSize:8
currentRepackCostTime:20.25s , currentRepackMaxTime:283.0282212581345s
iter20		 Improve solution by repack 0.5060269416823435->0.5037486562751948 , unplacedBoxesSize:7
currentRepackCostTime:20.716s , currentRepackMaxTime:283.0282212581345s
iter33		 Improve solution by repack 0.5037486562751948->0.5014710427304488 , unplacedBoxesSize:6
currentRepackCostTime:21.522000000000002s , currentRepackMaxTime:283.0282212581345s
iter1		 Improve solution by repack 0.5014710427304488->0.49306201289975815 , unplacedBoxesSize:5
currentRepackCostTime:21.541s , currentRepackMaxTime:283.0282212581345s
iter115		 Improve solution by repack 0.49306201289975815->0.49174516259070145 , unplacedBoxesSize:5
currentRepackCostTime:23.836000000000002s , currentRepackMaxTime:283.0282212581345s
iter2		 Improve solution by repack 0.49174516259070145->0.48772205052405265 , unplacedBoxesSize:4
currentRepackCostTime:23.879s , currentRepackMaxTime:283.0282212581345s
iter29		 Improve solution by repack 0.48772205052405265->0.4800634909970438 , unplacedBoxesSize:5
currentRepackCostTime:24.323s , currentRepackMaxTime:283.0282212581345s
iter90		 Improve solution by repack 0.4800634909970438->0.46957468825584514 , unplacedBoxesSize:5
currentRepackCostTime:26.155s , currentRepackMaxTime:283.0282212581345s
iter156		 Improve solution by repack 0.46957468825584514->0.46574776001074975 , unplacedBoxesSize:5
currentRepackCostTime:29.336000000000002s , currentRepackMaxTime:283.0282212581345s
iter98		 Improve solution by repack 0.46574776001074975->0.45913161784466544 , unplacedBoxesSize:4
currentRepackCostTime:31.407s , currentRepackMaxTime:283.0282212581345s
iter121		 Improve solution by repack 0.45913161784466544->0.4560722923945176 , unplacedBoxesSize:4
currentRepackCostTime:33.426s , currentRepackMaxTime:283.0282212581345s
Selecting boards with low utilization for repacking...
iter14		 Improve solution by repack 0.9580334587476486->0.5264303950550927 , unplacedBoxesSize:4
currentRepackCostTime:52.645s , currentRepackMaxTime:283.0282212581345s
iter14		 Improve solution by repack 0.5264303950550927->0.5104971781779092 , unplacedBoxesSize:3
currentRepackCostTime:52.887s , currentRepackMaxTime:283.0282212581345s
iter4		 Improve solution by repack 0.5104971781779092->0.4646345068529965 , unplacedBoxesSize:6
currentRepackCostTime:52.958s , currentRepackMaxTime:283.0282212581345s
iter12		 Improve solution by repack 0.4646345068529965->0.46384842784197794 , unplacedBoxesSize:6
currentRepackCostTime:53.204s , currentRepackMaxTime:283.0282212581345s
iter1		 Improve solution by repack 0.46384842784197794->0.46307343456060196 , unplacedBoxesSize:5
currentRepackCostTime:53.241s , currentRepackMaxTime:283.0282212581345s
iter19		 Improve solution by repack 0.46307343456060196->0.46219799785004034 , unplacedBoxesSize:6
currentRepackCostTime:53.601s , currentRepackMaxTime:283.0282212581345s
iter159		 Improve solution by repack 0.46219799785004034->0.4495162590701424 , unplacedBoxesSize:6
currentRepackCostTime:56.878s , currentRepackMaxTime:283.0282212581345s
iter20		 Improve solution by repack 0.4495162590701424->0.44829680596613813 , unplacedBoxesSize:7
currentRepackCostTime:57.273s , currentRepackMaxTime:283.0282212581345s
iter8		 Improve solution by repack 0.44829680596613813->0.44578164337543674 , unplacedBoxesSize:10
currentRepackCostTime:57.441s , currentRepackMaxTime:283.0282212581345s
iter41		 Improve solution by repack 0.44578164337543674->0.44120196183821553 , unplacedBoxesSize:5
currentRepackCostTime:58.669000000000004s , currentRepackMaxTime:283.0282212581345s
iter72		 Improve solution by repack 0.44120196183821553->0.43440640956732063 , unplacedBoxesSize:6
currentRepackCostTime:60.073s , currentRepackMaxTime:283.0282212581345s
iter37		 Improve solution by repack 0.43440640956732063->0.427680730986294 , unplacedBoxesSize:10
currentRepackCostTime:60.943s , currentRepackMaxTime:283.0282212581345s
iter13		 Improve solution by repack 0.427680730986294->0.42693794141359853 , unplacedBoxesSize:11
currentRepackCostTime:61.346000000000004s , currentRepackMaxTime:283.0282212581345s
iter8		 Improve solution by repack 0.42693794141359853->0.42692651975275464 , unplacedBoxesSize:8
currentRepackCostTime:61.575s , currentRepackMaxTime:283.0282212581345s
iter13		 Improve solution by repack 0.42692651975275464->0.4246206879871003 , unplacedBoxesSize:8
currentRepackCostTime:61.934000000000005s , currentRepackMaxTime:283.0282212581345s
iter5		 Improve solution by repack 0.4246206879871003->0.4213010386992744 , unplacedBoxesSize:8
currentRepackCostTime:62.049s , currentRepackMaxTime:283.0282212581345s
iter68		 Improve solution by repack 0.4213010386992744->0.4207114794410105 , unplacedBoxesSize:7
currentRepackCostTime:63.683s , currentRepackMaxTime:283.0282212581345s
iter28		 Improve solution by repack 0.4207114794410105->0.4181577304488041 , unplacedBoxesSize:6
currentRepackCostTime:64.408s , currentRepackMaxTime:283.0282212581345s
iter12		 Improve solution by repack 0.4181577304488041->0.4137953507121741 , unplacedBoxesSize:4
currentRepackCostTime:64.656s , currentRepackMaxTime:283.0282212581345s
iter65		 Improve solution by repack 0.4137953507121741->0.41276908089223324 , unplacedBoxesSize:4
currentRepackCostTime:65.678s , currentRepackMaxTime:283.0282212581345s
iter317		 Improve solution by repack 0.41276908089223324->0.4125597957538296 , unplacedBoxesSize:4
currentRepackCostTime:71.566s , currentRepackMaxTime:283.0282212581345s
iter203		 Improve solution by repack 0.4125597957538296->0.41245834453104 , unplacedBoxesSize:4
currentRepackCostTime:75.226s , currentRepackMaxTime:283.0282212581345s
iter60		 Improve solution by repack 0.41245834453104->0.4084688255845203 , unplacedBoxesSize:6
currentRepackCostTime:76.295s , currentRepackMaxTime:283.0282212581345s
iter124		 Improve solution by repack 0.4084688255845203->0.3988692555764579 , unplacedBoxesSize:5
currentRepackCostTime:79.011s , currentRepackMaxTime:283.0282212581345s
iter180		 Improve solution by repack 0.3988692555764579->0.3979098360655738 , unplacedBoxesSize:5
currentRepackCostTime:82.495s , currentRepackMaxTime:283.0282212581345s
iter279		 Improve solution by repack 0.3979098360655738->0.3964901908089223 , unplacedBoxesSize:5
currentRepackCostTime:88.2s , currentRepackMaxTime:283.0282212581345s
iter133		 Improve solution by repack 0.3964901908089223->0.39372413329750067 , unplacedBoxesSize:5
currentRepackCostTime:90.85900000000001s , currentRepackMaxTime:283.0282212581345s
iter1		 Improve solution by repack 0.39372413329750067->0.3913121472722387 , unplacedBoxesSize:7
currentRepackCostTime:90.879s , currentRepackMaxTime:283.0282212581345s
iter59		 Improve solution by repack 0.3913121472722387->0.39108841709217956 , unplacedBoxesSize:7
currentRepackCostTime:92.249s , currentRepackMaxTime:283.0282212581345s
iter48		 Improve solution by repack 0.39108841709217956->0.38993550120935233 , unplacedBoxesSize:7
currentRepackCostTime:93.34100000000001s , currentRepackMaxTime:283.0282212581345s
iter12		 Improve solution by repack 0.38993550120935233->0.3860823703305563 , unplacedBoxesSize:7
currentRepackCostTime:93.599s , currentRepackMaxTime:283.0282212581345s
iter46		 Improve solution by repack 0.3860823703305563->0.3816292663262564 , unplacedBoxesSize:8
currentRepackCostTime:94.638s , currentRepackMaxTime:283.0282212581345s
iter14		 Improve solution by repack 0.3816292663262564->0.3762086804622413 , unplacedBoxesSize:7
currentRepackCostTime:94.98s , currentRepackMaxTime:283.0282212581345s
iter15		 Improve solution by repack 0.3762086804622413->0.37591306100510613 , unplacedBoxesSize:7
currentRepackCostTime:95.33800000000001s , currentRepackMaxTime:283.0282212581345s
iter40		 Improve solution by repack 0.37591306100510613->0.3730354743348562 , unplacedBoxesSize:7
currentRepackCostTime:96.276s , currentRepackMaxTime:283.0282212581345s
iter75		 Improve solution by repack 0.3730354743348562->0.37217112335393715 , unplacedBoxesSize:9
currentRepackCostTime:98.174s , currentRepackMaxTime:283.0282212581345s
iter81		 Improve solution by repack 0.37217112335393715->0.3716662187583983 , unplacedBoxesSize:7
currentRepackCostTime:100.369s , currentRepackMaxTime:283.0282212581345s
iter69		 Improve solution by repack 0.3716662187583983->0.36961972588013975 , unplacedBoxesSize:6
currentRepackCostTime:102.12s , currentRepackMaxTime:283.0282212581345s
iter11		 Improve solution by repack 0.36961972588013975->0.3675214995968825 , unplacedBoxesSize:6
currentRepackCostTime:102.361s , currentRepackMaxTime:283.0282212581345s
iter16		 Improve solution by repack 0.3675214995968825->0.36688824643912926 , unplacedBoxesSize:9
currentRepackCostTime:102.673s , currentRepackMaxTime:283.0282212581345s
iter17		 Improve solution by repack 0.36688824643912926->0.3634533499059393 , unplacedBoxesSize:10
currentRepackCostTime:103.188s , currentRepackMaxTime:283.0282212581345s
iter63		 Improve solution by repack 0.3634533499059393->0.3626555133028756 , unplacedBoxesSize:8
currentRepackCostTime:105.248s , currentRepackMaxTime:283.0282212581345s
iter23		 Improve solution by repack 0.3626555133028756->0.3612321956463316 , unplacedBoxesSize:6
currentRepackCostTime:105.889s , currentRepackMaxTime:283.0282212581345s
iter6		 Improve solution by repack 0.3612321956463316->0.36052674012362274 , unplacedBoxesSize:6
currentRepackCostTime:105.996s , currentRepackMaxTime:283.0282212581345s
iter43		 Improve solution by repack 0.36052674012362274->0.3603728836334319 , unplacedBoxesSize:6
currentRepackCostTime:106.934s , currentRepackMaxTime:283.0282212581345s
iter21		 Improve solution by repack 0.3603728836334319->0.3598421123353937 , unplacedBoxesSize:6
currentRepackCostTime:107.366s , currentRepackMaxTime:283.0282212581345s
iter48		 Improve solution by repack 0.3598421123353937->0.359819269013706 , unplacedBoxesSize:6
currentRepackCostTime:108.569s , currentRepackMaxTime:283.0282212581345s
iter79		 Improve solution by repack 0.359819269013706->0.3582581967213115 , unplacedBoxesSize:7
currentRepackCostTime:110.33s , currentRepackMaxTime:283.0282212581345s
iter38		 Improve solution by repack 0.3582581967213115->0.3581695108841709 , unplacedBoxesSize:7
currentRepackCostTime:111.24600000000001s , currentRepackMaxTime:283.0282212581345s
iter134		 Improve solution by repack 0.3581695108841709->0.3548300188121473 , unplacedBoxesSize:7
currentRepackCostTime:114.506s , currentRepackMaxTime:283.0282212581345s
iter28		 Improve solution by repack 0.3548300188121473->0.35309795753829615 , unplacedBoxesSize:6
currentRepackCostTime:115.143s , currentRepackMaxTime:283.0282212581345s
iter197		 Improve solution by repack 0.35309795753829615->0.3508277116366568 , unplacedBoxesSize:7
currentRepackCostTime:119.486s , currentRepackMaxTime:283.0282212581345s
iter237		 Improve solution by repack 0.3508277116366568->0.35035606423004567 , unplacedBoxesSize:7
currentRepackCostTime:125.24900000000001s , currentRepackMaxTime:283.0282212581345s
Selecting boards with low utilization for repacking...
iter19		 Improve solution by repack 0.9753345874764848->0.37095402176834186 , unplacedBoxesSize:7
currentRepackCostTime:150.826s , currentRepackMaxTime:283.0282212581345s
iter66		 Improve solution by repack 0.37095402176834186->0.36766930932545017 , unplacedBoxesSize:6
currentRepackCostTime:152.381s , currentRepackMaxTime:283.0282212581345s
iter316		 Improve solution by repack 0.36766930932545017->0.3669631819403386 , unplacedBoxesSize:7
currentRepackCostTime:159.147s , currentRepackMaxTime:283.0282212581345s
iter217		 Improve solution by repack 0.3669631819403386->0.36694033861865094 , unplacedBoxesSize:7
currentRepackCostTime:164.41s , currentRepackMaxTime:283.0282212581345s
iter12		 Improve solution by repack 0.36694033861865094->0.36555227089492076 , unplacedBoxesSize:6
currentRepackCostTime:164.677s , currentRepackMaxTime:283.0282212581345s
iter87		 Improve solution by repack 0.36555227089492076->0.3618005912389143 , unplacedBoxesSize:6
currentRepackCostTime:166.567s , currentRepackMaxTime:283.0282212581345s
iter471		 Improve solution by repack 0.3618005912389143->0.36177774791722656 , unplacedBoxesSize:6
currentRepackCostTime:176.883s , currentRepackMaxTime:283.0282212581345s
Selecting boards with low utilization for repacking...
iter36		 Improve solution by repack 0.9770935232464392->0.4211636656812685 , unplacedBoxesSize:4
currentRepackCostTime:199.413s , currentRepackMaxTime:283.0282212581345s
iter16		 Improve solution by repack 0.4211636656812685->0.4189623085192153 , unplacedBoxesSize:8
currentRepackCostTime:199.739s , currentRepackMaxTime:283.0282212581345s
iter33		 Improve solution by repack 0.4189623085192153->0.41295115560333245 , unplacedBoxesSize:10
currentRepackCostTime:200.62800000000001s , currentRepackMaxTime:283.0282212581345s
iter16		 Improve solution by repack 0.41295115560333245->0.41148918301531845 , unplacedBoxesSize:9
currentRepackCostTime:201.047s , currentRepackMaxTime:283.0282212581345s
iter8		 Improve solution by repack 0.41148918301531845->0.4113017334049987 , unplacedBoxesSize:9
currentRepackCostTime:201.235s , currentRepackMaxTime:283.0282212581345s
iter53		 Improve solution by repack 0.4113017334049987->0.4086102526202634 , unplacedBoxesSize:9
currentRepackCostTime:202.632s , currentRepackMaxTime:283.0282212581345s
iter19		 Improve solution by repack 0.4086102526202634->0.4003946963181941 , unplacedBoxesSize:13
currentRepackCostTime:203.186s , currentRepackMaxTime:283.0282212581345s
iter7		 Improve solution by repack 0.4003946963181941->0.39886251410911044 , unplacedBoxesSize:11
currentRepackCostTime:203.471s , currentRepackMaxTime:283.0282212581345s
iter23		 Improve solution by repack 0.39886251410911044->0.3931755576457941 , unplacedBoxesSize:11
currentRepackCostTime:204.316s , currentRepackMaxTime:283.0282212581345s
iter3		 Improve solution by repack 0.3931755576457941->0.3924492743886052 , unplacedBoxesSize:11
currentRepackCostTime:204.394s , currentRepackMaxTime:283.0282212581345s
iter41		 Improve solution by repack 0.3924492743886052->0.3919299247514109 , unplacedBoxesSize:10
currentRepackCostTime:205.689s , currentRepackMaxTime:283.0282212581345s
iter7		 Improve solution by repack 0.3919299247514109->0.38944873689868315 , unplacedBoxesSize:9
currentRepackCostTime:205.959s , currentRepackMaxTime:283.0282212581345s
iter2		 Improve solution by repack 0.38944873689868315->0.3878705092717012 , unplacedBoxesSize:9
currentRepackCostTime:206.01s , currentRepackMaxTime:283.0282212581345s
iter3		 Improve solution by repack 0.3878705092717012->0.3803664780972857 , unplacedBoxesSize:10
currentRepackCostTime:206.092s , currentRepackMaxTime:283.0282212581345s
iter4		 Improve solution by repack 0.3803664780972857->0.37999023515184094 , unplacedBoxesSize:10
currentRepackCostTime:206.199s , currentRepackMaxTime:283.0282212581345s
iter52		 Improve solution by repack 0.37999023515184094->0.3727519484009674 , unplacedBoxesSize:8
currentRepackCostTime:207.693s , currentRepackMaxTime:283.0282212581345s
iter24		 Improve solution by repack 0.3727519484009674->0.3660964794410105 , unplacedBoxesSize:8
currentRepackCostTime:208.334s , currentRepackMaxTime:283.0282212581345s
iter30		 Improve solution by repack 0.3660964794410105->0.3660407148615964 , unplacedBoxesSize:8
currentRepackCostTime:209.032s , currentRepackMaxTime:283.0282212581345s
iter151		 Improve solution by repack 0.3660407148615964->0.35985823703305564 , unplacedBoxesSize:11
currentRepackCostTime:213.035s , currentRepackMaxTime:283.0282212581345s
iter35		 Improve solution by repack 0.35985823703305564->0.3575739048642838 , unplacedBoxesSize:10
currentRepackCostTime:214.22s , currentRepackMaxTime:283.0282212581345s
iter16		 Improve solution by repack 0.3575739048642838->0.35721848965331904 , unplacedBoxesSize:9
currentRepackCostTime:214.704s , currentRepackMaxTime:283.0282212581345s
iter6		 Improve solution by repack 0.35721848965331904->0.3549274388605213 , unplacedBoxesSize:10
currentRepackCostTime:214.86700000000002s , currentRepackMaxTime:283.0282212581345s
iter1		 Improve solution by repack 0.3549274388605213->0.3542999193765117 , unplacedBoxesSize:12
currentRepackCostTime:214.892s , currentRepackMaxTime:283.0282212581345s
iter22		 Improve solution by repack 0.3542999193765117->0.34761925557645795 , unplacedBoxesSize:12
currentRepackCostTime:215.73000000000002s , currentRepackMaxTime:283.0282212581345s
iter9		 Improve solution by repack 0.34761925557645795->0.3443267938726149 , unplacedBoxesSize:12
currentRepackCostTime:216.023s , currentRepackMaxTime:283.0282212581345s
iter271		 Improve solution by repack 0.3443267938726149->0.34107464391292663 , unplacedBoxesSize:11
currentRepackCostTime:225.833s , currentRepackMaxTime:283.0282212581345s
iter23		 Improve solution by repack 0.34107464391292663->0.33809023112066644 , unplacedBoxesSize:11
currentRepackCostTime:226.627s , currentRepackMaxTime:283.0282212581345s
iter20		 Improve solution by repack 0.33809023112066644->0.3380647003493684 , unplacedBoxesSize:11
currentRepackCostTime:227.297s , currentRepackMaxTime:283.0282212581345s
iter58		 Improve solution by repack 0.3380647003493684->0.336456261757592 , unplacedBoxesSize:10
currentRepackCostTime:229.276s , currentRepackMaxTime:283.0282212581345s
iter18		 Improve solution by repack 0.336456261757592->0.3354753426498253 , unplacedBoxesSize:13
currentRepackCostTime:229.811s , currentRepackMaxTime:283.0282212581345s
iter36		 Improve solution by repack 0.3354753426498253->0.3352684090298307 , unplacedBoxesSize:13
currentRepackCostTime:231.137s , currentRepackMaxTime:283.0282212581345s
iter67		 Improve solution by repack 0.3352684090298307->0.33284432948132225 , unplacedBoxesSize:13
currentRepackCostTime:233.865s , currentRepackMaxTime:283.0282212581345s
iter31		 Improve solution by repack 0.33284432948132225->0.3302213786616501 , unplacedBoxesSize:10
currentRepackCostTime:234.995s , currentRepackMaxTime:283.0282212581345s
iter350		 Improve solution by repack 0.3302213786616501->0.3290751814028487 , unplacedBoxesSize:8
currentRepackCostTime:245.957s , currentRepackMaxTime:283.0282212581345s
iter699		 Improve solution by repack 0.3290751814028487->0.3275275463585058 , unplacedBoxesSize:8
currentRepackCostTime:263.687s , currentRepackMaxTime:283.0282212581345s
Processing color group: 1 (2/2), boxes: 437
Allocated time: 284.4s
searchTime: 1000
Start nesting on the 1th large board, remaining blocks count: 209
Utilization of the 1th large board: 94.32306275194841, Time taken for this board: 1.002s
-------------------------------------------------------------------
Start nesting on the 2th large board, remaining blocks count: 209
Utilization of the 2th large board: 94.32306275194841, Time taken for this board: 2.0060000000000002s
-------------------------------------------------------------------
Start nesting on the 3th large board, remaining blocks count: 207
Utilization of the 3th large board: 92.6847621607095, Time taken for this board: 3.008s
-------------------------------------------------------------------
Start nesting on the 4th large board, remaining blocks count: 207
Utilization of the 4th large board: 92.6847621607095, Time taken for this board: 4.009s
-------------------------------------------------------------------
Start nesting on the 5th large board, remaining blocks count: 206
Utilization of the 5th large board: 97.16964297231927, Time taken for this board: 5.0120000000000005s
-------------------------------------------------------------------
Start nesting on the 6th large board, remaining blocks count: 204
Utilization of the 6th large board: 96.73320343993551, Time taken for this board: 6.0120000000000005s
-------------------------------------------------------------------
Start nesting on the 7th large board, remaining blocks count: 200
Utilization of the 7th large board: 94.31577532921257, Time taken for this board: 7.013s
-------------------------------------------------------------------
Start nesting on the 8th large board, remaining blocks count: 200
Utilization of the 8th large board: 94.31577532921257, Time taken for this board: 8.014s
-------------------------------------------------------------------
Start nesting on the 9th large board, remaining blocks count: 200
Utilization of the 9th large board: 94.31577532921257, Time taken for this board: 9.014s
-------------------------------------------------------------------
Start nesting on the 10th large board, remaining blocks count: 200
Utilization of the 10th large board: 94.31577532921257, Time taken for this board: 10.017s
-------------------------------------------------------------------
Start nesting on the 11th large board, remaining blocks count: 198
Utilization of the 11th large board: 92.13779897876914, Time taken for this board: 11.018s
-------------------------------------------------------------------
Start nesting on the 12th large board, remaining blocks count: 198
Utilization of the 12th large board: 92.13779897876914, Time taken for this board: 12.018s
-------------------------------------------------------------------
Start nesting on the 13th large board, remaining blocks count: 198
Utilization of the 13th large board: 92.13779897876914, Time taken for this board: 13.018s
-------------------------------------------------------------------
Start nesting on the 14th large board, remaining blocks count: 198
Utilization of the 14th large board: 92.13779897876914, Time taken for this board: 14.018s
-------------------------------------------------------------------
Start nesting on the 15th large board, remaining blocks count: 197
Utilization of the 15th large board: 92.95691682343455, Time taken for this board: 15.018s
-------------------------------------------------------------------
Start nesting on the 16th large board, remaining blocks count: 195
Utilization of the 16th large board: 89.02492609513573, Time taken for this board: 15.947000000000001s
-------------------------------------------------------------------
Start nesting on the 17th large board, remaining blocks count: 195
Utilization of the 17th large board: 89.02492609513573, Time taken for this board: 16.876s
-------------------------------------------------------------------
Start nesting on the 18th large board, remaining blocks count: 193
Utilization of the 18th large board: 90.168486294007, Time taken for this board: 17.802s
-------------------------------------------------------------------
Start nesting on the 19th large board, remaining blocks count: 192
Utilization of the 19th large board: 90.28970706799247, Time taken for this board: 18.787s
-------------------------------------------------------------------
Start nesting on the 20th large board, remaining blocks count: 192
Utilization of the 20th large board: 90.28970706799247, Time taken for this board: 19.774s
-------------------------------------------------------------------
Start nesting on the 21th large board, remaining blocks count: 189
Utilization of the 21th large board: 90.64957336737436, Time taken for this board: 20.774s
-------------------------------------------------------------------
Start nesting on the 22th large board, remaining blocks count: 189
Utilization of the 22th large board: 90.64957336737436, Time taken for this board: 21.774s
-------------------------------------------------------------------
Start nesting on the 23th large board, remaining blocks count: 185
Utilization of the 23th large board: 95.60897608169847, Time taken for this board: 22.775000000000002s
-------------------------------------------------------------------
Start nesting on the 24th large board, remaining blocks count: 181
Utilization of the 24th large board: 95.15278151034667, Time taken for this board: 23.775000000000002s
-------------------------------------------------------------------
Start nesting on the 25th large board, remaining blocks count: 179
Utilization of the 25th large board: 97.25127653856491, Time taken for this board: 24.768s
-------------------------------------------------------------------
Start nesting on the 26th large board, remaining blocks count: 175
Utilization of the 26th large board: 97.1991400161247, Time taken for this board: 25.739s
-------------------------------------------------------------------
Start nesting on the 27th large board, remaining blocks count: 171
Utilization of the 27th large board: 96.72897070679925, Time taken for this board: 26.72s
-------------------------------------------------------------------
Start nesting on the 28th large board, remaining blocks count: 168
Utilization of the 28th large board: 96.59103735554957, Time taken for this board: 27.72s
-------------------------------------------------------------------
Start nesting on the 29th large board, remaining blocks count: 166
Utilization of the 29th large board: 95.43896130072562, Time taken for this board: 28.72s
-------------------------------------------------------------------
Start nesting on the 30th large board, remaining blocks count: 162
Utilization of the 30th large board: 95.23908223595808, Time taken for this board: 29.7s
-------------------------------------------------------------------
Start nesting on the 31th large board, remaining blocks count: 158
Utilization of the 31th large board: 95.20723595807578, Time taken for this board: 30.632s
-------------------------------------------------------------------
Start nesting on the 32th large board, remaining blocks count: 156
Utilization of the 32th large board: 95.04451088417092, Time taken for this board: 31.571s
-------------------------------------------------------------------
Start nesting on the 33th large board, remaining blocks count: 154
Utilization of the 33th large board: 94.73394248857835, Time taken for this board: 32.486000000000004s
-------------------------------------------------------------------
Start nesting on the 34th large board, remaining blocks count: 152
Utilization of the 34th large board: 94.49556570814296, Time taken for this board: 33.407000000000004s
-------------------------------------------------------------------
Start nesting on the 35th large board, remaining blocks count: 152
Utilization of the 35th large board: 94.49556570814296, Time taken for this board: 34.322s
-------------------------------------------------------------------
Start nesting on the 36th large board, remaining blocks count: 152
Utilization of the 36th large board: 94.49556570814296, Time taken for this board: 35.234s
-------------------------------------------------------------------
Start nesting on the 37th large board, remaining blocks count: 152
Utilization of the 37th large board: 94.49556570814296, Time taken for this board: 36.146s
-------------------------------------------------------------------
Start nesting on the 38th large board, remaining blocks count: 150
Utilization of the 38th large board: 94.30707471109918, Time taken for this board: 37.046s
-------------------------------------------------------------------
Start nesting on the 39th large board, remaining blocks count: 148
Utilization of the 39th large board: 94.21704514915345, Time taken for this board: 37.832s
-------------------------------------------------------------------
Start nesting on the 40th large board, remaining blocks count: 145
Utilization of the 40th large board: 89.4792730448804, Time taken for this board: 38.265s
-------------------------------------------------------------------
Start nesting on the 41th large board, remaining blocks count: 145
Utilization of the 41th large board: 89.4792730448804, Time taken for this board: 38.696s
-------------------------------------------------------------------
Start nesting on the 42th large board, remaining blocks count: 142
Utilization of the 42th large board: 99.01350443429186, Time taken for this board: 39.489000000000004s
-------------------------------------------------------------------
Start nesting on the 43th large board, remaining blocks count: 136
Utilization of the 43th large board: 98.94719161515721, Time taken for this board: 40.233000000000004s
-------------------------------------------------------------------
Start nesting on the 44th large board, remaining blocks count: 132
Utilization of the 44th large board: 99.19732598763773, Time taken for this board: 40.924s
-------------------------------------------------------------------
Start nesting on the 45th large board, remaining blocks count: 128
Utilization of the 45th large board: 99.00483740929857, Time taken for this board: 41.233000000000004s
-------------------------------------------------------------------
Start nesting on the 46th large board, remaining blocks count: 122
Utilization of the 46th large board: 98.7168771835528, Time taken for this board: 41.517s
-------------------------------------------------------------------
Start nesting on the 47th large board, remaining blocks count: 120
Utilization of the 47th large board: 98.67508734211233, Time taken for this board: 41.809s
-------------------------------------------------------------------
Start nesting on the 48th large board, remaining blocks count: 118
Utilization of the 48th large board: 98.71902714324105, Time taken for this board: 42.131s
-------------------------------------------------------------------
Start nesting on the 49th large board, remaining blocks count: 112
Utilization of the 49th large board: 98.6800255307713, Time taken for this board: 42.424s
-------------------------------------------------------------------
Start nesting on the 50th large board, remaining blocks count: 108
Utilization of the 50th large board: 98.47423407686105, Time taken for this board: 42.693s
-------------------------------------------------------------------
Start nesting on the 51th large board, remaining blocks count: 108
Utilization of the 51th large board: 98.45548911582908, Time taken for this board: 42.962s
-------------------------------------------------------------------
Start nesting on the 52th large board, remaining blocks count: 104
Utilization of the 52th large board: 98.34261623219564, Time taken for this board: 43.209s
-------------------------------------------------------------------
Start nesting on the 53th large board, remaining blocks count: 96
Utilization of the 53th large board: 98.18227626981994, Time taken for this board: 43.418s
-------------------------------------------------------------------
Start nesting on the 54th large board, remaining blocks count: 92
Utilization of the 54th large board: 98.0488779897877, Time taken for this board: 43.637s
-------------------------------------------------------------------
Start nesting on the 55th large board, remaining blocks count: 88
Utilization of the 55th large board: 97.60017468422465, Time taken for this board: 43.831s
-------------------------------------------------------------------
Start nesting on the 56th large board, remaining blocks count: 84
Utilization of the 56th large board: 97.3626041386724, Time taken for this board: 44.012s
-------------------------------------------------------------------
Start nesting on the 57th large board, remaining blocks count: 82
Utilization of the 57th large board: 97.93839021768342, Time taken for this board: 44.192s
-------------------------------------------------------------------
Start nesting on the 58th large board, remaining blocks count: 82
Utilization of the 58th large board: 97.86196586938995, Time taken for this board: 44.374s
-------------------------------------------------------------------
Start nesting on the 59th large board, remaining blocks count: 78
Utilization of the 59th large board: 98.38843724805159, Time taken for this board: 44.537s
-------------------------------------------------------------------
Start nesting on the 60th large board, remaining blocks count: 74
Utilization of the 60th large board: 97.56584251545284, Time taken for this board: 44.672000000000004s
-------------------------------------------------------------------
Start nesting on the 61th large board, remaining blocks count: 70
Utilization of the 61th large board: 96.59201155603333, Time taken for this board: 44.800000000000004s
-------------------------------------------------------------------
Start nesting on the 62th large board, remaining blocks count: 66
Utilization of the 62th large board: 96.79279763504434, Time taken for this board: 44.914s
-------------------------------------------------------------------
Start nesting on the 63th large board, remaining blocks count: 64
Utilization of the 63th large board: 96.13504434291858, Time taken for this board: 44.965s
-------------------------------------------------------------------
Start nesting on the 64th large board, remaining blocks count: 60
Utilization of the 64th large board: 95.26041386723999, Time taken for this board: 45.013s
-------------------------------------------------------------------
Start nesting on the 65th large board, remaining blocks count: 60
Utilization of the 65th large board: 95.45780704111797, Time taken for this board: 45.062s
-------------------------------------------------------------------
Start nesting on the 66th large board, remaining blocks count: 54
Utilization of the 66th large board: 94.37046492878258, Time taken for this board: 45.104s
-------------------------------------------------------------------
Start nesting on the 67th large board, remaining blocks count: 52
Utilization of the 67th large board: 95.02163396936307, Time taken for this board: 45.148s
-------------------------------------------------------------------
Start nesting on the 68th large board, remaining blocks count: 48
Utilization of the 68th large board: 94.56087073367375, Time taken for this board: 45.186s
-------------------------------------------------------------------
Start nesting on the 69th large board, remaining blocks count: 46
Utilization of the 69th large board: 94.35232464391294, Time taken for this board: 45.221000000000004s
-------------------------------------------------------------------
Start nesting on the 70th large board, remaining blocks count: 42
Utilization of the 70th large board: 93.79535071217416, Time taken for this board: 45.253s
-------------------------------------------------------------------
Start nesting on the 71th large board, remaining blocks count: 42
Utilization of the 71th large board: 93.79535071217416, Time taken for this board: 45.284s
-------------------------------------------------------------------
Start nesting on the 72th large board, remaining blocks count: 36
Utilization of the 72th large board: 92.5849234076861, Time taken for this board: 45.309s
-------------------------------------------------------------------
Start nesting on the 73th large board, remaining blocks count: 30
Utilization of the 73th large board: 94.69148078473529, Time taken for this board: 45.32s
-------------------------------------------------------------------
Start nesting on the 74th large board, remaining blocks count: 30
Utilization of the 74th large board: 94.69148078473529, Time taken for this board: 45.33s
-------------------------------------------------------------------
Start nesting on the 75th large board, remaining blocks count: 28
Utilization of the 75th large board: 95.2890352055899, Time taken for this board: 45.338s
-------------------------------------------------------------------
Start nesting on the 76th large board, remaining blocks count: 22
Utilization of the 76th large board: 92.07776807309862, Time taken for this board: 45.345s
-------------------------------------------------------------------
Start nesting on the 77th large board, remaining blocks count: 20
Utilization of the 77th large board: 92.12049852190272, Time taken for this board: 45.35s
-------------------------------------------------------------------
Start nesting on the 78th large board, remaining blocks count: 14
Utilization of the 78th large board: 86.91850309056706, Time taken for this board: 45.352000000000004s
-------------------------------------------------------------------
Start nesting on the 79th large board, remaining blocks count: 10
Utilization of the 79th large board: 90.58613276001076, Time taken for this board: 45.354s
-------------------------------------------------------------------
Start nesting on the 80th large board, remaining blocks count: 6
Utilization of the 80th large board: 68.43012631013168, Time taken for this board: 45.355000000000004s
-------------------------------------------------------------------
Start nesting on the 81th large board, remaining blocks count: 2
Utilization of the 81th large board: 51.85743079817254, Time taken for this board: 45.355000000000004s
-------------------------------------------------------------------
Start nesting on the 82th large board, remaining blocks count: 2
Utilization of the 82th large board: 51.85743079817254, Time taken for this board: 45.355000000000004s
-------------------------------------------------------------------
Start nesting on the 83th large board, remaining blocks count: 2
Utilization of the 83th large board: 51.85743079817254, Time taken for this board: 45.355000000000004s
-------------------------------------------------------------------
Start nesting on the 84th large board, remaining blocks count: 2
Utilization of the 84th large board: 17.285810266057513, Time taken for this board: 45.355000000000004s
-------------------------------------------------------------------
Found solution: 84


Start improving solution by repacking.
Selecting boards with low utilization for repacking...
iter13		 Improve solution by repack 0.17285810266057514->0.11417092179521635 , unplacedBoxesSize:1
currentRepackCostTime:0.02s , currentRepackMaxTime:239.0267787418655s
iter3		 Improve solution by repack 0.11417092179521635->0.11377586670249933 , unplacedBoxesSize:1
currentRepackCostTime:0.025s , currentRepackMaxTime:239.0267787418655s
iter26		 Improve solution by repack 0.11377586670249933->0.0 , unplacedBoxesSize:0
currentRepackCostTime:0.066s , currentRepackMaxTime:239.0267787418655s
Improved success.
Found solution 83
Start improving solution by repacking.
Selecting boards with low utilization for repacking...
iter1		 Improve solution by repack 0.5185743079817253->0.5165244557914539 , unplacedBoxesSize:1
currentRepackCostTime:0.004s , currentRepackMaxTime:238.9607787418655s
iter8		 Improve solution by repack 0.5165244557914539->0.5031241601719968 , unplacedBoxesSize:3
currentRepackCostTime:0.013000000000000001s , currentRepackMaxTime:238.9607787418655s
iter2		 Improve solution by repack 0.5031241601719968->0.49571620532115024 , unplacedBoxesSize:3
currentRepackCostTime:0.016s , currentRepackMaxTime:238.9607787418655s
iter2		 Improve solution by repack 0.49571620532115024->0.4608532652512765 , unplacedBoxesSize:3
currentRepackCostTime:0.018000000000000002s , currentRepackMaxTime:238.9607787418655s
iter1		 Improve solution by repack 0.4608532652512765->0.39487906476753565 , unplacedBoxesSize:3
currentRepackCostTime:0.02s , currentRepackMaxTime:238.9607787418655s
iter7		 Improve solution by repack 0.39487906476753565->0.33579682880945977 , unplacedBoxesSize:3
currentRepackCostTime:0.036000000000000004s , currentRepackMaxTime:238.9607787418655s
iter3		 Improve solution by repack 0.33579682880945977->0.2820908357968288 , unplacedBoxesSize:2
currentRepackCostTime:0.042s , currentRepackMaxTime:238.9607787418655s
iter17		 Improve solution by repack 0.2820908357968288->0.27989183015318464 , unplacedBoxesSize:2
currentRepackCostTime:0.07100000000000001s , currentRepackMaxTime:238.9607787418655s
iter6		 Improve solution by repack 0.27989183015318464->0.26024321418973395 , unplacedBoxesSize:2
currentRepackCostTime:0.081s , currentRepackMaxTime:238.9607787418655s
iter4		 Improve solution by repack 0.26024321418973395->0.15644181671593657 , unplacedBoxesSize:1
currentRepackCostTime:0.088s , currentRepackMaxTime:238.9607787418655s
iter10		 Improve solution by repack 0.15644181671593657->0.14903386186509002 , unplacedBoxesSize:1
currentRepackCostTime:0.107s , currentRepackMaxTime:238.9607787418655s
iter6		 Improve solution by repack 0.14903386186509002->0.08738511152915883 , unplacedBoxesSize:1
currentRepackCostTime:0.11900000000000001s , currentRepackMaxTime:238.9607787418655s
iter7		 Improve solution by repack 0.08738511152915883->0.0 , unplacedBoxesSize:0
currentRepackCostTime:0.13s , currentRepackMaxTime:238.9607787418655s
Improved success.
Found solution 82
Start improving solution by repacking.
Selecting boards with low utilization for repacking...
iter5		 Improve solution by repack 0.7463769819940876->0.7443271298038162 , unplacedBoxesSize:3
currentRepackCostTime:0.008s , currentRepackMaxTime:238.83077874186552s
iter3		 Improve solution by repack 0.7443271298038162->0.7419396667562483 , unplacedBoxesSize:5
currentRepackCostTime:0.015s , currentRepackMaxTime:238.83077874186552s
iter1		 Improve solution by repack 0.7419396667562483->0.7359446385380274 , unplacedBoxesSize:5
currentRepackCostTime:0.016s , currentRepackMaxTime:238.83077874186552s
iter4		 Improve solution by repack 0.7359446385380274->0.7280173340499866 , unplacedBoxesSize:3
currentRepackCostTime:0.027s , currentRepackMaxTime:238.83077874186552s
iter13		 Improve solution by repack 0.7280173340499866->0.6800228433216877 , unplacedBoxesSize:2
currentRepackCostTime:0.055s , currentRepackMaxTime:238.83077874186552s
iter66		 Improve solution by repack 0.6800228433216877->0.6742683418435904 , unplacedBoxesSize:2
currentRepackCostTime:0.157s , currentRepackMaxTime:238.83077874186552s
iter126		 Improve solution by repack 0.6742683418435904->0.6642918570276808 , unplacedBoxesSize:2
currentRepackCostTime:0.352s , currentRepackMaxTime:238.83077874186552s
iter27		 Improve solution by repack 0.6642918570276808->0.6639478634775597 , unplacedBoxesSize:2
currentRepackCostTime:0.397s , currentRepackMaxTime:238.83077874186552s
iter30		 Improve solution by repack 0.6639478634775597->0.659953641494222 , unplacedBoxesSize:2
currentRepackCostTime:0.438s , currentRepackMaxTime:238.83077874186552s
iter32		 Improve solution by repack 0.659953641494222->0.6546197258801397 , unplacedBoxesSize:2
currentRepackCostTime:0.483s , currentRepackMaxTime:238.83077874186552s
iter2		 Improve solution by repack 0.6546197258801397->0.6506436441816715 , unplacedBoxesSize:2
currentRepackCostTime:0.486s , currentRepackMaxTime:238.83077874186552s
iter86		 Improve solution by repack 0.6506436441816715->0.6221083042192959 , unplacedBoxesSize:2
currentRepackCostTime:0.632s , currentRepackMaxTime:238.83077874186552s
iter279		 Improve solution by repack 0.6221083042192959->0.6152291050792797 , unplacedBoxesSize:2
currentRepackCostTime:1.087s , currentRepackMaxTime:238.83077874186552s
iter41		 Improve solution by repack 0.6152291050792797->0.5950859983875303 , unplacedBoxesSize:3
currentRepackCostTime:1.161s , currentRepackMaxTime:238.83077874186552s
iter3		 Improve solution by repack 0.5950859983875303->0.5672346143509809 , unplacedBoxesSize:1
currentRepackCostTime:1.166s , currentRepackMaxTime:238.83077874186552s
Selecting boards with low utilization for repacking...
iter2		 Improve solution by repack 0.8677324643912927->0.8130650362805698 , unplacedBoxesSize:3
currentRepackCostTime:2.428s , currentRepackMaxTime:238.83077874186552s
iter32		 Improve solution by repack 0.8130650362805698->0.8080603332437517 , unplacedBoxesSize:3
currentRepackCostTime:2.478s , currentRepackMaxTime:238.83077874186552s
iter7		 Improve solution by repack 0.8080603332437517->0.8076709889814566 , unplacedBoxesSize:4
currentRepackCostTime:2.49s , currentRepackMaxTime:238.83077874186552s
iter10		 Improve solution by repack 0.8076709889814566->0.7767172803009943 , unplacedBoxesSize:3
currentRepackCostTime:2.511s , currentRepackMaxTime:238.83077874186552s
iter15		 Improve solution by repack 0.7767172803009943->0.5672346143509809 , unplacedBoxesSize:1
currentRepackCostTime:2.535s , currentRepackMaxTime:238.83077874186552s
iter11		 Improve solution by repack 0.5672346143509809->0.5547408290782048 , unplacedBoxesSize:1
currentRepackCostTime:2.547s , currentRepackMaxTime:238.83077874186552s
iter1		 Improve solution by repack 0.5547408290782048->0.5522749260951357 , unplacedBoxesSize:4
currentRepackCostTime:2.549s , currentRepackMaxTime:238.83077874186552s
iter1		 Improve solution by repack 0.5522749260951357->0.5313894114485354 , unplacedBoxesSize:1
currentRepackCostTime:2.551s , currentRepackMaxTime:238.83077874186552s
iter873		 Improve solution by repack 0.5313894114485354->0.5185743079817253 , unplacedBoxesSize:3
currentRepackCostTime:3.6390000000000002s , currentRepackMaxTime:238.83077874186552s
iter15		 Improve solution by repack 0.5185743079817253->0.5021580220370868 , unplacedBoxesSize:3
currentRepackCostTime:3.674s , currentRepackMaxTime:238.83077874186552s
iter36		 Improve solution by repack 0.5021580220370868->0.4900483740929858 , unplacedBoxesSize:4
currentRepackCostTime:3.748s , currentRepackMaxTime:238.83077874186552s
iter20		 Improve solution by repack 0.4900483740929858->0.4741490862671325 , unplacedBoxesSize:4
currentRepackCostTime:3.807s , currentRepackMaxTime:238.83077874186552s
iter8		 Improve solution by repack 0.4741490862671325->0.45124160171996774 , unplacedBoxesSize:3
currentRepackCostTime:3.823s , currentRepackMaxTime:238.83077874186552s
iter38		 Improve solution by repack 0.45124160171996774->0.44851384036549313 , unplacedBoxesSize:3
currentRepackCostTime:3.8970000000000002s , currentRepackMaxTime:238.83077874186552s
iter4		 Improve solution by repack 0.44851384036549313->0.4424294544477291 , unplacedBoxesSize:3
currentRepackCostTime:3.9050000000000002s , currentRepackMaxTime:238.83077874186552s
iter8		 Improve solution by repack 0.4424294544477291->0.43909634506852996 , unplacedBoxesSize:5
currentRepackCostTime:3.923s , currentRepackMaxTime:238.83077874186552s
iter1		 Improve solution by repack 0.43909634506852996->0.4058962644450416 , unplacedBoxesSize:4
currentRepackCostTime:3.9250000000000003s , currentRepackMaxTime:238.83077874186552s
iter6		 Improve solution by repack 0.4058962644450416->0.40559762160709484 , unplacedBoxesSize:3
currentRepackCostTime:3.9450000000000003s , currentRepackMaxTime:238.83077874186552s
iter13		 Improve solution by repack 0.40559762160709484->0.4053843052942757 , unplacedBoxesSize:3
currentRepackCostTime:3.978s , currentRepackMaxTime:238.83077874186552s
iter9		 Improve solution by repack 0.4053843052942757->0.39629266326256385 , unplacedBoxesSize:3
currentRepackCostTime:3.993s , currentRepackMaxTime:238.83077874186552s
iter2		 Improve solution by repack 0.39629266326256385->0.388370061811341 , unplacedBoxesSize:3
currentRepackCostTime:4.0s , currentRepackMaxTime:238.83077874186552s
iter6		 Improve solution by repack 0.388370061811341->0.3863081160978232 , unplacedBoxesSize:3
currentRepackCostTime:4.016s , currentRepackMaxTime:238.83077874186552s
iter2		 Improve solution by repack 0.3863081160978232->0.3701085057780166 , unplacedBoxesSize:3
currentRepackCostTime:4.0200000000000005s , currentRepackMaxTime:238.83077874186552s
iter7		 Improve solution by repack 0.3701085057780166->0.3701041386723999 , unplacedBoxesSize:3
currentRepackCostTime:4.034s , currentRepackMaxTime:238.83077874186552s
iter2		 Improve solution by repack 0.3701041386723999->0.36985151840902986 , unplacedBoxesSize:3
currentRepackCostTime:4.037s , currentRepackMaxTime:238.83077874186552s
iter4		 Improve solution by repack 0.36985151840902986->0.36150967481859714 , unplacedBoxesSize:3
currentRepackCostTime:4.048s , currentRepackMaxTime:238.83077874186552s
iter12		 Improve solution by repack 0.36150967481859714->0.35753661650094065 , unplacedBoxesSize:3
currentRepackCostTime:4.074s , currentRepackMaxTime:238.83077874186552s
iter8		 Improve solution by repack 0.35753661650094065->0.35253191346412255 , unplacedBoxesSize:3
currentRepackCostTime:4.091s , currentRepackMaxTime:238.83077874186552s
iter17		 Improve solution by repack 0.35253191346412255->0.3488904192421392 , unplacedBoxesSize:3
currentRepackCostTime:4.132s , currentRepackMaxTime:238.83077874186552s
iter18		 Improve solution by repack 0.3488904192421392->0.34814062080086 , unplacedBoxesSize:3
currentRepackCostTime:4.179s , currentRepackMaxTime:238.83077874186552s
iter80		 Improve solution by repack 0.34814062080086->0.3348364015049718 , unplacedBoxesSize:3
currentRepackCostTime:4.366s , currentRepackMaxTime:238.83077874186552s
iter8		 Improve solution by repack 0.3348364015049718->0.31288363343187314 , unplacedBoxesSize:2
currentRepackCostTime:4.3870000000000005s , currentRepackMaxTime:238.83077874186552s
iter3		 Improve solution by repack 0.31288363343187314->0.29441816715936575 , unplacedBoxesSize:2
currentRepackCostTime:4.393s , currentRepackMaxTime:238.83077874186552s
iter25		 Improve solution by repack 0.29441816715936575->0.2932608841709218 , unplacedBoxesSize:2
currentRepackCostTime:4.4430000000000005s , currentRepackMaxTime:238.83077874186552s
iter32		 Improve solution by repack 0.2932608841709218->0.26957135178715397 , unplacedBoxesSize:2
currentRepackCostTime:4.507s , currentRepackMaxTime:238.83077874186552s
iter62		 Improve solution by repack 0.26957135178715397->0.2655771298038162 , unplacedBoxesSize:2
currentRepackCostTime:4.616s , currentRepackMaxTime:238.83077874186552s
iter56		 Improve solution by repack 0.2655771298038162->0.25737100241870464 , unplacedBoxesSize:2
currentRepackCostTime:4.7250000000000005s , currentRepackMaxTime:238.83077874186552s
iter11		 Improve solution by repack 0.25737100241870464->0.24916084385917764 , unplacedBoxesSize:2
currentRepackCostTime:4.748s , currentRepackMaxTime:238.83077874186552s
iter69		 Improve solution by repack 0.24916084385917764->0.2483707336737436 , unplacedBoxesSize:2
currentRepackCostTime:4.878s , currentRepackMaxTime:238.83077874186552s
iter64		 Improve solution by repack 0.2483707336737436->0.2411068933082505 , unplacedBoxesSize:2
currentRepackCostTime:5.001s , currentRepackMaxTime:238.83077874186552s
iter1		 Improve solution by repack 0.2411068933082505->0.23711267132491268 , unplacedBoxesSize:2
currentRepackCostTime:5.001s , currentRepackMaxTime:238.83077874186552s
iter12		 Improve solution by repack 0.23711267132491268->0.23641897339424886 , unplacedBoxesSize:2
currentRepackCostTime:5.0280000000000005s , currentRepackMaxTime:238.83077874186552s
iter33		 Improve solution by repack 0.23641897339424886->0.22207135178715398 , unplacedBoxesSize:2
currentRepackCostTime:5.102s , currentRepackMaxTime:238.83077874186552s
iter20		 Improve solution by repack 0.22207135178715398->0.22057175490459552 , unplacedBoxesSize:2
currentRepackCostTime:5.134s , currentRepackMaxTime:238.83077874186552s
iter6		 Improve solution by repack 0.22057175490459552->0.21701625907014246 , unplacedBoxesSize:2
currentRepackCostTime:5.142s , currentRepackMaxTime:238.83077874186552s
iter1		 Improve solution by repack 0.21701625907014246->0.21481725342649824 , unplacedBoxesSize:2
currentRepackCostTime:5.146s , currentRepackMaxTime:238.83077874186552s
iter38		 Improve solution by repack 0.21481725342649824->0.2093526605751142 , unplacedBoxesSize:2
currentRepackCostTime:5.222s , currentRepackMaxTime:238.83077874186552s
iter1		 Improve solution by repack 0.2093526605751142->0.2080704111797904 , unplacedBoxesSize:2
currentRepackCostTime:5.223s , currentRepackMaxTime:238.83077874186552s
iter2		 Improve solution by repack 0.2080704111797904->0.20584923407686104 , unplacedBoxesSize:2
currentRepackCostTime:5.229s , currentRepackMaxTime:238.83077874186552s
iter32		 Improve solution by repack 0.20584923407686104->0.18607632356893306 , unplacedBoxesSize:2
currentRepackCostTime:5.288s , currentRepackMaxTime:238.83077874186552s
iter11		 Improve solution by repack 0.18607632356893306->0.18320881483472184 , unplacedBoxesSize:2
currentRepackCostTime:5.304s , currentRepackMaxTime:238.83077874186552s
iter3		 Improve solution by repack 0.18320881483472184->0.17888538027411985 , unplacedBoxesSize:2
currentRepackCostTime:5.3100000000000005s , currentRepackMaxTime:238.83077874186552s
iter5		 Improve solution by repack 0.17888538027411985->0.17757323300188121 , unplacedBoxesSize:2
currentRepackCostTime:5.323s , currentRepackMaxTime:238.83077874186552s
iter10		 Improve solution by repack 0.17757323300188121->0.15441413598495027 , unplacedBoxesSize:1
currentRepackCostTime:5.345s , currentRepackMaxTime:238.83077874186552s
iter163		 Improve solution by repack 0.15441413598495027->0.15298810803547433 , unplacedBoxesSize:1
currentRepackCostTime:5.6000000000000005s , currentRepackMaxTime:238.83077874186552s
iter514		 Improve solution by repack 0.15298810803547433->0.15222991131416286 , unplacedBoxesSize:2
currentRepackCostTime:6.477s , currentRepackMaxTime:238.83077874186552s
iter215		 Improve solution by repack 0.15222991131416286->0.14623421123353939 , unplacedBoxesSize:2
currentRepackCostTime:6.972s , currentRepackMaxTime:238.83077874186552s
iter10		 Improve solution by repack 0.14623421123353939->0.14439364418167158 , unplacedBoxesSize:1
currentRepackCostTime:6.997s , currentRepackMaxTime:238.83077874186552s
iter65		 Improve solution by repack 0.14439364418167158->0.12447594732598764 , unplacedBoxesSize:2
currentRepackCostTime:7.113s , currentRepackMaxTime:238.83077874186552s
iter17		 Improve solution by repack 0.12447594732598764->0.11834990593926363 , unplacedBoxesSize:1
currentRepackCostTime:7.151s , currentRepackMaxTime:238.83077874186552s
iter219		 Improve solution by repack 0.11834990593926363->0.1078688524590164 , unplacedBoxesSize:1
currentRepackCostTime:7.495s , currentRepackMaxTime:238.83077874186552s
iter40		 Improve solution by repack 0.1078688524590164->0.09671324912657887 , unplacedBoxesSize:1
currentRepackCostTime:7.565s , currentRepackMaxTime:238.83077874186552s
iter33		 Improve solution by repack 0.09671324912657887->0.08738511152915883 , unplacedBoxesSize:1
currentRepackCostTime:7.622s , currentRepackMaxTime:238.83077874186552s
iter814		 Improve solution by repack 0.08738511152915883->0.08340902983069066 , unplacedBoxesSize:1
currentRepackCostTime:9.079s , currentRepackMaxTime:238.83077874186552s
iter338		 Improve solution by repack 0.08340902983069066->0.0724697661918839 , unplacedBoxesSize:1
currentRepackCostTime:9.676s , currentRepackMaxTime:238.83077874186552s
iter4		 Improve solution by repack 0.0724697661918839->0.06960225745767266 , unplacedBoxesSize:1
currentRepackCostTime:9.681000000000001s , currentRepackMaxTime:238.83077874186552s
Selecting boards with low utilization for repacking...
iter9		 Improve solution by repack 0.8902492609513571->0.06960225745767266 , unplacedBoxesSize:1
currentRepackCostTime:11.534s , currentRepackMaxTime:238.83077874186552s
Selecting boards with low utilization for repacking...
iter40		 Improve solution by repack 0.8943825584520291->0.06960225745767266 , unplacedBoxesSize:1
currentRepackCostTime:13.48s , currentRepackMaxTime:238.83077874186552s
Selecting boards with low utilization for repacking...
iter15		 Improve solution by repack 0.8943825584520291->0.8902492609513571 , unplacedBoxesSize:4
currentRepackCostTime:15.39s , currentRepackMaxTime:238.83077874186552s
iter7		 Improve solution by repack 0.8902492609513571->0.8794020424617038 , unplacedBoxesSize:3
currentRepackCostTime:15.405000000000001s , currentRepackMaxTime:238.83077874186552s
iter9		 Improve solution by repack 0.8794020424617038->0.06960225745767266 , unplacedBoxesSize:1
currentRepackCostTime:15.418000000000001s , currentRepackMaxTime:238.83077874186552s
Selecting boards with low utilization for repacking...
iter8		 Improve solution by repack 0.9028970706799248->0.06960225745767266 , unplacedBoxesSize:1
currentRepackCostTime:17.295s , currentRepackMaxTime:238.83077874186552s
iter194		 Improve solution by repack 0.06960225745767266->0.05487368986831497 , unplacedBoxesSize:1
currentRepackCostTime:17.655s , currentRepackMaxTime:238.83077874186552s
iter229		 Improve solution by repack 0.05487368986831497->0.04799449072829884 , unplacedBoxesSize:1
currentRepackCostTime:18.084s , currentRepackMaxTime:238.83077874186552s
Selecting boards with low utilization for repacking...
iter2		 Improve solution by repack 0.9028970706799248->0.04799449072829884 , unplacedBoxesSize:1
currentRepackCostTime:20.051000000000002s , currentRepackMaxTime:238.83077874186552s
Selecting boards with low utilization for repacking...
iter2		 Improve solution by repack 0.9160440741736092->0.885054420854609 , unplacedBoxesSize:4
currentRepackCostTime:21.97s , currentRepackMaxTime:238.83077874186552s
iter54		 Improve solution by repack 0.885054420854609->0.8664982531577532 , unplacedBoxesSize:3
currentRepackCostTime:22.081s , currentRepackMaxTime:238.83077874186552s
iter8		 Improve solution by repack 0.8664982531577532->0.04799449072829884 , unplacedBoxesSize:1
currentRepackCostTime:22.092s , currentRepackMaxTime:238.83077874186552s
Selecting boards with low utilization for repacking...
iter2		 Improve solution by repack 0.9129387261488848->0.8664982531577532 , unplacedBoxesSize:3
currentRepackCostTime:23.992s , currentRepackMaxTime:238.83077874186552s
iter25		 Improve solution by repack 0.8664982531577532->0.8598458075786078 , unplacedBoxesSize:3
currentRepackCostTime:24.027s , currentRepackMaxTime:238.83077874186552s
iter31		 Improve solution by repack 0.8598458075786078->0.8434295216339693 , unplacedBoxesSize:3
currentRepackCostTime:24.081s , currentRepackMaxTime:238.83077874186552s
iter3		 Improve solution by repack 0.8434295216339693->0.27619490728298846 , unplacedBoxesSize:2
currentRepackCostTime:24.087s , currentRepackMaxTime:238.83077874186552s
iter9		 Improve solution by repack 0.27619490728298846->0.27540479709755444 , unplacedBoxesSize:2
currentRepackCostTime:24.102s , currentRepackMaxTime:238.83077874186552s
iter25		 Improve solution by repack 0.27540479709755444->0.26159600913732867 , unplacedBoxesSize:2
currentRepackCostTime:24.145s , currentRepackMaxTime:238.83077874186552s
iter2		 Improve solution by repack 0.26159600913732867->0.25236495565708145 , unplacedBoxesSize:2
currentRepackCostTime:24.147000000000002s , currentRepackMaxTime:238.83077874186552s
iter85		 Improve solution by repack 0.25236495565708145->0.15565170653050253 , unplacedBoxesSize:1
currentRepackCostTime:24.315s , currentRepackMaxTime:238.83077874186552s
iter81		 Improve solution by repack 0.15565170653050253->0.0 , unplacedBoxesSize:0
currentRepackCostTime:24.452s , currentRepackMaxTime:238.83077874186552s
Improved success.
Found solution 81
Start improving solution by repacking.
Selecting boards with low utilization for repacking...
iter135		 Improve solution by repack 0.8794020424617038->0.8780905670518677 , unplacedBoxesSize:3
currentRepackCostTime:0.214s , currentRepackMaxTime:214.37877874186552s
iter12		 Improve solution by repack 0.8780905670518677->0.8766645391023918 , unplacedBoxesSize:3
currentRepackCostTime:0.232s , currentRepackMaxTime:214.37877874186552s
iter13		 Improve solution by repack 0.8766645391023918->0.8758744289169578 , unplacedBoxesSize:3
currentRepackCostTime:0.252s , currentRepackMaxTime:214.37877874186552s
iter325		 Improve solution by repack 0.8758744289169578->0.8746368583714055 , unplacedBoxesSize:3
currentRepackCostTime:0.77s , currentRepackMaxTime:214.37877874186552s
iter65		 Improve solution by repack 0.8746368583714055->0.8732108304219296 , unplacedBoxesSize:3
currentRepackCostTime:0.878s , currentRepackMaxTime:214.37877874186552s
Selecting boards with low utilization for repacking...
iter41		 Improve solution by repack 0.9103916957807041->0.9072863477559796 , unplacedBoxesSize:4
currentRepackCostTime:2.543s , currentRepackMaxTime:214.37877874186552s
iter41		 Improve solution by repack 0.9072863477559796->0.9059748723461436 , unplacedBoxesSize:4
currentRepackCostTime:2.626s , currentRepackMaxTime:214.37877874186552s
iter27		 Improve solution by repack 0.9059748723461436->0.9045488443966675 , unplacedBoxesSize:4
currentRepackCostTime:2.68s , currentRepackMaxTime:214.37877874186552s
iter3		 Improve solution by repack 0.9045488443966675->0.8766645391023918 , unplacedBoxesSize:3
currentRepackCostTime:2.688s , currentRepackMaxTime:214.37877874186552s
iter42		 Improve solution by repack 0.8766645391023918->0.8758744289169578 , unplacedBoxesSize:3
currentRepackCostTime:2.7560000000000002s , currentRepackMaxTime:214.37877874186552s
iter137		 Improve solution by repack 0.8758744289169578->0.8711613141628595 , unplacedBoxesSize:4
currentRepackCostTime:2.978s , currentRepackMaxTime:214.37877874186552s
iter6		 Improve solution by repack 0.8711613141628595->0.8572356221445847 , unplacedBoxesSize:3
currentRepackCostTime:2.99s , currentRepackMaxTime:214.37877874186552s
iter137		 Improve solution by repack 0.8572356221445847->0.8408193361999462 , unplacedBoxesSize:3
currentRepackCostTime:3.208s , currentRepackMaxTime:214.37877874186552s
iter78		 Improve solution by repack 0.8408193361999462->0.8400292260145121 , unplacedBoxesSize:3
currentRepackCostTime:3.337s , currentRepackMaxTime:214.37877874186552s
Selecting boards with low utilization for repacking...
iter1		 Improve solution by repack 0.9121724670787423->0.8675940607363611 , unplacedBoxesSize:4
currentRepackCostTime:4.937s , currentRepackMaxTime:214.37877874186552s
iter16		 Improve solution by repack 0.8675940607363611->0.8649348293469498 , unplacedBoxesSize:4
currentRepackCostTime:4.972s , currentRepackMaxTime:214.37877874186552s
iter6		 Improve solution by repack 0.8649348293469498->0.8596015855952701 , unplacedBoxesSize:4
currentRepackCostTime:4.987s , currentRepackMaxTime:214.37877874186552s
iter18		 Improve solution by repack 0.8596015855952701->0.8465647675356087 , unplacedBoxesSize:4
currentRepackCostTime:5.027s , currentRepackMaxTime:214.37877874186552s
iter29		 Improve solution by repack 0.8465647675356087->0.8463672399892502 , unplacedBoxesSize:4
currentRepackCostTime:5.099s , currentRepackMaxTime:214.37877874186552s
iter103		 Improve solution by repack 0.8463672399892502->0.8399986562751948 , unplacedBoxesSize:3
currentRepackCostTime:5.322s , currentRepackMaxTime:214.37877874186552s
iter17		 Improve solution by repack 0.8399986562751948->0.8385726283257189 , unplacedBoxesSize:3
currentRepackCostTime:5.355s , currentRepackMaxTime:214.37877874186552s
Selecting boards with low utilization for repacking...
iter41		 Improve solution by repack 0.9129387261488848->0.8794020424617038 , unplacedBoxesSize:3
currentRepackCostTime:7.152s , currentRepackMaxTime:214.37877874186552s
iter111		 Improve solution by repack 0.8794020424617038->0.8780905670518677 , unplacedBoxesSize:3
currentRepackCostTime:7.321s , currentRepackMaxTime:214.37877874186552s
iter37		 Improve solution by repack 0.8780905670518677->0.8766645391023918 , unplacedBoxesSize:3
currentRepackCostTime:7.386s , currentRepackMaxTime:214.37877874186552s
iter58		 Improve solution by repack 0.8766645391023918->0.8758744289169578 , unplacedBoxesSize:3
currentRepackCostTime:7.476s , currentRepackMaxTime:214.37877874186552s
iter951		 Improve solution by repack 0.8758744289169578->0.8711613141628595 , unplacedBoxesSize:4
currentRepackCostTime:9.022s , currentRepackMaxTime:214.37877874186552s
iter2		 Improve solution by repack 0.8711613141628595->0.8400292260145121 , unplacedBoxesSize:3
currentRepackCostTime:9.025s , currentRepackMaxTime:214.37877874186552s
Selecting boards with low utilization for repacking...
iter1		 Improve solution by repack 0.9212389142703574->0.9121724670787423 , unplacedBoxesSize:5
currentRepackCostTime:10.618s , currentRepackMaxTime:214.37877874186552s
iter3		 Improve solution by repack 0.9121724670787423->0.8903883364686912 , unplacedBoxesSize:4
currentRepackCostTime:10.626s , currentRepackMaxTime:214.37877874186552s
iter7		 Improve solution by repack 0.8903883364686912->0.8881349099704381 , unplacedBoxesSize:3
currentRepackCostTime:10.64s , currentRepackMaxTime:214.37877874186552s
iter33		 Improve solution by repack 0.8881349099704381->0.8794020424617038 , unplacedBoxesSize:3
currentRepackCostTime:10.688s , currentRepackMaxTime:214.37877874186552s
iter172		 Improve solution by repack 0.8794020424617038->0.8780905670518677 , unplacedBoxesSize:3
currentRepackCostTime:10.949s , currentRepackMaxTime:214.37877874186552s
iter13		 Improve solution by repack 0.8780905670518677->0.8773004568664337 , unplacedBoxesSize:3
currentRepackCostTime:10.971s , currentRepackMaxTime:214.37877874186552s
iter52		 Improve solution by repack 0.8773004568664337->0.8758744289169578 , unplacedBoxesSize:3
currentRepackCostTime:11.048s , currentRepackMaxTime:214.37877874186552s
iter806		 Improve solution by repack 0.8758744289169578->0.8711613141628595 , unplacedBoxesSize:4
currentRepackCostTime:12.374s , currentRepackMaxTime:214.37877874186552s
iter47		 Improve solution by repack 0.8711613141628595->0.8572356221445847 , unplacedBoxesSize:3
currentRepackCostTime:12.477s , currentRepackMaxTime:214.37877874186552s
iter102		 Improve solution by repack 0.8572356221445847->0.8400292260145121 , unplacedBoxesSize:3
currentRepackCostTime:12.626s , currentRepackMaxTime:214.37877874186552s
Selecting boards with low utilization for repacking...
iter11		 Improve solution by repack 0.9213319672131147->0.9139757457672669 , unplacedBoxesSize:5
currentRepackCostTime:14.269s , currentRepackMaxTime:214.37877874186552s
iter21		 Improve solution by repack 0.9139757457672669->0.9132995162590701 , unplacedBoxesSize:4
currentRepackCostTime:14.315s , currentRepackMaxTime:214.37877874186552s
iter34		 Improve solution by repack 0.9132995162590701->0.9083559527008868 , unplacedBoxesSize:4
currentRepackCostTime:14.373000000000001s , currentRepackMaxTime:214.37877874186552s
iter12		 Improve solution by repack 0.9083559527008868->0.8944302606826122 , unplacedBoxesSize:3
currentRepackCostTime:14.4s , currentRepackMaxTime:214.37877874186552s
iter13		 Improve solution by repack 0.8944302606826122->0.8808196721311475 , unplacedBoxesSize:3
currentRepackCostTime:14.421000000000001s , currentRepackMaxTime:214.37877874186552s
Selecting boards with low utilization for repacking...
iter1		 Improve solution by repack 0.9213779897876916->0.9103916957807041 , unplacedBoxesSize:3
currentRepackCostTime:15.971s , currentRepackMaxTime:214.37877874186552s
iter1		 Improve solution by repack 0.9103916957807041->0.9072863477559796 , unplacedBoxesSize:4
currentRepackCostTime:15.972s , currentRepackMaxTime:214.37877874186552s
iter24		 Improve solution by repack 0.9072863477559796->0.905759876377318 , unplacedBoxesSize:4
currentRepackCostTime:16.016000000000002s , currentRepackMaxTime:214.37877874186552s
iter200		 Improve solution by repack 0.905759876377318->0.8920693361999462 , unplacedBoxesSize:4
currentRepackCostTime:16.402s , currentRepackMaxTime:214.37877874186552s
iter9		 Improve solution by repack 0.8920693361999462->0.8911045417898416 , unplacedBoxesSize:4
currentRepackCostTime:16.421s , currentRepackMaxTime:214.37877874186552s
iter6		 Improve solution by repack 0.8911045417898416->0.8907094866971244 , unplacedBoxesSize:4
currentRepackCostTime:16.431s , currentRepackMaxTime:214.37877874186552s
iter10		 Improve solution by repack 0.8907094866971244->0.8897218489653318 , unplacedBoxesSize:4
currentRepackCostTime:16.447s , currentRepackMaxTime:214.37877874186552s
iter117		 Improve solution by repack 0.8897218489653318->0.8895243214189733 , unplacedBoxesSize:4
currentRepackCostTime:16.67s , currentRepackMaxTime:214.37877874186552s
iter136		 Improve solution by repack 0.8895243214189733->0.8855300994356357 , unplacedBoxesSize:4
currentRepackCostTime:16.941s , currentRepackMaxTime:214.37877874186552s
iter76		 Improve solution by repack 0.8855300994356357->0.8704790378930396 , unplacedBoxesSize:4
currentRepackCostTime:17.088s , currentRepackMaxTime:214.37877874186552s
iter16		 Improve solution by repack 0.8704790378930396->0.8635998387530234 , unplacedBoxesSize:4
currentRepackCostTime:17.125s , currentRepackMaxTime:214.37877874186552s
iter1		 Improve solution by repack 0.8635998387530234->0.8582659231389412 , unplacedBoxesSize:4
currentRepackCostTime:17.126s , currentRepackMaxTime:214.37877874186552s
iter19		 Improve solution by repack 0.8582659231389412->0.8541413598495028 , unplacedBoxesSize:3
currentRepackCostTime:17.165s , currentRepackMaxTime:214.37877874186552s
Selecting boards with low utilization for repacking...
iter4		 Improve solution by repack 0.9226441144853534->0.9199764848159098 , unplacedBoxesSize:5
currentRepackCostTime:18.894000000000002s , currentRepackMaxTime:214.37877874186552s
iter3		 Improve solution by repack 0.9199764848159098->0.906050792797635 , unplacedBoxesSize:4
currentRepackCostTime:18.900000000000002s , currentRepackMaxTime:214.37877874186552s
iter56		 Improve solution by repack 0.906050792797635->0.9038296156947058 , unplacedBoxesSize:4
currentRepackCostTime:19.011s , currentRepackMaxTime:214.37877874186552s
iter36		 Improve solution by repack 0.9038296156947058->0.9018059661381349 , unplacedBoxesSize:4
currentRepackCostTime:19.075s , currentRepackMaxTime:214.37877874186552s
iter14		 Improve solution by repack 0.9018059661381349->0.8834359043267939 , unplacedBoxesSize:4
currentRepackCostTime:19.099s , currentRepackMaxTime:214.37877874186552s
iter8		 Improve solution by repack 0.8834359043267939->0.8814878392905132 , unplacedBoxesSize:4
currentRepackCostTime:19.116s , currentRepackMaxTime:214.37877874186552s
iter8		 Improve solution by repack 0.8814878392905132->0.8812903117441547 , unplacedBoxesSize:4
currentRepackCostTime:19.128s , currentRepackMaxTime:214.37877874186552s
iter34		 Improve solution by repack 0.8812903117441547->0.8719803144316044 , unplacedBoxesSize:4
currentRepackCostTime:19.188s , currentRepackMaxTime:214.37877874186552s
iter14		 Improve solution by repack 0.8719803144316044->0.8585585192152647 , unplacedBoxesSize:4
currentRepackCostTime:19.213s , currentRepackMaxTime:214.37877874186552s
iter16		 Improve solution by repack 0.8585585192152647->0.8422453641494223 , unplacedBoxesSize:3
currentRepackCostTime:19.243000000000002s , currentRepackMaxTime:214.37877874186552s
iter5		 Improve solution by repack 0.8422453641494223->0.8408193361999462 , unplacedBoxesSize:3
currentRepackCostTime:19.251s , currentRepackMaxTime:214.37877874186552s
iter30		 Improve solution by repack 0.8408193361999462->0.8334113813490996 , unplacedBoxesSize:3
currentRepackCostTime:19.303s , currentRepackMaxTime:214.37877874186552s
iter51		 Improve solution by repack 0.8334113813490996->0.8250500537489922 , unplacedBoxesSize:4
currentRepackCostTime:19.385s , currentRepackMaxTime:214.37877874186552s
iter7		 Improve solution by repack 0.8250500537489922->0.8225960763235689 , unplacedBoxesSize:3
currentRepackCostTime:19.399s , currentRepackMaxTime:214.37877874186552s
iter73		 Improve solution by repack 0.8225960763235689->0.8172561139478635 , unplacedBoxesSize:2
currentRepackCostTime:19.522000000000002s , currentRepackMaxTime:214.37877874186552s
iter112		 Improve solution by repack 0.8172561139478635->0.8113380139747379 , unplacedBoxesSize:3
currentRepackCostTime:19.672s , currentRepackMaxTime:214.37877874186552s
Selecting boards with low utilization for repacking...
iter7		 Improve solution by repack 0.9266205321150229->0.9175698736898684 , unplacedBoxesSize:5
currentRepackCostTime:21.315s , currentRepackMaxTime:214.37877874186552s
iter4		 Improve solution by repack 0.9175698736898684->0.9174307981725343 , unplacedBoxesSize:5
currentRepackCostTime:21.322s , currentRepackMaxTime:214.37877874186552s
iter8		 Improve solution by repack 0.9174307981725343->0.9081208008599838 , unplacedBoxesSize:5
currentRepackCostTime:21.339000000000002s , currentRepackMaxTime:214.37877874186552s
iter2		 Improve solution by repack 0.9081208008599838->0.8972735823703305 , unplacedBoxesSize:4
currentRepackCostTime:21.343s , currentRepackMaxTime:214.37877874186552s
iter66		 Improve solution by repack 0.8972735823703305->0.8803755710830422 , unplacedBoxesSize:4
currentRepackCostTime:21.471s , currentRepackMaxTime:214.37877874186552s
iter13		 Improve solution by repack 0.8803755710830422->0.8598992206396131 , unplacedBoxesSize:3
currentRepackCostTime:21.494s , currentRepackMaxTime:214.37877874186552s
iter171		 Improve solution by repack 0.8598992206396131->0.858890083310938 , unplacedBoxesSize:2
currentRepackCostTime:21.752s , currentRepackMaxTime:214.37877874186552s
Selecting boards with low utilization for repacking...
iter7		 Improve solution by repack 0.9268476216070949->0.9212389142703574 , unplacedBoxesSize:4
currentRepackCostTime:23.101s , currentRepackMaxTime:214.37877874186552s
iter11		 Improve solution by repack 0.9212389142703574->0.9129387261488848 , unplacedBoxesSize:5
currentRepackCostTime:23.123s , currentRepackMaxTime:214.37877874186552s
iter2		 Improve solution by repack 0.9129387261488848->0.8794020424617038 , unplacedBoxesSize:3
currentRepackCostTime:23.126s , currentRepackMaxTime:214.37877874186552s
iter21		 Improve solution by repack 0.8794020424617038->0.8780905670518677 , unplacedBoxesSize:3
currentRepackCostTime:23.155s , currentRepackMaxTime:214.37877874186552s
iter38		 Improve solution by repack 0.8780905670518677->0.8766645391023918 , unplacedBoxesSize:3
currentRepackCostTime:23.21s , currentRepackMaxTime:214.37877874186552s
iter145		 Improve solution by repack 0.8766645391023918->0.8758744289169578 , unplacedBoxesSize:3
currentRepackCostTime:23.446s , currentRepackMaxTime:214.37877874186552s
Selecting boards with low utilization for repacking...
iter1		 Improve solution by repack 0.9268476216070949->0.9212389142703574 , unplacedBoxesSize:4
currentRepackCostTime:25.106s , currentRepackMaxTime:214.37877874186552s
iter14		 Improve solution by repack 0.9212389142703574->0.9129387261488848 , unplacedBoxesSize:5
currentRepackCostTime:25.134s , currentRepackMaxTime:214.37877874186552s
iter71		 Improve solution by repack 0.9129387261488848->0.8794020424617038 , unplacedBoxesSize:3
currentRepackCostTime:25.318s , currentRepackMaxTime:214.37877874186552s
iter58		 Improve solution by repack 0.8794020424617038->0.8780905670518677 , unplacedBoxesSize:3
currentRepackCostTime:25.408s , currentRepackMaxTime:214.37877874186552s
iter26		 Improve solution by repack 0.8780905670518677->0.8766645391023918 , unplacedBoxesSize:3
currentRepackCostTime:25.456s , currentRepackMaxTime:214.37877874186552s
iter33		 Improve solution by repack 0.8766645391023918->0.8758744289169578 , unplacedBoxesSize:3
currentRepackCostTime:25.506s , currentRepackMaxTime:214.37877874186552s
iter714		 Improve solution by repack 0.8758744289169578->0.8664982531577532 , unplacedBoxesSize:3
currentRepackCostTime:26.655s , currentRepackMaxTime:214.37877874186552s
iter205		 Improve solution by repack 0.8664982531577532->0.8625040311744155 , unplacedBoxesSize:3
currentRepackCostTime:26.974s , currentRepackMaxTime:214.37877874186552s
iter622		 Improve solution by repack 0.8625040311744155->0.8476242945444773 , unplacedBoxesSize:3
currentRepackCostTime:27.941s , currentRepackMaxTime:214.37877874186552s
iter4		 Improve solution by repack 0.8476242945444773->0.8422910507927976 , unplacedBoxesSize:3
currentRepackCostTime:27.947s , currentRepackMaxTime:214.37877874186552s
iter27		 Improve solution by repack 0.8422910507927976->0.8298595807578608 , unplacedBoxesSize:3
currentRepackCostTime:27.993000000000002s , currentRepackMaxTime:214.37877874186552s
iter133		 Improve solution by repack 0.8298595807578608->0.8266366568126848 , unplacedBoxesSize:3
currentRepackCostTime:28.217000000000002s , currentRepackMaxTime:214.37877874186552s
iter3		 Improve solution by repack 0.8266366568126848->0.8136599704380543 , unplacedBoxesSize:3
currentRepackCostTime:28.223s , currentRepackMaxTime:214.37877874186552s
iter599		 Improve solution by repack 0.8136599704380543->0.8011260413867239 , unplacedBoxesSize:3
currentRepackCostTime:29.254s , currentRepackMaxTime:214.37877874186552s
iter78		 Improve solution by repack 0.8011260413867239->0.7964300591238914 , unplacedBoxesSize:3
currentRepackCostTime:29.371000000000002s , currentRepackMaxTime:214.37877874186552s
iter10		 Improve solution by repack 0.7964300591238914->0.7924966406879871 , unplacedBoxesSize:2
currentRepackCostTime:29.393s , currentRepackMaxTime:214.37877874186552s
iter467		 Improve solution by repack 0.7924966406879871->0.7887573904864285 , unplacedBoxesSize:3
currentRepackCostTime:30.044s , currentRepackMaxTime:214.37877874186552s
iter2		 Improve solution by repack 0.7887573904864285->0.784014041924214 , unplacedBoxesSize:3
currentRepackCostTime:30.046s , currentRepackMaxTime:214.37877874186552s
iter36		 Improve solution by repack 0.784014041924214->0.777554420854609 , unplacedBoxesSize:3
currentRepackCostTime:30.108s , currentRepackMaxTime:214.37877874186552s
Selecting boards with low utilization for repacking...
iter7		 Improve solution by repack 0.9282477828540715->0.9166339693630745 , unplacedBoxesSize:5
currentRepackCostTime:31.893s , currentRepackMaxTime:214.37877874186552s
iter4		 Improve solution by repack 0.9166339693630745->0.9072863477559796 , unplacedBoxesSize:4
currentRepackCostTime:31.903000000000002s , currentRepackMaxTime:214.37877874186552s
iter1		 Improve solution by repack 0.9072863477559796->0.9026753560870734 , unplacedBoxesSize:5
currentRepackCostTime:31.905s , currentRepackMaxTime:214.37877874186552s
iter42		 Improve solution by repack 0.9026753560870734->0.884502821822091 , unplacedBoxesSize:5
currentRepackCostTime:32.012s , currentRepackMaxTime:214.37877874186552s
iter8		 Improve solution by repack 0.884502821822091->0.8566185165278151 , unplacedBoxesSize:4
currentRepackCostTime:32.032000000000004s , currentRepackMaxTime:214.37877874186552s
iter2		 Improve solution by repack 0.8566185165278151->0.8426928245095405 , unplacedBoxesSize:3
currentRepackCostTime:32.036s , currentRepackMaxTime:214.37877874186552s
iter73		 Improve solution by repack 0.8426928245095405->0.8246502956194571 , unplacedBoxesSize:3
currentRepackCostTime:32.153s , currentRepackMaxTime:214.37877874186552s
iter59		 Improve solution by repack 0.8246502956194571->0.8240006046761624 , unplacedBoxesSize:3
currentRepackCostTime:32.253s , currentRepackMaxTime:214.37877874186552s
iter100		 Improve solution by repack 0.8240006046761624->0.8178540714861596 , unplacedBoxesSize:3
currentRepackCostTime:32.414s , currentRepackMaxTime:214.37877874186552s
iter245		 Improve solution by repack 0.8178540714861596->0.8172332706261758 , unplacedBoxesSize:3
currentRepackCostTime:32.819s , currentRepackMaxTime:214.37877874186552s
iter53		 Improve solution by repack 0.8172332706261758->0.8170357430798173 , unplacedBoxesSize:3
currentRepackCostTime:32.910000000000004s , currentRepackMaxTime:214.37877874186552s
iter876		 Improve solution by repack 0.8170357430798173->0.8122184896533189 , unplacedBoxesSize:3
currentRepackCostTime:34.309s , currentRepackMaxTime:214.37877874186552s
iter17		 Improve solution by repack 0.8122184896533189->0.8120310400429992 , unplacedBoxesSize:3
currentRepackCostTime:34.334s , currentRepackMaxTime:214.37877874186552s
iter225		 Improve solution by repack 0.8120310400429992->0.8020021499596883 , unplacedBoxesSize:3
currentRepackCostTime:34.703s , currentRepackMaxTime:214.37877874186552s
iter9		 Improve solution by repack 0.8020021499596883->0.8016070948669711 , unplacedBoxesSize:3
currentRepackCostTime:34.718s , currentRepackMaxTime:214.37877874186552s
iter39		 Improve solution by repack 0.8016070948669711->0.7970639613007257 , unplacedBoxesSize:3
currentRepackCostTime:34.782000000000004s , currentRepackMaxTime:214.37877874186552s
iter44		 Improve solution by repack 0.7970639613007257->0.7962738511152916 , unplacedBoxesSize:3
currentRepackCostTime:34.859s , currentRepackMaxTime:214.37877874186552s
iter7		 Improve solution by repack 0.7962738511152916->0.7950120935232464 , unplacedBoxesSize:3
currentRepackCostTime:34.871s , currentRepackMaxTime:214.37877874186552s
iter9		 Improve solution by repack 0.7950120935232464->0.7948246439129266 , unplacedBoxesSize:3
currentRepackCostTime:34.889s , currentRepackMaxTime:214.37877874186552s
Selecting boards with low utilization for repacking...
iter2		 Improve solution by repack 0.8933277344799786->0.8794020424617038 , unplacedBoxesSize:3
currentRepackCostTime:36.58s , currentRepackMaxTime:214.37877874186552s
iter11		 Improve solution by repack 0.8794020424617038->0.7948246439129266 , unplacedBoxesSize:3
currentRepackCostTime:36.596000000000004s , currentRepackMaxTime:214.37877874186552s
Selecting boards with low utilization for repacking...
iter5		 Improve solution by repack 0.8933277344799786->0.8794020424617038 , unplacedBoxesSize:3
currentRepackCostTime:38.289s , currentRepackMaxTime:214.37877874186552s
iter49		 Improve solution by repack 0.8794020424617038->0.7948246439129266 , unplacedBoxesSize:3
currentRepackCostTime:38.364000000000004s , currentRepackMaxTime:214.37877874186552s
Selecting boards with low utilization for repacking...
iter1		 Improve solution by repack 0.914692958882021->0.9127640190808922 , unplacedBoxesSize:5
currentRepackCostTime:40.031s , currentRepackMaxTime:214.37877874186552s
iter9		 Improve solution by repack 0.9127640190808922->0.8794020424617038 , unplacedBoxesSize:3
currentRepackCostTime:40.050000000000004s , currentRepackMaxTime:214.37877874186552s
iter32		 Improve solution by repack 0.8794020424617038->0.7948246439129266 , unplacedBoxesSize:3
currentRepackCostTime:40.099000000000004s , currentRepackMaxTime:214.37877874186552s
Selecting boards with low utilization for repacking...
iter2		 Improve solution by repack 0.9121680999731254->0.8434829346949745 , unplacedBoxesSize:3
currentRepackCostTime:41.815s , currentRepackMaxTime:214.37877874186552s
iter13		 Improve solution by repack 0.8434829346949745->0.8355939263638806 , unplacedBoxesSize:4
currentRepackCostTime:41.838s , currentRepackMaxTime:214.37877874186552s
iter12		 Improve solution by repack 0.8355939263638806->0.8346062886320881 , unplacedBoxesSize:4
currentRepackCostTime:41.864000000000004s , currentRepackMaxTime:214.37877874186552s
iter13		 Improve solution by repack 0.8346062886320881->0.8296015855952701 , unplacedBoxesSize:4
currentRepackCostTime:41.89s , currentRepackMaxTime:214.37877874186552s
iter14		 Improve solution by repack 0.8296015855952701->0.822722386455254 , unplacedBoxesSize:4
currentRepackCostTime:41.922000000000004s , currentRepackMaxTime:214.37877874186552s
iter2		 Improve solution by repack 0.822722386455254->0.8200866702499329 , unplacedBoxesSize:3
currentRepackCostTime:41.925000000000004s , currentRepackMaxTime:214.37877874186552s
iter812		 Improve solution by repack 0.8200866702499329->0.81980986294007 , unplacedBoxesSize:4
currentRepackCostTime:43.261s , currentRepackMaxTime:214.37877874186552s
iter12		 Improve solution by repack 0.81980986294007->0.7968382155334588 , unplacedBoxesSize:3
currentRepackCostTime:43.283s , currentRepackMaxTime:214.37877874186552s
iter50		 Improve solution by repack 0.7968382155334588->0.7954121875839828 , unplacedBoxesSize:3
currentRepackCostTime:43.368s , currentRepackMaxTime:214.37877874186552s
iter114		 Improve solution by repack 0.7954121875839828->0.7607739854877721 , unplacedBoxesSize:3
currentRepackCostTime:43.561s , currentRepackMaxTime:214.37877874186552s
Selecting boards with low utilization for repacking...
iter6		 Improve solution by repack 0.9127640190808922->0.8928560870733674 , unplacedBoxesSize:4
currentRepackCostTime:45.266s , currentRepackMaxTime:214.37877874186552s
iter7		 Improve solution by repack 0.8928560870733674->0.8801088417092179 , unplacedBoxesSize:3
currentRepackCostTime:45.279s , currentRepackMaxTime:214.37877874186552s
iter50		 Improve solution by repack 0.8801088417092179->0.8664982531577532 , unplacedBoxesSize:3
currentRepackCostTime:45.355000000000004s , currentRepackMaxTime:214.37877874186552s
iter71		 Improve solution by repack 0.8664982531577532->0.8591830153184628 , unplacedBoxesSize:3
currentRepackCostTime:45.473s , currentRepackMaxTime:214.37877874186552s
iter66		 Improve solution by repack 0.8591830153184628->0.8563920988981456 , unplacedBoxesSize:4
currentRepackCostTime:45.574s , currentRepackMaxTime:214.37877874186552s
iter10		 Improve solution by repack 0.8563920988981456->0.8352553077129804 , unplacedBoxesSize:3
currentRepackCostTime:45.593s , currentRepackMaxTime:214.37877874186552s
iter34		 Improve solution by repack 0.8352553077129804->0.8346345068529964 , unplacedBoxesSize:3
currentRepackCostTime:45.648s , currentRepackMaxTime:214.37877874186552s
iter27		 Improve solution by repack 0.8346345068529964->0.8332084789035207 , unplacedBoxesSize:3
currentRepackCostTime:45.696s , currentRepackMaxTime:214.37877874186552s
iter87		 Improve solution by repack 0.8332084789035207->0.833010951357162 , unplacedBoxesSize:3
currentRepackCostTime:45.847s , currentRepackMaxTime:214.37877874186552s
iter638		 Improve solution by repack 0.833010951357162->0.8294554555227088 , unplacedBoxesSize:3
currentRepackCostTime:46.963s , currentRepackMaxTime:214.37877874186552s
iter159		 Improve solution by repack 0.8294554555227088->0.8281936979306638 , unplacedBoxesSize:3
currentRepackCostTime:47.236000000000004s , currentRepackMaxTime:214.37877874186552s
iter9		 Improve solution by repack 0.8281936979306638->0.828006248320344 , unplacedBoxesSize:3
currentRepackCostTime:47.252s , currentRepackMaxTime:214.37877874186552s
Selecting boards with low utilization for repacking...
iter7		 Improve solution by repack 0.9286619860252621->0.9121724670787423 , unplacedBoxesSize:5
currentRepackCostTime:48.991s , currentRepackMaxTime:214.37877874186552s
iter1		 Improve solution by repack 0.9121724670787423->0.9118284735286214 , unplacedBoxesSize:5
currentRepackCostTime:48.993s , currentRepackMaxTime:214.37877874186552s
iter16		 Improve solution by repack 0.9118284735286214->0.90256248320344 , unplacedBoxesSize:3
currentRepackCostTime:49.036s , currentRepackMaxTime:214.37877874186552s
iter63		 Improve solution by repack 0.90256248320344->0.8769961031980651 , unplacedBoxesSize:4
currentRepackCostTime:49.142s , currentRepackMaxTime:214.37877874186552s
iter55		 Improve solution by repack 0.8769961031980651->0.8755700752485891 , unplacedBoxesSize:4
currentRepackCostTime:49.264s , currentRepackMaxTime:214.37877874186552s
iter48		 Improve solution by repack 0.8755700752485891->0.8698478231658157 , unplacedBoxesSize:4
currentRepackCostTime:49.36s , currentRepackMaxTime:214.37877874186552s
iter5		 Improve solution by repack 0.8698478231658157->0.8434829346949745 , unplacedBoxesSize:3
currentRepackCostTime:49.371s , currentRepackMaxTime:214.37877874186552s
iter42		 Improve solution by repack 0.8434829346949745->0.8355939263638806 , unplacedBoxesSize:4
currentRepackCostTime:49.434s , currentRepackMaxTime:214.37877874186552s
iter3		 Improve solution by repack 0.8355939263638806->0.8348038161784466 , unplacedBoxesSize:4
currentRepackCostTime:49.44s , currentRepackMaxTime:214.37877874186552s
iter12		 Improve solution by repack 0.8348038161784466->0.8252889008331094 , unplacedBoxesSize:3
currentRepackCostTime:49.465s , currentRepackMaxTime:214.37877874186552s
iter10		 Improve solution by repack 0.8252889008331094->0.8229588820209621 , unplacedBoxesSize:3
currentRepackCostTime:49.482s , currentRepackMaxTime:214.37877874186552s
iter37		 Improve solution by repack 0.8229588820209621->0.815476014512228 , unplacedBoxesSize:3
currentRepackCostTime:49.539s , currentRepackMaxTime:214.37877874186552s
iter8		 Improve solution by repack 0.815476014512228->0.8140526740123623 , unplacedBoxesSize:3
currentRepackCostTime:49.553000000000004s , currentRepackMaxTime:214.37877874186552s
iter10		 Improve solution by repack 0.8140526740123623->0.8132625638269283 , unplacedBoxesSize:3
currentRepackCostTime:49.568s , currentRepackMaxTime:214.37877874186552s
iter9		 Improve solution by repack 0.8132625638269283->0.8008169846815373 , unplacedBoxesSize:3
currentRepackCostTime:49.585s , currentRepackMaxTime:214.37877874186552s
iter2		 Improve solution by repack 0.8008169846815373->0.8006194571351788 , unplacedBoxesSize:3
currentRepackCostTime:49.588s , currentRepackMaxTime:214.37877874186552s
iter18		 Improve solution by repack 0.8006194571351788->0.7998293469497447 , unplacedBoxesSize:3
currentRepackCostTime:49.620000000000005s , currentRepackMaxTime:214.37877874186552s
iter632		 Improve solution by repack 0.7998293469497447->0.7955361461972588 , unplacedBoxesSize:3
currentRepackCostTime:50.665s , currentRepackMaxTime:214.37877874186552s
iter81		 Improve solution by repack 0.7955361461972588->0.791808317656544 , unplacedBoxesSize:3
currentRepackCostTime:50.799s , currentRepackMaxTime:214.37877874186552s
iter11		 Improve solution by repack 0.791808317656544->0.7724963047567858 , unplacedBoxesSize:3
currentRepackCostTime:50.817s , currentRepackMaxTime:214.37877874186552s
iter44		 Improve solution by repack 0.7724963047567858->0.7694924079548509 , unplacedBoxesSize:3
currentRepackCostTime:50.893s , currentRepackMaxTime:214.37877874186552s
iter305		 Improve solution by repack 0.7694924079548509->0.7635151840902984 , unplacedBoxesSize:3
currentRepackCostTime:51.435s , currentRepackMaxTime:214.37877874186552s
iter36		 Improve solution by repack 0.7635151840902984->0.7627250739048642 , unplacedBoxesSize:3
currentRepackCostTime:51.499s , currentRepackMaxTime:214.37877874186552s
iter145		 Improve solution by repack 0.7627250739048642->0.7625275463585058 , unplacedBoxesSize:3
currentRepackCostTime:51.755s , currentRepackMaxTime:214.37877874186552s
iter682		 Improve solution by repack 0.7625275463585058->0.7589720505240527 , unplacedBoxesSize:3
currentRepackCostTime:52.909s , currentRepackMaxTime:214.37877874186552s
iter19		 Improve solution by repack 0.7589720505240527->0.7577102929320074 , unplacedBoxesSize:3
currentRepackCostTime:52.944s , currentRepackMaxTime:214.37877874186552s
iter94		 Improve solution by repack 0.7577102929320074->0.7575228433216876 , unplacedBoxesSize:3
currentRepackCostTime:53.102000000000004s , currentRepackMaxTime:214.37877874186552s
iter117		 Improve solution by repack 0.7575228433216876->0.7556234883095941 , unplacedBoxesSize:3
currentRepackCostTime:53.321s , currentRepackMaxTime:214.37877874186552s
iter18		 Improve solution by repack 0.7556234883095941->0.7548333781241602 , unplacedBoxesSize:3
currentRepackCostTime:53.352000000000004s , currentRepackMaxTime:214.37877874186552s
iter85		 Improve solution by repack 0.7548333781241602->0.747350510615426 , unplacedBoxesSize:3
currentRepackCostTime:53.506s , currentRepackMaxTime:214.37877874186552s
iter40		 Improve solution by repack 0.747350510615426->0.7408908895458209 , unplacedBoxesSize:3
currentRepackCostTime:53.578s , currentRepackMaxTime:214.37877874186552s
iter116		 Improve solution by repack 0.7408908895458209->0.7373353937113679 , unplacedBoxesSize:3
currentRepackCostTime:53.772s , currentRepackMaxTime:214.37877874186552s
iter33		 Improve solution by repack 0.7373353937113679->0.7358861865090031 , unplacedBoxesSize:3
currentRepackCostTime:53.835s , currentRepackMaxTime:214.37877874186552s
iter399		 Improve solution by repack 0.7358861865090031->0.7318919645256652 , unplacedBoxesSize:3
currentRepackCostTime:54.556000000000004s , currentRepackMaxTime:214.37877874186552s
iter48		 Improve solution by repack 0.7318919645256652->0.7208216877183552 , unplacedBoxesSize:3
currentRepackCostTime:54.647s , currentRepackMaxTime:214.37877874186552s
iter510		 Improve solution by repack 0.7208216877183552->0.7114935501209353 , unplacedBoxesSize:3
currentRepackCostTime:55.544000000000004s , currentRepackMaxTime:214.37877874186552s
iter158		 Improve solution by repack 0.7114935501209353->0.6977338081160979 , unplacedBoxesSize:3
currentRepackCostTime:55.823s , currentRepackMaxTime:214.37877874186552s
iter118		 Improve solution by repack 0.6977338081160979->0.6701027949475947 , unplacedBoxesSize:3
currentRepackCostTime:56.039s , currentRepackMaxTime:214.37877874186552s
iter2		 Improve solution by repack 0.6701027949475947->0.6639478634775597 , unplacedBoxesSize:2
currentRepackCostTime:56.046s , currentRepackMaxTime:214.37877874186552s
Selecting boards with low utilization for repacking...
iter3		 Improve solution by repack 0.9156725114216607->0.9115876108572964 , unplacedBoxesSize:4
currentRepackCostTime:57.655s , currentRepackMaxTime:214.37877874186552s
iter1		 Improve solution by repack 0.9115876108572964->0.6918321687718356 , unplacedBoxesSize:3
currentRepackCostTime:57.657000000000004s , currentRepackMaxTime:214.37877874186552s
iter426		 Improve solution by repack 0.6918321687718356->0.6887946788497715 , unplacedBoxesSize:2
currentRepackCostTime:58.544000000000004s , currentRepackMaxTime:214.37877874186552s
iter23		 Improve solution by repack 0.6887946788497715->0.6808411717280302 , unplacedBoxesSize:2
currentRepackCostTime:58.584s , currentRepackMaxTime:214.37877874186552s
iter820		 Improve solution by repack 0.6808411717280302->0.6764673474872346 , unplacedBoxesSize:2
currentRepackCostTime:59.828s , currentRepackMaxTime:214.37877874186552s
iter56		 Improve solution by repack 0.6764673474872346->0.6752055898951895 , unplacedBoxesSize:2
currentRepackCostTime:59.914s , currentRepackMaxTime:214.37877874186552s
iter27		 Improve solution by repack 0.6752055898951895->0.6750181402848697 , unplacedBoxesSize:2
currentRepackCostTime:59.957s , currentRepackMaxTime:214.37877874186552s
Selecting boards with low utilization for repacking...
iter18		 Improve solution by repack 0.9268476216070949->0.914692958882021 , unplacedBoxesSize:3
currentRepackCostTime:61.5s , currentRepackMaxTime:214.37877874186552s
iter4		 Improve solution by repack 0.914692958882021->0.9005374899220641 , unplacedBoxesSize:5
currentRepackCostTime:61.506s , currentRepackMaxTime:214.37877874186552s
iter6		 Improve solution by repack 0.9005374899220641->0.8943825584520291 , unplacedBoxesSize:4
currentRepackCostTime:61.518s , currentRepackMaxTime:214.37877874186552s
iter103		 Improve solution by repack 0.8943825584520291->0.6639478634775597 , unplacedBoxesSize:2
currentRepackCostTime:61.727000000000004s , currentRepackMaxTime:214.37877874186552s
Selecting boards with low utilization for repacking...
iter13		 Improve solution by repack 0.914692958882021->0.6639478634775597 , unplacedBoxesSize:2
currentRepackCostTime:63.341s , currentRepackMaxTime:214.37877874186552s
Selecting boards with low utilization for repacking...
iter1		 Improve solution by repack 0.9309039908626713->0.9181335662456328 , unplacedBoxesSize:5
currentRepackCostTime:64.94500000000001s , currentRepackMaxTime:214.37877874186552s
iter1		 Improve solution by repack 0.9181335662456328->0.9152660575114216 , unplacedBoxesSize:5
currentRepackCostTime:64.949s , currentRepackMaxTime:214.37877874186552s
iter21		 Improve solution by repack 0.9152660575114216->0.9115876108572964 , unplacedBoxesSize:4
currentRepackCostTime:65.005s , currentRepackMaxTime:214.37877874186552s
iter56		 Improve solution by repack 0.9115876108572964->0.7216487503359311 , unplacedBoxesSize:2
currentRepackCostTime:65.127s , currentRepackMaxTime:214.37877874186552s
iter25		 Improve solution by repack 0.7216487503359311->0.7202227223864552 , unplacedBoxesSize:2
currentRepackCostTime:65.17s , currentRepackMaxTime:214.37877874186552s
iter59		 Improve solution by repack 0.7202227223864552->0.7116282585326524 , unplacedBoxesSize:2
currentRepackCostTime:65.254s , currentRepackMaxTime:214.37877874186552s
iter304		 Improve solution by repack 0.7116282585326524->0.700614082235958 , unplacedBoxesSize:2
currentRepackCostTime:65.711s , currentRepackMaxTime:214.37877874186552s
iter199		 Improve solution by repack 0.700614082235958->0.6855845202902445 , unplacedBoxesSize:2
currentRepackCostTime:66.016s , currentRepackMaxTime:214.37877874186552s
iter63		 Improve solution by repack 0.6855845202902445->0.6810104810534803 , unplacedBoxesSize:2
currentRepackCostTime:66.11s , currentRepackMaxTime:214.37877874186552s
iter43		 Improve solution by repack 0.6810104810534803->0.6808129535071218 , unplacedBoxesSize:2
currentRepackCostTime:66.174s , currentRepackMaxTime:214.37877874186552s
iter3		 Improve solution by repack 0.6808129535071218->0.6800228433216877 , unplacedBoxesSize:2
currentRepackCostTime:66.179s , currentRepackMaxTime:214.37877874186552s
iter805		 Improve solution by repack 0.6800228433216877->0.6752055898951895 , unplacedBoxesSize:2
currentRepackCostTime:67.386s , currentRepackMaxTime:214.37877874186552s
iter627		 Improve solution by repack 0.6752055898951895->0.6750181402848697 , unplacedBoxesSize:2
currentRepackCostTime:68.364s , currentRepackMaxTime:214.37877874186552s
Selecting boards with low utilization for repacking...
iter10		 Improve solution by repack 0.9334735286213384->0.777554420854609 , unplacedBoxesSize:3
currentRepackCostTime:69.926s , currentRepackMaxTime:214.37877874186552s
iter30		 Improve solution by repack 0.777554420854609->0.7473568933082505 , unplacedBoxesSize:3
currentRepackCostTime:69.984s , currentRepackMaxTime:214.37877874186552s
iter46		 Improve solution by repack 0.7473568933082505->0.7400927170115561 , unplacedBoxesSize:2
currentRepackCostTime:70.07600000000001s , currentRepackMaxTime:214.37877874186552s
iter46		 Improve solution by repack 0.7400927170115561->0.7361220102123085 , unplacedBoxesSize:2
currentRepackCostTime:70.142s , currentRepackMaxTime:214.37877874186552s
iter919		 Improve solution by repack 0.7361220102123085->0.7216487503359311 , unplacedBoxesSize:2
currentRepackCostTime:71.441s , currentRepackMaxTime:214.37877874186552s
iter11		 Improve solution by repack 0.7216487503359311->0.7202227223864552 , unplacedBoxesSize:2
currentRepackCostTime:71.46000000000001s , currentRepackMaxTime:214.37877874186552s
iter77		 Improve solution by repack 0.7202227223864552->0.700614082235958 , unplacedBoxesSize:2
currentRepackCostTime:71.574s , currentRepackMaxTime:214.37877874186552s
iter21		 Improve solution by repack 0.700614082235958->0.6855845202902445 , unplacedBoxesSize:2
currentRepackCostTime:71.607s , currentRepackMaxTime:214.37877874186552s
Selecting boards with low utilization for repacking...
iter10		 Improve solution by repack 0.8904511556033324->0.8833841709217952 , unplacedBoxesSize:4
currentRepackCostTime:73.182s , currentRepackMaxTime:214.37877874186552s
iter5		 Improve solution by repack 0.8833841709217952->0.7697850040311744 , unplacedBoxesSize:2
currentRepackCostTime:73.19s , currentRepackMaxTime:214.37877874186552s
iter717		 Improve solution by repack 0.7697850040311744->0.7236764310669176 , unplacedBoxesSize:2
currentRepackCostTime:74.191s , currentRepackMaxTime:214.37877874186552s
iter58		 Improve solution by repack 0.7236764310669176->0.7228863208814835 , unplacedBoxesSize:2
currentRepackCostTime:74.283s , currentRepackMaxTime:214.37877874186552s
iter449		 Improve solution by repack 0.7228863208814835->0.6855845202902445 , unplacedBoxesSize:2
currentRepackCostTime:74.91s , currentRepackMaxTime:214.37877874186552s
Selecting boards with low utilization for repacking...
iter2		 Improve solution by repack 0.9069221983337812->0.7886246976619189 , unplacedBoxesSize:3
currentRepackCostTime:76.462s , currentRepackMaxTime:214.37877874186552s
iter33		 Improve solution by repack 0.7886246976619189->0.7580764579414135 , unplacedBoxesSize:6
currentRepackCostTime:76.511s , currentRepackMaxTime:214.37877874186552s
iter8		 Improve solution by repack 0.7580764579414135->0.7518308250470304 , unplacedBoxesSize:6
currentRepackCostTime:76.535s , currentRepackMaxTime:214.37877874186552s
iter6		 Improve solution by repack 0.7518308250470304->0.7293839021768341 , unplacedBoxesSize:6
currentRepackCostTime:76.553s , currentRepackMaxTime:214.37877874186552s
iter5		 Improve solution by repack 0.7293839021768341->0.7245411179790379 , unplacedBoxesSize:6
currentRepackCostTime:76.572s , currentRepackMaxTime:214.37877874186552s
iter6		 Improve solution by repack 0.7245411179790379->0.7098125503896802 , unplacedBoxesSize:6
currentRepackCostTime:76.584s , currentRepackMaxTime:214.37877874186552s
iter21		 Improve solution by repack 0.7098125503896802->0.702933351249664 , unplacedBoxesSize:6
currentRepackCostTime:76.645s , currentRepackMaxTime:214.37877874186552s
iter24		 Improve solution by repack 0.702933351249664->0.699576054823972 , unplacedBoxesSize:6
currentRepackCostTime:76.717s , currentRepackMaxTime:214.37877874186552s
iter10		 Improve solution by repack 0.699576054823972->0.699180999731255 , unplacedBoxesSize:6
currentRepackCostTime:76.741s , currentRepackMaxTime:214.37877874186552s
iter12		 Improve solution by repack 0.699180999731255->0.6981933619994625 , unplacedBoxesSize:6
currentRepackCostTime:76.772s , currentRepackMaxTime:214.37877874186552s
iter16		 Improve solution by repack 0.6981933619994625->0.6881900026874496 , unplacedBoxesSize:3
currentRepackCostTime:76.818s , currentRepackMaxTime:214.37877874186552s
iter5		 Improve solution by repack 0.6881900026874496->0.6842192958882022 , unplacedBoxesSize:3
currentRepackCostTime:76.827s , currentRepackMaxTime:214.37877874186552s
iter41		 Improve solution by repack 0.6842192958882022->0.6750181402848697 , unplacedBoxesSize:2
currentRepackCostTime:76.89s , currentRepackMaxTime:214.37877874186552s
iter182		 Improve solution by repack 0.6750181402848697->0.649739317387799 , unplacedBoxesSize:2
currentRepackCostTime:77.18s , currentRepackMaxTime:214.37877874186552s
iter661		 Improve solution by repack 0.649739317387799->0.6424240795485084 , unplacedBoxesSize:2
currentRepackCostTime:78.185s , currentRepackMaxTime:214.37877874186552s
Selecting boards with low utilization for repacking...
iter22		 Improve solution by repack 0.8943825584520291->0.8925419914001613 , unplacedBoxesSize:3
currentRepackCostTime:79.737s , currentRepackMaxTime:214.37877874186552s
iter23		 Improve solution by repack 0.8925419914001613->0.7612738511152916 , unplacedBoxesSize:5
currentRepackCostTime:79.773s , currentRepackMaxTime:214.37877874186552s
iter11		 Improve solution by repack 0.7612738511152916->0.7605472319269014 , unplacedBoxesSize:5
currentRepackCostTime:79.797s , currentRepackMaxTime:214.37877874186552s
iter115		 Improve solution by repack 0.7605472319269014->0.7565950013437248 , unplacedBoxesSize:3
currentRepackCostTime:80.066s , currentRepackMaxTime:214.37877874186552s
iter2		 Improve solution by repack 0.7565950013437248->0.7561999462510078 , unplacedBoxesSize:3
currentRepackCostTime:80.069s , currentRepackMaxTime:214.37877874186552s
iter20		 Improve solution by repack 0.7561999462510078->0.7560024187046492 , unplacedBoxesSize:3
currentRepackCostTime:80.10000000000001s , currentRepackMaxTime:214.37877874186552s
iter12		 Improve solution by repack 0.7560024187046492->0.7552123085192153 , unplacedBoxesSize:3
currentRepackCostTime:80.124s , currentRepackMaxTime:214.37877874186552s
iter81		 Improve solution by repack 0.7552123085192153->0.7520411179790378 , unplacedBoxesSize:3
currentRepackCostTime:80.257s , currentRepackMaxTime:214.37877874186552s
iter183		 Improve solution by repack 0.7520411179790378->0.7283915614082236 , unplacedBoxesSize:3
currentRepackCostTime:80.577s , currentRepackMaxTime:214.37877874186552s
iter30		 Improve solution by repack 0.7283915614082236->0.7154877721042731 , unplacedBoxesSize:3
currentRepackCostTime:80.631s , currentRepackMaxTime:214.37877874186552s
iter247		 Improve solution by repack 0.7154877721042731->0.7123031443160441 , unplacedBoxesSize:2
currentRepackCostTime:81.07900000000001s , currentRepackMaxTime:214.37877874186552s
iter763		 Improve solution by repack 0.7123031443160441->0.7042475141091104 , unplacedBoxesSize:2
currentRepackCostTime:82.159s , currentRepackMaxTime:214.37877874186552s
iter87		 Improve solution by repack 0.7042475141091104->0.696041386723999 , unplacedBoxesSize:2
currentRepackCostTime:82.284s , currentRepackMaxTime:214.37877874186552s
iter24		 Improve solution by repack 0.696041386723999->0.687831228164472 , unplacedBoxesSize:2
currentRepackCostTime:82.316s , currentRepackMaxTime:214.37877874186552s
iter16		 Improve solution by repack 0.687831228164472->0.6870411179790379 , unplacedBoxesSize:2
currentRepackCostTime:82.337s , currentRepackMaxTime:214.37877874186552s
Selecting boards with low utilization for repacking...
iter4		 Improve solution by repack 0.9074166890620801->0.8965822359580758 , unplacedBoxesSize:5
currentRepackCostTime:83.786s , currentRepackMaxTime:214.37877874186552s
iter1		 Improve solution by repack 0.8965822359580758->0.8837033055630208 , unplacedBoxesSize:3
currentRepackCostTime:83.788s , currentRepackMaxTime:214.37877874186552s
iter45		 Improve solution by repack 0.8837033055630208->0.8794020424617038 , unplacedBoxesSize:3
currentRepackCostTime:83.855s , currentRepackMaxTime:214.37877874186552s
iter6		 Improve solution by repack 0.8794020424617038->0.6870411179790379 , unplacedBoxesSize:2
currentRepackCostTime:83.863s , currentRepackMaxTime:214.37877874186552s
Selecting boards with low utilization for repacking...
iter70		 Improve solution by repack 0.8837033055630208->0.8087966944369792 , unplacedBoxesSize:6
currentRepackCostTime:85.446s , currentRepackMaxTime:214.37877874186552s
iter4		 Improve solution by repack 0.8087966944369792->0.8003557511421661 , unplacedBoxesSize:6
currentRepackCostTime:85.459s , currentRepackMaxTime:214.37877874186552s
iter21		 Improve solution by repack 0.8003557511421661->0.7994991265788767 , unplacedBoxesSize:6
currentRepackCostTime:85.509s , currentRepackMaxTime:214.37877874186552s
iter9		 Improve solution by repack 0.7994991265788767->0.7813265923138942 , unplacedBoxesSize:6
currentRepackCostTime:85.54s , currentRepackMaxTime:214.37877874186552s
iter10		 Improve solution by repack 0.7813265923138942->0.7750732330018812 , unplacedBoxesSize:6
currentRepackCostTime:85.565s , currentRepackMaxTime:214.37877874186552s
iter4		 Improve solution by repack 0.7750732330018812->0.7740855952700887 , unplacedBoxesSize:6
currentRepackCostTime:85.574s , currentRepackMaxTime:214.37877874186552s
iter65		 Improve solution by repack 0.7740855952700887->0.7728295485084655 , unplacedBoxesSize:6
currentRepackCostTime:85.747s , currentRepackMaxTime:214.37877874186552s
iter6		 Improve solution by repack 0.7728295485084655->0.7700913732867508 , unplacedBoxesSize:6
currentRepackCostTime:85.76s , currentRepackMaxTime:214.37877874186552s
iter9		 Improve solution by repack 0.7700913732867508->0.7680892233270625 , unplacedBoxesSize:3
currentRepackCostTime:85.778s , currentRepackMaxTime:214.37877874186552s
iter25		 Improve solution by repack 0.7680892233270625->0.7469551195915077 , unplacedBoxesSize:3
currentRepackCostTime:85.827s , currentRepackMaxTime:214.37877874186552s
iter133		 Improve solution by repack 0.7469551195915077->0.7360736361193229 , unplacedBoxesSize:3
currentRepackCostTime:86.06s , currentRepackMaxTime:214.37877874186552s
iter31		 Improve solution by repack 0.7360736361193229->0.7337980381617845 , unplacedBoxesSize:3
currentRepackCostTime:86.115s , currentRepackMaxTime:214.37877874186552s
iter620		 Improve solution by repack 0.7337980381617845->0.7323720102123085 , unplacedBoxesSize:3
currentRepackCostTime:87.303s , currentRepackMaxTime:214.37877874186552s
Selecting boards with low utilization for repacking...
iter18		 Improve solution by repack 0.9268476216070949->0.8989801128728837 , unplacedBoxesSize:5
currentRepackCostTime:89.158s , currentRepackMaxTime:214.37877874186552s
iter29		 Improve solution by repack 0.8989801128728837->0.8794020424617038 , unplacedBoxesSize:3
currentRepackCostTime:89.229s , currentRepackMaxTime:214.37877874186552s
iter26		 Improve solution by repack 0.8794020424617038->0.8053554152109648 , unplacedBoxesSize:4
currentRepackCostTime:89.27s , currentRepackMaxTime:214.37877874186552s
iter10		 Improve solution by repack 0.8053554152109648->0.7323720102123085 , unplacedBoxesSize:3
currentRepackCostTime:89.295s , currentRepackMaxTime:214.37877874186552s
Selecting boards with low utilization for repacking...
iter45		 Improve solution by repack 0.8794020424617038->0.7957000806234883 , unplacedBoxesSize:3
currentRepackCostTime:91.271s , currentRepackMaxTime:214.37877874186552s
iter4		 Improve solution by repack 0.7957000806234883->0.7949099704380542 , unplacedBoxesSize:3
currentRepackCostTime:91.273s , currentRepackMaxTime:214.37877874186552s
iter14		 Improve solution by repack 0.7949099704380542->0.7948246439129266 , unplacedBoxesSize:3
currentRepackCostTime:91.295s , currentRepackMaxTime:214.37877874186552s
iter13		 Improve solution by repack 0.7948246439129266->0.7921610454178983 , unplacedBoxesSize:3
currentRepackCostTime:91.319s , currentRepackMaxTime:214.37877874186552s
iter22		 Improve solution by repack 0.7921610454178983->0.7866964525665143 , unplacedBoxesSize:3
currentRepackCostTime:91.36200000000001s , currentRepackMaxTime:214.37877874186552s
iter75		 Improve solution by repack 0.7866964525665143->0.7850157887664606 , unplacedBoxesSize:3
currentRepackCostTime:91.496s , currentRepackMaxTime:214.37877874186552s
iter57		 Improve solution by repack 0.7850157887664606->0.7836519080892234 , unplacedBoxesSize:3
currentRepackCostTime:91.58800000000001s , currentRepackMaxTime:214.37877874186552s
iter529		 Improve solution by repack 0.7836519080892234->0.7636260185434022 , unplacedBoxesSize:4
currentRepackCostTime:92.48700000000001s , currentRepackMaxTime:214.37877874186552s
iter15		 Improve solution by repack 0.7636260185434022->0.7484909970438055 , unplacedBoxesSize:3
currentRepackCostTime:92.522s , currentRepackMaxTime:214.37877874186552s
iter44		 Improve solution by repack 0.7484909970438055->0.7284943563558184 , unplacedBoxesSize:3
currentRepackCostTime:92.598s , currentRepackMaxTime:214.37877874186552s
iter39		 Improve solution by repack 0.7284943563558184->0.7284177640419242 , unplacedBoxesSize:3
currentRepackCostTime:92.672s , currentRepackMaxTime:214.37877874186552s
iter68		 Improve solution by repack 0.7284177640419242->0.7237775463585058 , unplacedBoxesSize:3
currentRepackCostTime:92.811s , currentRepackMaxTime:214.37877874186552s
Selecting boards with low utilization for repacking...
iter7		 Improve solution by repack 0.9268476216070949->0.8794020424617038 , unplacedBoxesSize:3
currentRepackCostTime:94.685s , currentRepackMaxTime:214.37877874186552s
iter33		 Improve solution by repack 0.8794020424617038->0.7237775463585058 , unplacedBoxesSize:3
currentRepackCostTime:94.732s , currentRepackMaxTime:214.37877874186552s
iter127		 Improve solution by repack 0.7237775463585058->0.7174657350174685 , unplacedBoxesSize:3
currentRepackCostTime:94.97s , currentRepackMaxTime:214.37877874186552s
iter69		 Improve solution by repack 0.7174657350174685->0.7145982262832572 , unplacedBoxesSize:3
currentRepackCostTime:95.09400000000001s , currentRepackMaxTime:214.37877874186552s
iter460		 Improve solution by repack 0.7145982262832572->0.6998696586938995 , unplacedBoxesSize:3
currentRepackCostTime:95.95100000000001s , currentRepackMaxTime:214.37877874186552s
iter28		 Improve solution by repack 0.6998696586938995->0.6929904595538833 , unplacedBoxesSize:3
currentRepackCostTime:96.005s , currentRepackMaxTime:214.37877874186552s
iter1		 Improve solution by repack 0.6929904595538833->0.6858035474334857 , unplacedBoxesSize:2
currentRepackCostTime:96.007s , currentRepackMaxTime:214.37877874186552s
iter19		 Improve solution by repack 0.6858035474334857->0.6843775194840096 , unplacedBoxesSize:2
currentRepackCostTime:96.033s , currentRepackMaxTime:214.37877874186552s
Selecting boards with low utilization for repacking...
iter8		 Improve solution by repack 0.9268476216070949->0.8837033055630208 , unplacedBoxesSize:3
currentRepackCostTime:97.512s , currentRepackMaxTime:214.37877874186552s
iter16		 Improve solution by repack 0.8837033055630208->0.8794020424617038 , unplacedBoxesSize:3
currentRepackCostTime:97.54s , currentRepackMaxTime:214.37877874186552s
iter10		 Improve solution by repack 0.8794020424617038->0.6843775194840096 , unplacedBoxesSize:2
currentRepackCostTime:97.552s , currentRepackMaxTime:214.37877874186552s
Selecting boards with low utilization for repacking...
iter16		 Improve solution by repack 0.8837033055630208->0.6843775194840096 , unplacedBoxesSize:2
currentRepackCostTime:99.051s , currentRepackMaxTime:214.37877874186552s
Selecting boards with low utilization for repacking...
iter7		 Improve solution by repack 0.9294584560601988->0.9276178890083311 , unplacedBoxesSize:5
currentRepackCostTime:100.58200000000001s , currentRepackMaxTime:214.37877874186552s
iter12		 Improve solution by repack 0.9276178890083311->0.9268476216070949 , unplacedBoxesSize:1
currentRepackCostTime:100.611s , currentRepackMaxTime:214.37877874186552s
iter1		 Improve solution by repack 0.9268476216070949->0.914692958882021 , unplacedBoxesSize:3
currentRepackCostTime:100.61200000000001s , currentRepackMaxTime:214.37877874186552s
iter18		 Improve solution by repack 0.914692958882021->0.9070723595807578 , unplacedBoxesSize:3
currentRepackCostTime:100.64s , currentRepackMaxTime:214.37877874186552s
iter2		 Improve solution by repack 0.9070723595807578->0.9068529965063155 , unplacedBoxesSize:3
currentRepackCostTime:100.645s , currentRepackMaxTime:214.37877874186552s
iter2		 Improve solution by repack 0.9068529965063155->0.9066655468959957 , unplacedBoxesSize:3
currentRepackCostTime:100.648s , currentRepackMaxTime:214.37877874186552s
iter65		 Improve solution by repack 0.9066655468959957->0.8343936441816716 , unplacedBoxesSize:3
currentRepackCostTime:100.754s , currentRepackMaxTime:214.37877874186552s
iter19		 Improve solution by repack 0.8343936441816716->0.8339985890889545 , unplacedBoxesSize:3
currentRepackCostTime:100.788s , currentRepackMaxTime:214.37877874186552s
iter17		 Improve solution by repack 0.8339985890889545->0.833010951357162 , unplacedBoxesSize:3
currentRepackCostTime:100.813s , currentRepackMaxTime:214.37877874186552s
iter147		 Improve solution by repack 0.833010951357162->0.8169359715130341 , unplacedBoxesSize:3
currentRepackCostTime:101.061s , currentRepackMaxTime:214.37877874186552s
iter9		 Improve solution by repack 0.8169359715130341->0.807607833915614 , unplacedBoxesSize:3
currentRepackCostTime:101.075s , currentRepackMaxTime:214.37877874186552s
iter151		 Improve solution by repack 0.807607833915614->0.7988820209621069 , unplacedBoxesSize:2
currentRepackCostTime:101.337s , currentRepackMaxTime:214.37877874186552s
Selecting boards with low utilization for repacking...
iter1		 Improve solution by repack 0.933886723998925->0.9307249395323838 , unplacedBoxesSize:4
currentRepackCostTime:102.721s , currentRepackMaxTime:214.37877874186552s
iter3		 Improve solution by repack 0.9307249395323838->0.9292911851652782 , unplacedBoxesSize:4
currentRepackCostTime:102.726s , currentRepackMaxTime:214.37877874186552s
iter18		 Improve solution by repack 0.9292911851652782->0.9268476216070949 , unplacedBoxesSize:1
currentRepackCostTime:102.759s , currentRepackMaxTime:214.37877874186552s
iter6		 Improve solution by repack 0.9268476216070949->0.9219725880139746 , unplacedBoxesSize:3
currentRepackCostTime:102.765s , currentRepackMaxTime:214.37877874186552s
iter10		 Improve solution by repack 0.9219725880139746->0.8059375839828002 , unplacedBoxesSize:3
currentRepackCostTime:102.779s , currentRepackMaxTime:214.37877874186552s
iter35		 Improve solution by repack 0.8059375839828002->0.8047803009943563 , unplacedBoxesSize:3
currentRepackCostTime:102.84100000000001s , currentRepackMaxTime:214.37877874186552s
iter64		 Improve solution by repack 0.8047803009943563->0.8032299785004031 , unplacedBoxesSize:3
currentRepackCostTime:102.943s , currentRepackMaxTime:214.37877874186552s
iter74		 Improve solution by repack 0.8032299785004031->0.7810907686105886 , unplacedBoxesSize:3
currentRepackCostTime:103.065s , currentRepackMaxTime:214.37877874186552s
iter42		 Improve solution by repack 0.7810907686105886->0.7717626310131686 , unplacedBoxesSize:3
currentRepackCostTime:103.126s , currentRepackMaxTime:214.37877874186552s
iter22		 Improve solution by repack 0.7717626310131686->0.7677865493147004 , unplacedBoxesSize:3
currentRepackCostTime:103.163s , currentRepackMaxTime:214.37877874186552s
iter163		 Improve solution by repack 0.7677865493147004->0.7671768341843591 , unplacedBoxesSize:3
currentRepackCostTime:103.452s , currentRepackMaxTime:214.37877874186552s
iter15		 Improve solution by repack 0.7671768341843591->0.7602976350443429 , unplacedBoxesSize:3
currentRepackCostTime:103.47500000000001s , currentRepackMaxTime:214.37877874186552s
iter209		 Improve solution by repack 0.7602976350443429->0.7524482665950013 , unplacedBoxesSize:3
currentRepackCostTime:103.84400000000001s , currentRepackMaxTime:214.37877874186552s
iter16		 Improve solution by repack 0.7524482665950013->0.7520464928782585 , unplacedBoxesSize:3
currentRepackCostTime:103.875s , currentRepackMaxTime:214.37877874186552s
iter702		 Improve solution by repack 0.7520464928782585->0.7519611663531309 , unplacedBoxesSize:3
currentRepackCostTime:105.063s , currentRepackMaxTime:214.37877874186552s
iter95		 Improve solution by repack 0.7519611663531309->0.7500255307712981 , unplacedBoxesSize:3
currentRepackCostTime:105.215s , currentRepackMaxTime:214.37877874186552s
iter125		 Improve solution by repack 0.7500255307712981->0.7472292394517602 , unplacedBoxesSize:3
currentRepackCostTime:105.444s , currentRepackMaxTime:214.37877874186552s
iter1		 Improve solution by repack 0.7472292394517602->0.7470417898414404 , unplacedBoxesSize:3
currentRepackCostTime:105.44500000000001s , currentRepackMaxTime:214.37877874186552s
iter202		 Improve solution by repack 0.7470417898414404->0.7462919914001613 , unplacedBoxesSize:3
currentRepackCostTime:105.802s , currentRepackMaxTime:214.37877874186552s
iter541		 Improve solution by repack 0.7462919914001613->0.7258082504703036 , unplacedBoxesSize:3
currentRepackCostTime:106.74300000000001s , currentRepackMaxTime:214.37877874186552s
iter426		 Improve solution by repack 0.7258082504703036->0.7222090835796828 , unplacedBoxesSize:3
currentRepackCostTime:107.518s , currentRepackMaxTime:214.37877874186552s
iter62		 Improve solution by repack 0.7222090835796828->0.7123031443160441 , unplacedBoxesSize:2
currentRepackCostTime:107.636s , currentRepackMaxTime:214.37877874186552s
Selecting boards with low utilization for repacking...
iter2		 Improve solution by repack 0.9400483740929858->0.6843775194840096 , unplacedBoxesSize:2
currentRepackCostTime:109.02s , currentRepackMaxTime:214.37877874186552s
Selecting boards with low utilization for repacking...
iter5		 Improve solution by repack 0.940817992475141->0.9196271163665681 , unplacedBoxesSize:3
currentRepackCostTime:110.5s , currentRepackMaxTime:214.37877874186552s
iter16		 Improve solution by repack 0.9196271163665681->0.8886374630475679 , unplacedBoxesSize:3
currentRepackCostTime:110.523s , currentRepackMaxTime:214.37877874186552s
iter26		 Improve solution by repack 0.8886374630475679->0.8032299785004031 , unplacedBoxesSize:3
currentRepackCostTime:110.56s , currentRepackMaxTime:214.37877874186552s
iter78		 Improve solution by repack 0.8032299785004031->0.793994557914539 , unplacedBoxesSize:3
currentRepackCostTime:110.69200000000001s , currentRepackMaxTime:214.37877874186552s
iter20		 Improve solution by repack 0.793994557914539->0.6843775194840096 , unplacedBoxesSize:2
currentRepackCostTime:110.72200000000001s , currentRepackMaxTime:214.37877874186552s
Selecting boards with low utilization for repacking...
iter10		 Improve solution by repack 0.940817992475141->0.9268476216070949 , unplacedBoxesSize:1
currentRepackCostTime:112.217s , currentRepackMaxTime:214.37877874186552s
iter5		 Improve solution by repack 0.9268476216070949->0.914692958882021 , unplacedBoxesSize:3
currentRepackCostTime:112.223s , currentRepackMaxTime:214.37877874186552s
iter12		 Improve solution by repack 0.914692958882021->0.9135497850040313 , unplacedBoxesSize:4
currentRepackCostTime:112.24300000000001s , currentRepackMaxTime:214.37877874186552s
iter1		 Improve solution by repack 0.9135497850040313->0.894237772104273 , unplacedBoxesSize:4
currentRepackCostTime:112.245s , currentRepackMaxTime:214.37877874186552s
iter3		 Improve solution by repack 0.894237772104273->0.8837033055630208 , unplacedBoxesSize:3
currentRepackCostTime:112.25s , currentRepackMaxTime:214.37877874186552s
iter37		 Improve solution by repack 0.8837033055630208->0.7502613544746035 , unplacedBoxesSize:3
currentRepackCostTime:112.303s , currentRepackMaxTime:214.37877874186552s
iter14		 Improve solution by repack 0.7502613544746035->0.7484540446116635 , unplacedBoxesSize:3
currentRepackCostTime:112.328s , currentRepackMaxTime:214.37877874186552s
iter26		 Improve solution by repack 0.7484540446116635->0.7431201289975813 , unplacedBoxesSize:3
currentRepackCostTime:112.373s , currentRepackMaxTime:214.37877874186552s
iter4		 Improve solution by repack 0.7431201289975813->0.7371244289169578 , unplacedBoxesSize:3
currentRepackCostTime:112.382s , currentRepackMaxTime:214.37877874186552s
iter56		 Improve solution by repack 0.7371244289169578->0.7298091910776673 , unplacedBoxesSize:3
currentRepackCostTime:112.471s , currentRepackMaxTime:214.37877874186552s
iter789		 Improve solution by repack 0.7298091910776673->0.7114935501209353 , unplacedBoxesSize:3
currentRepackCostTime:113.84400000000001s , currentRepackMaxTime:214.37877874186552s
iter326		 Improve solution by repack 0.7114935501209353->0.7042475141091104 , unplacedBoxesSize:2
currentRepackCostTime:114.44800000000001s , currentRepackMaxTime:214.37877874186552s
Selecting boards with low utilization for repacking...
iter3		 Improve solution by repack 0.9088111394786348->0.8837033055630208 , unplacedBoxesSize:3
currentRepackCostTime:115.881s , currentRepackMaxTime:214.37877874186552s
iter96		 Improve solution by repack 0.8837033055630208->0.8794020424617038 , unplacedBoxesSize:3
currentRepackCostTime:116.022s , currentRepackMaxTime:214.37877874186552s
iter2		 Improve solution by repack 0.8794020424617038->0.7042475141091104 , unplacedBoxesSize:2
currentRepackCostTime:116.025s , currentRepackMaxTime:214.37877874186552s
Selecting boards with low utilization for repacking...
iter1		 Improve solution by repack 0.9420212980381618->0.8837033055630208 , unplacedBoxesSize:3
currentRepackCostTime:117.46600000000001s , currentRepackMaxTime:214.37877874186552s
iter11		 Improve solution by repack 0.8837033055630208->0.8794020424617038 , unplacedBoxesSize:3
currentRepackCostTime:117.482s , currentRepackMaxTime:214.37877874186552s
iter82		 Improve solution by repack 0.8794020424617038->0.7520464928782585 , unplacedBoxesSize:3
currentRepackCostTime:117.60300000000001s , currentRepackMaxTime:214.37877874186552s
iter32		 Improve solution by repack 0.7520464928782585->0.7519611663531309 , unplacedBoxesSize:3
currentRepackCostTime:117.664s , currentRepackMaxTime:214.37877874186552s
iter623		 Improve solution by repack 0.7519611663531309->0.7471439129266326 , unplacedBoxesSize:3
currentRepackCostTime:118.781s , currentRepackMaxTime:214.37877874186552s
iter120		 Improve solution by repack 0.7471439129266326->0.7470417898414404 , unplacedBoxesSize:3
currentRepackCostTime:118.99300000000001s , currentRepackMaxTime:214.37877874186552s
iter226		 Improve solution by repack 0.7470417898414404->0.7122618247782855 , unplacedBoxesSize:3
currentRepackCostTime:119.384s , currentRepackMaxTime:214.37877874186552s
iter15		 Improve solution by repack 0.7122618247782855->0.6843775194840096 , unplacedBoxesSize:2
currentRepackCostTime:119.412s , currentRepackMaxTime:214.37877874186552s
Selecting boards with low utilization for repacking...
iter6		 Improve solution by repack 0.914692958882021->0.8837033055630208 , unplacedBoxesSize:3
currentRepackCostTime:120.886s , currentRepackMaxTime:214.37877874186552s
iter54		 Improve solution by repack 0.8837033055630208->0.7945673206127386 , unplacedBoxesSize:5
currentRepackCostTime:120.964s , currentRepackMaxTime:214.37877874186552s
iter17		 Improve solution by repack 0.7945673206127386->0.6843775194840096 , unplacedBoxesSize:2
currentRepackCostTime:121.005s , currentRepackMaxTime:214.37877874186552s
Selecting boards with low utilization for repacking...
iter37		 Improve solution by repack 0.8837033055630208->0.6843775194840096 , unplacedBoxesSize:2
currentRepackCostTime:122.547s , currentRepackMaxTime:214.37877874186552s
Selecting boards with low utilization for repacking...
iter2		 Improve solution by repack 0.9393529965063154->0.8794020424617038 , unplacedBoxesSize:3
currentRepackCostTime:124.026s , currentRepackMaxTime:214.37877874186552s
iter110		 Improve solution by repack 0.8794020424617038->0.6843775194840096 , unplacedBoxesSize:2
currentRepackCostTime:124.196s , currentRepackMaxTime:214.37877874186552s
Selecting boards with low utilization for repacking...
iter31		 Improve solution by repack 0.8794020424617038->0.6843775194840096 , unplacedBoxesSize:2
currentRepackCostTime:125.72800000000001s , currentRepackMaxTime:214.37877874186552s
Selecting boards with low utilization for repacking...
iter5		 Improve solution by repack 0.9433539371136791->0.9384748723461436 , unplacedBoxesSize:5
currentRepackCostTime:127.194s , currentRepackMaxTime:214.37877874186552s
iter3		 Improve solution by repack 0.9384748723461436->0.7706154259607633 , unplacedBoxesSize:3
currentRepackCostTime:127.199s , currentRepackMaxTime:214.37877874186552s
iter20		 Improve solution by repack 0.7706154259607633->0.7704279763504435 , unplacedBoxesSize:3
currentRepackCostTime:127.236s , currentRepackMaxTime:214.37877874186552s
iter566		 Improve solution by repack 0.7704279763504435->0.7680892233270625 , unplacedBoxesSize:3
currentRepackCostTime:128.24s , currentRepackMaxTime:214.37877874186552s
iter35		 Improve solution by repack 0.7680892233270625->0.7671768341843591 , unplacedBoxesSize:3
currentRepackCostTime:128.3s , currentRepackMaxTime:214.37877874186552s
iter463		 Improve solution by repack 0.7671768341843591->0.7636576189196452 , unplacedBoxesSize:3
currentRepackCostTime:129.115s , currentRepackMaxTime:214.37877874186552s
iter695		 Improve solution by repack 0.7636576189196452->0.7602976350443429 , unplacedBoxesSize:3
currentRepackCostTime:130.287s , currentRepackMaxTime:214.37877874186552s
iter337		 Improve solution by repack 0.7602976350443429->0.7323720102123085 , unplacedBoxesSize:3
currentRepackCostTime:130.879s , currentRepackMaxTime:214.37877874186552s
Selecting boards with low utilization for repacking...
iter3		 Improve solution by repack 0.9483112738511152->0.899405737704918 , unplacedBoxesSize:5
currentRepackCostTime:132.741s , currentRepackMaxTime:214.37877874186552s
iter3		 Improve solution by repack 0.899405737704918->0.8854800456866433 , unplacedBoxesSize:4
currentRepackCostTime:132.748s , currentRepackMaxTime:214.37877874186552s
iter3		 Improve solution by repack 0.8854800456866433->0.8783099301263102 , unplacedBoxesSize:4
currentRepackCostTime:132.75300000000001s , currentRepackMaxTime:214.37877874186552s
iter8		 Improve solution by repack 0.8783099301263102->0.8754424213920988 , unplacedBoxesSize:4
currentRepackCostTime:132.768s , currentRepackMaxTime:214.37877874186552s
iter11		 Improve solution by repack 0.8754424213920988->0.7682172131147541 , unplacedBoxesSize:3
currentRepackCostTime:132.78900000000002s , currentRepackMaxTime:214.37877874186552s
Selecting boards with low utilization for repacking...
iter6		 Improve solution by repack 0.9490980247245364->0.9467764041924214 , unplacedBoxesSize:6
currentRepackCostTime:134.705s , currentRepackMaxTime:214.37877874186552s
iter8		 Improve solution by repack 0.9467764041924214->0.8041306100510616 , unplacedBoxesSize:3
currentRepackCostTime:134.73s , currentRepackMaxTime:214.37877874186552s
iter80		 Improve solution by repack 0.8041306100510616->0.8032299785004031 , unplacedBoxesSize:3
currentRepackCostTime:134.867s , currentRepackMaxTime:214.37877874186552s
iter78		 Improve solution by repack 0.8032299785004031->0.792246371943026 , unplacedBoxesSize:3
currentRepackCostTime:135.005s , currentRepackMaxTime:214.37877874186552s
iter402		 Improve solution by repack 0.792246371943026->0.7921610454178983 , unplacedBoxesSize:3
currentRepackCostTime:135.68200000000002s , currentRepackMaxTime:214.37877874186552s
iter26		 Improve solution by repack 0.7921610454178983->0.7831375974200483 , unplacedBoxesSize:4
currentRepackCostTime:135.728s , currentRepackMaxTime:214.37877874186552s
iter15		 Improve solution by repack 0.7831375974200483->0.759488040849234 , unplacedBoxesSize:4
currentRepackCostTime:135.762s , currentRepackMaxTime:214.37877874186552s
iter146		 Improve solution by repack 0.759488040849234->0.7323720102123085 , unplacedBoxesSize:3
currentRepackCostTime:136.093s , currentRepackMaxTime:214.37877874186552s
Selecting boards with low utilization for repacking...
iter1		 Improve solution by repack 0.9513969699005643->0.9463517871539908 , unplacedBoxesSize:5
currentRepackCostTime:137.93s , currentRepackMaxTime:214.37877874186552s
iter4		 Improve solution by repack 0.9463517871539908->0.9398736670249932 , unplacedBoxesSize:6
currentRepackCostTime:137.94s , currentRepackMaxTime:214.37877874186552s
iter1		 Improve solution by repack 0.9398736670249932->0.933310937919914 , unplacedBoxesSize:6
currentRepackCostTime:137.94400000000002s , currentRepackMaxTime:214.37877874186552s
iter9		 Improve solution by repack 0.933310937919914->0.9054266326256383 , unplacedBoxesSize:5
currentRepackCostTime:137.968s , currentRepackMaxTime:214.37877874186552s
iter1		 Improve solution by repack 0.9054266326256383->0.9050315775329213 , unplacedBoxesSize:5
currentRepackCostTime:137.97s , currentRepackMaxTime:214.37877874186552s
iter3		 Improve solution by repack 0.9050315775329213->0.8997030368180596 , unplacedBoxesSize:4
currentRepackCostTime:137.976s , currentRepackMaxTime:214.37877874186552s
iter9		 Improve solution by repack 0.8997030368180596->0.8962493281375974 , unplacedBoxesSize:4
currentRepackCostTime:137.993s , currentRepackMaxTime:214.37877874186552s
iter15		 Improve solution by repack 0.8962493281375974->0.8938789975812953 , unplacedBoxesSize:4
currentRepackCostTime:138.02s , currentRepackMaxTime:214.37877874186552s
iter23		 Improve solution by repack 0.8938789975812953->0.8888742945444773 , unplacedBoxesSize:4
currentRepackCostTime:138.064s , currentRepackMaxTime:214.37877874186552s
iter7		 Improve solution by repack 0.8888742945444773->0.7921610454178983 , unplacedBoxesSize:3
currentRepackCostTime:138.077s , currentRepackMaxTime:214.37877874186552s
iter30		 Improve solution by repack 0.7921610454178983->0.7724963047567858 , unplacedBoxesSize:3
currentRepackCostTime:138.136s , currentRepackMaxTime:214.37877874186552s
iter132		 Improve solution by repack 0.7724963047567858->0.7685020827734481 , unplacedBoxesSize:3
currentRepackCostTime:138.364s , currentRepackMaxTime:214.37877874186552s
iter7		 Improve solution by repack 0.7685020827734481->0.7680892233270625 , unplacedBoxesSize:3
currentRepackCostTime:138.375s , currentRepackMaxTime:214.37877874186552s
iter56		 Improve solution by repack 0.7680892233270625->0.7350356087073368 , unplacedBoxesSize:3
currentRepackCostTime:138.471s , currentRepackMaxTime:214.37877874186552s
Selecting boards with low utilization for repacking...
iter12		 Improve solution by repack 0.9523636119322763->0.9268476216070949 , unplacedBoxesSize:1
currentRepackCostTime:140.364s , currentRepackMaxTime:214.37877874186552s
iter3		 Improve solution by repack 0.9268476216070949->0.8908462106960494 , unplacedBoxesSize:4
currentRepackCostTime:140.368s , currentRepackMaxTime:214.37877874186552s
iter42		 Improve solution by repack 0.8908462106960494->0.7724963047567858 , unplacedBoxesSize:3
currentRepackCostTime:140.445s , currentRepackMaxTime:214.37877874186552s
Selecting boards with low utilization for repacking...
iter8		 Improve solution by repack 0.9523636119322763->0.9477250739048643 , unplacedBoxesSize:3
currentRepackCostTime:142.163s , currentRepackMaxTime:214.37877874186552s
iter45		 Improve solution by repack 0.9477250739048643->0.8598992206396131 , unplacedBoxesSize:3
currentRepackCostTime:142.238s , currentRepackMaxTime:214.37877874186552s
iter48		 Improve solution by repack 0.8598992206396131->0.8572356221445847 , unplacedBoxesSize:3
currentRepackCostTime:142.309s , currentRepackMaxTime:214.37877874186552s
iter49		 Improve solution by repack 0.8572356221445847->0.8435568395592583 , unplacedBoxesSize:3
currentRepackCostTime:142.386s , currentRepackMaxTime:214.37877874186552s
iter63		 Improve solution by repack 0.8435568395592583->0.8384560601988713 , unplacedBoxesSize:3
currentRepackCostTime:142.485s , currentRepackMaxTime:214.37877874186552s
iter7		 Improve solution by repack 0.8384560601988713->0.8306530502553078 , unplacedBoxesSize:3
currentRepackCostTime:142.497s , currentRepackMaxTime:214.37877874186552s
iter40		 Improve solution by repack 0.8306530502553078->0.8173488309594195 , unplacedBoxesSize:3
currentRepackCostTime:142.56900000000002s , currentRepackMaxTime:214.37877874186552s
iter121		 Improve solution by repack 0.8173488309594195->0.8120310400429992 , unplacedBoxesSize:3
currentRepackCostTime:142.766s , currentRepackMaxTime:214.37877874186552s
iter40		 Improve solution by repack 0.8120310400429992->0.8053910239183016 , unplacedBoxesSize:3
currentRepackCostTime:142.831s , currentRepackMaxTime:214.37877874186552s
iter16		 Improve solution by repack 0.8053910239183016->0.8024969766191884 , unplacedBoxesSize:4
currentRepackCostTime:142.857s , currentRepackMaxTime:214.37877874186552s
iter4		 Improve solution by repack 0.8024969766191884->0.7885712846009136 , unplacedBoxesSize:3
currentRepackCostTime:142.864s , currentRepackMaxTime:214.37877874186552s
iter173		 Improve solution by repack 0.7885712846009136->0.7837540311744156 , unplacedBoxesSize:3
currentRepackCostTime:143.16s , currentRepackMaxTime:214.37877874186552s
iter61		 Improve solution by repack 0.7837540311744156->0.7835665815640958 , unplacedBoxesSize:3
currentRepackCostTime:143.268s , currentRepackMaxTime:214.37877874186552s
iter60		 Improve solution by repack 0.7835665815640958->0.7724963047567858 , unplacedBoxesSize:3
currentRepackCostTime:143.371s , currentRepackMaxTime:214.37877874186552s
iter4		 Improve solution by repack 0.7724963047567858->0.7677865493147004 , unplacedBoxesSize:3
currentRepackCostTime:143.376s , currentRepackMaxTime:214.37877874186552s
iter213		 Improve solution by repack 0.7677865493147004->0.7522420048374093 , unplacedBoxesSize:3
currentRepackCostTime:143.74s , currentRepackMaxTime:214.37877874186552s
Selecting boards with low utilization for repacking...
iter3		 Improve solution by repack 0.8880972856758935->0.8879098360655737 , unplacedBoxesSize:5
currentRepackCostTime:145.543s , currentRepackMaxTime:214.37877874186552s
iter28		 Improve solution by repack 0.8879098360655737->0.8783334453104005 , unplacedBoxesSize:3
currentRepackCostTime:145.608s , currentRepackMaxTime:214.37877874186552s
iter21		 Improve solution by repack 0.8783334453104005->0.7819342918570278 , unplacedBoxesSize:3
currentRepackCostTime:145.642s , currentRepackMaxTime:214.37877874186552s
iter121		 Improve solution by repack 0.7819342918570278->0.7779790378930396 , unplacedBoxesSize:3
currentRepackCostTime:145.852s , currentRepackMaxTime:214.37877874186552s
iter132		 Improve solution by repack 0.7779790378930396->0.7685769954313357 , unplacedBoxesSize:3
currentRepackCostTime:146.066s , currentRepackMaxTime:214.37877874186552s
iter3		 Improve solution by repack 0.7685769954313357->0.7607739854877721 , unplacedBoxesSize:3
currentRepackCostTime:146.06900000000002s , currentRepackMaxTime:214.37877874186552s
iter430		 Improve solution by repack 0.7607739854877721->0.7516568126847621 , unplacedBoxesSize:3
currentRepackCostTime:146.805s , currentRepackMaxTime:214.37877874186552s
iter27		 Improve solution by repack 0.7516568126847621->0.750395055092717 , unplacedBoxesSize:3
currentRepackCostTime:146.853s , currentRepackMaxTime:214.37877874186552s
iter40		 Improve solution by repack 0.750395055092717->0.7502076054823972 , unplacedBoxesSize:3
currentRepackCostTime:146.925s , currentRepackMaxTime:214.37877874186552s
Selecting boards with low utilization for repacking...
iter26		 Improve solution by repack 0.9549482665950013->0.9418183955925827 , unplacedBoxesSize:4
currentRepackCostTime:148.758s , currentRepackMaxTime:214.37877874186552s
iter11		 Improve solution by repack 0.9418183955925827->0.9058058989518947 , unplacedBoxesSize:4
currentRepackCostTime:148.779s , currentRepackMaxTime:214.37877874186552s
iter43		 Improve solution by repack 0.9058058989518947->0.9049052674012362 , unplacedBoxesSize:4
currentRepackCostTime:148.861s , currentRepackMaxTime:214.37877874186552s
iter10		 Improve solution by repack 0.9049052674012362->0.8979582101585596 , unplacedBoxesSize:4
currentRepackCostTime:148.881s , currentRepackMaxTime:214.37877874186552s
iter11		 Improve solution by repack 0.8979582101585596->0.8651787153990863 , unplacedBoxesSize:4
currentRepackCostTime:148.903s , currentRepackMaxTime:214.37877874186552s
iter2		 Improve solution by repack 0.8651787153990863->0.8637960225745768 , unplacedBoxesSize:4
currentRepackCostTime:148.91s , currentRepackMaxTime:214.37877874186552s
iter7		 Improve solution by repack 0.8637960225745768->0.8624133297500671 , unplacedBoxesSize:4
currentRepackCostTime:148.92600000000002s , currentRepackMaxTime:214.37877874186552s
iter157		 Improve solution by repack 0.8624133297500671->0.8574086267132491 , unplacedBoxesSize:4
currentRepackCostTime:149.245s , currentRepackMaxTime:214.37877874186552s
iter9		 Improve solution by repack 0.8574086267132491->0.848641158290782 , unplacedBoxesSize:3
currentRepackCostTime:149.26s , currentRepackMaxTime:214.37877874186552s
iter139		 Improve solution by repack 0.848641158290782->0.8449744692287019 , unplacedBoxesSize:3
currentRepackCostTime:149.483s , currentRepackMaxTime:214.37877874186552s
Selecting boards with low utilization for repacking...
iter15		 Improve solution by repack 0.9571502956194571->0.9268476216070949 , unplacedBoxesSize:1
currentRepackCostTime:151.107s , currentRepackMaxTime:214.37877874186552s
iter14		 Improve solution by repack 0.9268476216070949->0.914692958882021 , unplacedBoxesSize:3
currentRepackCostTime:151.12s , currentRepackMaxTime:214.37877874186552s
iter19		 Improve solution by repack 0.914692958882021->0.8837033055630208 , unplacedBoxesSize:3
currentRepackCostTime:151.149s , currentRepackMaxTime:214.37877874186552s
iter2		 Improve solution by repack 0.8837033055630208->0.8794020424617038 , unplacedBoxesSize:3
currentRepackCostTime:151.151s , currentRepackMaxTime:214.37877874186552s
iter35		 Improve solution by repack 0.8794020424617038->0.7502076054823972 , unplacedBoxesSize:3
currentRepackCostTime:151.213s , currentRepackMaxTime:214.37877874186552s
iter780		 Improve solution by repack 0.7502076054823972->0.7391373286750874 , unplacedBoxesSize:3
currentRepackCostTime:152.567s , currentRepackMaxTime:214.37877874186552s
iter121		 Improve solution by repack 0.7391373286750874->0.7339398011287288 , unplacedBoxesSize:2
currentRepackCostTime:152.784s , currentRepackMaxTime:214.37877874186552s
Selecting boards with low utilization for repacking...
iter2		 Improve solution by repack 0.9575691789841441->0.9268476216070949 , unplacedBoxesSize:1
currentRepackCostTime:154.167s , currentRepackMaxTime:214.37877874186552s
iter4		 Improve solution by repack 0.9268476216070949->0.8837033055630208 , unplacedBoxesSize:3
currentRepackCostTime:154.17000000000002s , currentRepackMaxTime:214.37877874186552s
iter19		 Improve solution by repack 0.8837033055630208->0.7502076054823972 , unplacedBoxesSize:3
currentRepackCostTime:154.199s , currentRepackMaxTime:214.37877874186552s
Selecting boards with low utilization for repacking...
iter4		 Improve solution by repack 0.9585904326793873->0.9503802741198603 , unplacedBoxesSize:6
currentRepackCostTime:155.953s , currentRepackMaxTime:214.37877874186552s
iter15		 Improve solution by repack 0.9503802741198603->0.9218247782854072 , unplacedBoxesSize:4
currentRepackCostTime:155.985s , currentRepackMaxTime:214.37877874186552s
iter4		 Improve solution by repack 0.9218247782854072->0.9210346680999731 , unplacedBoxesSize:4
currentRepackCostTime:155.991s , currentRepackMaxTime:214.37877874186552s
iter5		 Improve solution by repack 0.9210346680999731->0.9208472184896533 , unplacedBoxesSize:4
currentRepackCostTime:156.005s , currentRepackMaxTime:214.37877874186552s
iter7		 Improve solution by repack 0.9208472184896533->0.8130636925557646 , unplacedBoxesSize:3
currentRepackCostTime:156.018s , currentRepackMaxTime:214.37877874186552s
iter71		 Improve solution by repack 0.8130636925557646->0.8082477828540715 , unplacedBoxesSize:3
currentRepackCostTime:156.13400000000001s , currentRepackMaxTime:214.37877874186552s
iter167		 Improve solution by repack 0.8082477828540715->0.8080603332437517 , unplacedBoxesSize:3
currentRepackCostTime:156.421s , currentRepackMaxTime:214.37877874186552s
iter13		 Improve solution by repack 0.8080603332437517->0.8016017199677506 , unplacedBoxesSize:3
currentRepackCostTime:156.44s , currentRepackMaxTime:214.37877874186552s
iter4		 Improve solution by repack 0.8016017199677506->0.7837543671056169 , unplacedBoxesSize:3
currentRepackCostTime:156.445s , currentRepackMaxTime:214.37877874186552s
iter140		 Improve solution by repack 0.7837543671056169->0.7715829078204784 , unplacedBoxesSize:3
currentRepackCostTime:156.692s , currentRepackMaxTime:214.37877874186552s
iter8		 Improve solution by repack 0.7715829078204784->0.7711878527277614 , unplacedBoxesSize:3
currentRepackCostTime:156.70600000000002s , currentRepackMaxTime:214.37877874186552s
iter45		 Improve solution by repack 0.7711878527277614->0.7703977425423274 , unplacedBoxesSize:3
currentRepackCostTime:156.78s , currentRepackMaxTime:214.37877874186552s
iter111		 Improve solution by repack 0.7703977425423274->0.7702002149959688 , unplacedBoxesSize:3
currentRepackCostTime:156.968s , currentRepackMaxTime:214.37877874186552s
Selecting boards with low utilization for repacking...
iter17		 Improve solution by repack 0.8581785810266057->0.7767172803009943 , unplacedBoxesSize:3
currentRepackCostTime:158.702s , currentRepackMaxTime:214.37877874186552s
iter65		 Improve solution by repack 0.7767172803009943->0.7727465735017469 , unplacedBoxesSize:3
currentRepackCostTime:158.817s , currentRepackMaxTime:214.37877874186552s
iter1		 Improve solution by repack 0.7727465735017469->0.7698790647675355 , unplacedBoxesSize:3
currentRepackCostTime:158.81900000000002s , currentRepackMaxTime:214.37877874186552s
iter36		 Improve solution by repack 0.7698790647675355->0.7574334856221445 , unplacedBoxesSize:3
currentRepackCostTime:158.883s , currentRepackMaxTime:214.37877874186552s
iter65		 Improve solution by repack 0.7574334856221445->0.7566433754367106 , unplacedBoxesSize:3
currentRepackCostTime:158.997s , currentRepackMaxTime:214.37877874186552s
iter255		 Improve solution by repack 0.7566433754367106->0.7391373286750874 , unplacedBoxesSize:3
currentRepackCostTime:159.488s , currentRepackMaxTime:214.37877874186552s
iter7		 Improve solution by repack 0.7391373286750874->0.7339398011287288 , unplacedBoxesSize:2
currentRepackCostTime:159.502s , currentRepackMaxTime:214.37877874186552s
Selecting boards with low utilization for repacking...
iter1		 Improve solution by repack 0.953853634775598->0.9148595807578608 , unplacedBoxesSize:4
currentRepackCostTime:160.894s , currentRepackMaxTime:214.37877874186552s
iter10		 Improve solution by repack 0.9148595807578608->0.9066494221983338 , unplacedBoxesSize:4
currentRepackCostTime:160.91400000000002s , currentRepackMaxTime:214.37877874186552s
iter25		 Improve solution by repack 0.9066494221983338->0.862995834453104 , unplacedBoxesSize:4
currentRepackCostTime:160.959s , currentRepackMaxTime:214.37877874186552s
iter176		 Improve solution by repack 0.862995834453104->0.8578090567051868 , unplacedBoxesSize:4
currentRepackCostTime:161.306s , currentRepackMaxTime:214.37877874186552s
iter24		 Improve solution by repack 0.8578090567051868->0.8526504971781779 , unplacedBoxesSize:4
currentRepackCostTime:161.352s , currentRepackMaxTime:214.37877874186552s
iter28		 Improve solution by repack 0.8526504971781779->0.8475685299650632 , unplacedBoxesSize:4
currentRepackCostTime:161.40800000000002s , currentRepackMaxTime:214.37877874186552s
iter2		 Improve solution by repack 0.8475685299650632->0.83879165546896 , unplacedBoxesSize:3
currentRepackCostTime:161.413s , currentRepackMaxTime:214.37877874186552s
iter8		 Improve solution by repack 0.83879165546896->0.837365627519484 , unplacedBoxesSize:3
currentRepackCostTime:161.425s , currentRepackMaxTime:214.37877874186552s
iter43		 Improve solution by repack 0.837365627519484->0.8199324778285407 , unplacedBoxesSize:3
currentRepackCostTime:161.499s , currentRepackMaxTime:214.37877874186552s
Selecting boards with low utilization for repacking...
iter3		 Improve solution by repack 0.953853634775598->0.928829592851384 , unplacedBoxesSize:5
currentRepackCostTime:163.196s , currentRepackMaxTime:214.37877874186552s
iter11		 Improve solution by repack 0.928829592851384->0.8199324778285407 , unplacedBoxesSize:3
currentRepackCostTime:163.227s , currentRepackMaxTime:214.37877874186552s
iter47		 Improve solution by repack 0.8199324778285407->0.80723696586939 , unplacedBoxesSize:3
currentRepackCostTime:163.31s , currentRepackMaxTime:214.37877874186552s
iter1		 Improve solution by repack 0.80723696586939->0.801303413061005 , unplacedBoxesSize:3
currentRepackCostTime:163.31300000000002s , currentRepackMaxTime:214.37877874186552s
iter13		 Improve solution by repack 0.801303413061005->0.8009607632356894 , unplacedBoxesSize:3
currentRepackCostTime:163.33700000000002s , currentRepackMaxTime:214.37877874186552s
iter115		 Improve solution by repack 0.8009607632356894->0.773042192958882 , unplacedBoxesSize:4
currentRepackCostTime:163.528s , currentRepackMaxTime:214.37877874186552s
iter42		 Improve solution by repack 0.773042192958882->0.7524482665950013 , unplacedBoxesSize:3
currentRepackCostTime:163.629s , currentRepackMaxTime:214.37877874186552s
iter20		 Improve solution by repack 0.7524482665950013->0.7503533996237571 , unplacedBoxesSize:3
currentRepackCostTime:163.663s , currentRepackMaxTime:214.37877874186552s
iter266		 Improve solution by repack 0.7503533996237571->0.7440358774522977 , unplacedBoxesSize:3
currentRepackCostTime:164.115s , currentRepackMaxTime:214.37877874186552s
iter10		 Improve solution by repack 0.7440358774522977->0.7358257188927707 , unplacedBoxesSize:3
currentRepackCostTime:164.135s , currentRepackMaxTime:214.37877874186552s
iter29		 Improve solution by repack 0.7358257188927707->0.7350356087073368 , unplacedBoxesSize:3
currentRepackCostTime:164.187s , currentRepackMaxTime:214.37877874186552s
iter118		 Improve solution by repack 0.7350356087073368->0.7339398011287288 , unplacedBoxesSize:2
currentRepackCostTime:164.406s , currentRepackMaxTime:214.37877874186552s
Selecting boards with low utilization for repacking...
iter7		 Improve solution by repack 0.9586522440204247->0.9498589088954582 , unplacedBoxesSize:4
currentRepackCostTime:165.798s , currentRepackMaxTime:214.37877874186552s
iter16		 Improve solution by repack 0.9498589088954582->0.9496714592851384 , unplacedBoxesSize:4
currentRepackCostTime:165.82500000000002s , currentRepackMaxTime:214.37877874186552s
iter24		 Improve solution by repack 0.9496714592851384->0.9475859983875302 , unplacedBoxesSize:4
currentRepackCostTime:165.868s , currentRepackMaxTime:214.37877874186552s
iter53		 Improve solution by repack 0.9475859983875302->0.910510951357162 , unplacedBoxesSize:4
currentRepackCostTime:165.971s , currentRepackMaxTime:214.37877874186552s
iter16		 Improve solution by repack 0.910510951357162->0.9079121875839827 , unplacedBoxesSize:4
currentRepackCostTime:166.001s , currentRepackMaxTime:214.37877874186552s
iter14		 Improve solution by repack 0.9079121875839827->0.8946012496640688 , unplacedBoxesSize:4
currentRepackCostTime:166.026s , currentRepackMaxTime:214.37877874186552s
iter40		 Improve solution by repack 0.8946012496640688->0.8870985622144586 , unplacedBoxesSize:4
currentRepackCostTime:166.1s , currentRepackMaxTime:214.37877874186552s
iter4		 Improve solution by repack 0.8870985622144586->0.8833445310400431 , unplacedBoxesSize:3
currentRepackCostTime:166.108s , currentRepackMaxTime:214.37877874186552s
iter26		 Improve solution by repack 0.8833445310400431->0.8502858774522978 , unplacedBoxesSize:4
currentRepackCostTime:166.153s , currentRepackMaxTime:214.37877874186552s
iter7		 Improve solution by repack 0.8502858774522978->0.847546358505778 , unplacedBoxesSize:3
currentRepackCostTime:166.169s , currentRepackMaxTime:214.37877874186552s
Selecting boards with low utilization for repacking...
iter1		 Improve solution by repack 0.9601666218758398->0.9575661784466541 , unplacedBoxesSize:5
currentRepackCostTime:167.745s , currentRepackMaxTime:214.37877874186552s
iter1		 Improve solution by repack 0.9575661784466541->0.8442730448804086 , unplacedBoxesSize:3
currentRepackCostTime:167.747s , currentRepackMaxTime:214.37877874186552s
iter20		 Improve solution by repack 0.8442730448804086->0.8284708411717281 , unplacedBoxesSize:2
currentRepackCostTime:167.778s , currentRepackMaxTime:214.37877874186552s
iter65		 Improve solution by repack 0.8284708411717281->0.8152821822090836 , unplacedBoxesSize:3
currentRepackCostTime:167.873s , currentRepackMaxTime:214.37877874186552s
iter18		 Improve solution by repack 0.8152821822090836->0.807076054823972 , unplacedBoxesSize:3
currentRepackCostTime:167.90200000000002s , currentRepackMaxTime:214.37877874186552s
iter37		 Improve solution by repack 0.807076054823972->0.798865896264445 , unplacedBoxesSize:3
currentRepackCostTime:167.967s , currentRepackMaxTime:214.37877874186552s
iter102		 Improve solution by repack 0.798865896264445->0.798075786079011 , unplacedBoxesSize:3
currentRepackCostTime:168.14000000000001s , currentRepackMaxTime:214.37877874186552s
iter8		 Improve solution by repack 0.798075786079011->0.7954121875839828 , unplacedBoxesSize:3
currentRepackCostTime:168.15s , currentRepackMaxTime:214.37877874186552s
iter536		 Improve solution by repack 0.7954121875839828->0.7868177237301801 , unplacedBoxesSize:3
currentRepackCostTime:169.042s , currentRepackMaxTime:214.37877874186552s
iter44		 Improve solution by repack 0.7868177237301801->0.7779790378930396 , unplacedBoxesSize:3
currentRepackCostTime:169.111s , currentRepackMaxTime:214.37877874186552s
iter420		 Improve solution by repack 0.7779790378930396->0.7737798978769148 , unplacedBoxesSize:3
currentRepackCostTime:169.804s , currentRepackMaxTime:214.37877874186552s
iter39		 Improve solution by repack 0.7737798978769148->0.7684466541252352 , unplacedBoxesSize:3
currentRepackCostTime:169.869s , currentRepackMaxTime:214.37877874186552s
iter659		 Improve solution by repack 0.7684466541252352->0.7561999462510078 , unplacedBoxesSize:3
currentRepackCostTime:170.979s , currentRepackMaxTime:214.37877874186552s
iter43		 Improve solution by repack 0.7561999462510078->0.750395055092717 , unplacedBoxesSize:3
currentRepackCostTime:171.055s , currentRepackMaxTime:214.37877874186552s
iter60		 Improve solution by repack 0.750395055092717->0.7502076054823972 , unplacedBoxesSize:3
currentRepackCostTime:171.15800000000002s , currentRepackMaxTime:214.37877874186552s
Selecting boards with low utilization for repacking...
iter3		 Improve solution by repack 0.9616964525665144->0.9496479441010481 , unplacedBoxesSize:4
currentRepackCostTime:172.934s , currentRepackMaxTime:214.37877874186552s
iter18		 Improve solution by repack 0.9496479441010481->0.9494504165546896 , unplacedBoxesSize:4
currentRepackCostTime:172.971s , currentRepackMaxTime:214.37877874186552s
iter35		 Improve solution by repack 0.9494504165546896->0.9379871002418704 , unplacedBoxesSize:5
currentRepackCostTime:173.036s , currentRepackMaxTime:214.37877874186552s
iter22		 Improve solution by repack 0.9379871002418704->0.8284708411717281 , unplacedBoxesSize:2
currentRepackCostTime:173.082s , currentRepackMaxTime:214.37877874186552s
iter216		 Improve solution by repack 0.8284708411717281->0.8233378124160172 , unplacedBoxesSize:3
currentRepackCostTime:173.367s , currentRepackMaxTime:214.37877874186552s
iter8		 Improve solution by repack 0.8233378124160172->0.8113507793603869 , unplacedBoxesSize:3
currentRepackCostTime:173.376s , currentRepackMaxTime:214.37877874186552s
iter17		 Improve solution by repack 0.8113507793603869->0.8084412792260145 , unplacedBoxesSize:4
currentRepackCostTime:173.405s , currentRepackMaxTime:214.37877874186552s
iter53		 Improve solution by repack 0.8084412792260145->0.8009607632356894 , unplacedBoxesSize:3
currentRepackCostTime:173.51500000000001s , currentRepackMaxTime:214.37877874186552s
iter2		 Improve solution by repack 0.8009607632356894->0.7794504165546896 , unplacedBoxesSize:3
currentRepackCostTime:173.52s , currentRepackMaxTime:214.37877874186552s
iter4		 Improve solution by repack 0.7794504165546896->0.7712402579951626 , unplacedBoxesSize:3
currentRepackCostTime:173.52700000000002s , currentRepackMaxTime:214.37877874186552s
iter24		 Improve solution by repack 0.7712402579951626->0.7704501478097285 , unplacedBoxesSize:3
currentRepackCostTime:173.56900000000002s , currentRepackMaxTime:214.37877874186552s
iter69		 Improve solution by repack 0.7704501478097285->0.7680892233270625 , unplacedBoxesSize:3
currentRepackCostTime:173.669s , currentRepackMaxTime:214.37877874186552s
iter38		 Improve solution by repack 0.7680892233270625->0.7671768341843591 , unplacedBoxesSize:3
currentRepackCostTime:173.729s , currentRepackMaxTime:214.37877874186552s
iter79		 Improve solution by repack 0.7671768341843591->0.7653520558989519 , unplacedBoxesSize:3
currentRepackCostTime:173.875s , currentRepackMaxTime:214.37877874186552s
iter31		 Improve solution by repack 0.7653520558989519->0.7524482665950013 , unplacedBoxesSize:3
currentRepackCostTime:173.93200000000002s , currentRepackMaxTime:214.37877874186552s
iter58		 Improve solution by repack 0.7524482665950013->0.7339398011287288 , unplacedBoxesSize:2
currentRepackCostTime:174.036s , currentRepackMaxTime:214.37877874186552s
Selecting boards with low utilization for repacking...
iter1		 Improve solution by repack 0.9619981187852727->0.9550443429185703 , unplacedBoxesSize:6
currentRepackCostTime:175.435s , currentRepackMaxTime:214.37877874186552s
iter11		 Improve solution by repack 0.9550443429185703->0.9522789572695513 , unplacedBoxesSize:5
currentRepackCostTime:175.461s , currentRepackMaxTime:214.37877874186552s
iter3		 Improve solution by repack 0.9522789572695513->0.7767172803009943 , unplacedBoxesSize:3
currentRepackCostTime:175.467s , currentRepackMaxTime:214.37877874186552s
iter301		 Improve solution by repack 0.7767172803009943->0.7738497715667831 , unplacedBoxesSize:3
currentRepackCostTime:176.0s , currentRepackMaxTime:214.37877874186552s
iter534		 Improve solution by repack 0.7738497715667831->0.7566433754367106 , unplacedBoxesSize:3
currentRepackCostTime:176.935s , currentRepackMaxTime:214.37877874186552s
iter480		 Improve solution by repack 0.7566433754367106->0.7561999462510078 , unplacedBoxesSize:3
currentRepackCostTime:177.78900000000002s , currentRepackMaxTime:214.37877874186552s
iter11		 Improve solution by repack 0.7561999462510078->0.7552123085192153 , unplacedBoxesSize:3
currentRepackCostTime:177.808s , currentRepackMaxTime:214.37877874186552s
iter17		 Improve solution by repack 0.7552123085192153->0.7502076054823972 , unplacedBoxesSize:3
currentRepackCostTime:177.833s , currentRepackMaxTime:214.37877874186552s
iter813		 Improve solution by repack 0.7502076054823972->0.7391373286750874 , unplacedBoxesSize:3
currentRepackCostTime:179.282s , currentRepackMaxTime:214.37877874186552s
iter23		 Improve solution by repack 0.7391373286750874->0.7339398011287288 , unplacedBoxesSize:2
currentRepackCostTime:179.324s , currentRepackMaxTime:214.37877874186552s
Selecting boards with low utilization for repacking...
iter1		 Improve solution by repack 0.9635763235689331->0.9513969699005643 , unplacedBoxesSize:4
currentRepackCostTime:180.683s , currentRepackMaxTime:214.37877874186552s
iter4		 Improve solution by repack 0.9513969699005643->0.9487355549583445 , unplacedBoxesSize:7
currentRepackCostTime:180.691s , currentRepackMaxTime:214.37877874186552s
iter9		 Improve solution by repack 0.9487355549583445->0.9439078876646063 , unplacedBoxesSize:7
currentRepackCostTime:180.714s , currentRepackMaxTime:214.37877874186552s
iter1		 Improve solution by repack 0.9439078876646063->0.7780247245364149 , unplacedBoxesSize:3
currentRepackCostTime:180.71800000000002s , currentRepackMaxTime:214.37877874186552s
iter51		 Improve solution by repack 0.7780247245364149->0.7779790378930396 , unplacedBoxesSize:3
currentRepackCostTime:180.803s , currentRepackMaxTime:214.37877874186552s
iter9		 Improve solution by repack 0.7779790378930396->0.7749610319806503 , unplacedBoxesSize:3
currentRepackCostTime:180.82s , currentRepackMaxTime:214.37877874186552s
iter29		 Improve solution by repack 0.7749610319806503->0.7727398548777211 , unplacedBoxesSize:3
currentRepackCostTime:180.868s , currentRepackMaxTime:214.37877874186552s
iter37		 Improve solution by repack 0.7727398548777211->0.7725524052674013 , unplacedBoxesSize:3
currentRepackCostTime:180.94400000000002s , currentRepackMaxTime:214.37877874186552s
iter18		 Improve solution by repack 0.7725524052674013->0.7713591776404193 , unplacedBoxesSize:4
currentRepackCostTime:180.979s , currentRepackMaxTime:214.37877874186552s
iter9		 Improve solution by repack 0.7713591776404193->0.7712402579951626 , unplacedBoxesSize:3
currentRepackCostTime:181.004s , currentRepackMaxTime:214.37877874186552s
iter12		 Improve solution by repack 0.7712402579951626->0.7685020827734481 , unplacedBoxesSize:3
currentRepackCostTime:181.02100000000002s , currentRepackMaxTime:214.37877874186552s
iter2		 Improve solution by repack 0.7685020827734481->0.7680892233270625 , unplacedBoxesSize:3
currentRepackCostTime:181.025s , currentRepackMaxTime:214.37877874186552s
iter14		 Improve solution by repack 0.7680892233270625->0.7671768341843591 , unplacedBoxesSize:3
currentRepackCostTime:181.05s , currentRepackMaxTime:214.37877874186552s
iter361		 Improve solution by repack 0.7671768341843591->0.7653520558989519 , unplacedBoxesSize:3
currentRepackCostTime:181.685s , currentRepackMaxTime:214.37877874186552s
iter113		 Improve solution by repack 0.7653520558989519->0.763865896264445 , unplacedBoxesSize:3
currentRepackCostTime:181.876s , currentRepackMaxTime:214.37877874186552s
iter89		 Improve solution by repack 0.763865896264445->0.7593563558183284 , unplacedBoxesSize:3
currentRepackCostTime:182.054s , currentRepackMaxTime:214.37877874186552s
iter156		 Improve solution by repack 0.7593563558183284->0.7547823165815641 , unplacedBoxesSize:3
currentRepackCostTime:182.324s , currentRepackMaxTime:214.37877874186552s
iter7		 Improve solution by repack 0.7547823165815641->0.7537946788497716 , unplacedBoxesSize:3
currentRepackCostTime:182.33700000000002s , currentRepackMaxTime:214.37877874186552s
iter40		 Improve solution by repack 0.7537946788497716->0.7283915614082236 , unplacedBoxesSize:3
currentRepackCostTime:182.399s , currentRepackMaxTime:214.37877874186552s
Selecting boards with low utilization for repacking...
iter2		 Improve solution by repack 0.9642538968019349->0.9594282450954044 , unplacedBoxesSize:4
currentRepackCostTime:184.211s , currentRepackMaxTime:214.37877874186552s
iter16		 Improve solution by repack 0.9594282450954044->0.95632289707068 , unplacedBoxesSize:5
currentRepackCostTime:184.24s , currentRepackMaxTime:214.37877874186552s
iter6		 Improve solution by repack 0.95632289707068->0.9409983875302339 , unplacedBoxesSize:4
currentRepackCostTime:184.261s , currentRepackMaxTime:214.37877874186552s
iter44		 Improve solution by repack 0.9409983875302339->0.7955361461972588 , unplacedBoxesSize:3
currentRepackCostTime:184.342s , currentRepackMaxTime:214.37877874186552s
iter3		 Improve solution by repack 0.7955361461972588->0.7680892233270625 , unplacedBoxesSize:3
currentRepackCostTime:184.347s , currentRepackMaxTime:214.37877874186552s
iter43		 Improve solution by repack 0.7680892233270625->0.7639102391830153 , unplacedBoxesSize:3
currentRepackCostTime:184.42600000000002s , currentRepackMaxTime:214.37877874186552s
iter4		 Improve solution by repack 0.7639102391830153->0.7635151840902984 , unplacedBoxesSize:3
currentRepackCostTime:184.43200000000002s , currentRepackMaxTime:214.37877874186552s
iter72		 Improve solution by repack 0.7635151840902984->0.7625275463585058 , unplacedBoxesSize:3
currentRepackCostTime:184.55700000000002s , currentRepackMaxTime:214.37877874186552s
iter132		 Improve solution by repack 0.7625275463585058->0.7552123085192153 , unplacedBoxesSize:3
currentRepackCostTime:184.793s , currentRepackMaxTime:214.37877874186552s
iter111		 Improve solution by repack 0.7552123085192153->0.7315627519484009 , unplacedBoxesSize:3
currentRepackCostTime:185.005s , currentRepackMaxTime:214.37877874186552s
iter195		 Improve solution by repack 0.7315627519484009->0.7267454985219027 , unplacedBoxesSize:3
currentRepackCostTime:185.34900000000002s , currentRepackMaxTime:214.37877874186552s
iter32		 Improve solution by repack 0.7267454985219027->0.7265580489115829 , unplacedBoxesSize:3
currentRepackCostTime:185.416s , currentRepackMaxTime:214.37877874186552s
iter2		 Improve solution by repack 0.7265580489115829->0.7255892233270625 , unplacedBoxesSize:4
currentRepackCostTime:185.422s , currentRepackMaxTime:214.37877874186552s
iter50		 Improve solution by repack 0.7255892233270625->0.7122618247782855 , unplacedBoxesSize:3
currentRepackCostTime:185.55s , currentRepackMaxTime:214.37877874186552s
iter2		 Improve solution by repack 0.7122618247782855->0.6843775194840096 , unplacedBoxesSize:2
currentRepackCostTime:185.554s , currentRepackMaxTime:214.37877874186552s
Selecting boards with low utilization for repacking...
iter6		 Improve solution by repack 0.9667538968019349->0.9268476216070949 , unplacedBoxesSize:1
currentRepackCostTime:187.02700000000002s , currentRepackMaxTime:214.37877874186552s
iter11		 Improve solution by repack 0.9268476216070949->0.914692958882021 , unplacedBoxesSize:3
currentRepackCostTime:187.038s , currentRepackMaxTime:214.37877874186552s
iter10		 Improve solution by repack 0.914692958882021->0.6843775194840096 , unplacedBoxesSize:2
currentRepackCostTime:187.054s , currentRepackMaxTime:214.37877874186552s
Selecting boards with low utilization for repacking...
iter2		 Improve solution by repack 0.9672897070679926->0.9349307981725342 , unplacedBoxesSize:5
currentRepackCostTime:188.549s , currentRepackMaxTime:214.37877874186552s
iter4		 Improve solution by repack 0.9349307981725342->0.9319349408761086 , unplacedBoxesSize:4
currentRepackCostTime:188.55700000000002s , currentRepackMaxTime:214.37877874186552s
iter5		 Improve solution by repack 0.9319349408761086->0.758941144853534 , unplacedBoxesSize:3
currentRepackCostTime:188.565s , currentRepackMaxTime:214.37877874186552s
iter19		 Improve solution by repack 0.758941144853534->0.7579535071217415 , unplacedBoxesSize:3
currentRepackCostTime:188.59900000000002s , currentRepackMaxTime:214.37877874186552s
iter28		 Improve solution by repack 0.7579535071217415->0.7569658693899489 , unplacedBoxesSize:3
currentRepackCostTime:188.649s , currentRepackMaxTime:214.37877874186552s
iter236		 Improve solution by repack 0.7569658693899489->0.7317824281107228 , unplacedBoxesSize:4
currentRepackCostTime:189.052s , currentRepackMaxTime:214.37877874186552s
iter1		 Improve solution by repack 0.7317824281107228->0.7289149193765116 , unplacedBoxesSize:4
currentRepackCostTime:189.055s , currentRepackMaxTime:214.37877874186552s
iter1		 Improve solution by repack 0.7289149193765116->0.7137798978769148 , unplacedBoxesSize:3
currentRepackCostTime:189.056s , currentRepackMaxTime:214.37877874186552s
iter22		 Improve solution by repack 0.7137798978769148->0.6843775194840096 , unplacedBoxesSize:2
currentRepackCostTime:189.098s , currentRepackMaxTime:214.37877874186552s
Selecting boards with low utilization for repacking...
iter1		 Improve solution by repack 0.9507350174684225->0.9400483740929858 , unplacedBoxesSize:5
currentRepackCostTime:190.571s , currentRepackMaxTime:214.37877874186552s
iter5		 Improve solution by repack 0.9400483740929858->0.9389377855415211 , unplacedBoxesSize:2
currentRepackCostTime:190.585s , currentRepackMaxTime:214.37877874186552s
iter79		 Improve solution by repack 0.9389377855415211->0.9218923004568664 , unplacedBoxesSize:5
currentRepackCostTime:190.699s , currentRepackMaxTime:214.37877874186552s
iter9		 Improve solution by repack 0.9218923004568664->0.775658089223327 , unplacedBoxesSize:3
currentRepackCostTime:190.727s , currentRepackMaxTime:214.37877874186552s
iter17		 Improve solution by repack 0.775658089223327->0.7591920854608977 , unplacedBoxesSize:3
currentRepackCostTime:190.757s , currentRepackMaxTime:214.37877874186552s
iter35		 Improve solution by repack 0.7591920854608977->0.6843775194840096 , unplacedBoxesSize:2
currentRepackCostTime:190.811s , currentRepackMaxTime:214.37877874186552s
Selecting boards with low utilization for repacking...
iter2		 Improve solution by repack 0.9710353399623757->0.9167999193765117 , unplacedBoxesSize:3
currentRepackCostTime:192.312s , currentRepackMaxTime:214.37877874186552s
iter24		 Improve solution by repack 0.9167999193765117->0.8794020424617038 , unplacedBoxesSize:3
currentRepackCostTime:192.344s , currentRepackMaxTime:214.37877874186552s
iter10		 Improve solution by repack 0.8794020424617038->0.7137798978769148 , unplacedBoxesSize:3
currentRepackCostTime:192.359s , currentRepackMaxTime:214.37877874186552s
iter180		 Improve solution by repack 0.7137798978769148->0.7089626444504166 , unplacedBoxesSize:3
currentRepackCostTime:192.707s , currentRepackMaxTime:214.37877874186552s
iter173		 Improve solution by repack 0.7089626444504166->0.687831228164472 , unplacedBoxesSize:2
currentRepackCostTime:193.031s , currentRepackMaxTime:214.37877874186552s
iter59		 Improve solution by repack 0.687831228164472->0.6870411179790379 , unplacedBoxesSize:2
currentRepackCostTime:193.113s , currentRepackMaxTime:214.37877874186552s
iter920		 Improve solution by repack 0.6870411179790379->0.675783055630207 , unplacedBoxesSize:2
currentRepackCostTime:194.499s , currentRepackMaxTime:214.37877874186552s
Selecting boards with low utilization for repacking...
iter3		 Improve solution by repack 0.9438205455522708->0.9428963988175222 , unplacedBoxesSize:4
currentRepackCostTime:195.989s , currentRepackMaxTime:214.37877874186552s
iter1		 Improve solution by repack 0.9428963988175222->0.926122682074711 , unplacedBoxesSize:4
currentRepackCostTime:195.99s , currentRepackMaxTime:214.37877874186552s
iter7		 Improve solution by repack 0.926122682074711->0.9134439666756249 , unplacedBoxesSize:5
currentRepackCostTime:196.006s , currentRepackMaxTime:214.37877874186552s
iter5		 Improve solution by repack 0.9134439666756249->0.7161881886589626 , unplacedBoxesSize:3
currentRepackCostTime:196.01500000000001s , currentRepackMaxTime:214.37877874186552s
iter9		 Improve solution by repack 0.7161881886589626->0.7135245901639344 , unplacedBoxesSize:3
currentRepackCostTime:196.036s , currentRepackMaxTime:214.37877874186552s
iter554		 Improve solution by repack 0.7135245901639344->0.7122618247782855 , unplacedBoxesSize:3
currentRepackCostTime:196.94400000000002s , currentRepackMaxTime:214.37877874186552s
iter134		 Improve solution by repack 0.7122618247782855->0.6843775194840096 , unplacedBoxesSize:2
currentRepackCostTime:197.216s , currentRepackMaxTime:214.37877874186552s
Selecting boards with low utilization for repacking...
iter2		 Improve solution by repack 0.971991400161247->0.9690677909164204 , unplacedBoxesSize:7
currentRepackCostTime:198.68s , currentRepackMaxTime:214.37877874186552s
iter2		 Improve solution by repack 0.9690677909164204->0.9513732867508734 , unplacedBoxesSize:6
currentRepackCostTime:198.686s , currentRepackMaxTime:214.37877874186552s
iter2		 Improve solution by repack 0.9513732867508734->0.9420212980381618 , unplacedBoxesSize:3
currentRepackCostTime:198.689s , currentRepackMaxTime:214.37877874186552s
iter3		 Improve solution by repack 0.9420212980381618->0.9416823434560602 , unplacedBoxesSize:6
currentRepackCostTime:198.693s , currentRepackMaxTime:214.37877874186552s
iter5		 Improve solution by repack 0.9416823434560602->0.914692958882021 , unplacedBoxesSize:3
currentRepackCostTime:198.707s , currentRepackMaxTime:214.37877874186552s
iter1		 Improve solution by repack 0.914692958882021->0.9115876108572964 , unplacedBoxesSize:4
currentRepackCostTime:198.709s , currentRepackMaxTime:214.37877874186552s
iter30		 Improve solution by repack 0.9115876108572964->0.7122618247782855 , unplacedBoxesSize:3
currentRepackCostTime:198.761s , currentRepackMaxTime:214.37877874186552s
iter464		 Improve solution by repack 0.7122618247782855->0.6843775194840096 , unplacedBoxesSize:2
currentRepackCostTime:199.649s , currentRepackMaxTime:214.37877874186552s
Selecting boards with low utilization for repacking...
iter2		 Improve solution by repack 0.9551844262295082->0.9428963988175222 , unplacedBoxesSize:4
currentRepackCostTime:201.13400000000001s , currentRepackMaxTime:214.37877874186552s
iter3		 Improve solution by repack 0.9428963988175222->0.9268476216070949 , unplacedBoxesSize:1
currentRepackCostTime:201.138s , currentRepackMaxTime:214.37877874186552s
iter6		 Improve solution by repack 0.9268476216070949->0.9212389142703574 , unplacedBoxesSize:4
currentRepackCostTime:201.144s , currentRepackMaxTime:214.37877874186552s
iter10		 Improve solution by repack 0.9212389142703574->0.9191245632894383 , unplacedBoxesSize:3
currentRepackCostTime:201.162s , currentRepackMaxTime:214.37877874186552s
iter4		 Improve solution by repack 0.9191245632894383->0.9171956234883095 , unplacedBoxesSize:5
currentRepackCostTime:201.167s , currentRepackMaxTime:214.37877874186552s
iter4		 Improve solution by repack 0.9171956234883095->0.7697850040311744 , unplacedBoxesSize:2
currentRepackCostTime:201.179s , currentRepackMaxTime:214.37877874186552s
iter34		 Improve solution by repack 0.7697850040311744->0.7323720102123085 , unplacedBoxesSize:3
currentRepackCostTime:201.232s , currentRepackMaxTime:214.37877874186552s
Selecting boards with low utilization for repacking...
iter3		 Improve solution by repack 0.972512765385649->0.9658163128191346 , unplacedBoxesSize:7
currentRepackCostTime:203.065s , currentRepackMaxTime:214.37877874186552s
iter1		 Improve solution by repack 0.9658163128191346->0.9630223730180059 , unplacedBoxesSize:5
currentRepackCostTime:203.067s , currentRepackMaxTime:214.37877874186552s
iter1		 Improve solution by repack 0.9630223730180059->0.7921610454178983 , unplacedBoxesSize:3
currentRepackCostTime:203.07s , currentRepackMaxTime:214.37877874186552s
iter34		 Improve solution by repack 0.7921610454178983->0.7471439129266326 , unplacedBoxesSize:3
currentRepackCostTime:203.123s , currentRepackMaxTime:214.37877874186552s
iter2		 Improve solution by repack 0.7471439129266326->0.7418785272776135 , unplacedBoxesSize:3
currentRepackCostTime:203.127s , currentRepackMaxTime:214.37877874186552s
iter7		 Improve solution by repack 0.7418785272776135->0.7408908895458209 , unplacedBoxesSize:3
currentRepackCostTime:203.138s , currentRepackMaxTime:214.37877874186552s
iter100		 Improve solution by repack 0.7408908895458209->0.7358861865090031 , unplacedBoxesSize:3
currentRepackCostTime:203.31s , currentRepackMaxTime:214.37877874186552s
iter32		 Improve solution by repack 0.7358861865090031->0.7248159097016931 , unplacedBoxesSize:3
currentRepackCostTime:203.371s , currentRepackMaxTime:214.37877874186552s
iter44		 Improve solution by repack 0.7248159097016931->0.7123031443160441 , unplacedBoxesSize:2
currentRepackCostTime:203.446s , currentRepackMaxTime:214.37877874186552s
Selecting boards with low utilization for repacking...
iter2		 Improve solution by repack 0.9753809459822628->0.9750073904864284 , unplacedBoxesSize:6
currentRepackCostTime:204.848s , currentRepackMaxTime:214.37877874186552s
iter1		 Improve solution by repack 0.9750073904864284->0.9717851384036549 , unplacedBoxesSize:7
currentRepackCostTime:204.852s , currentRepackMaxTime:214.37877874186552s
iter2		 Improve solution by repack 0.9717851384036549->0.9711838215533458 , unplacedBoxesSize:7
currentRepackCostTime:204.857s , currentRepackMaxTime:214.37877874186552s
iter1		 Improve solution by repack 0.9711838215533458->0.9621754904595539 , unplacedBoxesSize:7
currentRepackCostTime:204.859s , currentRepackMaxTime:214.37877874186552s
iter3		 Improve solution by repack 0.9621754904595539->0.9493187315237839 , unplacedBoxesSize:6
currentRepackCostTime:204.866s , currentRepackMaxTime:214.37877874186552s
iter2		 Improve solution by repack 0.9493187315237839->0.9483310937919914 , unplacedBoxesSize:6
currentRepackCostTime:204.869s , currentRepackMaxTime:214.37877874186552s
iter25		 Improve solution by repack 0.9483310937919914->0.9442824509540446 , unplacedBoxesSize:6
currentRepackCostTime:204.93200000000002s , currentRepackMaxTime:214.37877874186552s
iter14		 Improve solution by repack 0.9442824509540446->0.9262429226014511 , unplacedBoxesSize:4
currentRepackCostTime:204.96800000000002s , currentRepackMaxTime:214.37877874186552s
iter2		 Improve solution by repack 0.9262429226014511->0.9103177909164203 , unplacedBoxesSize:3
currentRepackCostTime:204.971s , currentRepackMaxTime:214.37877874186552s
iter31		 Improve solution by repack 0.9103177909164203->0.7992068664337544 , unplacedBoxesSize:3
currentRepackCostTime:205.02100000000002s , currentRepackMaxTime:214.37877874186552s
iter49		 Improve solution by repack 0.7992068664337544->0.7961015184090298 , unplacedBoxesSize:4
currentRepackCostTime:205.114s , currentRepackMaxTime:214.37877874186552s
iter4		 Improve solution by repack 0.7961015184090298->0.7682172131147541 , unplacedBoxesSize:3
currentRepackCostTime:205.124s , currentRepackMaxTime:214.37877874186552s
iter32		 Improve solution by repack 0.7682172131147541->0.7629954985219027 , unplacedBoxesSize:3
currentRepackCostTime:205.186s , currentRepackMaxTime:214.37877874186552s
iter157		 Improve solution by repack 0.7629954985219027->0.7606611126041386 , unplacedBoxesSize:3
currentRepackCostTime:205.473s , currentRepackMaxTime:214.37877874186552s
iter296		 Improve solution by repack 0.7606611126041386->0.7481483472184897 , unplacedBoxesSize:2
currentRepackCostTime:206.013s , currentRepackMaxTime:214.37877874186552s
Selecting boards with low utilization for repacking...
iter3		 Improve solution by repack 0.9420212980381618->0.9285578473528621 , unplacedBoxesSize:8
currentRepackCostTime:207.374s , currentRepackMaxTime:214.37877874186552s
iter1		 Improve solution by repack 0.9285578473528621->0.8023246439129266 , unplacedBoxesSize:5
currentRepackCostTime:207.37800000000001s , currentRepackMaxTime:214.37877874186552s
iter3		 Improve solution by repack 0.8023246439129266->0.7915399086267132 , unplacedBoxesSize:5
currentRepackCostTime:207.383s , currentRepackMaxTime:214.37877874186552s
iter1		 Improve solution by repack 0.7915399086267132->0.7894544477291051 , unplacedBoxesSize:5
currentRepackCostTime:207.38400000000001s , currentRepackMaxTime:214.37877874186552s
iter4		 Improve solution by repack 0.7894544477291051->0.7760326525127654 , unplacedBoxesSize:3
currentRepackCostTime:207.392s , currentRepackMaxTime:214.37877874186552s
iter9		 Improve solution by repack 0.7760326525127654->0.7481483472184897 , unplacedBoxesSize:2
currentRepackCostTime:207.41s , currentRepackMaxTime:214.37877874186552s
iter880		 Improve solution by repack 0.7481483472184897->0.7367837718355281 , unplacedBoxesSize:3
currentRepackCostTime:208.608s , currentRepackMaxTime:214.37877874186552s
iter4		 Improve solution by repack 0.7367837718355281->0.7216487503359311 , unplacedBoxesSize:2
currentRepackCostTime:208.614s , currentRepackMaxTime:214.37877874186552s
iter62		 Improve solution by repack 0.7216487503359311->0.7202227223864552 , unplacedBoxesSize:2
currentRepackCostTime:208.716s , currentRepackMaxTime:214.37877874186552s
Selecting boards with low utilization for repacking...
iter5		 Improve solution by repack 0.9756584251545283->0.951472386455254 , unplacedBoxesSize:9
currentRepackCostTime:210.208s , currentRepackMaxTime:214.37877874186552s
iter1		 Improve solution by repack 0.951472386455254->0.940911717280301 , unplacedBoxesSize:4
currentRepackCostTime:210.211s , currentRepackMaxTime:214.37877874186552s
iter5		 Improve solution by repack 0.940911717280301->0.9391339693630745 , unplacedBoxesSize:4
currentRepackCostTime:210.225s , currentRepackMaxTime:214.37877874186552s
iter5		 Improve solution by repack 0.9391339693630745->0.93602862133835 , unplacedBoxesSize:5
currentRepackCostTime:210.237s , currentRepackMaxTime:214.37877874186552s
iter6		 Improve solution by repack 0.93602862133835->0.9081443160440741 , unplacedBoxesSize:4
currentRepackCostTime:210.251s , currentRepackMaxTime:214.37877874186552s
iter3		 Improve solution by repack 0.9081443160440741->0.9079696318194033 , unplacedBoxesSize:4
currentRepackCostTime:210.256s , currentRepackMaxTime:214.37877874186552s
iter3		 Improve solution by repack 0.9079696318194033->0.8084711771029294 , unplacedBoxesSize:6
currentRepackCostTime:210.262s , currentRepackMaxTime:214.37877874186552s
iter9		 Improve solution by repack 0.8084711771029294->0.8020837812416017 , unplacedBoxesSize:6
currentRepackCostTime:210.278s , currentRepackMaxTime:214.37877874186552s
iter5		 Improve solution by repack 0.8020837812416017->0.7871670921795215 , unplacedBoxesSize:6
currentRepackCostTime:210.29s , currentRepackMaxTime:214.37877874186552s
iter6		 Improve solution by repack 0.7871670921795215->0.7572325987637731 , unplacedBoxesSize:5
currentRepackCostTime:210.305s , currentRepackMaxTime:214.37877874186552s
iter25		 Improve solution by repack 0.7572325987637731->0.7481483472184897 , unplacedBoxesSize:2
currentRepackCostTime:210.368s , currentRepackMaxTime:214.37877874186552s
iter959		 Improve solution by repack 0.7481483472184897->0.7401874496103198 , unplacedBoxesSize:3
currentRepackCostTime:211.69s , currentRepackMaxTime:214.37877874186552s
iter5		 Improve solution by repack 0.7401874496103198->0.7267454985219027 , unplacedBoxesSize:3
currentRepackCostTime:211.701s , currentRepackMaxTime:214.37877874186552s
iter5		 Improve solution by repack 0.7267454985219027->0.7210934560601989 , unplacedBoxesSize:3
currentRepackCostTime:211.709s , currentRepackMaxTime:214.37877874186552s
iter16		 Improve solution by repack 0.7210934560601989->0.7178221580220371 , unplacedBoxesSize:3
currentRepackCostTime:211.739s , currentRepackMaxTime:214.37877874186552s
iter5		 Improve solution by repack 0.7178221580220371->0.7154877721042731 , unplacedBoxesSize:3
currentRepackCostTime:211.749s , currentRepackMaxTime:214.37877874186552s
iter263		 Improve solution by repack 0.7154877721042731->0.7123031443160441 , unplacedBoxesSize:2
currentRepackCostTime:212.241s , currentRepackMaxTime:214.37877874186552s
Selecting boards with low utilization for repacking...
iter3		 Improve solution by repack 0.9786522440204247->0.8610595270088686 , unplacedBoxesSize:4
currentRepackCostTime:213.714s , currentRepackMaxTime:214.37877874186552s
iter29		 Improve solution by repack 0.8610595270088686->0.8489552539639882 , unplacedBoxesSize:4
currentRepackCostTime:213.769s , currentRepackMaxTime:214.37877874186552s
iter7		 Improve solution by repack 0.8489552539639882->0.8434829346949745 , unplacedBoxesSize:3
currentRepackCostTime:213.782s , currentRepackMaxTime:214.37877874186552s
iter77		 Improve solution by repack 0.8434829346949745->0.8426928245095405 , unplacedBoxesSize:3
currentRepackCostTime:213.909s , currentRepackMaxTime:214.37877874186552s
iter13		 Improve solution by repack 0.8426928245095405->0.7481483472184897 , unplacedBoxesSize:2
currentRepackCostTime:213.928s , currentRepackMaxTime:214.37877874186552s
