total number of nestable workpieces：517
Processing color group: 0 (1/2), boxes: 507
Allocated time: 588.4s
searchTime: 1000
Start nesting on the 1th large board, remaining blocks count: 85
Utilization of the 1th large board: 94.7826525127654, Time taken for this board: 0.373s
-------------------------------------------------------------------
Start nesting on the 2th large board, remaining blocks count: 85
Utilization of the 2th large board: 94.7826525127654, Time taken for this board: 0.562s
-------------------------------------------------------------------
Start nesting on the 3th large board, remaining blocks count: 84
Utilization of the 3th large board: 94.09691615157215, Time taken for this board: 0.763s
-------------------------------------------------------------------
Start nesting on the 4th large board, remaining blocks count: 84
Utilization of the 4th large board: 94.09691615157215, Time taken for this board: 0.963s
-------------------------------------------------------------------
Start nesting on the 5th large board, remaining blocks count: 81
Utilization of the 5th large board: 93.37338753023381, Time taken for this board: 1.222s
-------------------------------------------------------------------
Start nesting on the 6th large board, remaining blocks count: 81
Utilization of the 6th large board: 93.37338753023381, Time taken for this board: 1.49s
-------------------------------------------------------------------
Start nesting on the 7th large board, remaining blocks count: 81
Utilization of the 7th large board: 93.37338753023381, Time taken for this board: 1.744s
-------------------------------------------------------------------
Start nesting on the 8th large board, remaining blocks count: 81
Utilization of the 8th large board: 93.37338753023381, Time taken for this board: 2.009s
-------------------------------------------------------------------
Start nesting on the 9th large board, remaining blocks count: 79
Utilization of the 9th large board: 92.3783593120129, Time taken for this board: 2.2840000000000003s
-------------------------------------------------------------------
Start nesting on the 10th large board, remaining blocks count: 79
Utilization of the 10th large board: 92.3783593120129, Time taken for this board: 2.557s
-------------------------------------------------------------------
Start nesting on the 11th large board, remaining blocks count: 79
Utilization of the 11th large board: 92.3783593120129, Time taken for this board: 2.833s
-------------------------------------------------------------------
Start nesting on the 12th large board, remaining blocks count: 79
Utilization of the 12th large board: 92.3783593120129, Time taken for this board: 3.102s
-------------------------------------------------------------------
Start nesting on the 13th large board, remaining blocks count: 78
Utilization of the 13th large board: 95.90807242676699, Time taken for this board: 3.41s
-------------------------------------------------------------------
Start nesting on the 14th large board, remaining blocks count: 78
Utilization of the 14th large board: 95.90807242676699, Time taken for this board: 3.714s
-------------------------------------------------------------------
Start nesting on the 15th large board, remaining blocks count: 77
Utilization of the 15th large board: 84.02939398011287, Time taken for this board: 4.017s
-------------------------------------------------------------------
Start nesting on the 16th large board, remaining blocks count: 77
Utilization of the 16th large board: 84.02939398011287, Time taken for this board: 4.3180000000000005s
-------------------------------------------------------------------
Start nesting on the 17th large board, remaining blocks count: 76
Utilization of the 17th large board: 95.48681470034936, Time taken for this board: 4.638s
-------------------------------------------------------------------
Start nesting on the 18th large board, remaining blocks count: 76
Utilization of the 18th large board: 95.48681470034936, Time taken for this board: 4.957s
-------------------------------------------------------------------
Start nesting on the 19th large board, remaining blocks count: 75
Utilization of the 19th large board: 95.77870532115023, Time taken for this board: 5.291s
-------------------------------------------------------------------
Start nesting on the 20th large board, remaining blocks count: 75
Utilization of the 20th large board: 95.77870532115023, Time taken for this board: 5.6240000000000006s
-------------------------------------------------------------------
Start nesting on the 21th large board, remaining blocks count: 72
Utilization of the 21th large board: 95.91712577264175, Time taken for this board: 5.849s
-------------------------------------------------------------------
Start nesting on the 22th large board, remaining blocks count: 70
Utilization of the 22th large board: 95.64057041117978, Time taken for this board: 6.0680000000000005s
-------------------------------------------------------------------
Start nesting on the 23th large board, remaining blocks count: 69
Utilization of the 23th large board: 95.20075248589089, Time taken for this board: 6.378s
-------------------------------------------------------------------
Start nesting on the 24th large board, remaining blocks count: 69
Utilization of the 24th large board: 95.20075248589089, Time taken for this board: 6.683s
-------------------------------------------------------------------
Start nesting on the 25th large board, remaining blocks count: 69
Utilization of the 25th large board: 95.20075248589089, Time taken for this board: 6.989s
-------------------------------------------------------------------
Start nesting on the 26th large board, remaining blocks count: 69
Utilization of the 26th large board: 95.20075248589089, Time taken for this board: 7.297s
-------------------------------------------------------------------
Start nesting on the 27th large board, remaining blocks count: 69
Utilization of the 27th large board: 95.20075248589089, Time taken for this board: 7.603s
-------------------------------------------------------------------
Start nesting on the 28th large board, remaining blocks count: 69
Utilization of the 28th large board: 94.97759338887396, Time taken for this board: 7.913s
-------------------------------------------------------------------
Start nesting on the 29th large board, remaining blocks count: 66
Utilization of the 29th large board: 96.223175893577, Time taken for this board: 8.127s
-------------------------------------------------------------------
Start nesting on the 30th large board, remaining blocks count: 65
Utilization of the 30th large board: 97.87232934694974, Time taken for this board: 8.346s
-------------------------------------------------------------------
Start nesting on the 31th large board, remaining blocks count: 62
Utilization of the 31th large board: 97.71758263907552, Time taken for this board: 8.472s
-------------------------------------------------------------------
Start nesting on the 32th large board, remaining blocks count: 59
Utilization of the 32th large board: 97.35857296425692, Time taken for this board: 8.629s
-------------------------------------------------------------------
Start nesting on the 33th large board, remaining blocks count: 59
Utilization of the 33th large board: 97.30282518140285, Time taken for this board: 8.777000000000001s
-------------------------------------------------------------------
Start nesting on the 34th large board, remaining blocks count: 56
Utilization of the 34th large board: 94.7235118247783, Time taken for this board: 8.912s
-------------------------------------------------------------------
Start nesting on the 35th large board, remaining blocks count: 54
Utilization of the 35th large board: 95.63959621069606, Time taken for this board: 9.063s
-------------------------------------------------------------------
Start nesting on the 36th large board, remaining blocks count: 50
Utilization of the 36th large board: 95.4492743886052, Time taken for this board: 9.194s
-------------------------------------------------------------------
Start nesting on the 37th large board, remaining blocks count: 50
Utilization of the 37th large board: 95.4492743886052, Time taken for this board: 9.328s
-------------------------------------------------------------------
Start nesting on the 38th large board, remaining blocks count: 50
Utilization of the 38th large board: 95.09916689062081, Time taken for this board: 9.46s
-------------------------------------------------------------------
Start nesting on the 39th large board, remaining blocks count: 48
Utilization of the 39th large board: 92.74966406879871, Time taken for this board: 9.538s
-------------------------------------------------------------------
Start nesting on the 40th large board, remaining blocks count: 44
Utilization of the 40th large board: 92.17764041924214, Time taken for this board: 9.603s
-------------------------------------------------------------------
Start nesting on the 41th large board, remaining blocks count: 44
Utilization of the 41th large board: 92.17764041924214, Time taken for this board: 9.67s
-------------------------------------------------------------------
Start nesting on the 42th large board, remaining blocks count: 44
Utilization of the 42th large board: 89.98525262026338, Time taken for this board: 9.722s
-------------------------------------------------------------------
Start nesting on the 43th large board, remaining blocks count: 42
Utilization of the 43th large board: 98.00041991400163, Time taken for this board: 9.759s
-------------------------------------------------------------------
Start nesting on the 44th large board, remaining blocks count: 41
Utilization of the 44th large board: 84.99291185165278, Time taken for this board: 9.783s
-------------------------------------------------------------------
Start nesting on the 45th large board, remaining blocks count: 41
Utilization of the 45th large board: 84.99291185165278, Time taken for this board: 9.807s
-------------------------------------------------------------------
Start nesting on the 46th large board, remaining blocks count: 41
Utilization of the 46th large board: 84.99291185165278, Time taken for this board: 9.831s
-------------------------------------------------------------------
Start nesting on the 47th large board, remaining blocks count: 39
Utilization of the 47th large board: 83.62444571351787, Time taken for this board: 9.856s
-------------------------------------------------------------------
Start nesting on the 48th large board, remaining blocks count: 39
Utilization of the 48th large board: 83.62444571351787, Time taken for this board: 9.88s
-------------------------------------------------------------------
Start nesting on the 49th large board, remaining blocks count: 37
Utilization of the 49th large board: 83.55563020693361, Time taken for this board: 9.904s
-------------------------------------------------------------------
Start nesting on the 50th large board, remaining blocks count: 33
Utilization of the 50th large board: 83.17854743348562, Time taken for this board: 9.925s
-------------------------------------------------------------------
Start nesting on the 51th large board, remaining blocks count: 31
Utilization of the 51th large board: 82.9526840902983, Time taken for this board: 9.934000000000001s
-------------------------------------------------------------------
Start nesting on the 52th large board, remaining blocks count: 27
Utilization of the 52th large board: 82.62469766191884, Time taken for this board: 9.941s
-------------------------------------------------------------------
Start nesting on the 53th large board, remaining blocks count: 27
Utilization of the 53th large board: 82.62469766191884, Time taken for this board: 9.949s
-------------------------------------------------------------------
Start nesting on the 54th large board, remaining blocks count: 25
Utilization of the 54th large board: 82.60847218489653, Time taken for this board: 9.956s
-------------------------------------------------------------------
Start nesting on the 55th large board, remaining blocks count: 23
Utilization of the 55th large board: 82.49220639613007, Time taken for this board: 9.964s
-------------------------------------------------------------------
Start nesting on the 56th large board, remaining blocks count: 21
Utilization of the 56th large board: 82.48889747379737, Time taken for this board: 9.969s
-------------------------------------------------------------------
Start nesting on the 57th large board, remaining blocks count: 20
Utilization of the 57th large board: 97.01200954044612, Time taken for this board: 9.976s
-------------------------------------------------------------------
Start nesting on the 58th large board, remaining blocks count: 20
Utilization of the 58th large board: 97.01200954044612, Time taken for this board: 9.982000000000001s
-------------------------------------------------------------------
Start nesting on the 59th large board, remaining blocks count: 16
Utilization of the 59th large board: 96.81107229239453, Time taken for this board: 9.984s
-------------------------------------------------------------------
Start nesting on the 60th large board, remaining blocks count: 16
Utilization of the 60th large board: 96.81107229239453, Time taken for this board: 9.987s
-------------------------------------------------------------------
Start nesting on the 61th large board, remaining blocks count: 16
Utilization of the 61th large board: 96.81107229239453, Time taken for this board: 9.989s
-------------------------------------------------------------------
Start nesting on the 62th large board, remaining blocks count: 16
Utilization of the 62th large board: 95.6118482934695, Time taken for this board: 9.992s
-------------------------------------------------------------------
Start nesting on the 63th large board, remaining blocks count: 14
Utilization of the 63th large board: 93.82628997581295, Time taken for this board: 9.994s
-------------------------------------------------------------------
Start nesting on the 64th large board, remaining blocks count: 12
Utilization of the 64th large board: 92.95985622144585, Time taken for this board: 9.996s
-------------------------------------------------------------------
Start nesting on the 65th large board, remaining blocks count: 12
Utilization of the 65th large board: 95.4560937919914, Time taken for this board: 9.998s
-------------------------------------------------------------------
Start nesting on the 66th large board, remaining blocks count: 12
Utilization of the 66th large board: 95.44507524858908, Time taken for this board: 10.001s
-------------------------------------------------------------------
Start nesting on the 67th large board, remaining blocks count: 8
Utilization of the 67th large board: 89.70394383230315, Time taken for this board: 10.001s
-------------------------------------------------------------------
Start nesting on the 68th large board, remaining blocks count: 6
Utilization of the 68th large board: 87.01474737973662, Time taken for this board: 10.002s
-------------------------------------------------------------------
Start nesting on the 69th large board, remaining blocks count: 6
Utilization of the 69th large board: 87.01474737973662, Time taken for this board: 10.003s
-------------------------------------------------------------------
Start nesting on the 70th large board, remaining blocks count: 6
Utilization of the 70th large board: 82.54309997312549, Time taken for this board: 10.003s
-------------------------------------------------------------------
Start nesting on the 71th large board, remaining blocks count: 6
Utilization of the 71th large board: 82.54309997312549, Time taken for this board: 10.004s
-------------------------------------------------------------------
Start nesting on the 72th large board, remaining blocks count: 6
Utilization of the 72th large board: 82.54309997312549, Time taken for this board: 10.004s
-------------------------------------------------------------------
Start nesting on the 73th large board, remaining blocks count: 6
Utilization of the 73th large board: 82.54309997312549, Time taken for this board: 10.005s
-------------------------------------------------------------------
Start nesting on the 74th large board, remaining blocks count: 6
Utilization of the 74th large board: 82.54309997312549, Time taken for this board: 10.005s
-------------------------------------------------------------------
Start nesting on the 75th large board, remaining blocks count: 6
Utilization of the 75th large board: 82.54309997312549, Time taken for this board: 10.006s
-------------------------------------------------------------------
Start nesting on the 76th large board, remaining blocks count: 6
Utilization of the 76th large board: 78.85235823703306, Time taken for this board: 10.006s
-------------------------------------------------------------------
Start nesting on the 77th large board, remaining blocks count: 2
Utilization of the 77th large board: 72.43476216070948, Time taken for this board: 10.006s
-------------------------------------------------------------------
Found solution: 77


Start improving solution by repacking.
Selecting boards with low utilization for repacking...
iter3		 Improve solution by repack 0.7243476216070949->0.6585766595001344 , unplacedBoxesSize:3
currentRepackCostTime:0.021s , currentRepackMaxTime:578.386584139265s
iter4		 Improve solution by repack 0.6585766595001344->0.6391789841440473 , unplacedBoxesSize:3
currentRepackCostTime:0.047s , currentRepackMaxTime:578.386584139265s
iter3		 Improve solution by repack 0.6391789841440473->0.6335988309594196 , unplacedBoxesSize:3
currentRepackCostTime:0.055s , currentRepackMaxTime:578.386584139265s
iter1		 Improve solution by repack 0.6335988309594196->0.5988763101316851 , unplacedBoxesSize:3
currentRepackCostTime:0.058s , currentRepackMaxTime:578.386584139265s
iter7		 Improve solution by repack 0.5988763101316851->0.5797902109647944 , unplacedBoxesSize:3
currentRepackCostTime:0.096s , currentRepackMaxTime:578.386584139265s
iter1		 Improve solution by repack 0.5797902109647944->0.5698059997312551 , unplacedBoxesSize:5
currentRepackCostTime:0.101s , currentRepackMaxTime:578.386584139265s
iter10		 Improve solution by repack 0.5698059997312551->0.5416776404192422 , unplacedBoxesSize:3
currentRepackCostTime:0.15s , currentRepackMaxTime:578.386584139265s
iter2		 Improve solution by repack 0.5416776404192422->0.5411794544477291 , unplacedBoxesSize:3
currentRepackCostTime:0.156s , currentRepackMaxTime:578.386584139265s
iter11		 Improve solution by repack 0.5411794544477291->0.5113343187315238 , unplacedBoxesSize:3
currentRepackCostTime:0.195s , currentRepackMaxTime:578.386584139265s
iter1		 Improve solution by repack 0.5113343187315238->0.5033038833646869 , unplacedBoxesSize:5
currentRepackCostTime:0.20500000000000002s , currentRepackMaxTime:578.386584139265s
iter4		 Improve solution by repack 0.5033038833646869->0.4342176162321956 , unplacedBoxesSize:4
currentRepackCostTime:0.218s , currentRepackMaxTime:578.386584139265s
iter1		 Improve solution by repack 0.4342176162321956->0.428886723998925 , unplacedBoxesSize:3
currentRepackCostTime:0.22s , currentRepackMaxTime:578.386584139265s
iter29		 Improve solution by repack 0.428886723998925->0.41575315775329214 , unplacedBoxesSize:3
currentRepackCostTime:0.328s , currentRepackMaxTime:578.386584139265s
iter5		 Improve solution by repack 0.41575315775329214->0.39198602526202636 , unplacedBoxesSize:3
currentRepackCostTime:0.34400000000000003s , currentRepackMaxTime:578.386584139265s
iter1		 Improve solution by repack 0.39198602526202636->0.3889072158022037 , unplacedBoxesSize:4
currentRepackCostTime:0.34700000000000003s , currentRepackMaxTime:578.386584139265s
iter1		 Improve solution by repack 0.3889072158022037->0.3871907753292126 , unplacedBoxesSize:5
currentRepackCostTime:0.355s , currentRepackMaxTime:578.386584139265s
iter2		 Improve solution by repack 0.3871907753292126->0.3630573098629401 , unplacedBoxesSize:3
currentRepackCostTime:0.374s , currentRepackMaxTime:578.386584139265s
iter2		 Improve solution by repack 0.3630573098629401->0.33806638000537487 , unplacedBoxesSize:3
currentRepackCostTime:0.382s , currentRepackMaxTime:578.386584139265s
iter3		 Improve solution by repack 0.33806638000537487->0.23907585326525127 , unplacedBoxesSize:1
currentRepackCostTime:0.392s , currentRepackMaxTime:578.386584139265s
iter13		 Improve solution by repack 0.23907585326525127->0.22598175893576994 , unplacedBoxesSize:3
currentRepackCostTime:0.459s , currentRepackMaxTime:578.386584139265s
iter3		 Improve solution by repack 0.22598175893576994->0.20995061811341037 , unplacedBoxesSize:3
currentRepackCostTime:0.47800000000000004s , currentRepackMaxTime:578.386584139265s
iter3		 Improve solution by repack 0.20995061811341037->0.2074865627519484 , unplacedBoxesSize:2
currentRepackCostTime:0.494s , currentRepackMaxTime:578.386584139265s
iter3		 Improve solution by repack 0.2074865627519484->0.17430395055092715 , unplacedBoxesSize:1
currentRepackCostTime:0.508s , currentRepackMaxTime:578.386584139265s
iter2		 Improve solution by repack 0.17430395055092715->0.15127889008331094 , unplacedBoxesSize:2
currentRepackCostTime:0.526s , currentRepackMaxTime:578.386584139265s
iter2		 Improve solution by repack 0.15127889008331094->0.14920048374092987 , unplacedBoxesSize:2
currentRepackCostTime:0.537s , currentRepackMaxTime:578.386584139265s
iter2		 Improve solution by repack 0.14920048374092987->0.1158142972319269 , unplacedBoxesSize:1
currentRepackCostTime:0.542s , currentRepackMaxTime:578.386584139265s
iter25		 Improve solution by repack 0.1158142972319269->0.103897137866165 , unplacedBoxesSize:1
currentRepackCostTime:0.666s , currentRepackMaxTime:578.386584139265s
iter1		 Improve solution by repack 0.103897137866165->0.08745532115022844 , unplacedBoxesSize:1
currentRepackCostTime:0.671s , currentRepackMaxTime:578.386584139265s
iter9		 Improve solution by repack 0.08745532115022844->0.06908626713249127 , unplacedBoxesSize:1
currentRepackCostTime:0.717s , currentRepackMaxTime:578.386584139265s
iter10		 Improve solution by repack 0.06908626713249127->0.06352593388873959 , unplacedBoxesSize:1
currentRepackCostTime:0.768s , currentRepackMaxTime:578.386584139265s
iter1		 Improve solution by repack 0.06352593388873959->0.0 , unplacedBoxesSize:0
currentRepackCostTime:0.771s , currentRepackMaxTime:578.386584139265s
Improved success.
Found solution 76
Start improving solution by repacking.
Selecting boards with low utilization for repacking...
iter4		 Improve solution by repack 0.8249220639613007->0.8190053077129803 , unplacedBoxesSize:6
currentRepackCostTime:0.026000000000000002s , currentRepackMaxTime:577.6145841392649s
iter5		 Improve solution by repack 0.8190053077129803->0.7612827532921257 , unplacedBoxesSize:4
currentRepackCostTime:0.056s , currentRepackMaxTime:577.6145841392649s
iter8		 Improve solution by repack 0.7612827532921257->0.7506137463047567 , unplacedBoxesSize:4
currentRepackCostTime:0.091s , currentRepackMaxTime:577.6145841392649s
iter7		 Improve solution by repack 0.7506137463047567->0.714690607363612 , unplacedBoxesSize:4
currentRepackCostTime:0.116s , currentRepackMaxTime:577.6145841392649s
iter10		 Improve solution by repack 0.714690607363612->0.6941900698736898 , unplacedBoxesSize:3
currentRepackCostTime:0.148s , currentRepackMaxTime:577.6145841392649s
iter22		 Improve solution by repack 0.6941900698736898->0.6474620397742542 , unplacedBoxesSize:3
currentRepackCostTime:0.226s , currentRepackMaxTime:577.6145841392649s
iter14		 Improve solution by repack 0.6474620397742542->0.6117619591507659 , unplacedBoxesSize:3
currentRepackCostTime:0.281s , currentRepackMaxTime:577.6145841392649s
iter5		 Improve solution by repack 0.6117619591507659->0.5939660037624295 , unplacedBoxesSize:3
currentRepackCostTime:0.298s , currentRepackMaxTime:577.6145841392649s
iter6		 Improve solution by repack 0.5939660037624295->0.5490808922332706 , unplacedBoxesSize:4
currentRepackCostTime:0.337s , currentRepackMaxTime:577.6145841392649s
iter3		 Improve solution by repack 0.5490808922332706->0.5472379736629938 , unplacedBoxesSize:3
currentRepackCostTime:0.35000000000000003s , currentRepackMaxTime:577.6145841392649s
iter8		 Improve solution by repack 0.5472379736629938->0.5449240795485084 , unplacedBoxesSize:4
currentRepackCostTime:0.38s , currentRepackMaxTime:577.6145841392649s
iter7		 Improve solution by repack 0.5449240795485084->0.544516930932545 , unplacedBoxesSize:4
currentRepackCostTime:0.40900000000000003s , currentRepackMaxTime:577.6145841392649s
iter2		 Improve solution by repack 0.544516930932545->0.5411794544477291 , unplacedBoxesSize:3
currentRepackCostTime:0.419s , currentRepackMaxTime:577.6145841392649s
iter11		 Improve solution by repack 0.5411794544477291->0.5351978634775598 , unplacedBoxesSize:4
currentRepackCostTime:0.47600000000000003s , currentRepackMaxTime:577.6145841392649s
iter10		 Improve solution by repack 0.5351978634775598->0.5265407484547165 , unplacedBoxesSize:3
currentRepackCostTime:0.529s , currentRepackMaxTime:577.6145841392649s
iter1		 Improve solution by repack 0.5265407484547165->0.5160434023112067 , unplacedBoxesSize:4
currentRepackCostTime:0.534s , currentRepackMaxTime:577.6145841392649s
iter5		 Improve solution by repack 0.5160434023112067->0.5156412926632625 , unplacedBoxesSize:5
currentRepackCostTime:0.558s , currentRepackMaxTime:577.6145841392649s
iter2		 Improve solution by repack 0.5156412926632625->0.47815170653050254 , unplacedBoxesSize:2
currentRepackCostTime:0.5670000000000001s , currentRepackMaxTime:577.6145841392649s
iter14		 Improve solution by repack 0.47815170653050254->0.4735618785272776 , unplacedBoxesSize:4
currentRepackCostTime:0.626s , currentRepackMaxTime:577.6145841392649s
iter1		 Improve solution by repack 0.4735618785272776->0.4420468288094598 , unplacedBoxesSize:3
currentRepackCostTime:0.632s , currentRepackMaxTime:577.6145841392649s
iter1		 Improve solution by repack 0.4420468288094598->0.4179178984144047 , unplacedBoxesSize:3
currentRepackCostTime:0.637s , currentRepackMaxTime:577.6145841392649s
iter2		 Improve solution by repack 0.4179178984144047->0.4038556503628057 , unplacedBoxesSize:3
currentRepackCostTime:0.643s , currentRepackMaxTime:577.6145841392649s
iter9		 Improve solution by repack 0.4038556503628057->0.3993820545552271 , unplacedBoxesSize:3
currentRepackCostTime:0.6960000000000001s , currentRepackMaxTime:577.6145841392649s
iter1		 Improve solution by repack 0.3993820545552271->0.38389411448535343 , unplacedBoxesSize:2
currentRepackCostTime:0.7010000000000001s , currentRepackMaxTime:577.6145841392649s
iter6		 Improve solution by repack 0.38389411448535343->0.3811299045955388 , unplacedBoxesSize:4
currentRepackCostTime:0.717s , currentRepackMaxTime:577.6145841392649s
iter2		 Improve solution by repack 0.3811299045955388->0.35489015049717815 , unplacedBoxesSize:2
currentRepackCostTime:0.724s , currentRepackMaxTime:577.6145841392649s
iter21		 Improve solution by repack 0.35489015049717815->0.34605381617844666 , unplacedBoxesSize:4
currentRepackCostTime:0.791s , currentRepackMaxTime:577.6145841392649s
iter3		 Improve solution by repack 0.34605381617844666->0.3335781711905402 , unplacedBoxesSize:4
currentRepackCostTime:0.8130000000000001s , currentRepackMaxTime:577.6145841392649s
iter2		 Improve solution by repack 0.3335781711905402->0.33313910911045413 , unplacedBoxesSize:5
currentRepackCostTime:0.8290000000000001s , currentRepackMaxTime:577.6145841392649s
iter1		 Improve solution by repack 0.33313910911045413->0.31053547433485623 , unplacedBoxesSize:3
currentRepackCostTime:0.838s , currentRepackMaxTime:577.6145841392649s
iter1		 Improve solution by repack 0.31053547433485623->0.2724620397742542 , unplacedBoxesSize:2
currentRepackCostTime:0.844s , currentRepackMaxTime:577.6145841392649s
iter1		 Improve solution by repack 0.2724620397742542->0.2722584654662725 , unplacedBoxesSize:2
currentRepackCostTime:0.854s , currentRepackMaxTime:577.6145841392649s
iter20		 Improve solution by repack 0.2722584654662725->0.23907585326525127 , unplacedBoxesSize:1
currentRepackCostTime:0.962s , currentRepackMaxTime:577.6145841392649s
iter375		 Improve solution by repack 0.23907585326525127->0.23653890083310938 , unplacedBoxesSize:2
currentRepackCostTime:2.318s , currentRepackMaxTime:577.6145841392649s
iter7		 Improve solution by repack 0.23653890083310938->0.2316285944638538 , unplacedBoxesSize:2
currentRepackCostTime:2.347s , currentRepackMaxTime:577.6145841392649s
iter15		 Improve solution by repack 0.2316285944638538->0.2293924684224671 , unplacedBoxesSize:3
currentRepackCostTime:2.391s , currentRepackMaxTime:577.6145841392649s
iter3		 Improve solution by repack 0.2293924684224671->0.18981087073367375 , unplacedBoxesSize:2
currentRepackCostTime:2.403s , currentRepackMaxTime:577.6145841392649s
iter6		 Improve solution by repack 0.18981087073367375->0.18042495296963182 , unplacedBoxesSize:1
currentRepackCostTime:2.439s , currentRepackMaxTime:577.6145841392649s
iter16		 Improve solution by repack 0.18042495296963182->0.15618919645256651 , unplacedBoxesSize:2
currentRepackCostTime:2.499s , currentRepackMaxTime:577.6145841392649s
iter1		 Improve solution by repack 0.15618919645256651->0.15502217145928512 , unplacedBoxesSize:2
currentRepackCostTime:2.501s , currentRepackMaxTime:577.6145841392649s
iter2		 Improve solution by repack 0.15502217145928512->0.14899690943294813 , unplacedBoxesSize:2
currentRepackCostTime:2.521s , currentRepackMaxTime:577.6145841392649s
iter25		 Improve solution by repack 0.14899690943294813->0.1158142972319269 , unplacedBoxesSize:1
currentRepackCostTime:2.636s , currentRepackMaxTime:577.6145841392649s
iter274		 Improve solution by repack 0.1158142972319269->0.10226887933351249 , unplacedBoxesSize:2
currentRepackCostTime:3.77s , currentRepackMaxTime:577.6145841392649s
iter5		 Improve solution by repack 0.10226887933351249->0.10163850443429186 , unplacedBoxesSize:1
currentRepackCostTime:3.798s , currentRepackMaxTime:577.6145841392649s
iter18		 Improve solution by repack 0.10163850443429186->0.08745532115022844 , unplacedBoxesSize:1
currentRepackCostTime:3.868s , currentRepackMaxTime:577.6145841392649s
iter1		 Improve solution by repack 0.08745532115022844->0.08715667831228165 , unplacedBoxesSize:1
currentRepackCostTime:3.872s , currentRepackMaxTime:577.6145841392649s
iter12		 Improve solution by repack 0.08715667831228165->0.07723780569739318 , unplacedBoxesSize:2
currentRepackCostTime:3.911s , currentRepackMaxTime:577.6145841392649s
iter1		 Improve solution by repack 0.07723780569739318->0.06908626713249127 , unplacedBoxesSize:1
currentRepackCostTime:3.914s , currentRepackMaxTime:577.6145841392649s
iter19		 Improve solution by repack 0.06908626713249127->0.06677237301800591 , unplacedBoxesSize:2
currentRepackCostTime:3.991s , currentRepackMaxTime:577.6145841392649s
iter5		 Improve solution by repack 0.06677237301800591->0.06656879871002418 , unplacedBoxesSize:2
currentRepackCostTime:4.0120000000000005s , currentRepackMaxTime:577.6145841392649s
iter4		 Improve solution by repack 0.06656879871002418->0.06302774791722655 , unplacedBoxesSize:1
currentRepackCostTime:4.026s , currentRepackMaxTime:577.6145841392649s
iter40		 Improve solution by repack 0.06302774791722655->0.050321486159634506 , unplacedBoxesSize:1
currentRepackCostTime:4.164s , currentRepackMaxTime:577.6145841392649s
iter10		 Improve solution by repack 0.050321486159634506->0.033386186509002956 , unplacedBoxesSize:1
currentRepackCostTime:4.1930000000000005s , currentRepackMaxTime:577.6145841392649s
iter10		 Improve solution by repack 0.033386186509002956->0.03318261220102123 , unplacedBoxesSize:1
currentRepackCostTime:4.224s , currentRepackMaxTime:577.6145841392649s
iter19		 Improve solution by repack 0.03318261220102123->0.0 , unplacedBoxesSize:0
currentRepackCostTime:4.293s , currentRepackMaxTime:577.6145841392649s
Improved success.
Found solution 75
Start improving solution by repacking.
Selecting boards with low utilization for repacking...
iter17		 Improve solution by repack 0.8607944772910507->0.8556204649287825 , unplacedBoxesSize:5
currentRepackCostTime:0.059000000000000004s , currentRepackMaxTime:573.3215841392649s
iter12		 Improve solution by repack 0.8556204649287825->0.8554000940607364 , unplacedBoxesSize:5
currentRepackCostTime:0.128s , currentRepackMaxTime:573.3215841392649s
iter12		 Improve solution by repack 0.8554000940607364->0.8493415748454717 , unplacedBoxesSize:5
currentRepackCostTime:0.183s , currentRepackMaxTime:573.3215841392649s
iter15		 Improve solution by repack 0.8493415748454717->0.8305767938726148 , unplacedBoxesSize:5
currentRepackCostTime:0.268s , currentRepackMaxTime:573.3215841392649s
iter6		 Improve solution by repack 0.8305767938726148->0.8104923071754905 , unplacedBoxesSize:5
currentRepackCostTime:0.294s , currentRepackMaxTime:573.3215841392649s
iter4		 Improve solution by repack 0.8104923071754905->0.7864240123622682 , unplacedBoxesSize:4
currentRepackCostTime:0.31s , currentRepackMaxTime:573.3215841392649s
iter31		 Improve solution by repack 0.7864240123622682->0.7802553077129804 , unplacedBoxesSize:4
currentRepackCostTime:0.446s , currentRepackMaxTime:573.3215841392649s
iter21		 Improve solution by repack 0.7802553077129804->0.7682699543133567 , unplacedBoxesSize:4
currentRepackCostTime:0.539s , currentRepackMaxTime:573.3215841392649s
iter9		 Improve solution by repack 0.7682699543133567->0.7504101719967751 , unplacedBoxesSize:4
currentRepackCostTime:0.578s , currentRepackMaxTime:573.3215841392649s
iter86		 Improve solution by repack 0.7504101719967751->0.7371590298306907 , unplacedBoxesSize:5
currentRepackCostTime:0.9570000000000001s , currentRepackMaxTime:573.3215841392649s
iter22		 Improve solution by repack 0.7371590298306907->0.7172275597957538 , unplacedBoxesSize:3
currentRepackCostTime:1.063s , currentRepackMaxTime:573.3215841392649s
iter585		 Improve solution by repack 0.7172275597957538->0.7071778419779629 , unplacedBoxesSize:6
currentRepackCostTime:3.2880000000000003s , currentRepackMaxTime:573.3215841392649s
iter2		 Improve solution by repack 0.7071778419779629->0.6918566917495297 , unplacedBoxesSize:5
currentRepackCostTime:3.297s , currentRepackMaxTime:573.3215841392649s
iter2		 Improve solution by repack 0.6918566917495297->0.6786391427035743 , unplacedBoxesSize:7
currentRepackCostTime:3.305s , currentRepackMaxTime:573.3215841392649s
iter6		 Improve solution by repack 0.6786391427035743->0.6779854205858641 , unplacedBoxesSize:6
currentRepackCostTime:3.346s , currentRepackMaxTime:573.3215841392649s
iter1		 Improve solution by repack 0.6779854205858641->0.6749625436710561 , unplacedBoxesSize:7
currentRepackCostTime:3.355s , currentRepackMaxTime:573.3215841392649s
iter1		 Improve solution by repack 0.6749625436710561->0.6671645726955119 , unplacedBoxesSize:7
currentRepackCostTime:3.361s , currentRepackMaxTime:573.3215841392649s
iter1		 Improve solution by repack 0.6671645726955119->0.6502663934426229 , unplacedBoxesSize:7
currentRepackCostTime:3.365s , currentRepackMaxTime:573.3215841392649s
iter3		 Improve solution by repack 0.6502663934426229->0.645436710561677 , unplacedBoxesSize:7
currentRepackCostTime:3.39s , currentRepackMaxTime:573.3215841392649s
iter7		 Improve solution by repack 0.645436710561677->0.6122540983606557 , unplacedBoxesSize:6
currentRepackCostTime:3.435s , currentRepackMaxTime:573.3215841392649s
iter49		 Improve solution by repack 0.6122540983606557->0.6107390486428379 , unplacedBoxesSize:6
currentRepackCostTime:3.6870000000000003s , currentRepackMaxTime:573.3215841392649s
iter8		 Improve solution by repack 0.6107390486428379->0.5886703843052943 , unplacedBoxesSize:8
currentRepackCostTime:3.727s , currentRepackMaxTime:573.3215841392649s
iter3		 Improve solution by repack 0.5886703843052943->0.5666410239183015 , unplacedBoxesSize:6
currentRepackCostTime:3.75s , currentRepackMaxTime:573.3215841392649s
iter1		 Improve solution by repack 0.5666410239183015->0.5655260682612201 , unplacedBoxesSize:6
currentRepackCostTime:3.757s , currentRepackMaxTime:573.3215841392649s
iter3		 Improve solution by repack 0.5655260682612201->0.5633324375167966 , unplacedBoxesSize:5
currentRepackCostTime:3.775s , currentRepackMaxTime:573.3215841392649s
iter15		 Improve solution by repack 0.5633324375167966->0.5610504568664337 , unplacedBoxesSize:5
currentRepackCostTime:3.8360000000000003s , currentRepackMaxTime:573.3215841392649s
iter8		 Improve solution by repack 0.5610504568664337->0.5553241736092448 , unplacedBoxesSize:5
currentRepackCostTime:3.867s , currentRepackMaxTime:573.3215841392649s
iter66		 Improve solution by repack 0.5553241736092448->0.5541356490190809 , unplacedBoxesSize:6
currentRepackCostTime:4.154s , currentRepackMaxTime:573.3215841392649s
iter5		 Improve solution by repack 0.5541356490190809->0.5529686240257995 , unplacedBoxesSize:6
currentRepackCostTime:4.182s , currentRepackMaxTime:573.3215841392649s
iter12		 Improve solution by repack 0.5529686240257995->0.5473286750873421 , unplacedBoxesSize:5
currentRepackCostTime:4.228s , currentRepackMaxTime:573.3215841392649s
iter5		 Improve solution by repack 0.5473286750873421->0.5377348159097016 , unplacedBoxesSize:3
currentRepackCostTime:4.266s , currentRepackMaxTime:573.3215841392649s
iter35		 Improve solution by repack 0.5377348159097016->0.5222069000268745 , unplacedBoxesSize:3
currentRepackCostTime:4.398s , currentRepackMaxTime:573.3215841392649s
iter5		 Improve solution by repack 0.5222069000268745->0.5177333042192959 , unplacedBoxesSize:3
currentRepackCostTime:4.412s , currentRepackMaxTime:573.3215841392649s
iter11		 Improve solution by repack 0.5177333042192959->0.5136162993818866 , unplacedBoxesSize:3
currentRepackCostTime:4.4510000000000005s , currentRepackMaxTime:573.3215841392649s
iter1		 Improve solution by repack 0.5136162993818866->0.5115378930395055 , unplacedBoxesSize:3
currentRepackCostTime:4.456s , currentRepackMaxTime:573.3215841392649s
iter10		 Improve solution by repack 0.5115378930395055->0.5113343187315238 , unplacedBoxesSize:3
currentRepackCostTime:4.5s , currentRepackMaxTime:573.3215841392649s
iter31		 Improve solution by repack 0.5113343187315238->0.5074805159903252 , unplacedBoxesSize:5
currentRepackCostTime:4.634s , currentRepackMaxTime:573.3215841392649s
iter4		 Improve solution by repack 0.5074805159903252->0.5038870599301263 , unplacedBoxesSize:4
currentRepackCostTime:4.66s , currentRepackMaxTime:573.3215841392649s
iter12		 Improve solution by repack 0.5038870599301263->0.500239854877721 , unplacedBoxesSize:3
currentRepackCostTime:4.723s , currentRepackMaxTime:573.3215841392649s
iter8		 Improve solution by repack 0.500239854877721->0.49946956463316317 , unplacedBoxesSize:4
currentRepackCostTime:4.764s , currentRepackMaxTime:573.3215841392649s
iter7		 Improve solution by repack 0.49946956463316317->0.4957692824509541 , unplacedBoxesSize:5
currentRepackCostTime:4.8100000000000005s , currentRepackMaxTime:573.3215841392649s
iter3		 Improve solution by repack 0.4957692824509541->0.47815170653050254 , unplacedBoxesSize:2
currentRepackCostTime:4.819s , currentRepackMaxTime:573.3215841392649s
iter218		 Improve solution by repack 0.47815170653050254->0.4632571889277076 , unplacedBoxesSize:4
currentRepackCostTime:5.58s , currentRepackMaxTime:573.3215841392649s
iter292		 Improve solution by repack 0.4632571889277076->0.451993751679656 , unplacedBoxesSize:5
currentRepackCostTime:6.901s , currentRepackMaxTime:573.3215841392649s
iter26		 Improve solution by repack 0.451993751679656->0.44476820747110996 , unplacedBoxesSize:5
currentRepackCostTime:7.045s , currentRepackMaxTime:573.3215841392649s
iter5		 Improve solution by repack 0.44476820747110996->0.4426941682343456 , unplacedBoxesSize:5
currentRepackCostTime:7.073s , currentRepackMaxTime:573.3215841392649s
iter1		 Improve solution by repack 0.4426941682343456->0.4402301128728836 , unplacedBoxesSize:4
currentRepackCostTime:7.077s , currentRepackMaxTime:573.3215841392649s
iter10		 Improve solution by repack 0.4402301128728836->0.4307059594195109 , unplacedBoxesSize:5
currentRepackCostTime:7.1290000000000004s , currentRepackMaxTime:573.3215841392649s
iter7		 Improve solution by repack 0.4307059594195109->0.4188734547164741 , unplacedBoxesSize:5
currentRepackCostTime:7.171s , currentRepackMaxTime:573.3215841392649s
iter9		 Improve solution by repack 0.4188734547164741->0.40010313087879606 , unplacedBoxesSize:2
currentRepackCostTime:7.219s , currentRepackMaxTime:573.3215841392649s
iter6		 Improve solution by repack 0.40010313087879606->0.3945229776941682 , unplacedBoxesSize:2
currentRepackCostTime:7.243s , currentRepackMaxTime:573.3215841392649s
iter2		 Improve solution by repack 0.3945229776941682->0.3844255576457941 , unplacedBoxesSize:2
currentRepackCostTime:7.252s , currentRepackMaxTime:573.3215841392649s
iter50		 Improve solution by repack 0.3844255576457941->0.38389411448535343 , unplacedBoxesSize:2
currentRepackCostTime:7.426s , currentRepackMaxTime:573.3215841392649s
iter20		 Improve solution by repack 0.38389411448535343->0.35980045686643375 , unplacedBoxesSize:2
currentRepackCostTime:7.489s , currentRepackMaxTime:573.3215841392649s
iter29		 Improve solution by repack 0.35980045686643375->0.35489015049717815 , unplacedBoxesSize:2
currentRepackCostTime:7.588s , currentRepackMaxTime:573.3215841392649s
iter27		 Improve solution by repack 0.35489015049717815->0.347853903520559 , unplacedBoxesSize:3
currentRepackCostTime:7.699s , currentRepackMaxTime:573.3215841392649s
iter7		 Improve solution by repack 0.347853903520559->0.34774371808653587 , unplacedBoxesSize:3
currentRepackCostTime:7.735s , currentRepackMaxTime:573.3215841392649s
iter16		 Improve solution by repack 0.34774371808653587->0.3436267132491266 , unplacedBoxesSize:3
currentRepackCostTime:7.784s , currentRepackMaxTime:573.3215841392649s
iter3		 Improve solution by repack 0.3436267132491266->0.3424596882558452 , unplacedBoxesSize:3
currentRepackCostTime:7.793s , currentRepackMaxTime:573.3215841392649s
iter14		 Improve solution by repack 0.3424596882558452->0.3413447325987638 , unplacedBoxesSize:3
currentRepackCostTime:7.863s , currentRepackMaxTime:573.3215841392649s
iter46		 Improve solution by repack 0.3413447325987638->0.33528621338349907 , unplacedBoxesSize:3
currentRepackCostTime:8.063s , currentRepackMaxTime:573.3215841392649s
iter35		 Improve solution by repack 0.33528621338349907->0.33321217414673476 , unplacedBoxesSize:3
currentRepackCostTime:8.237s , currentRepackMaxTime:573.3215841392649s
iter87		 Improve solution by repack 0.33321217414673476->0.32314733942488577 , unplacedBoxesSize:2
currentRepackCostTime:8.629s , currentRepackMaxTime:573.3215841392649s
iter10		 Improve solution by repack 0.32314733942488577->0.30816212039774254 , unplacedBoxesSize:2
currentRepackCostTime:8.682s , currentRepackMaxTime:573.3215841392649s
iter101		 Improve solution by repack 0.30816212039774254->0.3021036011824778 , unplacedBoxesSize:2
currentRepackCostTime:9.115s , currentRepackMaxTime:573.3215841392649s
iter12		 Improve solution by repack 0.3021036011824778->0.3000295619457135 , unplacedBoxesSize:2
currentRepackCostTime:9.17s , currentRepackMaxTime:573.3215841392649s
Selecting boards with low utilization for repacking...
iter2		 Improve solution by repack 0.9048558855146466->0.9045014780972856 , unplacedBoxesSize:6
currentRepackCostTime:13.338000000000001s , currentRepackMaxTime:573.3215841392649s
iter8		 Improve solution by repack 0.9045014780972856->0.35980045686643375 , unplacedBoxesSize:2
currentRepackCostTime:13.371s , currentRepackMaxTime:573.3215841392649s
iter194		 Improve solution by repack 0.35980045686643375->0.359713786616501 , unplacedBoxesSize:3
currentRepackCostTime:14.101s , currentRepackMaxTime:573.3215841392649s
iter3		 Improve solution by repack 0.359713786616501->0.3334525329212577 , unplacedBoxesSize:3
currentRepackCostTime:14.114s , currentRepackMaxTime:573.3215841392649s
iter17		 Improve solution by repack 0.3334525329212577->0.33234060064498794 , unplacedBoxesSize:3
currentRepackCostTime:14.204s , currentRepackMaxTime:573.3215841392649s
iter25		 Improve solution by repack 0.33234060064498794->0.32653117441547974 , unplacedBoxesSize:2
currentRepackCostTime:14.313s , currentRepackMaxTime:573.3215841392649s
iter1		 Improve solution by repack 0.32653117441547974->0.32314733942488577 , unplacedBoxesSize:2
currentRepackCostTime:14.315s , currentRepackMaxTime:573.3215841392649s
iter141		 Improve solution by repack 0.32314733942488577->0.3082723058317656 , unplacedBoxesSize:2
currentRepackCostTime:14.837s , currentRepackMaxTime:573.3215841392649s
iter5		 Improve solution by repack 0.3082723058317656->0.30816212039774254 , unplacedBoxesSize:2
currentRepackCostTime:14.849s , currentRepackMaxTime:573.3215841392649s
iter42		 Improve solution by repack 0.30816212039774254->0.30562516796560063 , unplacedBoxesSize:3
currentRepackCostTime:15.055s , currentRepackMaxTime:573.3215841392649s
iter39		 Improve solution by repack 0.30562516796560063->0.3021546627250739 , unplacedBoxesSize:4
currentRepackCostTime:15.237s , currentRepackMaxTime:573.3215841392649s
iter12		 Improve solution by repack 0.3021546627250739->0.30134624428916956 , unplacedBoxesSize:5
currentRepackCostTime:15.292s , currentRepackMaxTime:573.3215841392649s
iter4		 Improve solution by repack 0.30134624428916956->0.2722584654662725 , unplacedBoxesSize:2
currentRepackCostTime:15.315s , currentRepackMaxTime:573.3215841392649s
Selecting boards with low utilization for repacking...
iter1		 Improve solution by repack 0.9057796963181941->0.884202331362537 , unplacedBoxesSize:5
currentRepackCostTime:19.482s , currentRepackMaxTime:573.3215841392649s
iter6		 Improve solution by repack 0.884202331362537->0.878352593388874 , unplacedBoxesSize:4
currentRepackCostTime:19.506s , currentRepackMaxTime:573.3215841392649s
iter17		 Improve solution by repack 0.878352593388874->0.8782424079548509 , unplacedBoxesSize:4
currentRepackCostTime:19.556s , currentRepackMaxTime:573.3215841392649s
iter3		 Improve solution by repack 0.8782424079548509->0.8721838887395862 , unplacedBoxesSize:4
currentRepackCostTime:19.569s , currentRepackMaxTime:573.3215841392649s
iter4		 Improve solution by repack 0.8721838887395862->0.3021036011824778 , unplacedBoxesSize:2
currentRepackCostTime:19.579s , currentRepackMaxTime:573.3215841392649s
iter8		 Improve solution by repack 0.3021036011824778->0.2722584654662725 , unplacedBoxesSize:2
currentRepackCostTime:19.6s , currentRepackMaxTime:573.3215841392649s
Selecting boards with low utilization for repacking...
iter2		 Improve solution by repack 0.8800853265251276->0.8778130878796022 , unplacedBoxesSize:9
currentRepackCostTime:23.85s , currentRepackMaxTime:573.3215841392649s
iter3		 Improve solution by repack 0.8778130878796022->0.8653735554958345 , unplacedBoxesSize:7
currentRepackCostTime:23.863s , currentRepackMaxTime:573.3215841392649s
iter2		 Improve solution by repack 0.8653735554958345->0.864206530502553 , unplacedBoxesSize:7
currentRepackCostTime:23.875s , currentRepackMaxTime:573.3215841392649s
iter9		 Improve solution by repack 0.864206530502553->0.2659261623219564 , unplacedBoxesSize:3
currentRepackCostTime:23.92s , currentRepackMaxTime:573.3215841392649s
iter4		 Improve solution by repack 0.2659261623219564->0.264811206664875 , unplacedBoxesSize:3
currentRepackCostTime:23.935000000000002s , currentRepackMaxTime:573.3215841392649s
iter154		 Improve solution by repack 0.264811206664875->0.23907585326525127 , unplacedBoxesSize:1
currentRepackCostTime:24.671s , currentRepackMaxTime:573.3215841392649s
Selecting boards with low utilization for repacking...
iter2		 Improve solution by repack 0.9048558855146466->0.9045014780972856 , unplacedBoxesSize:6
currentRepackCostTime:28.244s , currentRepackMaxTime:573.3215841392649s
iter3		 Improve solution by repack 0.9045014780972856->0.35980045686643375 , unplacedBoxesSize:2
currentRepackCostTime:28.255s , currentRepackMaxTime:573.3215841392649s
iter21		 Improve solution by repack 0.35980045686643375->0.3573716742811072 , unplacedBoxesSize:3
currentRepackCostTime:28.333000000000002s , currentRepackMaxTime:573.3215841392649s
iter49		 Improve solution by repack 0.3573716742811072->0.3436267132491266 , unplacedBoxesSize:3
currentRepackCostTime:28.581s , currentRepackMaxTime:573.3215841392649s
iter2		 Improve solution by repack 0.3436267132491266->0.3424596882558452 , unplacedBoxesSize:3
currentRepackCostTime:28.587s , currentRepackMaxTime:573.3215841392649s
iter2		 Improve solution by repack 0.3424596882558452->0.33689935501209356 , unplacedBoxesSize:3
currentRepackCostTime:28.597s , currentRepackMaxTime:573.3215841392649s
iter1		 Improve solution by repack 0.33689935501209356->0.31606070276807313 , unplacedBoxesSize:2
currentRepackCostTime:28.601s , currentRepackMaxTime:573.3215841392649s
iter1		 Improve solution by repack 0.31606070276807313->0.30816212039774254 , unplacedBoxesSize:2
currentRepackCostTime:28.603s , currentRepackMaxTime:573.3215841392649s
iter38		 Improve solution by repack 0.30816212039774254->0.30075248589088954 , unplacedBoxesSize:3
currentRepackCostTime:28.766000000000002s , currentRepackMaxTime:573.3215841392649s
iter1		 Improve solution by repack 0.30075248589088954->0.3007148615963451 , unplacedBoxesSize:3
currentRepackCostTime:28.775000000000002s , currentRepackMaxTime:573.3215841392649s
iter17		 Improve solution by repack 0.3007148615963451->0.27337342112335394 , unplacedBoxesSize:2
currentRepackCostTime:28.845s , currentRepackMaxTime:573.3215841392649s
iter18		 Improve solution by repack 0.27337342112335394->0.2722584654662725 , unplacedBoxesSize:2
currentRepackCostTime:28.919s , currentRepackMaxTime:573.3215841392649s
iter52		 Improve solution by repack 0.2722584654662725->0.23907585326525127 , unplacedBoxesSize:1
currentRepackCostTime:29.123s , currentRepackMaxTime:573.3215841392649s
Selecting boards with low utilization for repacking...
iter6		 Improve solution by repack 0.909574207202365->0.9063443966675624 , unplacedBoxesSize:7
currentRepackCostTime:32.69s , currentRepackMaxTime:573.3215841392649s
iter2		 Improve solution by repack 0.9063443966675624->0.9051773716742811 , unplacedBoxesSize:7
currentRepackCostTime:32.698s , currentRepackMaxTime:573.3215841392649s
iter2		 Improve solution by repack 0.9051773716742811->0.35489015049717815 , unplacedBoxesSize:2
currentRepackCostTime:32.706s , currentRepackMaxTime:573.3215841392649s
iter135		 Improve solution by repack 0.35489015049717815->0.34297299113141627 , unplacedBoxesSize:2
currentRepackCostTime:33.237s , currentRepackMaxTime:573.3215841392649s
iter4		 Improve solution by repack 0.34297299113141627->0.33234060064498794 , unplacedBoxesSize:3
currentRepackCostTime:33.25s , currentRepackMaxTime:573.3215841392649s
iter15		 Improve solution by repack 0.33234060064498794->0.3262325315775329 , unplacedBoxesSize:2
currentRepackCostTime:33.335s , currentRepackMaxTime:573.3215841392649s
iter3		 Improve solution by repack 0.3262325315775329->0.32314733942488577 , unplacedBoxesSize:2
currentRepackCostTime:33.352000000000004s , currentRepackMaxTime:573.3215841392649s
iter5		 Improve solution by repack 0.32314733942488577->0.30816212039774254 , unplacedBoxesSize:2
currentRepackCostTime:33.379s , currentRepackMaxTime:573.3215841392649s
iter53		 Improve solution by repack 0.30816212039774254->0.2961220102123085 , unplacedBoxesSize:3
currentRepackCostTime:33.595s , currentRepackMaxTime:573.3215841392649s
iter73		 Improve solution by repack 0.2961220102123085->0.29502855415210966 , unplacedBoxesSize:2
currentRepackCostTime:33.932s , currentRepackMaxTime:573.3215841392649s
iter45		 Improve solution by repack 0.29502855415210966->0.27337342112335394 , unplacedBoxesSize:2
currentRepackCostTime:34.118s , currentRepackMaxTime:573.3215841392649s
iter42		 Improve solution by repack 0.27337342112335394->0.2724620397742542 , unplacedBoxesSize:2
currentRepackCostTime:34.308s , currentRepackMaxTime:573.3215841392649s
iter4		 Improve solution by repack 0.2724620397742542->0.23907585326525127 , unplacedBoxesSize:1
currentRepackCostTime:34.331s , currentRepackMaxTime:573.3215841392649s
iter6		 Improve solution by repack 0.23907585326525127->0.2316285944638538 , unplacedBoxesSize:2
currentRepackCostTime:34.353s , currentRepackMaxTime:573.3215841392649s
Selecting boards with low utilization for repacking...
iter1		 Improve solution by repack 0.8934748723461435->0.23907585326525127 , unplacedBoxesSize:1
currentRepackCostTime:38.416000000000004s , currentRepackMaxTime:573.3215841392649s
iter57		 Improve solution by repack 0.23907585326525127->0.2316285944638538 , unplacedBoxesSize:2
currentRepackCostTime:38.643s , currentRepackMaxTime:573.3215841392649s
iter276		 Improve solution by repack 0.2316285944638538->0.21745280166621875 , unplacedBoxesSize:2
currentRepackCostTime:39.799s , currentRepackMaxTime:573.3215841392649s
iter87		 Improve solution by repack 0.21745280166621875->0.20326961838215535 , unplacedBoxesSize:2
currentRepackCostTime:40.146s , currentRepackMaxTime:573.3215841392649s
iter2		 Improve solution by repack 0.20326961838215535->0.20288766460628863 , unplacedBoxesSize:3
currentRepackCostTime:40.160000000000004s , currentRepackMaxTime:573.3215841392649s
iter11		 Improve solution by repack 0.20288766460628863->0.20062903117441547 , unplacedBoxesSize:3
currentRepackCostTime:40.214s , currentRepackMaxTime:573.3215841392649s
iter5		 Improve solution by repack 0.20062903117441547->0.18173693227626983 , unplacedBoxesSize:4
currentRepackCostTime:40.251s , currentRepackMaxTime:573.3215841392649s
iter2		 Improve solution by repack 0.18173693227626983->0.17988259204514917 , unplacedBoxesSize:2
currentRepackCostTime:40.265s , currentRepackMaxTime:573.3215841392649s
iter3		 Improve solution by repack 0.17988259204514917->0.17576558720773985 , unplacedBoxesSize:2
currentRepackCostTime:40.272s , currentRepackMaxTime:573.3215841392649s
iter4		 Improve solution by repack 0.17576558720773985->0.17459856221445846 , unplacedBoxesSize:2
currentRepackCostTime:40.29s , currentRepackMaxTime:573.3215841392649s
iter15		 Improve solution by repack 0.17459856221445846->0.16580808250470302 , unplacedBoxesSize:3
currentRepackCostTime:40.361000000000004s , currentRepackMaxTime:573.3215841392649s
iter3		 Improve solution by repack 0.16580808250470302->0.14743902848696588 , unplacedBoxesSize:3
currentRepackCostTime:40.377s , currentRepackMaxTime:573.3215841392649s
iter18		 Improve solution by repack 0.14743902848696588->0.1376814028486966 , unplacedBoxesSize:3
currentRepackCostTime:40.476s , currentRepackMaxTime:573.3215841392649s
iter6		 Improve solution by repack 0.1376814028486966->0.13211401504971781 , unplacedBoxesSize:2
currentRepackCostTime:40.512s , currentRepackMaxTime:573.3215841392649s
iter60		 Improve solution by repack 0.13211401504971781->0.1158142972319269 , unplacedBoxesSize:1
currentRepackCostTime:40.78s , currentRepackMaxTime:573.3215841392649s
Selecting boards with low utilization for repacking...
iter4		 Improve solution by repack 0.9137044813222251->0.909587476484816 , unplacedBoxesSize:8
currentRepackCostTime:44.698s , currentRepackMaxTime:573.3215841392649s
iter22		 Improve solution by repack 0.909587476484816->0.906959150765923 , unplacedBoxesSize:8
currentRepackCostTime:44.815s , currentRepackMaxTime:573.3215841392649s
iter3		 Improve solution by repack 0.906959150765923->0.8990577129803816 , unplacedBoxesSize:7
currentRepackCostTime:44.834s , currentRepackMaxTime:573.3215841392649s
iter12		 Improve solution by repack 0.8990577129803816->0.8876683015318463 , unplacedBoxesSize:6
currentRepackCostTime:44.903s , currentRepackMaxTime:573.3215841392649s
iter26		 Improve solution by repack 0.8876683015318463->0.2316285944638538 , unplacedBoxesSize:2
currentRepackCostTime:45.012s , currentRepackMaxTime:573.3215841392649s
iter8		 Improve solution by repack 0.2316285944638538->0.22942119054017737 , unplacedBoxesSize:2
currentRepackCostTime:45.051s , currentRepackMaxTime:573.3215841392649s
iter66		 Improve solution by repack 0.22942119054017737->0.2228972386455254 , unplacedBoxesSize:3
currentRepackCostTime:45.353s , currentRepackMaxTime:573.3215841392649s
iter6		 Improve solution by repack 0.2228972386455254->0.21842364283794677 , unplacedBoxesSize:3
currentRepackCostTime:45.387s , currentRepackMaxTime:573.3215841392649s
iter3		 Improve solution by repack 0.21842364283794677->0.21430663800053748 , unplacedBoxesSize:3
currentRepackCostTime:45.410000000000004s , currentRepackMaxTime:573.3215841392649s
iter17		 Improve solution by repack 0.21430663800053748->0.20479608976081698 , unplacedBoxesSize:2
currentRepackCostTime:45.505s , currentRepackMaxTime:573.3215841392649s
iter26		 Improve solution by repack 0.20479608976081698->0.16477979709755441 , unplacedBoxesSize:2
currentRepackCostTime:45.597s , currentRepackMaxTime:573.3215841392649s
iter10		 Improve solution by repack 0.16477979709755441->0.16030620128997583 , unplacedBoxesSize:2
currentRepackCostTime:45.646s , currentRepackMaxTime:573.3215841392649s
iter5		 Improve solution by repack 0.16030620128997583->0.15618919645256651 , unplacedBoxesSize:2
currentRepackCostTime:45.661s , currentRepackMaxTime:573.3215841392649s
iter7		 Improve solution by repack 0.15618919645256651->0.1539072158022037 , unplacedBoxesSize:2
currentRepackCostTime:45.692s , currentRepackMaxTime:573.3215841392649s
iter190		 Improve solution by repack 0.1539072158022037->0.14534970438054287 , unplacedBoxesSize:1
currentRepackCostTime:46.591s , currentRepackMaxTime:573.3215841392649s
iter27		 Improve solution by repack 0.14534970438054287->0.14481826122010213 , unplacedBoxesSize:1
currentRepackCostTime:46.698s , currentRepackMaxTime:573.3215841392649s
iter406		 Improve solution by repack 0.14481826122010213->0.12072460360118248 , unplacedBoxesSize:1
currentRepackCostTime:48.272s , currentRepackMaxTime:573.3215841392649s
iter135		 Improve solution by repack 0.12072460360118248->0.1158142972319269 , unplacedBoxesSize:1
currentRepackCostTime:48.762s , currentRepackMaxTime:573.3215841392649s
Selecting boards with low utilization for repacking...
iter41		 Improve solution by repack 0.89975779360387->0.887233606557377 , unplacedBoxesSize:7
currentRepackCostTime:52.859s , currentRepackMaxTime:573.3215841392649s
iter10		 Improve solution by repack 0.887233606557377->0.2316285944638538 , unplacedBoxesSize:2
currentRepackCostTime:52.908s , currentRepackMaxTime:573.3215841392649s
iter34		 Improve solution by repack 0.2316285944638538->0.23045081967213116 , unplacedBoxesSize:3
currentRepackCostTime:53.037s , currentRepackMaxTime:573.3215841392649s
iter3		 Improve solution by repack 0.23045081967213116->0.22976803950550928 , unplacedBoxesSize:2
currentRepackCostTime:53.054s , currentRepackMaxTime:573.3215841392649s
iter10		 Improve solution by repack 0.22976803950550928->0.219617710292932 , unplacedBoxesSize:3
currentRepackCostTime:53.101s , currentRepackMaxTime:573.3215841392649s
iter1		 Improve solution by repack 0.219617710292932->0.21670569067454984 , unplacedBoxesSize:3
currentRepackCostTime:53.105000000000004s , currentRepackMaxTime:573.3215841392649s
iter3		 Improve solution by repack 0.21670569067454984->0.16043805428648214 , unplacedBoxesSize:3
currentRepackCostTime:53.124s , currentRepackMaxTime:573.3215841392649s
iter1		 Improve solution by repack 0.16043805428648214->0.1539072158022037 , unplacedBoxesSize:2
currentRepackCostTime:53.13s , currentRepackMaxTime:573.3215841392649s
iter32		 Improve solution by repack 0.1539072158022037->0.14899690943294813 , unplacedBoxesSize:2
currentRepackCostTime:53.275s , currentRepackMaxTime:573.3215841392649s
iter50		 Improve solution by repack 0.14899690943294813->0.146942186240258 , unplacedBoxesSize:3
currentRepackCostTime:53.487s , currentRepackMaxTime:573.3215841392649s
iter3		 Improve solution by repack 0.146942186240258->0.14577516124697662 , unplacedBoxesSize:3
currentRepackCostTime:53.506s , currentRepackMaxTime:573.3215841392649s
iter19		 Improve solution by repack 0.14577516124697662->0.14030099435635582 , unplacedBoxesSize:1
currentRepackCostTime:53.613s , currentRepackMaxTime:573.3215841392649s
iter75		 Improve solution by repack 0.14030099435635582->0.12072460360118248 , unplacedBoxesSize:1
currentRepackCostTime:53.888s , currentRepackMaxTime:573.3215841392649s
iter152		 Improve solution by repack 0.12072460360118248->0.1158142972319269 , unplacedBoxesSize:1
currentRepackCostTime:54.471000000000004s , currentRepackMaxTime:573.3215841392649s
Selecting boards with low utilization for repacking...
iter3		 Improve solution by repack 0.9235833781241602->0.9216793200752486 , unplacedBoxesSize:7
currentRepackCostTime:58.378s , currentRepackMaxTime:573.3215841392649s
iter1		 Improve solution by repack 0.9216793200752486->0.2316285944638538 , unplacedBoxesSize:2
currentRepackCostTime:58.379s , currentRepackMaxTime:573.3215841392649s
iter13		 Improve solution by repack 0.2316285944638538->0.23011354474603601 , unplacedBoxesSize:2
currentRepackCostTime:58.428000000000004s , currentRepackMaxTime:573.3215841392649s
iter14		 Improve solution by repack 0.23011354474603601->0.22061038699274388 , unplacedBoxesSize:2
currentRepackCostTime:58.480000000000004s , currentRepackMaxTime:573.3215841392649s
iter38		 Improve solution by repack 0.22061038699274388->0.21390452835259338 , unplacedBoxesSize:2
currentRepackCostTime:58.660000000000004s , currentRepackMaxTime:573.3215841392649s
iter46		 Improve solution by repack 0.21390452835259338->0.18981087073367375 , unplacedBoxesSize:2
currentRepackCostTime:58.83s , currentRepackMaxTime:573.3215841392649s
iter5		 Improve solution by repack 0.18981087073367375->0.18042495296963182 , unplacedBoxesSize:1
currentRepackCostTime:58.852000000000004s , currentRepackMaxTime:573.3215841392649s
iter46		 Improve solution by repack 0.18042495296963182->0.17676800591238914 , unplacedBoxesSize:2
currentRepackCostTime:59.025s , currentRepackMaxTime:573.3215841392649s
iter67		 Improve solution by repack 0.17676800591238914->0.17430395055092715 , unplacedBoxesSize:1
currentRepackCostTime:59.326s , currentRepackMaxTime:573.3215841392649s
iter8		 Improve solution by repack 0.17430395055092715->0.16102727761354474 , unplacedBoxesSize:1
currentRepackCostTime:59.362s , currentRepackMaxTime:573.3215841392649s
iter26		 Improve solution by repack 0.16102727761354474->0.15544712442891698 , unplacedBoxesSize:1
currentRepackCostTime:59.45s , currentRepackMaxTime:573.3215841392649s
iter1		 Improve solution by repack 0.15544712442891698->0.14534970438054287 , unplacedBoxesSize:1
currentRepackCostTime:59.454s , currentRepackMaxTime:573.3215841392649s
iter74		 Improve solution by repack 0.14534970438054287->0.14481826122010213 , unplacedBoxesSize:1
currentRepackCostTime:59.737s , currentRepackMaxTime:573.3215841392649s
iter146		 Improve solution by repack 0.14481826122010213->0.14030099435635582 , unplacedBoxesSize:1
currentRepackCostTime:60.258s , currentRepackMaxTime:573.3215841392649s
iter71		 Improve solution by repack 0.14030099435635582->0.1348211166353131 , unplacedBoxesSize:2
currentRepackCostTime:60.546s , currentRepackMaxTime:573.3215841392649s
iter18		 Improve solution by repack 0.1348211166353131->0.12644735958075787 , unplacedBoxesSize:3
currentRepackCostTime:60.63s , currentRepackMaxTime:573.3215841392649s
iter4		 Improve solution by repack 0.12644735958075787->0.11829582101585595 , unplacedBoxesSize:2
currentRepackCostTime:60.653s , currentRepackMaxTime:573.3215841392649s
iter3		 Improve solution by repack 0.11829582101585595->0.11780468959957001 , unplacedBoxesSize:3
currentRepackCostTime:60.664s , currentRepackMaxTime:573.3215841392649s
iter1		 Improve solution by repack 0.11780468959957001->0.1158142972319269 , unplacedBoxesSize:1
currentRepackCostTime:60.672000000000004s , currentRepackMaxTime:573.3215841392649s
Selecting boards with low utilization for repacking...
iter3		 Improve solution by repack 0.913370061811341->0.8991000403117442 , unplacedBoxesSize:7
currentRepackCostTime:64.648s , currentRepackMaxTime:573.3215841392649s
iter8		 Improve solution by repack 0.8991000403117442->0.8970542192958882 , unplacedBoxesSize:7
currentRepackCostTime:64.68900000000001s , currentRepackMaxTime:573.3215841392649s
iter1		 Improve solution by repack 0.8970542192958882->0.18981087073367375 , unplacedBoxesSize:2
currentRepackCostTime:64.691s , currentRepackMaxTime:573.3215841392649s
iter13		 Improve solution by repack 0.18981087073367375->0.18820478366030638 , unplacedBoxesSize:3
currentRepackCostTime:64.743s , currentRepackMaxTime:573.3215841392649s
iter12		 Improve solution by repack 0.18820478366030638->0.18042495296963182 , unplacedBoxesSize:1
currentRepackCostTime:64.811s , currentRepackMaxTime:573.3215841392649s
iter74		 Improve solution by repack 0.18042495296963182->0.1793402311206665 , unplacedBoxesSize:2
currentRepackCostTime:65.111s , currentRepackMaxTime:573.3215841392649s
iter1		 Improve solution by repack 0.1793402311206665->0.16502385111529158 , unplacedBoxesSize:2
currentRepackCostTime:65.115s , currentRepackMaxTime:573.3215841392649s
iter97		 Improve solution by repack 0.16502385111529158->0.15011186509002955 , unplacedBoxesSize:2
currentRepackCostTime:65.589s , currentRepackMaxTime:573.3215841392649s
iter13		 Improve solution by repack 0.15011186509002955->0.14899690943294813 , unplacedBoxesSize:2
currentRepackCostTime:65.639s , currentRepackMaxTime:573.3215841392649s
iter114		 Improve solution by repack 0.14899690943294813->0.1158142972319269 , unplacedBoxesSize:1
currentRepackCostTime:66.179s , currentRepackMaxTime:573.3215841392649s
iter865		 Improve solution by repack 0.1158142972319269->0.1045508599838753 , unplacedBoxesSize:2
currentRepackCostTime:69.59700000000001s , currentRepackMaxTime:573.3215841392649s
iter2		 Improve solution by repack 0.1045508599838753->0.10338383499059393 , unplacedBoxesSize:2
currentRepackCostTime:69.606s , currentRepackMaxTime:573.3215841392649s
iter6		 Improve solution by repack 0.10338383499059393->0.10226887933351249 , unplacedBoxesSize:2
currentRepackCostTime:69.639s , currentRepackMaxTime:573.3215841392649s
iter188		 Improve solution by repack 0.10226887933351249->0.10163850443429186 , unplacedBoxesSize:1
currentRepackCostTime:70.528s , currentRepackMaxTime:573.3215841392649s
iter10		 Improve solution by repack 0.10163850443429186->0.09841910776672937 , unplacedBoxesSize:2
currentRepackCostTime:70.58200000000001s , currentRepackMaxTime:573.3215841392649s
iter9		 Improve solution by repack 0.09841910776672937->0.09326474737973664 , unplacedBoxesSize:2
currentRepackCostTime:70.619s , currentRepackMaxTime:573.3215841392649s
iter3		 Improve solution by repack 0.09326474737973664->0.0840714861596345 , unplacedBoxesSize:1
currentRepackCostTime:70.631s , currentRepackMaxTime:573.3215841392649s
iter44		 Improve solution by repack 0.0840714861596345->0.06919645256651437 , unplacedBoxesSize:1
currentRepackCostTime:70.82000000000001s , currentRepackMaxTime:573.3215841392649s
iter13		 Improve solution by repack 0.06919645256651437->0.06908626713249127 , unplacedBoxesSize:1
currentRepackCostTime:70.892s , currentRepackMaxTime:573.3215841392649s
iter268		 Improve solution by repack 0.06908626713249127->0.06656879871002418 , unplacedBoxesSize:2
currentRepackCostTime:71.968s , currentRepackMaxTime:573.3215841392649s
iter2		 Improve solution by repack 0.06656879871002418->0.06636522440204246 , unplacedBoxesSize:2
currentRepackCostTime:71.976s , currentRepackMaxTime:573.3215841392649s
iter21		 Improve solution by repack 0.06636522440204246->0.06095370868046224 , unplacedBoxesSize:1
currentRepackCostTime:72.07300000000001s , currentRepackMaxTime:573.3215841392649s
Selecting boards with low utilization for repacking...
iter1		 Improve solution by repack 0.9117592717011557->0.9035870733673744 , unplacedBoxesSize:8
currentRepackCostTime:76.16s , currentRepackMaxTime:573.3215841392649s
iter4		 Improve solution by repack 0.9035870733673744->0.12072460360118248 , unplacedBoxesSize:1
currentRepackCostTime:76.194s , currentRepackMaxTime:573.3215841392649s
iter162		 Improve solution by repack 0.12072460360118248->0.1158142972319269 , unplacedBoxesSize:1
currentRepackCostTime:76.805s , currentRepackMaxTime:573.3215841392649s
iter70		 Improve solution by repack 0.1158142972319269->0.103897137866165 , unplacedBoxesSize:1
currentRepackCostTime:77.069s , currentRepackMaxTime:573.3215841392649s
iter1		 Improve solution by repack 0.103897137866165->0.08715667831228165 , unplacedBoxesSize:1
currentRepackCostTime:77.07000000000001s , currentRepackMaxTime:573.3215841392649s
iter5		 Improve solution by repack 0.08715667831228165->0.06919645256651437 , unplacedBoxesSize:1
currentRepackCostTime:77.093s , currentRepackMaxTime:573.3215841392649s
iter5		 Improve solution by repack 0.06919645256651437->0.06908626713249127 , unplacedBoxesSize:1
currentRepackCostTime:77.114s , currentRepackMaxTime:573.3215841392649s
iter200		 Improve solution by repack 0.06908626713249127->0.06302774791722655 , unplacedBoxesSize:1
currentRepackCostTime:77.94200000000001s , currentRepackMaxTime:573.3215841392649s
iter3		 Improve solution by repack 0.06302774791722655->0.06095370868046224 , unplacedBoxesSize:1
currentRepackCostTime:77.95700000000001s , currentRepackMaxTime:573.3215841392649s
Selecting boards with low utilization for repacking...
iter10		 Improve solution by repack 0.9197571217414673->0.9195535474334857 , unplacedBoxesSize:8
currentRepackCostTime:82.173s , currentRepackMaxTime:573.3215841392649s
iter6		 Improve solution by repack 0.9195535474334857->0.06095370868046224 , unplacedBoxesSize:1
currentRepackCostTime:82.20100000000001s , currentRepackMaxTime:573.3215841392649s
Selecting boards with low utilization for repacking...
iter2		 Improve solution by repack 0.9195535474334857->0.06095370868046224 , unplacedBoxesSize:1
currentRepackCostTime:86.539s , currentRepackMaxTime:573.3215841392649s
Selecting boards with low utilization for repacking...
iter4		 Improve solution by repack 0.9225154528352593->0.9211072292394518 , unplacedBoxesSize:8
currentRepackCostTime:90.754s , currentRepackMaxTime:573.3215841392649s
iter13		 Improve solution by repack 0.9211072292394518->0.9187338753023381 , unplacedBoxesSize:7
currentRepackCostTime:90.82000000000001s , currentRepackMaxTime:573.3215841392649s
iter2		 Improve solution by repack 0.9187338753023381->0.1158142972319269 , unplacedBoxesSize:1
currentRepackCostTime:90.82600000000001s , currentRepackMaxTime:573.3215841392649s
iter726		 Improve solution by repack 0.1158142972319269->0.11223730180059123 , unplacedBoxesSize:2
currentRepackCostTime:93.827s , currentRepackMaxTime:573.3215841392649s
iter13		 Improve solution by repack 0.11223730180059123->0.09732531577532921 , unplacedBoxesSize:2
currentRepackCostTime:93.903s , currentRepackMaxTime:573.3215841392649s
iter22		 Improve solution by repack 0.09732531577532921->0.0964139344262295 , unplacedBoxesSize:2
currentRepackCostTime:94.027s , currentRepackMaxTime:573.3215841392649s
iter8		 Improve solution by repack 0.0964139344262295->0.09621036011824778 , unplacedBoxesSize:2
currentRepackCostTime:94.07600000000001s , currentRepackMaxTime:573.3215841392649s
iter10		 Improve solution by repack 0.09621036011824778->0.07829498118785273 , unplacedBoxesSize:1
currentRepackCostTime:94.122s , currentRepackMaxTime:573.3215841392649s
iter64		 Improve solution by repack 0.07829498118785273->0.06908626713249127 , unplacedBoxesSize:1
currentRepackCostTime:94.395s , currentRepackMaxTime:573.3215841392649s
iter34		 Improve solution by repack 0.06908626713249127->0.06302774791722655 , unplacedBoxesSize:1
currentRepackCostTime:94.532s , currentRepackMaxTime:573.3215841392649s
iter75		 Improve solution by repack 0.06302774791722655->0.06095370868046224 , unplacedBoxesSize:1
currentRepackCostTime:94.85600000000001s , currentRepackMaxTime:573.3215841392649s
iter895		 Improve solution by repack 0.06095370868046224->0.03318261220102123 , unplacedBoxesSize:1
currentRepackCostTime:98.574s , currentRepackMaxTime:573.3215841392649s
iter584		 Improve solution by repack 0.03318261220102123->0.0 , unplacedBoxesSize:0
currentRepackCostTime:101.173s , currentRepackMaxTime:573.3215841392649s
Improved success.
Found solution 74
Start improving solution by repacking.
Selecting boards with low utilization for repacking...
iter13		 Improve solution by repack 0.911581228164472->0.9095071889277075 , unplacedBoxesSize:4
currentRepackCostTime:0.036000000000000004s , currentRepackMaxTime:472.1485841392649s
iter2		 Improve solution by repack 0.9095071889277075->0.9062150631550658 , unplacedBoxesSize:3
currentRepackCostTime:0.047s , currentRepackMaxTime:472.1485841392649s
iter17		 Improve solution by repack 0.9062150631550658->0.8998142300456866 , unplacedBoxesSize:6
currentRepackCostTime:0.109s , currentRepackMaxTime:472.1485841392649s
iter11		 Improve solution by repack 0.8998142300456866->0.8996106557377049 , unplacedBoxesSize:6
currentRepackCostTime:0.165s , currentRepackMaxTime:472.1485841392649s
iter15		 Improve solution by repack 0.8996106557377049->0.8994070814297233 , unplacedBoxesSize:6
currentRepackCostTime:0.23800000000000002s , currentRepackMaxTime:472.1485841392649s
iter19		 Improve solution by repack 0.8994070814297233->0.8960696049449073 , unplacedBoxesSize:5
currentRepackCostTime:0.331s , currentRepackMaxTime:472.1485841392649s
iter274		 Improve solution by repack 0.8960696049449073->0.8915315103466811 , unplacedBoxesSize:4
currentRepackCostTime:1.639s , currentRepackMaxTime:472.1485841392649s
Selecting boards with low utilization for repacking...
iter12		 Improve solution by repack 0.9195535474334857->0.9179602257457672 , unplacedBoxesSize:6
currentRepackCostTime:5.875s , currentRepackMaxTime:472.1485841392649s
iter68		 Improve solution by repack 0.9179602257457672->0.9176615829078205 , unplacedBoxesSize:6
currentRepackCostTime:6.206s , currentRepackMaxTime:472.1485841392649s
iter42		 Improve solution by repack 0.9176615829078205->0.9171758263907552 , unplacedBoxesSize:7
currentRepackCostTime:6.418s , currentRepackMaxTime:472.1485841392649s
iter8		 Improve solution by repack 0.9171758263907552->0.9127512765385648 , unplacedBoxesSize:6
currentRepackCostTime:6.452s , currentRepackMaxTime:472.1485841392649s
iter149		 Improve solution by repack 0.9127512765385648->0.9096660843859178 , unplacedBoxesSize:6
currentRepackCostTime:7.21s , currentRepackMaxTime:472.1485841392649s
iter615		 Improve solution by repack 0.9096660843859178->0.9056409567320612 , unplacedBoxesSize:6
currentRepackCostTime:10.381s , currentRepackMaxTime:472.1485841392649s
iter49		 Improve solution by repack 0.9056409567320612->0.8939048642837947 , unplacedBoxesSize:5
currentRepackCostTime:10.593s , currentRepackMaxTime:472.1485841392649s
iter68		 Improve solution by repack 0.8939048642837947->0.8915315103466811 , unplacedBoxesSize:4
currentRepackCostTime:10.878s , currentRepackMaxTime:472.1485841392649s
iter211		 Improve solution by repack 0.8915315103466811->0.887161717280301 , unplacedBoxesSize:5
currentRepackCostTime:11.747s , currentRepackMaxTime:472.1485841392649s
iter56		 Improve solution by repack 0.887161717280301->0.8839678513840366 , unplacedBoxesSize:4
currentRepackCostTime:12.019s , currentRepackMaxTime:472.1485841392649s
Selecting boards with low utilization for repacking...
iter1		 Improve solution by repack 0.9244531040042999->0.9129983539371137 , unplacedBoxesSize:6
currentRepackCostTime:16.126s , currentRepackMaxTime:472.1485841392649s
iter10		 Improve solution by repack 0.9129983539371137->0.9082966608438592 , unplacedBoxesSize:5
currentRepackCostTime:16.174s , currentRepackMaxTime:472.1485841392649s
iter8		 Improve solution by repack 0.9082966608438592->0.9070384305294276 , unplacedBoxesSize:5
currentRepackCostTime:16.211000000000002s , currentRepackMaxTime:472.1485841392649s
iter196		 Improve solution by repack 0.9070384305294276->0.8963433888739587 , unplacedBoxesSize:5
currentRepackCostTime:17.081s , currentRepackMaxTime:472.1485841392649s
iter9		 Improve solution by repack 0.8963433888739587->0.895432007524859 , unplacedBoxesSize:5
currentRepackCostTime:17.113s , currentRepackMaxTime:472.1485841392649s
iter12		 Improve solution by repack 0.895432007524859->0.8952284332168772 , unplacedBoxesSize:5
currentRepackCostTime:17.173000000000002s , currentRepackMaxTime:472.1485841392649s
iter34		 Improve solution by repack 0.8952284332168772->0.890711166353131 , unplacedBoxesSize:5
currentRepackCostTime:17.336000000000002s , currentRepackMaxTime:472.1485841392649s
iter62		 Improve solution by repack 0.890711166353131->0.8775337610857297 , unplacedBoxesSize:5
currentRepackCostTime:17.624s , currentRepackMaxTime:472.1485841392649s
iter12		 Improve solution by repack 0.8775337610857297->0.8722497312550389 , unplacedBoxesSize:5
currentRepackCostTime:17.668s , currentRepackMaxTime:472.1485841392649s
iter80		 Improve solution by repack 0.8722497312550389->0.8711347755979576 , unplacedBoxesSize:5
currentRepackCostTime:18.022000000000002s , currentRepackMaxTime:472.1485841392649s
iter114		 Improve solution by repack 0.8711347755979576->0.8685064498790647 , unplacedBoxesSize:5
currentRepackCostTime:18.593s , currentRepackMaxTime:472.1485841392649s
iter29		 Improve solution by repack 0.8685064498790647->0.8673394248857834 , unplacedBoxesSize:5
currentRepackCostTime:18.726s , currentRepackMaxTime:472.1485841392649s
iter205		 Improve solution by repack 0.8673394248857834->0.8662244692287019 , unplacedBoxesSize:5
currentRepackCostTime:19.71s , currentRepackMaxTime:472.1485841392649s
iter189		 Improve solution by repack 0.8662244692287019->0.8635516326256383 , unplacedBoxesSize:6
currentRepackCostTime:20.571s , currentRepackMaxTime:472.1485841392649s
iter24		 Improve solution by repack 0.8635516326256383->0.8620458210158559 , unplacedBoxesSize:4
currentRepackCostTime:20.689s , currentRepackMaxTime:472.1485841392649s
iter231		 Improve solution by repack 0.8620458210158559->0.8615331900026875 , unplacedBoxesSize:6
currentRepackCostTime:21.571s , currentRepackMaxTime:472.1485841392649s
iter25		 Improve solution by repack 0.8615331900026875->0.8614230045686643 , unplacedBoxesSize:6
currentRepackCostTime:21.703s , currentRepackMaxTime:472.1485841392649s
iter99		 Improve solution by repack 0.8614230045686643->0.846437785541521 , unplacedBoxesSize:6
currentRepackCostTime:22.218s , currentRepackMaxTime:472.1485841392649s
iter11		 Improve solution by repack 0.846437785541521->0.8459987234614351 , unplacedBoxesSize:7
currentRepackCostTime:22.271s , currentRepackMaxTime:472.1485841392649s
iter31		 Improve solution by repack 0.8459987234614351->0.8391018879333513 , unplacedBoxesSize:5
currentRepackCostTime:22.459s , currentRepackMaxTime:472.1485841392649s
iter137		 Improve solution by repack 0.8391018879333513->0.8335217347487235 , unplacedBoxesSize:5
currentRepackCostTime:23.062s , currentRepackMaxTime:472.1485841392649s
iter25		 Improve solution by repack 0.8335217347487235->0.8333888739586133 , unplacedBoxesSize:5
currentRepackCostTime:23.169s , currentRepackMaxTime:472.1485841392649s
iter23		 Improve solution by repack 0.8333888739586133->0.8320602660575115 , unplacedBoxesSize:5
currentRepackCostTime:23.262s , currentRepackMaxTime:472.1485841392649s
iter31		 Improve solution by repack 0.8320602660575115->0.8269279091642032 , unplacedBoxesSize:6
currentRepackCostTime:23.372s , currentRepackMaxTime:472.1485841392649s
iter13		 Improve solution by repack 0.8269279091642032->0.8217735487772104 , unplacedBoxesSize:6
currentRepackCostTime:23.429000000000002s , currentRepackMaxTime:472.1485841392649s
iter56		 Improve solution by repack 0.8217735487772104->0.8196995095404461 , unplacedBoxesSize:6
currentRepackCostTime:23.738s , currentRepackMaxTime:472.1485841392649s
iter255		 Improve solution by repack 0.8196995095404461->0.8111089088954582 , unplacedBoxesSize:6
currentRepackCostTime:25.116s , currentRepackMaxTime:472.1485841392649s
iter32		 Improve solution by repack 0.8111089088954582->0.8039166218758398 , unplacedBoxesSize:6
currentRepackCostTime:25.301000000000002s , currentRepackMaxTime:472.1485841392649s
iter173		 Improve solution by repack 0.8039166218758398->0.7942124092985757 , unplacedBoxesSize:4
currentRepackCostTime:26.256s , currentRepackMaxTime:472.1485841392649s
iter39		 Improve solution by repack 0.7942124092985757->0.786313826928245 , unplacedBoxesSize:4
currentRepackCostTime:26.433s , currentRepackMaxTime:472.1485841392649s
Selecting boards with low utilization for repacking...
iter10		 Improve solution by repack 0.9245614418167158->0.9131936979306639 , unplacedBoxesSize:5
currentRepackCostTime:30.737000000000002s , currentRepackMaxTime:472.1485841392649s
iter2		 Improve solution by repack 0.9131936979306639->0.912990123622682 , unplacedBoxesSize:5
currentRepackCostTime:30.745s , currentRepackMaxTime:472.1485841392649s
iter9		 Improve solution by repack 0.912990123622682->0.905857296425692 , unplacedBoxesSize:5
currentRepackCostTime:30.781000000000002s , currentRepackMaxTime:472.1485841392649s
iter4		 Improve solution by repack 0.905857296425692->0.8976525127653856 , unplacedBoxesSize:4
currentRepackCostTime:30.795s , currentRepackMaxTime:472.1485841392649s
iter493		 Improve solution by repack 0.8976525127653856->0.893995565708143 , unplacedBoxesSize:5
currentRepackCostTime:32.647s , currentRepackMaxTime:472.1485841392649s
iter307		 Improve solution by repack 0.893995565708143->0.8839678513840366 , unplacedBoxesSize:4
currentRepackCostTime:34.099000000000004s , currentRepackMaxTime:472.1485841392649s
Selecting boards with low utilization for repacking...
iter4		 Improve solution by repack 0.926247648481591->0.9242350846546628 , unplacedBoxesSize:4
currentRepackCostTime:38.048s , currentRepackMaxTime:472.1485841392649s
iter8		 Improve solution by repack 0.9242350846546628->0.9228705321150229 , unplacedBoxesSize:6
currentRepackCostTime:38.077s , currentRepackMaxTime:472.1485841392649s
iter14		 Improve solution by repack 0.9228705321150229->0.922571889277076 , unplacedBoxesSize:6
currentRepackCostTime:38.131s , currentRepackMaxTime:472.1485841392649s
iter16		 Improve solution by repack 0.922571889277076->0.9201985353399624 , unplacedBoxesSize:5
currentRepackCostTime:38.217s , currentRepackMaxTime:472.1485841392649s
iter79		 Improve solution by repack 0.9201985353399624->0.9171133431873152 , unplacedBoxesSize:5
currentRepackCostTime:38.579s , currentRepackMaxTime:472.1485841392649s
iter487		 Improve solution by repack 0.9171133431873152->0.9146482800322494 , unplacedBoxesSize:6
currentRepackCostTime:40.704s , currentRepackMaxTime:472.1485841392649s
iter12		 Improve solution by repack 0.9146482800322494->0.9145763907551734 , unplacedBoxesSize:6
currentRepackCostTime:40.761s , currentRepackMaxTime:472.1485841392649s
iter362		 Improve solution by repack 0.9145763907551734->0.9138915950013438 , unplacedBoxesSize:6
currentRepackCostTime:42.437s , currentRepackMaxTime:472.1485841392649s
iter21		 Improve solution by repack 0.9138915950013438->0.902128124160172 , unplacedBoxesSize:5
currentRepackCostTime:42.54s , currentRepackMaxTime:472.1485841392649s
iter362		 Improve solution by repack 0.902128124160172->0.8909558922332707 , unplacedBoxesSize:6
currentRepackCostTime:44.172000000000004s , currentRepackMaxTime:472.1485841392649s
iter9		 Improve solution by repack 0.8909558922332707->0.8898078473528621 , unplacedBoxesSize:6
currentRepackCostTime:44.224000000000004s , currentRepackMaxTime:472.1485841392649s
iter3		 Improve solution by repack 0.8898078473528621->0.8896976619188391 , unplacedBoxesSize:6
currentRepackCostTime:44.24s , currentRepackMaxTime:472.1485841392649s
iter89		 Improve solution by repack 0.8896976619188391->0.8887862805697393 , unplacedBoxesSize:6
currentRepackCostTime:44.692s , currentRepackMaxTime:472.1485841392649s
iter16		 Improve solution by repack 0.8887862805697393->0.8885827062617576 , unplacedBoxesSize:6
currentRepackCostTime:44.765s , currentRepackMaxTime:472.1485841392649s
iter6		 Improve solution by repack 0.8885827062617576->0.8839678513840366 , unplacedBoxesSize:4
currentRepackCostTime:44.801s , currentRepackMaxTime:472.1485841392649s
Selecting boards with low utilization for repacking...
iter3		 Improve solution by repack 0.9266148212846009->0.923354441010481 , unplacedBoxesSize:7
currentRepackCostTime:48.667s , currentRepackMaxTime:472.1485841392649s
iter1		 Improve solution by repack 0.923354441010481->0.9216107901101854 , unplacedBoxesSize:8
currentRepackCostTime:48.676s , currentRepackMaxTime:472.1485841392649s
iter5		 Improve solution by repack 0.9216107901101854->0.9215006046761623 , unplacedBoxesSize:8
currentRepackCostTime:48.705s , currentRepackMaxTime:472.1485841392649s
iter10		 Improve solution by repack 0.9215006046761623->0.9045014780972856 , unplacedBoxesSize:6
currentRepackCostTime:48.769s , currentRepackMaxTime:472.1485841392649s
iter19		 Improve solution by repack 0.9045014780972856->0.8938064364418167 , unplacedBoxesSize:6
currentRepackCostTime:48.867000000000004s , currentRepackMaxTime:472.1485841392649s
iter1		 Improve solution by repack 0.8938064364418167->0.8722497312550389 , unplacedBoxesSize:5
currentRepackCostTime:48.881s , currentRepackMaxTime:472.1485841392649s
iter6		 Improve solution by repack 0.8722497312550389->0.8713383499059393 , unplacedBoxesSize:5
currentRepackCostTime:48.910000000000004s , currentRepackMaxTime:472.1485841392649s
iter19		 Improve solution by repack 0.8713383499059393->0.8711347755979576 , unplacedBoxesSize:5
currentRepackCostTime:48.982s , currentRepackMaxTime:472.1485841392649s
Selecting boards with low utilization for repacking...
iter3		 Improve solution by repack 0.9277949475947327->0.9272292394517603 , unplacedBoxesSize:8
currentRepackCostTime:53.607s , currentRepackMaxTime:472.1485841392649s
iter12		 Improve solution by repack 0.9272292394517603->0.9271190540177372 , unplacedBoxesSize:8
currentRepackCostTime:53.678000000000004s , currentRepackMaxTime:472.1485841392649s
iter53		 Improve solution by repack 0.9271190540177372->0.9070384305294276 , unplacedBoxesSize:5
currentRepackCostTime:54.03s , currentRepackMaxTime:472.1485841392649s
iter531		 Improve solution by repack 0.9070384305294276->0.902128124160172 , unplacedBoxesSize:5
currentRepackCostTime:56.454s , currentRepackMaxTime:472.1485841392649s
iter464		 Improve solution by repack 0.902128124160172->0.893995565708143 , unplacedBoxesSize:5
currentRepackCostTime:58.546s , currentRepackMaxTime:472.1485841392649s
iter7		 Improve solution by repack 0.893995565708143->0.887161717280301 , unplacedBoxesSize:5
currentRepackCostTime:58.58s , currentRepackMaxTime:472.1485841392649s
iter28		 Improve solution by repack 0.887161717280301->0.8820073568933082 , unplacedBoxesSize:5
currentRepackCostTime:58.718s , currentRepackMaxTime:472.1485841392649s
iter34		 Improve solution by repack 0.8820073568933082->0.8775337610857297 , unplacedBoxesSize:5
currentRepackCostTime:58.906s , currentRepackMaxTime:472.1485841392649s
iter11		 Improve solution by repack 0.8775337610857297->0.8734167562483204 , unplacedBoxesSize:5
currentRepackCostTime:58.955s , currentRepackMaxTime:472.1485841392649s
iter5		 Improve solution by repack 0.8734167562483204->0.8722497312550389 , unplacedBoxesSize:5
currentRepackCostTime:58.982s , currentRepackMaxTime:472.1485841392649s
iter769		 Improve solution by repack 0.8722497312550389->0.8713383499059393 , unplacedBoxesSize:5
currentRepackCostTime:62.486000000000004s , currentRepackMaxTime:472.1485841392649s
iter4		 Improve solution by repack 0.8713383499059393->0.8711347755979576 , unplacedBoxesSize:5
currentRepackCostTime:62.502s , currentRepackMaxTime:472.1485841392649s
iter507		 Improve solution by repack 0.8711347755979576->0.8575285541521097 , unplacedBoxesSize:4
currentRepackCostTime:64.81700000000001s , currentRepackMaxTime:472.1485841392649s
iter339		 Improve solution by repack 0.8575285541521097->0.8561861730717549 , unplacedBoxesSize:6
currentRepackCostTime:66.138s , currentRepackMaxTime:472.1485841392649s
iter9		 Improve solution by repack 0.8561861730717549->0.8493415748454717 , unplacedBoxesSize:5
currentRepackCostTime:66.173s , currentRepackMaxTime:472.1485841392649s
iter13		 Improve solution by repack 0.8493415748454717->0.8472675356087074 , unplacedBoxesSize:5
currentRepackCostTime:66.249s , currentRepackMaxTime:472.1485841392649s
iter13		 Improve solution by repack 0.8472675356087074->0.8330418570276806 , unplacedBoxesSize:4
currentRepackCostTime:66.321s , currentRepackMaxTime:472.1485841392649s
Selecting boards with low utilization for repacking...
iter10		 Improve solution by repack 0.9280559661381349->0.9176666218758398 , unplacedBoxesSize:6
currentRepackCostTime:70.589s , currentRepackMaxTime:472.1485841392649s
iter12		 Improve solution by repack 0.9176666218758398->0.9160739720505241 , unplacedBoxesSize:6
currentRepackCostTime:70.641s , currentRepackMaxTime:472.1485841392649s
iter5		 Improve solution by repack 0.9160739720505241->0.9128801061542596 , unplacedBoxesSize:5
currentRepackCostTime:70.666s , currentRepackMaxTime:472.1485841392649s
iter20		 Improve solution by repack 0.9128801061542596->0.9109663061005107 , unplacedBoxesSize:5
currentRepackCostTime:70.754s , currentRepackMaxTime:472.1485841392649s
iter4		 Improve solution by repack 0.9109663061005107->0.9045209621069604 , unplacedBoxesSize:6
currentRepackCostTime:70.772s , currentRepackMaxTime:472.1485841392649s
iter4		 Improve solution by repack 0.9045209621069604->0.9043173877989787 , unplacedBoxesSize:6
currentRepackCostTime:70.798s , currentRepackMaxTime:472.1485841392649s
iter32		 Improve solution by repack 0.9043173877989787->0.9022383095941952 , unplacedBoxesSize:5
currentRepackCostTime:70.97200000000001s , currentRepackMaxTime:472.1485841392649s
iter26		 Improve solution by repack 0.9022383095941952->0.902128124160172 , unplacedBoxesSize:5
currentRepackCostTime:71.078s , currentRepackMaxTime:472.1485841392649s
iter48		 Improve solution by repack 0.902128124160172->0.8946808653587744 , unplacedBoxesSize:6
currentRepackCostTime:71.306s , currentRepackMaxTime:472.1485841392649s
iter36		 Improve solution by repack 0.8946808653587744->0.8944453775866702 , unplacedBoxesSize:7
currentRepackCostTime:71.465s , currentRepackMaxTime:472.1485841392649s
iter4		 Improve solution by repack 0.8944453775866702->0.8942418032786885 , unplacedBoxesSize:7
currentRepackCostTime:71.487s , currentRepackMaxTime:472.1485841392649s
iter2		 Improve solution by repack 0.8942418032786885->0.8930747782854072 , unplacedBoxesSize:7
currentRepackCostTime:71.494s , currentRepackMaxTime:472.1485841392649s
iter14		 Improve solution by repack 0.8930747782854072->0.8919598226283257 , unplacedBoxesSize:7
currentRepackCostTime:71.57000000000001s , currentRepackMaxTime:472.1485841392649s
iter305		 Improve solution by repack 0.8919598226283257->0.8915315103466811 , unplacedBoxesSize:4
currentRepackCostTime:73.238s , currentRepackMaxTime:472.1485841392649s
iter800		 Improve solution by repack 0.8915315103466811->0.887161717280301 , unplacedBoxesSize:5
currentRepackCostTime:76.455s , currentRepackMaxTime:472.1485841392649s
iter57		 Improve solution by repack 0.887161717280301->0.8820073568933082 , unplacedBoxesSize:5
currentRepackCostTime:76.721s , currentRepackMaxTime:472.1485841392649s
iter172		 Improve solution by repack 0.8820073568933082->0.8775337610857297 , unplacedBoxesSize:5
currentRepackCostTime:77.562s , currentRepackMaxTime:472.1485841392649s
iter7		 Improve solution by repack 0.8775337610857297->0.8713383499059393 , unplacedBoxesSize:5
currentRepackCostTime:77.592s , currentRepackMaxTime:472.1485841392649s
iter3		 Improve solution by repack 0.8713383499059393->0.8711347755979576 , unplacedBoxesSize:5
currentRepackCostTime:77.604s , currentRepackMaxTime:472.1485841392649s
iter43		 Improve solution by repack 0.8711347755979576->0.8673394248857834 , unplacedBoxesSize:5
currentRepackCostTime:77.804s , currentRepackMaxTime:472.1485841392649s
Selecting boards with low utilization for repacking...
iter3		 Improve solution by repack 0.9295409500134372->0.9038934426229508 , unplacedBoxesSize:4
currentRepackCostTime:82.609s , currentRepackMaxTime:472.1485841392649s
iter16		 Improve solution by repack 0.9038934426229508->0.9005415210964793 , unplacedBoxesSize:3
currentRepackCostTime:82.682s , currentRepackMaxTime:472.1485841392649s
iter387		 Improve solution by repack 0.9005415210964793->0.8989058720773985 , unplacedBoxesSize:5
currentRepackCostTime:84.006s , currentRepackMaxTime:472.1485841392649s
iter162		 Improve solution by repack 0.8989058720773985->0.893995565708143 , unplacedBoxesSize:5
currentRepackCostTime:84.742s , currentRepackMaxTime:472.1485841392649s
iter54		 Improve solution by repack 0.893995565708143->0.8914329145391023 , unplacedBoxesSize:6
currentRepackCostTime:84.991s , currentRepackMaxTime:472.1485841392649s
iter3		 Improve solution by repack 0.8914329145391023->0.8913227291050794 , unplacedBoxesSize:6
currentRepackCostTime:85.004s , currentRepackMaxTime:472.1485841392649s
iter18		 Improve solution by repack 0.8913227291050794->0.88965886186509 , unplacedBoxesSize:6
currentRepackCostTime:85.096s , currentRepackMaxTime:472.1485841392649s
iter2		 Improve solution by repack 0.88965886186509->0.881675288900833 , unplacedBoxesSize:6
currentRepackCostTime:85.10600000000001s , currentRepackMaxTime:472.1485841392649s
iter2		 Improve solution by repack 0.881675288900833->0.88156510346681 , unplacedBoxesSize:6
currentRepackCostTime:85.113s , currentRepackMaxTime:472.1485841392649s
iter14		 Improve solution by repack 0.88156510346681->0.8722497312550389 , unplacedBoxesSize:5
currentRepackCostTime:85.177s , currentRepackMaxTime:472.1485841392649s
iter99		 Improve solution by repack 0.8722497312550389->0.8713383499059393 , unplacedBoxesSize:5
currentRepackCostTime:85.62s , currentRepackMaxTime:472.1485841392649s
iter1		 Improve solution by repack 0.8713383499059393->0.8711347755979576 , unplacedBoxesSize:5
currentRepackCostTime:85.63s , currentRepackMaxTime:472.1485841392649s
iter968		 Improve solution by repack 0.8711347755979576->0.8662244692287019 , unplacedBoxesSize:5
currentRepackCostTime:90.075s , currentRepackMaxTime:472.1485841392649s
iter772		 Improve solution by repack 0.8662244692287019->0.8587772104273045 , unplacedBoxesSize:6
currentRepackCostTime:93.699s , currentRepackMaxTime:472.1485841392649s
iter744		 Improve solution by repack 0.8587772104273045->0.8418943160440742 , unplacedBoxesSize:6
currentRepackCostTime:97.306s , currentRepackMaxTime:472.1485841392649s
iter4		 Improve solution by repack 0.8418943160440742->0.8255945982262832 , unplacedBoxesSize:5
currentRepackCostTime:97.336s , currentRepackMaxTime:472.1485841392649s
Selecting boards with low utilization for repacking...
iter4		 Improve solution by repack 0.9295898280032249->0.9134977156678312 , unplacedBoxesSize:4
currentRepackCostTime:101.73700000000001s , currentRepackMaxTime:472.1485841392649s
iter5		 Improve solution by repack 0.9134977156678312->0.911581228164472 , unplacedBoxesSize:4
currentRepackCostTime:101.755s , currentRepackMaxTime:472.1485841392649s
iter18		 Improve solution by repack 0.911581228164472->0.9084960360118247 , unplacedBoxesSize:4
currentRepackCostTime:101.81400000000001s , currentRepackMaxTime:472.1485841392649s
iter9		 Improve solution by repack 0.9084960360118247->0.9064219967750605 , unplacedBoxesSize:4
currentRepackCostTime:101.84100000000001s , currentRepackMaxTime:472.1485841392649s
iter18		 Improve solution by repack 0.9064219967750605->0.9050433351249664 , unplacedBoxesSize:6
currentRepackCostTime:101.905s , currentRepackMaxTime:472.1485841392649s
iter20		 Improve solution by repack 0.9050433351249664->0.883279696318194 , unplacedBoxesSize:4
currentRepackCostTime:102.018s , currentRepackMaxTime:472.1485841392649s
iter11		 Improve solution by repack 0.883279696318194->0.8782548374092985 , unplacedBoxesSize:4
currentRepackCostTime:102.058s , currentRepackMaxTime:472.1485841392649s
iter190		 Improve solution by repack 0.8782548374092985->0.8726746842246708 , unplacedBoxesSize:4
currentRepackCostTime:102.78s , currentRepackMaxTime:472.1485841392649s
iter217		 Improve solution by repack 0.8726746842246708->0.8682088148347218 , unplacedBoxesSize:5
currentRepackCostTime:103.652s , currentRepackMaxTime:472.1485841392649s
iter1		 Improve solution by repack 0.8682088148347218->0.8679101719967751 , unplacedBoxesSize:5
currentRepackCostTime:103.654s , currentRepackMaxTime:472.1485841392649s
iter17		 Improve solution by repack 0.8679101719967751->0.8535937919914002 , unplacedBoxesSize:5
currentRepackCostTime:103.73s , currentRepackMaxTime:472.1485841392649s
iter105		 Improve solution by repack 0.8535937919914002->0.8386818059661382 , unplacedBoxesSize:5
currentRepackCostTime:104.265s , currentRepackMaxTime:472.1485841392649s
iter16		 Improve solution by repack 0.8386818059661382->0.8304792058586402 , unplacedBoxesSize:5
currentRepackCostTime:104.34700000000001s , currentRepackMaxTime:472.1485841392649s
iter3		 Improve solution by repack 0.8304792058586402->0.830369020424617 , unplacedBoxesSize:5
currentRepackCostTime:104.36s , currentRepackMaxTime:472.1485841392649s
iter158		 Improve solution by repack 0.830369020424617->0.8287051531846278 , unplacedBoxesSize:5
currentRepackCostTime:105.047s , currentRepackMaxTime:472.1485841392649s
iter8		 Improve solution by repack 0.8287051531846278->0.8194964391292663 , unplacedBoxesSize:5
currentRepackCostTime:105.09400000000001s , currentRepackMaxTime:472.1485841392649s
iter77		 Improve solution by repack 0.8194964391292663->0.8157199005643644 , unplacedBoxesSize:5
currentRepackCostTime:105.468s , currentRepackMaxTime:472.1485841392649s
iter79		 Improve solution by repack 0.8157199005643644->0.814552875571083 , unplacedBoxesSize:5
currentRepackCostTime:105.84700000000001s , currentRepackMaxTime:472.1485841392649s
iter63		 Improve solution by repack 0.814552875571083->0.8136414942219834 , unplacedBoxesSize:5
currentRepackCostTime:106.16s , currentRepackMaxTime:472.1485841392649s
iter1		 Improve solution by repack 0.8136414942219834->0.8134379199140016 , unplacedBoxesSize:5
currentRepackCostTime:106.164s , currentRepackMaxTime:472.1485841392649s
Selecting boards with low utilization for repacking...
iter8		 Improve solution by repack 0.9297349502821822->0.9242327331362538 , unplacedBoxesSize:6
currentRepackCostTime:111.048s , currentRepackMaxTime:472.1485841392649s
iter2		 Improve solution by repack 0.9242327331362538->0.9223437919914002 , unplacedBoxesSize:5
currentRepackCostTime:111.061s , currentRepackMaxTime:472.1485841392649s
iter25		 Improve solution by repack 0.9223437919914002->0.9140090029561946 , unplacedBoxesSize:7
currentRepackCostTime:111.163s , currentRepackMaxTime:472.1485841392649s
iter10		 Improve solution by repack 0.9140090029561946->0.9128970706799248 , unplacedBoxesSize:7
currentRepackCostTime:111.21000000000001s , currentRepackMaxTime:472.1485841392649s
iter50		 Improve solution by repack 0.9128970706799248->0.9097032047836603 , unplacedBoxesSize:6
currentRepackCostTime:111.488s , currentRepackMaxTime:472.1485841392649s
iter30		 Improve solution by repack 0.9097032047836603->0.9090629199140016 , unplacedBoxesSize:8
currentRepackCostTime:111.648s , currentRepackMaxTime:472.1485841392649s
iter2		 Improve solution by repack 0.9090629199140016->0.903889579414136 , unplacedBoxesSize:6
currentRepackCostTime:111.656s , currentRepackMaxTime:472.1485841392649s
iter84		 Improve solution by repack 0.903889579414136->0.8995249932813759 , unplacedBoxesSize:6
currentRepackCostTime:112.10300000000001s , currentRepackMaxTime:472.1485841392649s
iter3		 Improve solution by repack 0.8995249932813759->0.8874958008599838 , unplacedBoxesSize:5
currentRepackCostTime:112.11500000000001s , currentRepackMaxTime:472.1485841392649s
iter3		 Improve solution by repack 0.8874958008599838->0.8839678513840366 , unplacedBoxesSize:4
currentRepackCostTime:112.135s , currentRepackMaxTime:472.1485841392649s
iter789		 Improve solution by repack 0.8839678513840366->0.8711347755979576 , unplacedBoxesSize:5
currentRepackCostTime:115.22s , currentRepackMaxTime:472.1485841392649s
iter59		 Improve solution by repack 0.8711347755979576->0.8662244692287019 , unplacedBoxesSize:5
currentRepackCostTime:115.503s , currentRepackMaxTime:472.1485841392649s
Selecting boards with low utilization for repacking...
iter2		 Improve solution by repack 0.9299986562751947->0.9174744692287019 , unplacedBoxesSize:7
currentRepackCostTime:120.223s , currentRepackMaxTime:472.1485841392649s
iter9		 Improve solution by repack 0.9174744692287019->0.914090634238108 , unplacedBoxesSize:7
currentRepackCostTime:120.273s , currentRepackMaxTime:472.1485841392649s
iter28		 Improve solution by repack 0.914090634238108->0.913980448804085 , unplacedBoxesSize:7
currentRepackCostTime:120.407s , currentRepackMaxTime:472.1485841392649s
iter30		 Improve solution by repack 0.913980448804085->0.9035333243751679 , unplacedBoxesSize:8
currentRepackCostTime:120.58s , currentRepackMaxTime:472.1485841392649s
iter8		 Improve solution by repack 0.9035333243751679->0.9014592851384037 , unplacedBoxesSize:8
currentRepackCostTime:120.62100000000001s , currentRepackMaxTime:472.1485841392649s
iter7		 Improve solution by repack 0.9014592851384037->0.8971623891427036 , unplacedBoxesSize:7
currentRepackCostTime:120.662s , currentRepackMaxTime:472.1485841392649s
iter62		 Improve solution by repack 0.8971623891427036->0.8946808653587744 , unplacedBoxesSize:6
currentRepackCostTime:121.014s , currentRepackMaxTime:472.1485841392649s
Selecting boards with low utilization for repacking...
iter6		 Improve solution by repack 0.930449475947326->0.9216863746304756 , unplacedBoxesSize:6
currentRepackCostTime:125.756s , currentRepackMaxTime:472.1485841392649s
iter16		 Improve solution by repack 0.9216863746304756->0.9089626444504166 , unplacedBoxesSize:6
currentRepackCostTime:125.83800000000001s , currentRepackMaxTime:472.1485841392649s
iter9		 Improve solution by repack 0.9089626444504166->0.9057464391292662 , unplacedBoxesSize:6
currentRepackCostTime:125.881s , currentRepackMaxTime:472.1485841392649s
iter11		 Improve solution by repack 0.9057464391292662->0.9055428648212845 , unplacedBoxesSize:6
currentRepackCostTime:125.926s , currentRepackMaxTime:472.1485841392649s
iter5		 Improve solution by repack 0.9055428648212845->0.9039901908089224 , unplacedBoxesSize:6
currentRepackCostTime:125.94500000000001s , currentRepackMaxTime:472.1485841392649s
iter52		 Improve solution by repack 0.9039901908089224->0.8984100376242946 , unplacedBoxesSize:6
currentRepackCostTime:126.187s , currentRepackMaxTime:472.1485841392649s
iter8		 Improve solution by repack 0.8984100376242946->0.8662244692287019 , unplacedBoxesSize:5
currentRepackCostTime:126.226s , currentRepackMaxTime:472.1485841392649s
iter45		 Improve solution by repack 0.8662244692287019->0.8608821553345876 , unplacedBoxesSize:5
currentRepackCostTime:126.456s , currentRepackMaxTime:472.1485841392649s
iter51		 Improve solution by repack 0.8608821553345876->0.859892166084386 , unplacedBoxesSize:6
currentRepackCostTime:126.68s , currentRepackMaxTime:472.1485841392649s
iter113		 Improve solution by repack 0.859892166084386->0.8587772104273045 , unplacedBoxesSize:6
currentRepackCostTime:127.23100000000001s , currentRepackMaxTime:472.1485841392649s
Selecting boards with low utilization for repacking...
iter3		 Improve solution by repack 0.9304600577801666->0.9253056973931738 , unplacedBoxesSize:8
currentRepackCostTime:132.323s , currentRepackMaxTime:472.1485841392649s
iter4		 Improve solution by repack 0.9253056973931738->0.9152721042730448 , unplacedBoxesSize:5
currentRepackCostTime:132.353s , currentRepackMaxTime:472.1485841392649s
iter2		 Improve solution by repack 0.9152721042730448->0.9131936979306639 , unplacedBoxesSize:5
currentRepackCostTime:132.364s , currentRepackMaxTime:472.1485841392649s
iter10		 Improve solution by repack 0.9131936979306639->0.912990123622682 , unplacedBoxesSize:5
currentRepackCostTime:132.411s , currentRepackMaxTime:472.1485841392649s
iter57		 Improve solution by repack 0.912990123622682->0.9114374496103198 , unplacedBoxesSize:5
currentRepackCostTime:132.63400000000001s , currentRepackMaxTime:472.1485841392649s
iter50		 Improve solution by repack 0.9114374496103198->0.905857296425692 , unplacedBoxesSize:5
currentRepackCostTime:132.86s , currentRepackMaxTime:472.1485841392649s
iter20		 Improve solution by repack 0.905857296425692->0.8976525127653856 , unplacedBoxesSize:4
currentRepackCostTime:132.943s , currentRepackMaxTime:472.1485841392649s
iter163		 Improve solution by repack 0.8976525127653856->0.8963433888739587 , unplacedBoxesSize:5
currentRepackCostTime:133.594s , currentRepackMaxTime:472.1485841392649s
iter52		 Improve solution by repack 0.8963433888739587->0.8918261220102123 , unplacedBoxesSize:5
currentRepackCostTime:133.798s , currentRepackMaxTime:472.1485841392649s
iter122		 Improve solution by repack 0.8918261220102123->0.890711166353131 , unplacedBoxesSize:5
currentRepackCostTime:134.356s , currentRepackMaxTime:472.1485841392649s
iter50		 Improve solution by repack 0.890711166353131->0.8893687852727762 , unplacedBoxesSize:7
currentRepackCostTime:134.589s , currentRepackMaxTime:472.1485841392649s
iter1		 Improve solution by repack 0.8893687852727762->0.889258599838753 , unplacedBoxesSize:7
currentRepackCostTime:134.594s , currentRepackMaxTime:472.1485841392649s
iter4		 Improve solution by repack 0.889258599838753->0.8798075114216608 , unplacedBoxesSize:4
currentRepackCostTime:134.612s , currentRepackMaxTime:472.1485841392649s
iter1		 Improve solution by repack 0.8798075114216608->0.8782548374092985 , unplacedBoxesSize:4
currentRepackCostTime:134.614s , currentRepackMaxTime:472.1485841392649s
iter148		 Improve solution by repack 0.8782548374092985->0.8713383499059393 , unplacedBoxesSize:5
currentRepackCostTime:135.211s , currentRepackMaxTime:472.1485841392649s
iter4		 Improve solution by repack 0.8713383499059393->0.8711347755979576 , unplacedBoxesSize:5
currentRepackCostTime:135.222s , currentRepackMaxTime:472.1485841392649s
iter247		 Improve solution by repack 0.8711347755979576->0.8673394248857834 , unplacedBoxesSize:5
currentRepackCostTime:136.391s , currentRepackMaxTime:472.1485841392649s
iter33		 Improve solution by repack 0.8673394248857834->0.8662244692287019 , unplacedBoxesSize:5
currentRepackCostTime:136.547s , currentRepackMaxTime:472.1485841392649s
Selecting boards with low utilization for repacking...
iter1		 Improve solution by repack 0.9305956060198872->0.9292972319269014 , unplacedBoxesSize:5
currentRepackCostTime:141.223s , currentRepackMaxTime:472.1485841392649s
iter41		 Improve solution by repack 0.9292972319269014->0.9237416017199677 , unplacedBoxesSize:4
currentRepackCostTime:141.399s , currentRepackMaxTime:472.1485841392649s
iter8		 Improve solution by repack 0.9237416017199677->0.9171133431873152 , unplacedBoxesSize:5
currentRepackCostTime:141.436s , currentRepackMaxTime:472.1485841392649s
iter35		 Improve solution by repack 0.9171133431873152->0.9084248185971513 , unplacedBoxesSize:5
currentRepackCostTime:141.582s , currentRepackMaxTime:472.1485841392649s
iter9		 Improve solution by repack 0.9084248185971513->0.8960696049449073 , unplacedBoxesSize:5
currentRepackCostTime:141.63s , currentRepackMaxTime:472.1485841392649s
iter32		 Improve solution by repack 0.8960696049449073->0.893995565708143 , unplacedBoxesSize:5
currentRepackCostTime:141.763s , currentRepackMaxTime:472.1485841392649s
iter474		 Improve solution by repack 0.893995565708143->0.8887543671056168 , unplacedBoxesSize:5
currentRepackCostTime:143.972s , currentRepackMaxTime:472.1485841392649s
iter3		 Improve solution by repack 0.8887543671056168->0.8662244692287019 , unplacedBoxesSize:5
currentRepackCostTime:143.988s , currentRepackMaxTime:472.1485841392649s
Selecting boards with low utilization for repacking...
iter1		 Improve solution by repack 0.9327974670787423->0.9285679252889008 , unplacedBoxesSize:9
currentRepackCostTime:148.708s , currentRepackMaxTime:472.1485841392649s
iter2		 Improve solution by repack 0.9285679252889008->0.9223447997850039 , unplacedBoxesSize:8
currentRepackCostTime:148.724s , currentRepackMaxTime:472.1485841392649s
iter4		 Improve solution by repack 0.9223447997850039->0.9117300456866433 , unplacedBoxesSize:5
currentRepackCostTime:148.752s , currentRepackMaxTime:472.1485841392649s
iter8		 Improve solution by repack 0.9117300456866433->0.9045209621069604 , unplacedBoxesSize:6
currentRepackCostTime:148.786s , currentRepackMaxTime:472.1485841392649s
iter15		 Improve solution by repack 0.9045209621069604->0.9043173877989787 , unplacedBoxesSize:6
currentRepackCostTime:148.857s , currentRepackMaxTime:472.1485841392649s
iter25		 Improve solution by repack 0.9043173877989787->0.8976525127653856 , unplacedBoxesSize:4
currentRepackCostTime:148.971s , currentRepackMaxTime:472.1485841392649s
iter22		 Improve solution by repack 0.8976525127653856->0.8915315103466811 , unplacedBoxesSize:4
currentRepackCostTime:149.059s , currentRepackMaxTime:472.1485841392649s
iter62		 Improve solution by repack 0.8915315103466811->0.8685064498790647 , unplacedBoxesSize:5
currentRepackCostTime:149.28s , currentRepackMaxTime:472.1485841392649s
iter12		 Improve solution by repack 0.8685064498790647->0.8673394248857834 , unplacedBoxesSize:5
currentRepackCostTime:149.336s , currentRepackMaxTime:472.1485841392649s
iter55		 Improve solution by repack 0.8673394248857834->0.8664280435366837 , unplacedBoxesSize:5
currentRepackCostTime:149.583s , currentRepackMaxTime:472.1485841392649s
iter43		 Improve solution by repack 0.8664280435366837->0.8662244692287019 , unplacedBoxesSize:5
currentRepackCostTime:149.772s , currentRepackMaxTime:472.1485841392649s
iter785		 Improve solution by repack 0.8662244692287019->0.8625772641762967 , unplacedBoxesSize:4
currentRepackCostTime:153.425s , currentRepackMaxTime:472.1485841392649s
iter96		 Improve solution by repack 0.8625772641762967->0.8575285541521097 , unplacedBoxesSize:4
currentRepackCostTime:153.803s , currentRepackMaxTime:472.1485841392649s
iter44		 Improve solution by repack 0.8575285541521097->0.8561861730717549 , unplacedBoxesSize:6
currentRepackCostTime:153.967s , currentRepackMaxTime:472.1485841392649s
iter4		 Improve solution by repack 0.8561861730717549->0.8494517602794949 , unplacedBoxesSize:5
currentRepackCostTime:153.99s , currentRepackMaxTime:472.1485841392649s
iter17		 Improve solution by repack 0.8494517602794949->0.8493415748454717 , unplacedBoxesSize:5
currentRepackCostTime:154.072s , currentRepackMaxTime:472.1485841392649s
iter8		 Improve solution by repack 0.8493415748454717->0.8456564095673207 , unplacedBoxesSize:6
currentRepackCostTime:154.107s , currentRepackMaxTime:472.1485841392649s
iter16		 Improve solution by repack 0.8456564095673207->0.8354152109647943 , unplacedBoxesSize:5
currentRepackCostTime:154.178s , currentRepackMaxTime:472.1485841392649s
iter43		 Improve solution by repack 0.8354152109647943->0.8330418570276806 , unplacedBoxesSize:4
currentRepackCostTime:154.357s , currentRepackMaxTime:472.1485841392649s
Selecting boards with low utilization for repacking...
iter1		 Improve solution by repack 0.9337338753023381->0.9244531040042999 , unplacedBoxesSize:7
currentRepackCostTime:158.466s , currentRepackMaxTime:472.1485841392649s
iter1		 Improve solution by repack 0.9244531040042999->0.918879165546896 , unplacedBoxesSize:7
currentRepackCostTime:158.473s , currentRepackMaxTime:472.1485841392649s
iter16		 Improve solution by repack 0.918879165546896->0.893995565708143 , unplacedBoxesSize:5
currentRepackCostTime:158.558s , currentRepackMaxTime:472.1485841392649s
iter252		 Improve solution by repack 0.893995565708143->0.8914586132760011 , unplacedBoxesSize:6
currentRepackCostTime:159.696s , currentRepackMaxTime:472.1485841392649s
iter23		 Improve solution by repack 0.8914586132760011->0.8905945982262833 , unplacedBoxesSize:6
currentRepackCostTime:159.81s , currentRepackMaxTime:472.1485841392649s
iter9		 Improve solution by repack 0.8905945982262833->0.8820073568933082 , unplacedBoxesSize:5
currentRepackCostTime:159.865s , currentRepackMaxTime:472.1485841392649s
iter50		 Improve solution by repack 0.8820073568933082->0.8775337610857297 , unplacedBoxesSize:5
currentRepackCostTime:160.135s , currentRepackMaxTime:472.1485841392649s
iter27		 Improve solution by repack 0.8775337610857297->0.8722497312550389 , unplacedBoxesSize:5
currentRepackCostTime:160.258s , currentRepackMaxTime:472.1485841392649s
iter96		 Improve solution by repack 0.8722497312550389->0.8711347755979576 , unplacedBoxesSize:5
currentRepackCostTime:160.67000000000002s , currentRepackMaxTime:472.1485841392649s
iter325		 Improve solution by repack 0.8711347755979576->0.8620458210158559 , unplacedBoxesSize:4
currentRepackCostTime:162.263s , currentRepackMaxTime:472.1485841392649s
iter12		 Improve solution by repack 0.8620458210158559->0.8575285541521097 , unplacedBoxesSize:4
currentRepackCostTime:162.311s , currentRepackMaxTime:472.1485841392649s
iter5		 Improve solution by repack 0.8575285541521097->0.8561861730717549 , unplacedBoxesSize:6
currentRepackCostTime:162.335s , currentRepackMaxTime:472.1485841392649s
iter1		 Improve solution by repack 0.8561861730717549->0.8518251142166084 , unplacedBoxesSize:6
currentRepackCostTime:162.342s , currentRepackMaxTime:472.1485841392649s
iter6		 Improve solution by repack 0.8518251142166084->0.8517149287825854 , unplacedBoxesSize:6
currentRepackCostTime:162.367s , currentRepackMaxTime:472.1485841392649s
iter33		 Improve solution by repack 0.8517149287825854->0.8493415748454717 , unplacedBoxesSize:5
currentRepackCostTime:162.55700000000002s , currentRepackMaxTime:472.1485841392649s
iter16		 Improve solution by repack 0.8493415748454717->0.8330418570276806 , unplacedBoxesSize:4
currentRepackCostTime:162.633s , currentRepackMaxTime:472.1485841392649s
Selecting boards with low utilization for repacking...
iter7		 Improve solution by repack 0.9340548575651707->0.9282051195915078 , unplacedBoxesSize:7
currentRepackCostTime:166.698s , currentRepackMaxTime:472.1485841392649s
iter1		 Improve solution by repack 0.9282051195915078->0.926247648481591 , unplacedBoxesSize:4
currentRepackCostTime:166.701s , currentRepackMaxTime:472.1485841392649s
iter8		 Improve solution by repack 0.926247648481591->0.9201229508196721 , unplacedBoxesSize:3
currentRepackCostTime:166.726s , currentRepackMaxTime:472.1485841392649s
iter23		 Improve solution by repack 0.9201229508196721->0.9189559258263909 , unplacedBoxesSize:3
currentRepackCostTime:166.809s , currentRepackMaxTime:472.1485841392649s
iter155		 Improve solution by repack 0.9189559258263909->0.9180445444772911 , unplacedBoxesSize:3
currentRepackCostTime:167.362s , currentRepackMaxTime:472.1485841392649s
iter27		 Improve solution by repack 0.9180445444772911->0.9178409701693093 , unplacedBoxesSize:3
currentRepackCostTime:167.459s , currentRepackMaxTime:472.1485841392649s
iter106		 Improve solution by repack 0.9178409701693093->0.9154340231120667 , unplacedBoxesSize:6
currentRepackCostTime:167.832s , currentRepackMaxTime:472.1485841392649s
iter53		 Improve solution by repack 0.9154340231120667->0.9016890620800859 , unplacedBoxesSize:6
currentRepackCostTime:168.098s , currentRepackMaxTime:472.1485841392649s
iter3		 Improve solution by repack 0.9016890620800859->0.8960696049449073 , unplacedBoxesSize:5
currentRepackCostTime:168.114s , currentRepackMaxTime:472.1485841392649s
iter50		 Improve solution by repack 0.8960696049449073->0.8915315103466811 , unplacedBoxesSize:4
currentRepackCostTime:168.31s , currentRepackMaxTime:472.1485841392649s
iter189		 Improve solution by repack 0.8915315103466811->0.8884557242676699 , unplacedBoxesSize:5
currentRepackCostTime:169.106s , currentRepackMaxTime:472.1485841392649s
iter9		 Improve solution by repack 0.8884557242676699->0.8839678513840366 , unplacedBoxesSize:4
currentRepackCostTime:169.135s , currentRepackMaxTime:472.1485841392649s
iter113		 Improve solution by repack 0.8839678513840366->0.8782548374092985 , unplacedBoxesSize:4
currentRepackCostTime:169.58s , currentRepackMaxTime:472.1485841392649s
iter512		 Improve solution by repack 0.8782548374092985->0.8713383499059393 , unplacedBoxesSize:5
currentRepackCostTime:171.546s , currentRepackMaxTime:472.1485841392649s
iter4		 Improve solution by repack 0.8713383499059393->0.8711347755979576 , unplacedBoxesSize:5
currentRepackCostTime:171.574s , currentRepackMaxTime:472.1485841392649s
iter172		 Improve solution by repack 0.8711347755979576->0.8685064498790647 , unplacedBoxesSize:5
currentRepackCostTime:172.421s , currentRepackMaxTime:472.1485841392649s
iter28		 Improve solution by repack 0.8685064498790647->0.8673394248857834 , unplacedBoxesSize:5
currentRepackCostTime:172.573s , currentRepackMaxTime:472.1485841392649s
iter66		 Improve solution by repack 0.8673394248857834->0.8662244692287019 , unplacedBoxesSize:5
currentRepackCostTime:172.889s , currentRepackMaxTime:472.1485841392649s
iter274		 Improve solution by repack 0.8662244692287019->0.8587772104273045 , unplacedBoxesSize:6
currentRepackCostTime:174.15s , currentRepackMaxTime:472.1485841392649s
Selecting boards with low utilization for repacking...
iter3		 Improve solution by repack 0.9343049583445311->0.9247537624294544 , unplacedBoxesSize:7
currentRepackCostTime:179.247s , currentRepackMaxTime:472.1485841392649s
iter15		 Improve solution by repack 0.9247537624294544->0.924077868852459 , unplacedBoxesSize:6
currentRepackCostTime:179.33s , currentRepackMaxTime:472.1485841392649s
iter32		 Improve solution by repack 0.924077868852459->0.9070384305294276 , unplacedBoxesSize:5
currentRepackCostTime:179.461s , currentRepackMaxTime:472.1485841392649s
iter606		 Improve solution by repack 0.9070384305294276->0.9054323434560602 , unplacedBoxesSize:6
currentRepackCostTime:182.115s , currentRepackMaxTime:472.1485841392649s
iter15		 Improve solution by repack 0.9054323434560602->0.9043173877989787 , unplacedBoxesSize:6
currentRepackCostTime:182.19s , currentRepackMaxTime:472.1485841392649s
iter10		 Improve solution by repack 0.9043173877989787->0.9033532652512765 , unplacedBoxesSize:6
currentRepackCostTime:182.243s , currentRepackMaxTime:472.1485841392649s
iter3		 Improve solution by repack 0.9033532652512765->0.9009799113141629 , unplacedBoxesSize:5
currentRepackCostTime:182.251s , currentRepackMaxTime:472.1485841392649s
iter128		 Improve solution by repack 0.9009799113141629->0.8989058720773985 , unplacedBoxesSize:5
currentRepackCostTime:182.81900000000002s , currentRepackMaxTime:472.1485841392649s
iter441		 Improve solution by repack 0.8989058720773985->0.893995565708143 , unplacedBoxesSize:5
currentRepackCostTime:184.822s , currentRepackMaxTime:472.1485841392649s
iter162		 Improve solution by repack 0.893995565708143->0.8915315103466811 , unplacedBoxesSize:4
currentRepackCostTime:185.53300000000002s , currentRepackMaxTime:472.1485841392649s
iter8		 Improve solution by repack 0.8915315103466811->0.8886223461435098 , unplacedBoxesSize:6
currentRepackCostTime:185.55700000000002s , currentRepackMaxTime:472.1485841392649s
iter23		 Improve solution by repack 0.8886223461435098->0.8822514109110454 , unplacedBoxesSize:5
currentRepackCostTime:185.69s , currentRepackMaxTime:472.1485841392649s
iter278		 Improve solution by repack 0.8822514109110454->0.8770970505240526 , unplacedBoxesSize:5
currentRepackCostTime:186.967s , currentRepackMaxTime:472.1485841392649s
iter142		 Improve solution by repack 0.8770970505240526->0.8685064498790647 , unplacedBoxesSize:5
currentRepackCostTime:187.612s , currentRepackMaxTime:472.1485841392649s
iter18		 Improve solution by repack 0.8685064498790647->0.8673394248857834 , unplacedBoxesSize:5
currentRepackCostTime:187.708s , currentRepackMaxTime:472.1485841392649s
iter60		 Improve solution by repack 0.8673394248857834->0.8664280435366837 , unplacedBoxesSize:5
currentRepackCostTime:187.999s , currentRepackMaxTime:472.1485841392649s
iter2		 Improve solution by repack 0.8664280435366837->0.8662244692287019 , unplacedBoxesSize:5
currentRepackCostTime:188.01500000000001s , currentRepackMaxTime:472.1485841392649s
iter118		 Improve solution by repack 0.8662244692287019->0.8646088081160979 , unplacedBoxesSize:5
currentRepackCostTime:188.553s , currentRepackMaxTime:472.1485841392649s
iter37		 Improve solution by repack 0.8646088081160979->0.8379521633969363 , unplacedBoxesSize:4
currentRepackCostTime:188.722s , currentRepackMaxTime:472.1485841392649s
Selecting boards with low utilization for repacking...
iter1		 Improve solution by repack 0.9344739317387799->0.9242327331362538 , unplacedBoxesSize:10
currentRepackCostTime:192.764s , currentRepackMaxTime:472.1485841392649s
iter1		 Improve solution by repack 0.9242327331362538->0.8981886589626444 , unplacedBoxesSize:7
currentRepackCostTime:192.767s , currentRepackMaxTime:472.1485841392649s
iter26		 Improve solution by repack 0.8981886589626444->0.8946808653587744 , unplacedBoxesSize:6
currentRepackCostTime:192.874s , currentRepackMaxTime:472.1485841392649s
iter427		 Improve solution by repack 0.8946808653587744->0.8930747782854072 , unplacedBoxesSize:7
currentRepackCostTime:194.861s , currentRepackMaxTime:472.1485841392649s
iter43		 Improve solution by repack 0.8930747782854072->0.8921633969363075 , unplacedBoxesSize:7
currentRepackCostTime:195.103s , currentRepackMaxTime:472.1485841392649s
iter6		 Improve solution by repack 0.8921633969363075->0.8919598226283257 , unplacedBoxesSize:7
currentRepackCostTime:195.137s , currentRepackMaxTime:472.1485841392649s
iter364		 Improve solution by repack 0.8919598226283257->0.8915315103466811 , unplacedBoxesSize:4
currentRepackCostTime:197.106s , currentRepackMaxTime:472.1485841392649s
Selecting boards with low utilization for repacking...
iter13		 Improve solution by repack 0.9351642703574308->0.9343802069336199 , unplacedBoxesSize:4
currentRepackCostTime:201.223s , currentRepackMaxTime:472.1485841392649s
iter15		 Improve solution by repack 0.9343802069336199->0.9176397473797366 , unplacedBoxesSize:4
currentRepackCostTime:201.275s , currentRepackMaxTime:472.1485841392649s
iter21		 Improve solution by repack 0.9176397473797366->0.9145545552270894 , unplacedBoxesSize:4
currentRepackCostTime:201.34900000000002s , currentRepackMaxTime:472.1485841392649s
iter77		 Improve solution by repack 0.9145545552270894->0.9144883767804354 , unplacedBoxesSize:8
currentRepackCostTime:201.614s , currentRepackMaxTime:472.1485841392649s
iter6		 Improve solution by repack 0.9144883767804354->0.9070384305294276 , unplacedBoxesSize:5
currentRepackCostTime:201.663s , currentRepackMaxTime:472.1485841392649s
iter67		 Improve solution by repack 0.9070384305294276->0.9009799113141629 , unplacedBoxesSize:5
currentRepackCostTime:201.959s , currentRepackMaxTime:472.1485841392649s
iter22		 Improve solution by repack 0.9009799113141629->0.8989058720773985 , unplacedBoxesSize:5
currentRepackCostTime:202.062s , currentRepackMaxTime:472.1485841392649s
iter321		 Improve solution by repack 0.8989058720773985->0.8980418570276807 , unplacedBoxesSize:5
currentRepackCostTime:203.433s , currentRepackMaxTime:472.1485841392649s
iter4		 Improve solution by repack 0.8980418570276807->0.8968748320343993 , unplacedBoxesSize:5
currentRepackCostTime:203.446s , currentRepackMaxTime:472.1485841392649s
iter33		 Improve solution by repack 0.8968748320343993->0.8887543671056168 , unplacedBoxesSize:5
currentRepackCostTime:203.597s , currentRepackMaxTime:472.1485841392649s
iter5		 Improve solution by repack 0.8887543671056168->0.8853705321150229 , unplacedBoxesSize:5
currentRepackCostTime:203.624s , currentRepackMaxTime:472.1485841392649s
iter2		 Improve solution by repack 0.8853705321150229->0.8839678513840366 , unplacedBoxesSize:4
currentRepackCostTime:203.638s , currentRepackMaxTime:472.1485841392649s
iter132		 Improve solution by repack 0.8839678513840366->0.8722497312550389 , unplacedBoxesSize:5
currentRepackCostTime:204.174s , currentRepackMaxTime:472.1485841392649s
iter104		 Improve solution by repack 0.8722497312550389->0.8713383499059393 , unplacedBoxesSize:5
currentRepackCostTime:204.65200000000002s , currentRepackMaxTime:472.1485841392649s
iter23		 Improve solution by repack 0.8713383499059393->0.8711347755979576 , unplacedBoxesSize:5
currentRepackCostTime:204.755s , currentRepackMaxTime:472.1485841392649s
iter242		 Improve solution by repack 0.8711347755979576->0.8620458210158559 , unplacedBoxesSize:4
currentRepackCostTime:205.867s , currentRepackMaxTime:472.1485841392649s
iter53		 Improve solution by repack 0.8620458210158559->0.8575285541521097 , unplacedBoxesSize:4
currentRepackCostTime:206.084s , currentRepackMaxTime:472.1485841392649s
iter785		 Improve solution by repack 0.8575285541521097->0.8561861730717549 , unplacedBoxesSize:6
currentRepackCostTime:209.264s , currentRepackMaxTime:472.1485841392649s
iter1		 Improve solution by repack 0.8561861730717549->0.8494517602794949 , unplacedBoxesSize:5
currentRepackCostTime:209.272s , currentRepackMaxTime:472.1485841392649s
iter12		 Improve solution by repack 0.8494517602794949->0.8493415748454717 , unplacedBoxesSize:5
currentRepackCostTime:209.314s , currentRepackMaxTime:472.1485841392649s
iter35		 Improve solution by repack 0.8493415748454717->0.8330418570276806 , unplacedBoxesSize:4
currentRepackCostTime:209.48000000000002s , currentRepackMaxTime:472.1485841392649s
Selecting boards with low utilization for repacking...
iter2		 Improve solution by repack 0.9360983270626175->0.9292522171459285 , unplacedBoxesSize:6
currentRepackCostTime:213.55100000000002s , currentRepackMaxTime:472.1485841392649s
iter29		 Improve solution by repack 0.9292522171459285->0.9271781779091641 , unplacedBoxesSize:6
currentRepackCostTime:213.698s , currentRepackMaxTime:472.1485841392649s
iter106		 Improve solution by repack 0.9271781779091641->0.9162073367374362 , unplacedBoxesSize:6
currentRepackCostTime:214.217s , currentRepackMaxTime:472.1485841392649s
iter16		 Improve solution by repack 0.9162073367374362->0.9111824778285408 , unplacedBoxesSize:6
currentRepackCostTime:214.302s , currentRepackMaxTime:472.1485841392649s
iter47		 Improve solution by repack 0.9111824778285408->0.905602324643913 , unplacedBoxesSize:6
currentRepackCostTime:214.536s , currentRepackMaxTime:472.1485841392649s
iter22		 Improve solution by repack 0.905602324643913->0.8960696049449073 , unplacedBoxesSize:5
currentRepackCostTime:214.626s , currentRepackMaxTime:472.1485841392649s
iter83		 Improve solution by repack 0.8960696049449073->0.893995565708143 , unplacedBoxesSize:5
currentRepackCostTime:215.02s , currentRepackMaxTime:472.1485841392649s
iter576		 Improve solution by repack 0.893995565708143->0.8929931470034937 , unplacedBoxesSize:5
currentRepackCostTime:217.691s , currentRepackMaxTime:472.1485841392649s
iter22		 Improve solution by repack 0.8929931470034937->0.8909147406611125 , unplacedBoxesSize:5
currentRepackCostTime:217.793s , currentRepackMaxTime:472.1485841392649s
iter36		 Improve solution by repack 0.8909147406611125->0.890711166353131 , unplacedBoxesSize:5
currentRepackCostTime:217.96200000000002s , currentRepackMaxTime:472.1485841392649s
iter272		 Improve solution by repack 0.890711166353131->0.8893687852727762 , unplacedBoxesSize:7
currentRepackCostTime:219.243s , currentRepackMaxTime:472.1485841392649s
iter7		 Improve solution by repack 0.8893687852727762->0.889258599838753 , unplacedBoxesSize:7
currentRepackCostTime:219.282s , currentRepackMaxTime:472.1485841392649s
iter10		 Improve solution by repack 0.889258599838753->0.8885827062617576 , unplacedBoxesSize:6
currentRepackCostTime:219.342s , currentRepackMaxTime:472.1485841392649s
iter49		 Improve solution by repack 0.8885827062617576->0.8839678513840366 , unplacedBoxesSize:4
currentRepackCostTime:219.58100000000002s , currentRepackMaxTime:472.1485841392649s
iter218		 Improve solution by repack 0.8839678513840366->0.8782548374092985 , unplacedBoxesSize:4
currentRepackCostTime:220.398s , currentRepackMaxTime:472.1485841392649s
iter435		 Improve solution by repack 0.8782548374092985->0.8726746842246708 , unplacedBoxesSize:4
currentRepackCostTime:222.107s , currentRepackMaxTime:472.1485841392649s
iter33		 Improve solution by repack 0.8726746842246708->0.8620458210158559 , unplacedBoxesSize:4
currentRepackCostTime:222.225s , currentRepackMaxTime:472.1485841392649s
Selecting boards with low utilization for repacking...
iter2		 Improve solution by repack 0.9361660171996775->0.9313795014780972 , unplacedBoxesSize:8
currentRepackCostTime:226.124s , currentRepackMaxTime:472.1485841392649s
iter8		 Improve solution by repack 0.9313795014780972->0.9196549986562752 , unplacedBoxesSize:8
currentRepackCostTime:226.171s , currentRepackMaxTime:472.1485841392649s
iter23		 Improve solution by repack 0.9196549986562752->0.9194514243482935 , unplacedBoxesSize:8
currentRepackCostTime:226.316s , currentRepackMaxTime:472.1485841392649s
iter3		 Improve solution by repack 0.9194514243482935->0.91904427573233 , unplacedBoxesSize:8
currentRepackCostTime:226.33100000000002s , currentRepackMaxTime:472.1485841392649s
iter108		 Improve solution by repack 0.91904427573233->0.9184278419779629 , unplacedBoxesSize:6
currentRepackCostTime:227.049s , currentRepackMaxTime:472.1485841392649s
iter30		 Improve solution by repack 0.9184278419779629->0.902128124160172 , unplacedBoxesSize:5
currentRepackCostTime:227.197s , currentRepackMaxTime:472.1485841392649s
iter86		 Improve solution by repack 0.902128124160172->0.893995565708143 , unplacedBoxesSize:5
currentRepackCostTime:227.573s , currentRepackMaxTime:472.1485841392649s
iter3		 Improve solution by repack 0.893995565708143->0.8918395592582639 , unplacedBoxesSize:5
currentRepackCostTime:227.588s , currentRepackMaxTime:472.1485841392649s
iter5		 Improve solution by repack 0.8918395592582639->0.8884557242676699 , unplacedBoxesSize:5
currentRepackCostTime:227.608s , currentRepackMaxTime:472.1485841392649s
iter96		 Improve solution by repack 0.8884557242676699->0.8853705321150229 , unplacedBoxesSize:5
currentRepackCostTime:228.047s , currentRepackMaxTime:472.1485841392649s
iter13		 Improve solution by repack 0.8853705321150229->0.8839678513840366 , unplacedBoxesSize:4
currentRepackCostTime:228.089s , currentRepackMaxTime:472.1485841392649s
iter25		 Improve solution by repack 0.8839678513840366->0.8782548374092985 , unplacedBoxesSize:4
currentRepackCostTime:228.17600000000002s , currentRepackMaxTime:472.1485841392649s
iter148		 Improve solution by repack 0.8782548374092985->0.8726746842246708 , unplacedBoxesSize:4
currentRepackCostTime:228.766s , currentRepackMaxTime:472.1485841392649s
iter29		 Improve solution by repack 0.8726746842246708->0.8711347755979576 , unplacedBoxesSize:5
currentRepackCostTime:228.881s , currentRepackMaxTime:472.1485841392649s
iter309		 Improve solution by repack 0.8711347755979576->0.8585502889008331 , unplacedBoxesSize:5
currentRepackCostTime:230.34300000000002s , currentRepackMaxTime:472.1485841392649s
iter23		 Improve solution by repack 0.8585502889008331->0.8564762496640689 , unplacedBoxesSize:5
currentRepackCostTime:230.46s , currentRepackMaxTime:472.1485841392649s
iter35		 Improve solution by repack 0.8564762496640689->0.8539372816447192 , unplacedBoxesSize:6
currentRepackCostTime:230.625s , currentRepackMaxTime:472.1485841392649s
iter1		 Improve solution by repack 0.8539372816447192->0.8527892367643106 , unplacedBoxesSize:6
currentRepackCostTime:230.62800000000001s , currentRepackMaxTime:472.1485841392649s
iter14		 Improve solution by repack 0.8527892367643106->0.8526790513302877 , unplacedBoxesSize:6
currentRepackCostTime:230.70000000000002s , currentRepackMaxTime:472.1485841392649s
iter67		 Improve solution by repack 0.8526790513302877->0.8379521633969363 , unplacedBoxesSize:4
currentRepackCostTime:231.08s , currentRepackMaxTime:472.1485841392649s
iter393		 Improve solution by repack 0.8379521633969363->0.8330418570276806 , unplacedBoxesSize:4
currentRepackCostTime:232.704s , currentRepackMaxTime:472.1485841392649s
Selecting boards with low utilization for repacking...
iter1		 Improve solution by repack 0.9362231255038969->0.9338679118516527 , unplacedBoxesSize:3
currentRepackCostTime:236.726s , currentRepackMaxTime:472.1485841392649s
iter36		 Improve solution by repack 0.9338679118516527->0.9273348898145659 , unplacedBoxesSize:5
currentRepackCostTime:236.846s , currentRepackMaxTime:472.1485841392649s
iter7		 Improve solution by repack 0.9273348898145659->0.9201229508196721 , unplacedBoxesSize:3
currentRepackCostTime:236.881s , currentRepackMaxTime:472.1485841392649s
iter9		 Improve solution by repack 0.9201229508196721->0.9183818194033863 , unplacedBoxesSize:6
currentRepackCostTime:236.91400000000002s , currentRepackMaxTime:472.1485841392649s
iter70		 Improve solution by repack 0.9183818194033863->0.915472655200215 , unplacedBoxesSize:8
currentRepackCostTime:237.25900000000001s , currentRepackMaxTime:472.1485841392649s
iter79		 Improve solution by repack 0.915472655200215->0.9133986159634507 , unplacedBoxesSize:8
currentRepackCostTime:237.711s , currentRepackMaxTime:472.1485841392649s
iter94		 Improve solution by repack 0.9133986159634507->0.9091017199677506 , unplacedBoxesSize:7
currentRepackCostTime:238.255s , currentRepackMaxTime:472.1485841392649s
iter136		 Improve solution by repack 0.9091017199677506->0.908190338618651 , unplacedBoxesSize:7
currentRepackCostTime:238.96800000000002s , currentRepackMaxTime:472.1485841392649s
iter21		 Improve solution by repack 0.908190338618651->0.9079867643106692 , unplacedBoxesSize:7
currentRepackCostTime:239.074s , currentRepackMaxTime:472.1485841392649s
iter166		 Improve solution by repack 0.9079867643106692->0.8994070814297233 , unplacedBoxesSize:6
currentRepackCostTime:240.01s , currentRepackMaxTime:472.1485841392649s
iter55		 Improve solution by repack 0.8994070814297233->0.8960696049449073 , unplacedBoxesSize:5
currentRepackCostTime:240.309s , currentRepackMaxTime:472.1485841392649s
iter296		 Improve solution by repack 0.8960696049449073->0.8918395592582639 , unplacedBoxesSize:5
currentRepackCostTime:241.643s , currentRepackMaxTime:472.1485841392649s
iter4		 Improve solution by repack 0.8918395592582639->0.8887862805697393 , unplacedBoxesSize:6
currentRepackCostTime:241.666s , currentRepackMaxTime:472.1485841392649s
iter9		 Improve solution by repack 0.8887862805697393->0.8885827062617576 , unplacedBoxesSize:6
currentRepackCostTime:241.705s , currentRepackMaxTime:472.1485841392649s
iter14		 Improve solution by repack 0.8885827062617576->0.8839678513840366 , unplacedBoxesSize:4
currentRepackCostTime:241.781s , currentRepackMaxTime:472.1485841392649s
iter101		 Improve solution by repack 0.8839678513840366->0.8782548374092985 , unplacedBoxesSize:4
currentRepackCostTime:242.169s , currentRepackMaxTime:472.1485841392649s
iter605		 Improve solution by repack 0.8782548374092985->0.8704447729105079 , unplacedBoxesSize:7
currentRepackCostTime:244.531s , currentRepackMaxTime:472.1485841392649s
iter3		 Improve solution by repack 0.8704447729105079->0.8688013974737974 , unplacedBoxesSize:6
currentRepackCostTime:244.548s , currentRepackMaxTime:472.1485841392649s
iter18		 Improve solution by repack 0.8688013974737974->0.8685978231658157 , unplacedBoxesSize:6
currentRepackCostTime:244.642s , currentRepackMaxTime:472.1485841392649s
iter4		 Improve solution by repack 0.8685978231658157->0.86368751679656 , unplacedBoxesSize:6
currentRepackCostTime:244.662s , currentRepackMaxTime:472.1485841392649s
iter409		 Improve solution by repack 0.86368751679656->0.8500812953507122 , unplacedBoxesSize:5
currentRepackCostTime:246.722s , currentRepackMaxTime:472.1485841392649s
iter68		 Improve solution by repack 0.8500812953507122->0.8487389142703574 , unplacedBoxesSize:7
currentRepackCostTime:247.00400000000002s , currentRepackMaxTime:472.1485841392649s
iter4		 Improve solution by repack 0.8487389142703574->0.8255945982262832 , unplacedBoxesSize:5
currentRepackCostTime:247.025s , currentRepackMaxTime:472.1485841392649s
Selecting boards with low utilization for repacking...
iter2		 Improve solution by repack 0.937644786347756->0.9366663867239989 , unplacedBoxesSize:7
currentRepackCostTime:251.449s , currentRepackMaxTime:472.1485841392649s
iter22		 Improve solution by repack 0.9366663867239989->0.9354081564095672 , unplacedBoxesSize:7
currentRepackCostTime:251.584s , currentRepackMaxTime:472.1485841392649s
iter13		 Improve solution by repack 0.9354081564095672->0.9320243214189734 , unplacedBoxesSize:7
currentRepackCostTime:251.65200000000002s , currentRepackMaxTime:472.1485841392649s
iter467		 Improve solution by repack 0.9320243214189734->0.9171133431873152 , unplacedBoxesSize:5
currentRepackCostTime:254.145s , currentRepackMaxTime:472.1485841392649s
iter262		 Improve solution by repack 0.9171133431873152->0.9145763907551734 , unplacedBoxesSize:6
currentRepackCostTime:255.3s , currentRepackMaxTime:472.1485841392649s
Selecting boards with low utilization for repacking...
iter2		 Improve solution by repack 0.938009607632357->0.9370558989518947 , unplacedBoxesSize:8
currentRepackCostTime:259.964s , currentRepackMaxTime:472.1485841392649s
iter5		 Improve solution by repack 0.9370558989518947->0.9366487503359312 , unplacedBoxesSize:8
currentRepackCostTime:260.004s , currentRepackMaxTime:472.1485841392649s
iter6		 Improve solution by repack 0.9366487503359312->0.9087998857833915 , unplacedBoxesSize:6
currentRepackCostTime:260.041s , currentRepackMaxTime:472.1485841392649s
iter252		 Improve solution by repack 0.9087998857833915->0.9070384305294276 , unplacedBoxesSize:5
currentRepackCostTime:261.3s , currentRepackMaxTime:472.1485841392649s
iter175		 Improve solution by repack 0.9070384305294276->0.902128124160172 , unplacedBoxesSize:5
currentRepackCostTime:262.105s , currentRepackMaxTime:472.1485841392649s
iter55		 Improve solution by repack 0.902128124160172->0.8960696049449073 , unplacedBoxesSize:5
currentRepackCostTime:262.366s , currentRepackMaxTime:472.1485841392649s
iter103		 Improve solution by repack 0.8960696049449073->0.893995565708143 , unplacedBoxesSize:5
currentRepackCostTime:262.854s , currentRepackMaxTime:472.1485841392649s
iter208		 Improve solution by repack 0.893995565708143->0.8918395592582639 , unplacedBoxesSize:5
currentRepackCostTime:263.833s , currentRepackMaxTime:472.1485841392649s
iter25		 Improve solution by repack 0.8918395592582639->0.8884557242676699 , unplacedBoxesSize:5
currentRepackCostTime:263.939s , currentRepackMaxTime:472.1485841392649s
iter22		 Improve solution by repack 0.8884557242676699->0.887161717280301 , unplacedBoxesSize:5
currentRepackCostTime:264.03000000000003s , currentRepackMaxTime:472.1485841392649s
iter67		 Improve solution by repack 0.887161717280301->0.8839678513840366 , unplacedBoxesSize:4
currentRepackCostTime:264.314s , currentRepackMaxTime:472.1485841392649s
iter30		 Improve solution by repack 0.8839678513840366->0.8782548374092985 , unplacedBoxesSize:4
currentRepackCostTime:264.413s , currentRepackMaxTime:472.1485841392649s
iter40		 Improve solution by repack 0.8782548374092985->0.8775337610857297 , unplacedBoxesSize:5
currentRepackCostTime:264.594s , currentRepackMaxTime:472.1485841392649s
iter7		 Improve solution by repack 0.8775337610857297->0.8757901101854341 , unplacedBoxesSize:6
currentRepackCostTime:264.621s , currentRepackMaxTime:472.1485841392649s
iter18		 Improve solution by repack 0.8757901101854341->0.8746230851921526 , unplacedBoxesSize:6
currentRepackCostTime:264.704s , currentRepackMaxTime:472.1485841392649s
iter30		 Improve solution by repack 0.8746230851921526->0.8722497312550389 , unplacedBoxesSize:5
currentRepackCostTime:264.89s , currentRepackMaxTime:472.1485841392649s
iter99		 Improve solution by repack 0.8722497312550389->0.8673394248857834 , unplacedBoxesSize:5
currentRepackCostTime:265.35200000000003s , currentRepackMaxTime:472.1485841392649s
iter238		 Improve solution by repack 0.8673394248857834->0.8662244692287019 , unplacedBoxesSize:5
currentRepackCostTime:266.485s , currentRepackMaxTime:472.1485841392649s
Selecting boards with low utilization for repacking...
iter3		 Improve solution by repack 0.9404899556570815->0.9293593791991401 , unplacedBoxesSize:5
currentRepackCostTime:271.045s , currentRepackMaxTime:472.1485841392649s
iter10		 Improve solution by repack 0.9293593791991401->0.9189559258263909 , unplacedBoxesSize:3
currentRepackCostTime:271.082s , currentRepackMaxTime:472.1485841392649s
iter71		 Improve solution by repack 0.9189559258263909->0.9125524052674013 , unplacedBoxesSize:5
currentRepackCostTime:271.345s , currentRepackMaxTime:472.1485841392649s
iter124		 Improve solution by repack 0.9125524052674013->0.9118313289438323 , unplacedBoxesSize:6
currentRepackCostTime:271.91700000000003s , currentRepackMaxTime:472.1485841392649s
iter3		 Improve solution by repack 0.9118313289438323->0.9071486159634508 , unplacedBoxesSize:5
currentRepackCostTime:271.932s , currentRepackMaxTime:472.1485841392649s
iter6		 Improve solution by repack 0.9071486159634508->0.9070384305294276 , unplacedBoxesSize:5
currentRepackCostTime:271.946s , currentRepackMaxTime:472.1485841392649s
iter451		 Improve solution by repack 0.9070384305294276->0.902128124160172 , unplacedBoxesSize:5
currentRepackCostTime:273.993s , currentRepackMaxTime:472.1485841392649s
Selecting boards with low utilization for repacking...
iter14		 Improve solution by repack 0.9413719430260682->0.9336636656812685 , unplacedBoxesSize:6
currentRepackCostTime:278.604s , currentRepackMaxTime:472.1485841392649s
iter37		 Improve solution by repack 0.9336636656812685->0.931800255307713 , unplacedBoxesSize:8
currentRepackCostTime:278.762s , currentRepackMaxTime:472.1485841392649s
iter5		 Improve solution by repack 0.931800255307713->0.9205264041924214 , unplacedBoxesSize:8
currentRepackCostTime:278.784s , currentRepackMaxTime:472.1485841392649s
iter4		 Improve solution by repack 0.9205264041924214->0.9204162187583983 , unplacedBoxesSize:8
currentRepackCostTime:278.8s , currentRepackMaxTime:472.1485841392649s
Selecting boards with low utilization for repacking...
iter6		 Improve solution by repack 0.9415101787153991->0.93223175893577 , unplacedBoxesSize:4
currentRepackCostTime:284.446s , currentRepackMaxTime:472.1485841392649s
iter4		 Improve solution by repack 0.93223175893577->0.9321215735017468 , unplacedBoxesSize:4
currentRepackCostTime:284.456s , currentRepackMaxTime:472.1485841392649s
iter2		 Improve solution by repack 0.9321215735017468->0.9301501612469766 , unplacedBoxesSize:9
currentRepackCostTime:284.464s , currentRepackMaxTime:472.1485841392649s
iter1		 Improve solution by repack 0.9301501612469766->0.924577062617576 , unplacedBoxesSize:8
currentRepackCostTime:284.467s , currentRepackMaxTime:472.1485841392649s
iter81		 Improve solution by repack 0.924577062617576->0.9204162187583983 , unplacedBoxesSize:8
currentRepackCostTime:284.94100000000003s , currentRepackMaxTime:472.1485841392649s
Selecting boards with low utilization for repacking...
iter5		 Improve solution by repack 0.9417953843052942->0.9396684359043268 , unplacedBoxesSize:7
currentRepackCostTime:290.516s , currentRepackMaxTime:472.1485841392649s
iter2		 Improve solution by repack 0.9396684359043268->0.9372950819672131 , unplacedBoxesSize:6
currentRepackCostTime:290.532s , currentRepackMaxTime:472.1485841392649s
iter2		 Improve solution by repack 0.9372950819672131->0.9087577264176298 , unplacedBoxesSize:8
currentRepackCostTime:290.543s , currentRepackMaxTime:472.1485841392649s
iter3		 Improve solution by repack 0.9087577264176298->0.8994070814297233 , unplacedBoxesSize:6
currentRepackCostTime:290.563s , currentRepackMaxTime:472.1485841392649s
iter34		 Improve solution by repack 0.8994070814297233->0.8976525127653856 , unplacedBoxesSize:4
currentRepackCostTime:290.771s , currentRepackMaxTime:472.1485841392649s
iter69		 Improve solution by repack 0.8976525127653856->0.8921382020962108 , unplacedBoxesSize:5
currentRepackCostTime:291.011s , currentRepackMaxTime:472.1485841392649s
iter12		 Improve solution by repack 0.8921382020962108->0.8915315103466811 , unplacedBoxesSize:4
currentRepackCostTime:291.06s , currentRepackMaxTime:472.1485841392649s
iter40		 Improve solution by repack 0.8915315103466811->0.8839678513840366 , unplacedBoxesSize:4
currentRepackCostTime:291.19s , currentRepackMaxTime:472.1485841392649s
iter385		 Improve solution by repack 0.8839678513840366->0.8782548374092985 , unplacedBoxesSize:4
currentRepackCostTime:292.736s , currentRepackMaxTime:472.1485841392649s
iter154		 Improve solution by repack 0.8782548374092985->0.8726746842246708 , unplacedBoxesSize:4
currentRepackCostTime:293.287s , currentRepackMaxTime:472.1485841392649s
iter8		 Improve solution by repack 0.8726746842246708->0.8722497312550389 , unplacedBoxesSize:5
currentRepackCostTime:293.324s , currentRepackMaxTime:472.1485841392649s
iter99		 Improve solution by repack 0.8722497312550389->0.8713383499059393 , unplacedBoxesSize:5
currentRepackCostTime:293.839s , currentRepackMaxTime:472.1485841392649s
iter33		 Improve solution by repack 0.8713383499059393->0.8625772641762967 , unplacedBoxesSize:4
currentRepackCostTime:294.003s , currentRepackMaxTime:472.1485841392649s
iter12		 Improve solution by repack 0.8625772641762967->0.8549610319806503 , unplacedBoxesSize:6
currentRepackCostTime:294.058s , currentRepackMaxTime:472.1485841392649s
iter12		 Improve solution by repack 0.8549610319806503->0.853794006987369 , unplacedBoxesSize:6
currentRepackCostTime:294.10200000000003s , currentRepackMaxTime:472.1485841392649s
iter2		 Improve solution by repack 0.853794006987369->0.8498397608169846 , unplacedBoxesSize:5
currentRepackCostTime:294.108s , currentRepackMaxTime:472.1485841392649s
iter13		 Improve solution by repack 0.8498397608169846->0.847939062080086 , unplacedBoxesSize:6
currentRepackCostTime:294.187s , currentRepackMaxTime:472.1485841392649s
iter1		 Improve solution by repack 0.847939062080086->0.8477354877721043 , unplacedBoxesSize:6
currentRepackCostTime:294.197s , currentRepackMaxTime:472.1485841392649s
iter19		 Improve solution by repack 0.8477354877721043->0.8330418570276806 , unplacedBoxesSize:4
currentRepackCostTime:294.289s , currentRepackMaxTime:472.1485841392649s
Selecting boards with low utilization for repacking...
iter1		 Improve solution by repack 0.9420659768879334->0.9362231255038969 , unplacedBoxesSize:5
currentRepackCostTime:298.34000000000003s , currentRepackMaxTime:472.1485841392649s
iter2		 Improve solution by repack 0.9362231255038969->0.9357007524858909 , unplacedBoxesSize:3
currentRepackCostTime:298.345s , currentRepackMaxTime:472.1485841392649s
iter148		 Improve solution by repack 0.9357007524858909->0.9330473998925021 , unplacedBoxesSize:3
currentRepackCostTime:298.814s , currentRepackMaxTime:472.1485841392649s
iter42		 Improve solution by repack 0.9330473998925021->0.9316687382424079 , unplacedBoxesSize:5
currentRepackCostTime:298.946s , currentRepackMaxTime:472.1485841392649s
iter12		 Improve solution by repack 0.9316687382424079->0.9281965533458748 , unplacedBoxesSize:5
currentRepackCostTime:298.994s , currentRepackMaxTime:472.1485841392649s
iter10		 Improve solution by repack 0.9281965533458748->0.9266438793335126 , unplacedBoxesSize:5
currentRepackCostTime:299.023s , currentRepackMaxTime:472.1485841392649s
iter64		 Improve solution by repack 0.9266438793335126->0.9182654192421392 , unplacedBoxesSize:5
currentRepackCostTime:299.269s , currentRepackMaxTime:472.1485841392649s
iter40		 Improve solution by repack 0.9182654192421392->0.9173540378930396 , unplacedBoxesSize:5
currentRepackCostTime:299.478s , currentRepackMaxTime:472.1485841392649s
iter34		 Improve solution by repack 0.9173540378930396->0.9171504635850577 , unplacedBoxesSize:5
currentRepackCostTime:299.62600000000003s , currentRepackMaxTime:472.1485841392649s
iter266		 Improve solution by repack 0.9171504635850577->0.9114374496103198 , unplacedBoxesSize:5
currentRepackCostTime:300.81600000000003s , currentRepackMaxTime:472.1485841392649s
iter89		 Improve solution by repack 0.9114374496103198->0.905857296425692 , unplacedBoxesSize:5
currentRepackCostTime:301.228s , currentRepackMaxTime:472.1485841392649s
iter45		 Improve solution by repack 0.905857296425692->0.8976525127653856 , unplacedBoxesSize:4
currentRepackCostTime:301.457s , currentRepackMaxTime:472.1485841392649s
iter283		 Improve solution by repack 0.8976525127653856->0.8921382020962108 , unplacedBoxesSize:5
currentRepackCostTime:302.565s , currentRepackMaxTime:472.1485841392649s
iter3		 Improve solution by repack 0.8921382020962108->0.8915315103466811 , unplacedBoxesSize:4
currentRepackCostTime:302.573s , currentRepackMaxTime:472.1485841392649s
iter177		 Improve solution by repack 0.8915315103466811->0.8887543671056168 , unplacedBoxesSize:5
currentRepackCostTime:303.298s , currentRepackMaxTime:472.1485841392649s
iter2		 Improve solution by repack 0.8887543671056168->0.8884557242676699 , unplacedBoxesSize:5
currentRepackCostTime:303.305s , currentRepackMaxTime:472.1485841392649s
iter37		 Improve solution by repack 0.8884557242676699->0.8836377989787692 , unplacedBoxesSize:7
currentRepackCostTime:303.452s , currentRepackMaxTime:472.1485841392649s
iter23		 Improve solution by repack 0.8836377989787692->0.8824707739854878 , unplacedBoxesSize:7
currentRepackCostTime:303.599s , currentRepackMaxTime:472.1485841392649s
iter16		 Improve solution by repack 0.8824707739854878->0.8823605885514647 , unplacedBoxesSize:7
currentRepackCostTime:303.675s , currentRepackMaxTime:472.1485841392649s
iter4		 Improve solution by repack 0.8823605885514647->0.8822504031174415 , unplacedBoxesSize:7
currentRepackCostTime:303.7s , currentRepackMaxTime:472.1485841392649s
iter8		 Improve solution by repack 0.8822504031174415->0.8811354474603602 , unplacedBoxesSize:7
currentRepackCostTime:303.75s , currentRepackMaxTime:472.1485841392649s
iter137		 Improve solution by repack 0.8811354474603602->0.8741138134909969 , unplacedBoxesSize:8
currentRepackCostTime:304.495s , currentRepackMaxTime:472.1485841392649s
iter17		 Improve solution by repack 0.8741138134909969->0.8687059930126311 , unplacedBoxesSize:6
currentRepackCostTime:304.61400000000003s , currentRepackMaxTime:472.1485841392649s
iter4		 Improve solution by repack 0.8687059930126311->0.8685064498790647 , unplacedBoxesSize:5
currentRepackCostTime:304.634s , currentRepackMaxTime:472.1485841392649s
iter11		 Improve solution by repack 0.8685064498790647->0.8673394248857834 , unplacedBoxesSize:5
currentRepackCostTime:304.677s , currentRepackMaxTime:472.1485841392649s
iter334		 Improve solution by repack 0.8673394248857834->0.8662244692287019 , unplacedBoxesSize:5
currentRepackCostTime:306.211s , currentRepackMaxTime:472.1485841392649s
Selecting boards with low utilization for repacking...
iter1		 Improve solution by repack 0.9427566514377855->0.9425362805697393 , unplacedBoxesSize:9
currentRepackCostTime:310.95300000000003s , currentRepackMaxTime:472.1485841392649s
iter4		 Improve solution by repack 0.9425362805697393->0.9396150228433218 , unplacedBoxesSize:9
currentRepackCostTime:310.976s , currentRepackMaxTime:472.1485841392649s
iter1		 Improve solution by repack 0.9396150228433218->0.9136816380005375 , unplacedBoxesSize:8
currentRepackCostTime:310.983s , currentRepackMaxTime:472.1485841392649s
iter15		 Improve solution by repack 0.9136816380005375->0.9129689599570009 , unplacedBoxesSize:9
currentRepackCostTime:311.08s , currentRepackMaxTime:472.1485841392649s
iter502		 Improve solution by repack 0.9129689599570009->0.9127334721848965 , unplacedBoxesSize:10
currentRepackCostTime:314.125s , currentRepackMaxTime:472.1485841392649s
iter1		 Improve solution by repack 0.9127334721848965->0.9113628728836335 , unplacedBoxesSize:10
currentRepackCostTime:314.13100000000003s , currentRepackMaxTime:472.1485841392649s
iter6		 Improve solution by repack 0.9113628728836335->0.9069104407417361 , unplacedBoxesSize:9
currentRepackCostTime:314.173s , currentRepackMaxTime:472.1485841392649s
iter10		 Improve solution by repack 0.9069104407417361->0.9048364015049718 , unplacedBoxesSize:9
currentRepackCostTime:314.238s , currentRepackMaxTime:472.1485841392649s
iter131		 Improve solution by repack 0.9048364015049718->0.9023723461435098 , unplacedBoxesSize:8
currentRepackCostTime:315.051s , currentRepackMaxTime:472.1485841392649s
iter167		 Improve solution by repack 0.9023723461435098->0.8981554017737168 , unplacedBoxesSize:8
currentRepackCostTime:315.942s , currentRepackMaxTime:472.1485841392649s
iter34		 Improve solution by repack 0.8981554017737168->0.8947715667831229 , unplacedBoxesSize:8
currentRepackCostTime:316.106s , currentRepackMaxTime:472.1485841392649s
iter589		 Improve solution by repack 0.8947715667831229->0.8867424751410912 , unplacedBoxesSize:8
currentRepackCostTime:319.205s , currentRepackMaxTime:472.1485841392649s
iter5		 Improve solution by repack 0.8867424751410912->0.8811750873421124 , unplacedBoxesSize:7
currentRepackCostTime:319.229s , currentRepackMaxTime:472.1485841392649s
iter105		 Improve solution by repack 0.8811750873421124->0.8748041521096479 , unplacedBoxesSize:6
currentRepackCostTime:319.766s , currentRepackMaxTime:472.1485841392649s
iter220		 Improve solution by repack 0.8748041521096479->0.8696497917226552 , unplacedBoxesSize:6
currentRepackCostTime:320.856s , currentRepackMaxTime:472.1485841392649s
iter5		 Improve solution by repack 0.8696497917226552->0.8677002149959687 , unplacedBoxesSize:8
currentRepackCostTime:320.884s , currentRepackMaxTime:472.1485841392649s
iter7		 Improve solution by repack 0.8677002149959687->0.8671990056436442 , unplacedBoxesSize:7
currentRepackCostTime:320.932s , currentRepackMaxTime:472.1485841392649s
iter11		 Improve solution by repack 0.8671990056436442->0.867088820209621 , unplacedBoxesSize:7
currentRepackCostTime:320.984s , currentRepackMaxTime:472.1485841392649s
iter3		 Improve solution by repack 0.867088820209621->0.865900295619457 , unplacedBoxesSize:8
currentRepackCostTime:321.00100000000003s , currentRepackMaxTime:472.1485841392649s
iter14		 Improve solution by repack 0.865900295619457->0.8516746170384306 , unplacedBoxesSize:7
currentRepackCostTime:321.088s , currentRepackMaxTime:472.1485841392649s
iter9		 Improve solution by repack 0.8516746170384306->0.8493926363880677 , unplacedBoxesSize:7
currentRepackCostTime:321.134s , currentRepackMaxTime:472.1485841392649s
iter41		 Improve solution by repack 0.8493926363880677->0.8479528352593388 , unplacedBoxesSize:6
currentRepackCostTime:321.361s , currentRepackMaxTime:472.1485841392649s
iter569		 Improve solution by repack 0.8479528352593388->0.8475137731792529 , unplacedBoxesSize:7
currentRepackCostTime:324.208s , currentRepackMaxTime:472.1485841392649s
iter17		 Improve solution by repack 0.8475137731792529->0.8463467481859716 , unplacedBoxesSize:7
currentRepackCostTime:324.30400000000003s , currentRepackMaxTime:472.1485841392649s
iter64		 Improve solution by repack 0.8463467481859716->0.8418943160440742 , unplacedBoxesSize:6
currentRepackCostTime:324.684s , currentRepackMaxTime:472.1485841392649s
iter27		 Improve solution by repack 0.8418943160440742->0.83982027680731 , unplacedBoxesSize:6
currentRepackCostTime:324.826s , currentRepackMaxTime:472.1485841392649s
iter111		 Improve solution by repack 0.83982027680731->0.8376642703574309 , unplacedBoxesSize:6
currentRepackCostTime:325.362s , currentRepackMaxTime:472.1485841392649s
iter10		 Improve solution by repack 0.8376642703574309->0.8255945982262832 , unplacedBoxesSize:5
currentRepackCostTime:325.411s , currentRepackMaxTime:472.1485841392649s
iter434		 Improve solution by repack 0.8255945982262832->0.8233871943026068 , unplacedBoxesSize:5
currentRepackCostTime:327.34000000000003s , currentRepackMaxTime:472.1485841392649s
iter22		 Improve solution by repack 0.8233871943026068->0.8018472856758936 , unplacedBoxesSize:5
currentRepackCostTime:327.462s , currentRepackMaxTime:472.1485841392649s
Selecting boards with low utilization for repacking...
iter37		 Improve solution by repack 0.942922937382424->0.9192048508465467 , unplacedBoxesSize:4
currentRepackCostTime:332.125s , currentRepackMaxTime:472.1485841392649s
iter9		 Improve solution by repack 0.9192048508465467->0.9172883633431873 , unplacedBoxesSize:4
currentRepackCostTime:332.159s , currentRepackMaxTime:472.1485841392649s
iter3		 Improve solution by repack 0.9172883633431873->0.9169897205052404 , unplacedBoxesSize:4
currentRepackCostTime:332.171s , currentRepackMaxTime:472.1485841392649s
iter1		 Improve solution by repack 0.9169897205052404->0.9042659903251814 , unplacedBoxesSize:4
currentRepackCostTime:332.175s , currentRepackMaxTime:472.1485841392649s
iter4		 Improve solution by repack 0.9042659903251814->0.8996795216339694 , unplacedBoxesSize:4
currentRepackCostTime:332.19s , currentRepackMaxTime:472.1485841392649s
iter24		 Improve solution by repack 0.8996795216339694->0.8995693361999463 , unplacedBoxesSize:4
currentRepackCostTime:332.28700000000003s , currentRepackMaxTime:472.1485841392649s
iter43		 Improve solution by repack 0.8995693361999463->0.8985074576726686 , unplacedBoxesSize:7
currentRepackCostTime:332.444s , currentRepackMaxTime:472.1485841392649s
iter5		 Improve solution by repack 0.8985074576726686->0.8878785944638538 , unplacedBoxesSize:7
currentRepackCostTime:332.468s , currentRepackMaxTime:472.1485841392649s
iter4		 Improve solution by repack 0.8878785944638538->0.859892166084386 , unplacedBoxesSize:6
currentRepackCostTime:332.484s , currentRepackMaxTime:472.1485841392649s
iter198		 Improve solution by repack 0.859892166084386->0.8589807847352862 , unplacedBoxesSize:6
currentRepackCostTime:333.438s , currentRepackMaxTime:472.1485841392649s
iter14		 Improve solution by repack 0.8589807847352862->0.8587772104273045 , unplacedBoxesSize:6
currentRepackCostTime:333.509s , currentRepackMaxTime:472.1485841392649s
Selecting boards with low utilization for repacking...
iter1		 Improve solution by repack 0.9435595270088686->0.9409945243214191 , unplacedBoxesSize:7
currentRepackCostTime:338.584s , currentRepackMaxTime:472.1485841392649s
iter2		 Improve solution by repack 0.9409945243214191->0.9324039236764311 , unplacedBoxesSize:7
currentRepackCostTime:338.592s , currentRepackMaxTime:472.1485841392649s
iter1		 Improve solution by repack 0.9324039236764311->0.9269769551195914 , unplacedBoxesSize:7
currentRepackCostTime:338.594s , currentRepackMaxTime:472.1485841392649s
iter16		 Improve solution by repack 0.9269769551195914->0.9127512765385648 , unplacedBoxesSize:6
currentRepackCostTime:338.67900000000003s , currentRepackMaxTime:472.1485841392649s
iter24		 Improve solution by repack 0.9127512765385648->0.9096660843859178 , unplacedBoxesSize:6
currentRepackCostTime:338.786s , currentRepackMaxTime:472.1485841392649s
iter917		 Improve solution by repack 0.9096660843859178->0.9068029427573233 , unplacedBoxesSize:6
currentRepackCostTime:343.211s , currentRepackMaxTime:472.1485841392649s
iter7		 Improve solution by repack 0.9068029427573233->0.9009799113141629 , unplacedBoxesSize:5
currentRepackCostTime:343.23900000000003s , currentRepackMaxTime:472.1485841392649s
iter47		 Improve solution by repack 0.9009799113141629->0.8989058720773985 , unplacedBoxesSize:5
currentRepackCostTime:343.42900000000003s , currentRepackMaxTime:472.1485841392649s
iter70		 Improve solution by repack 0.8989058720773985->0.893995565708143 , unplacedBoxesSize:5
currentRepackCostTime:343.764s , currentRepackMaxTime:472.1485841392649s
iter41		 Improve solution by repack 0.893995565708143->0.8887543671056168 , unplacedBoxesSize:5
currentRepackCostTime:343.945s , currentRepackMaxTime:472.1485841392649s
iter6		 Improve solution by repack 0.8887543671056168->0.8884557242676699 , unplacedBoxesSize:5
currentRepackCostTime:343.962s , currentRepackMaxTime:472.1485841392649s
iter68		 Improve solution by repack 0.8884557242676699->0.887161717280301 , unplacedBoxesSize:5
currentRepackCostTime:344.27s , currentRepackMaxTime:472.1485841392649s
iter14		 Improve solution by repack 0.887161717280301->0.8734167562483204 , unplacedBoxesSize:5
currentRepackCostTime:344.325s , currentRepackMaxTime:472.1485841392649s
iter13		 Improve solution by repack 0.8734167562483204->0.8711347755979576 , unplacedBoxesSize:5
currentRepackCostTime:344.39s , currentRepackMaxTime:472.1485841392649s
iter10		 Improve solution by repack 0.8711347755979576->0.8673394248857834 , unplacedBoxesSize:5
currentRepackCostTime:344.443s , currentRepackMaxTime:472.1485841392649s
iter487		 Improve solution by repack 0.8673394248857834->0.8664280435366837 , unplacedBoxesSize:5
currentRepackCostTime:346.723s , currentRepackMaxTime:472.1485841392649s
iter6		 Improve solution by repack 0.8664280435366837->0.8662244692287019 , unplacedBoxesSize:5
currentRepackCostTime:346.75s , currentRepackMaxTime:472.1485841392649s
Selecting boards with low utilization for repacking...
iter2		 Improve solution by repack 0.943803413061005->0.9398073434560601 , unplacedBoxesSize:6
currentRepackCostTime:351.46500000000003s , currentRepackMaxTime:472.1485841392649s
iter2		 Improve solution by repack 0.9398073434560601->0.9324428916957808 , unplacedBoxesSize:5
currentRepackCostTime:351.474s , currentRepackMaxTime:472.1485841392649s
iter3		 Improve solution by repack 0.9324428916957808->0.9216977962913195 , unplacedBoxesSize:5
currentRepackCostTime:351.48900000000003s , currentRepackMaxTime:472.1485841392649s
iter10		 Improve solution by repack 0.9216977962913195->0.9197574576726686 , unplacedBoxesSize:3
currentRepackCostTime:351.538s , currentRepackMaxTime:472.1485841392649s
iter1		 Improve solution by repack 0.9197574576726686->0.9178409701693093 , unplacedBoxesSize:3
currentRepackCostTime:351.54200000000003s , currentRepackMaxTime:472.1485841392649s
iter153		 Improve solution by repack 0.9178409701693093->0.9114374496103198 , unplacedBoxesSize:5
currentRepackCostTime:352.062s , currentRepackMaxTime:472.1485841392649s
iter108		 Improve solution by repack 0.9114374496103198->0.905857296425692 , unplacedBoxesSize:5
currentRepackCostTime:352.521s , currentRepackMaxTime:472.1485841392649s
iter149		 Improve solution by repack 0.905857296425692->0.8963433888739587 , unplacedBoxesSize:5
currentRepackCostTime:353.187s , currentRepackMaxTime:472.1485841392649s
iter3		 Improve solution by repack 0.8963433888739587->0.895432007524859 , unplacedBoxesSize:5
currentRepackCostTime:353.197s , currentRepackMaxTime:472.1485841392649s
iter10		 Improve solution by repack 0.895432007524859->0.8952284332168772 , unplacedBoxesSize:5
currentRepackCostTime:353.244s , currentRepackMaxTime:472.1485841392649s
iter17		 Improve solution by repack 0.8952284332168772->0.8699462510077937 , unplacedBoxesSize:6
currentRepackCostTime:353.314s , currentRepackMaxTime:472.1485841392649s
iter9		 Improve solution by repack 0.8699462510077937->0.8685064498790647 , unplacedBoxesSize:5
currentRepackCostTime:353.359s , currentRepackMaxTime:472.1485841392649s
iter17		 Improve solution by repack 0.8685064498790647->0.8673394248857834 , unplacedBoxesSize:5
currentRepackCostTime:353.443s , currentRepackMaxTime:472.1485841392649s
iter505		 Improve solution by repack 0.8673394248857834->0.8664280435366837 , unplacedBoxesSize:5
currentRepackCostTime:355.793s , currentRepackMaxTime:472.1485841392649s
iter29		 Improve solution by repack 0.8664280435366837->0.8662244692287019 , unplacedBoxesSize:5
currentRepackCostTime:355.94100000000003s , currentRepackMaxTime:472.1485841392649s
Selecting boards with low utilization for repacking...
iter2		 Improve solution by repack 0.9460339962375706->0.9315441077667294 , unplacedBoxesSize:8
currentRepackCostTime:360.69800000000004s , currentRepackMaxTime:472.1485841392649s
iter2		 Improve solution by repack 0.9315441077667294->0.9249751410911045 , unplacedBoxesSize:5
currentRepackCostTime:360.711s , currentRepackMaxTime:472.1485841392649s
iter1		 Improve solution by repack 0.9249751410911045->0.9107919578070411 , unplacedBoxesSize:5
currentRepackCostTime:360.71500000000003s , currentRepackMaxTime:472.1485841392649s
iter7		 Improve solution by repack 0.9107919578070411->0.9074081228164472 , unplacedBoxesSize:5
currentRepackCostTime:360.742s , currentRepackMaxTime:472.1485841392649s
iter16		 Improve solution by repack 0.9074081228164472->0.8963942824509541 , unplacedBoxesSize:3
currentRepackCostTime:360.812s , currentRepackMaxTime:472.1485841392649s
iter39		 Improve solution by repack 0.8963942824509541->0.8870317119054018 , unplacedBoxesSize:3
currentRepackCostTime:360.931s , currentRepackMaxTime:472.1485841392649s
iter36		 Improve solution by repack 0.8870317119054018->0.8846583579682881 , unplacedBoxesSize:2
currentRepackCostTime:361.068s , currentRepackMaxTime:472.1485841392649s
iter368		 Improve solution by repack 0.8846583579682881->0.883279696318194 , unplacedBoxesSize:4
currentRepackCostTime:362.165s , currentRepackMaxTime:472.1485841392649s
iter11		 Improve solution by repack 0.883279696318194->0.8798075114216608 , unplacedBoxesSize:4
currentRepackCostTime:362.20300000000003s , currentRepackMaxTime:472.1485841392649s
iter3		 Improve solution by repack 0.8798075114216608->0.8782548374092985 , unplacedBoxesSize:4
currentRepackCostTime:362.21500000000003s , currentRepackMaxTime:472.1485841392649s
iter314		 Improve solution by repack 0.8782548374092985->0.8726746842246708 , unplacedBoxesSize:4
currentRepackCostTime:363.432s , currentRepackMaxTime:472.1485841392649s
iter292		 Improve solution by repack 0.8726746842246708->0.8620458210158559 , unplacedBoxesSize:4
currentRepackCostTime:364.556s , currentRepackMaxTime:472.1485841392649s
iter307		 Improve solution by repack 0.8620458210158559->0.8575285541521097 , unplacedBoxesSize:4
currentRepackCostTime:365.745s , currentRepackMaxTime:472.1485841392649s
iter185		 Improve solution by repack 0.8575285541521097->0.8561861730717549 , unplacedBoxesSize:6
currentRepackCostTime:366.54900000000004s , currentRepackMaxTime:472.1485841392649s
iter1		 Improve solution by repack 0.8561861730717549->0.8550191480784735 , unplacedBoxesSize:6
currentRepackCostTime:366.557s , currentRepackMaxTime:472.1485841392649s
iter12		 Improve solution by repack 0.8550191480784735->0.8549089626444505 , unplacedBoxesSize:6
currentRepackCostTime:366.612s , currentRepackMaxTime:472.1485841392649s
iter8		 Improve solution by repack 0.8549089626444505->0.8493415748454717 , unplacedBoxesSize:5
currentRepackCostTime:366.659s , currentRepackMaxTime:472.1485841392649s
iter5		 Improve solution by repack 0.8493415748454717->0.8330418570276806 , unplacedBoxesSize:4
currentRepackCostTime:366.68s , currentRepackMaxTime:472.1485841392649s
Selecting boards with low utilization for repacking...
iter3		 Improve solution by repack 0.9478265251276538->0.9240793805428649 , unplacedBoxesSize:7
currentRepackCostTime:370.747s , currentRepackMaxTime:472.1485841392649s
iter2		 Improve solution by repack 0.9240793805428649->0.9141420317119053 , unplacedBoxesSize:7
currentRepackCostTime:370.754s , currentRepackMaxTime:472.1485841392649s
iter9		 Improve solution by repack 0.9141420317119053->0.9107581967213115 , unplacedBoxesSize:7
currentRepackCostTime:370.8s , currentRepackMaxTime:472.1485841392649s
iter39		 Improve solution by repack 0.9107581967213115->0.9102796627250739 , unplacedBoxesSize:6
currentRepackCostTime:371.016s , currentRepackMaxTime:472.1485841392649s
iter20		 Improve solution by repack 0.9102796627250739->0.9005220370868046 , unplacedBoxesSize:6
currentRepackCostTime:371.113s , currentRepackMaxTime:472.1485841392649s
iter4		 Improve solution by repack 0.9005220370868046->0.8994070814297233 , unplacedBoxesSize:6
currentRepackCostTime:371.12600000000003s , currentRepackMaxTime:472.1485841392649s
iter483		 Improve solution by repack 0.8994070814297233->0.8840842515452835 , unplacedBoxesSize:5
currentRepackCostTime:373.6s , currentRepackMaxTime:472.1485841392649s
iter16		 Improve solution by repack 0.8840842515452835->0.8815472991131417 , unplacedBoxesSize:6
currentRepackCostTime:373.66200000000003s , currentRepackMaxTime:472.1485841392649s
iter16		 Improve solution by repack 0.8815472991131417->0.8794704044611663 , unplacedBoxesSize:6
currentRepackCostTime:373.734s , currentRepackMaxTime:472.1485841392649s
iter31		 Improve solution by repack 0.8794704044611663->0.8734167562483204 , unplacedBoxesSize:5
currentRepackCostTime:373.91200000000003s , currentRepackMaxTime:472.1485841392649s
iter6		 Improve solution by repack 0.8734167562483204->0.8711347755979576 , unplacedBoxesSize:5
currentRepackCostTime:373.937s , currentRepackMaxTime:472.1485841392649s
iter113		 Improve solution by repack 0.8711347755979576->0.8662244692287019 , unplacedBoxesSize:5
currentRepackCostTime:374.466s , currentRepackMaxTime:472.1485841392649s
iter619		 Improve solution by repack 0.8662244692287019->0.8625772641762967 , unplacedBoxesSize:4
currentRepackCostTime:377.36400000000003s , currentRepackMaxTime:472.1485841392649s
iter105		 Improve solution by repack 0.8625772641762967->0.8620458210158559 , unplacedBoxesSize:4
currentRepackCostTime:377.797s , currentRepackMaxTime:472.1485841392649s
iter1		 Improve solution by repack 0.8620458210158559->0.8575285541521097 , unplacedBoxesSize:4
currentRepackCostTime:377.798s , currentRepackMaxTime:472.1485841392649s
iter623		 Improve solution by repack 0.8575285541521097->0.8494517602794949 , unplacedBoxesSize:5
currentRepackCostTime:380.303s , currentRepackMaxTime:472.1485841392649s
iter12		 Improve solution by repack 0.8494517602794949->0.8493415748454717 , unplacedBoxesSize:5
currentRepackCostTime:380.374s , currentRepackMaxTime:472.1485841392649s
iter43		 Improve solution by repack 0.8493415748454717->0.843283055630207 , unplacedBoxesSize:5
currentRepackCostTime:380.603s , currentRepackMaxTime:472.1485841392649s
iter9		 Improve solution by repack 0.843283055630207->0.8395777344799785 , unplacedBoxesSize:5
currentRepackCostTime:380.658s , currentRepackMaxTime:472.1485841392649s
iter6		 Improve solution by repack 0.8395777344799785->0.8379521633969363 , unplacedBoxesSize:4
currentRepackCostTime:380.68s , currentRepackMaxTime:472.1485841392649s
iter887		 Improve solution by repack 0.8379521633969363->0.8330418570276806 , unplacedBoxesSize:4
currentRepackCostTime:384.117s , currentRepackMaxTime:472.1485841392649s
iter488		 Improve solution by repack 0.8330418570276806->0.8304792058586402 , unplacedBoxesSize:5
currentRepackCostTime:386.124s , currentRepackMaxTime:472.1485841392649s
iter16		 Improve solution by repack 0.8304792058586402->0.8287051531846278 , unplacedBoxesSize:5
currentRepackCostTime:386.206s , currentRepackMaxTime:472.1485841392649s
iter59		 Improve solution by repack 0.8287051531846278->0.8194964391292663 , unplacedBoxesSize:5
currentRepackCostTime:386.469s , currentRepackMaxTime:472.1485841392649s
iter875		 Improve solution by repack 0.8194964391292663->0.819260951357162 , unplacedBoxesSize:6
currentRepackCostTime:390.86s , currentRepackMaxTime:472.1485841392649s
iter12		 Improve solution by repack 0.819260951357162->0.8190573770491804 , unplacedBoxesSize:6
currentRepackCostTime:390.931s , currentRepackMaxTime:472.1485841392649s
iter3		 Improve solution by repack 0.8190573770491804->0.8134379199140016 , unplacedBoxesSize:5
currentRepackCostTime:390.945s , currentRepackMaxTime:472.1485841392649s
iter59		 Improve solution by repack 0.8134379199140016->0.8012990459553884 , unplacedBoxesSize:4
currentRepackCostTime:391.209s , currentRepackMaxTime:472.1485841392649s
iter204		 Improve solution by repack 0.8012990459553884->0.7955225409836065 , unplacedBoxesSize:4
currentRepackCostTime:392.052s , currentRepackMaxTime:472.1485841392649s
iter304		 Improve solution by repack 0.7955225409836065->0.786313826928245 , unplacedBoxesSize:4
currentRepackCostTime:393.32s , currentRepackMaxTime:472.1485841392649s
Selecting boards with low utilization for repacking...
iter1		 Improve solution by repack 0.9478265251276538->0.9427566514377855 , unplacedBoxesSize:9
currentRepackCostTime:397.543s , currentRepackMaxTime:472.1485841392649s
iter2		 Improve solution by repack 0.9427566514377855->0.926247648481591 , unplacedBoxesSize:4
currentRepackCostTime:397.55400000000003s , currentRepackMaxTime:472.1485841392649s
iter4		 Improve solution by repack 0.926247648481591->0.9260630542864822 , unplacedBoxesSize:4
currentRepackCostTime:397.563s , currentRepackMaxTime:472.1485841392649s
iter3		 Improve solution by repack 0.9260630542864822->0.9082262832571889 , unplacedBoxesSize:8
currentRepackCostTime:397.57800000000003s , currentRepackMaxTime:472.1485841392649s
iter6		 Improve solution by repack 0.9082262832571889->0.9003839693630745 , unplacedBoxesSize:6
currentRepackCostTime:397.617s , currentRepackMaxTime:472.1485841392649s
iter18		 Improve solution by repack 0.9003839693630745->0.9002895726955119 , unplacedBoxesSize:6
currentRepackCostTime:397.694s , currentRepackMaxTime:472.1485841392649s
iter2		 Improve solution by repack 0.9002895726955119->0.8820073568933082 , unplacedBoxesSize:5
currentRepackCostTime:397.70300000000003s , currentRepackMaxTime:472.1485841392649s
iter25		 Improve solution by repack 0.8820073568933082->0.8775337610857297 , unplacedBoxesSize:5
currentRepackCostTime:397.82300000000004s , currentRepackMaxTime:472.1485841392649s
iter23		 Improve solution by repack 0.8775337610857297->0.8726234547164741 , unplacedBoxesSize:5
currentRepackCostTime:397.943s , currentRepackMaxTime:472.1485841392649s
iter3		 Improve solution by repack 0.8726234547164741->0.8673394248857834 , unplacedBoxesSize:5
currentRepackCostTime:397.959s , currentRepackMaxTime:472.1485841392649s
iter54		 Improve solution by repack 0.8673394248857834->0.8662244692287019 , unplacedBoxesSize:5
currentRepackCostTime:398.19800000000004s , currentRepackMaxTime:472.1485841392649s
Selecting boards with low utilization for repacking...
iter1		 Improve solution by repack 0.9484825987637732->0.942922937382424 , unplacedBoxesSize:6
currentRepackCostTime:403.016s , currentRepackMaxTime:472.1485841392649s
iter23		 Improve solution by repack 0.942922937382424->0.9376306772373019 , unplacedBoxesSize:9
currentRepackCostTime:403.116s , currentRepackMaxTime:472.1485841392649s
iter2		 Improve solution by repack 0.9376306772373019->0.9375204918032787 , unplacedBoxesSize:9
currentRepackCostTime:403.127s , currentRepackMaxTime:472.1485841392649s
iter102		 Improve solution by repack 0.9375204918032787->0.935147137866165 , unplacedBoxesSize:8
currentRepackCostTime:403.708s , currentRepackMaxTime:472.1485841392649s
iter35		 Improve solution by repack 0.935147137866165->0.9228090567051869 , unplacedBoxesSize:9
currentRepackCostTime:403.92900000000003s , currentRepackMaxTime:472.1485841392649s
iter4		 Improve solution by repack 0.9228090567051869->0.9205264041924214 , unplacedBoxesSize:8
currentRepackCostTime:403.95s , currentRepackMaxTime:472.1485841392649s
iter21		 Improve solution by repack 0.9205264041924214->0.9204162187583983 , unplacedBoxesSize:8
currentRepackCostTime:404.092s , currentRepackMaxTime:472.1485841392649s
iter673		 Improve solution by repack 0.9204162187583983->0.9192680059123891 , unplacedBoxesSize:8
currentRepackCostTime:407.887s , currentRepackMaxTime:472.1485841392649s
iter30		 Improve solution by repack 0.9192680059123891->0.916329951625907 , unplacedBoxesSize:8
currentRepackCostTime:408.052s , currentRepackMaxTime:472.1485841392649s
iter47		 Improve solution by repack 0.916329951625907->0.9105129669443698 , unplacedBoxesSize:7
currentRepackCostTime:408.362s , currentRepackMaxTime:472.1485841392649s
iter5		 Improve solution by repack 0.9105129669443698->0.907129131953776 , unplacedBoxesSize:7
currentRepackCostTime:408.385s , currentRepackMaxTime:472.1485841392649s
iter26		 Improve solution by repack 0.907129131953776->0.9022188255845203 , unplacedBoxesSize:7
currentRepackCostTime:408.498s , currentRepackMaxTime:472.1485841392649s
iter4		 Improve solution by repack 0.9022188255845203->0.8964423206127385 , unplacedBoxesSize:7
currentRepackCostTime:408.524s , currentRepackMaxTime:472.1485841392649s
iter13		 Improve solution by repack 0.8964423206127385->0.8873437919914002 , unplacedBoxesSize:7
currentRepackCostTime:408.582s , currentRepackMaxTime:472.1485841392649s
iter2		 Improve solution by repack 0.8873437919914002->0.887233606557377 , unplacedBoxesSize:7
currentRepackCostTime:408.591s , currentRepackMaxTime:472.1485841392649s
iter126		 Improve solution by repack 0.887233606557377->0.8856275194840096 , unplacedBoxesSize:8
currentRepackCostTime:409.208s , currentRepackMaxTime:472.1485841392649s
iter19		 Improve solution by repack 0.8856275194840096->0.8840842515452835 , unplacedBoxesSize:5
currentRepackCostTime:409.318s , currentRepackMaxTime:472.1485841392649s
iter6		 Improve solution by repack 0.8840842515452835->0.8685064498790647 , unplacedBoxesSize:5
currentRepackCostTime:409.341s , currentRepackMaxTime:472.1485841392649s
iter5		 Improve solution by repack 0.8685064498790647->0.8664280435366837 , unplacedBoxesSize:5
currentRepackCostTime:409.363s , currentRepackMaxTime:472.1485841392649s
iter41		 Improve solution by repack 0.8664280435366837->0.8662244692287019 , unplacedBoxesSize:5
currentRepackCostTime:409.562s , currentRepackMaxTime:472.1485841392649s
Selecting boards with low utilization for repacking...
iter5		 Improve solution by repack 0.9484825987637732->0.935758868583714 , unplacedBoxesSize:9
currentRepackCostTime:414.351s , currentRepackMaxTime:472.1485841392649s
iter1		 Improve solution by repack 0.935758868583714->0.9220236495565708 , unplacedBoxesSize:5
currentRepackCostTime:414.355s , currentRepackMaxTime:472.1485841392649s
iter401		 Improve solution by repack 0.9220236495565708->0.9191037355549583 , unplacedBoxesSize:7
currentRepackCostTime:416.06s , currentRepackMaxTime:472.1485841392649s
iter2		 Improve solution by repack 0.9191037355549583->0.9179367105616769 , unplacedBoxesSize:7
currentRepackCostTime:416.07300000000004s , currentRepackMaxTime:472.1485841392649s
iter5		 Improve solution by repack 0.9179367105616769->0.902128124160172 , unplacedBoxesSize:5
currentRepackCostTime:416.099s , currentRepackMaxTime:472.1485841392649s
iter24		 Improve solution by repack 0.902128124160172->0.8942418032786885 , unplacedBoxesSize:7
currentRepackCostTime:416.226s , currentRepackMaxTime:472.1485841392649s
iter52		 Improve solution by repack 0.8942418032786885->0.8930747782854072 , unplacedBoxesSize:7
currentRepackCostTime:416.504s , currentRepackMaxTime:472.1485841392649s
iter80		 Improve solution by repack 0.8930747782854072->0.8915315103466811 , unplacedBoxesSize:4
currentRepackCostTime:416.947s , currentRepackMaxTime:472.1485841392649s
iter477		 Improve solution by repack 0.8915315103466811->0.8839678513840366 , unplacedBoxesSize:4
currentRepackCostTime:418.883s , currentRepackMaxTime:472.1485841392649s
iter4		 Improve solution by repack 0.8839678513840366->0.8798075114216608 , unplacedBoxesSize:4
currentRepackCostTime:418.894s , currentRepackMaxTime:472.1485841392649s
iter4		 Improve solution by repack 0.8798075114216608->0.8782548374092985 , unplacedBoxesSize:4
currentRepackCostTime:418.909s , currentRepackMaxTime:472.1485841392649s
Selecting boards with low utilization for repacking...
iter1		 Improve solution by repack 0.948686173071755->0.9329044611663532 , unplacedBoxesSize:7
currentRepackCostTime:422.825s , currentRepackMaxTime:472.1485841392649s
iter8		 Improve solution by repack 0.9329044611663532->0.9281370935232464 , unplacedBoxesSize:3
currentRepackCostTime:422.868s , currentRepackMaxTime:472.1485841392649s
iter194		 Improve solution by repack 0.9281370935232464->0.9171504635850577 , unplacedBoxesSize:5
currentRepackCostTime:423.46000000000004s , currentRepackMaxTime:472.1485841392649s
Selecting boards with low utilization for repacking...
iter4		 Improve solution by repack 0.9488897473797366->0.9466727694168234 , unplacedBoxesSize:8
currentRepackCostTime:428.00600000000003s , currentRepackMaxTime:472.1485841392649s
iter1		 Improve solution by repack 0.9466727694168234->0.9381648078473528 , unplacedBoxesSize:4
currentRepackCostTime:428.009s , currentRepackMaxTime:472.1485841392649s
iter97		 Improve solution by repack 0.9381648078473528->0.9204199140016125 , unplacedBoxesSize:6
currentRepackCostTime:428.32800000000003s , currentRepackMaxTime:472.1485841392649s
iter10		 Improve solution by repack 0.9204199140016125->0.9193990190808923 , unplacedBoxesSize:5
currentRepackCostTime:428.368s , currentRepackMaxTime:472.1485841392649s
iter2		 Improve solution by repack 0.9193990190808923->0.9047245364149423 , unplacedBoxesSize:6
currentRepackCostTime:428.385s , currentRepackMaxTime:472.1485841392649s
iter6		 Improve solution by repack 0.9047245364149423->0.9045209621069604 , unplacedBoxesSize:6
currentRepackCostTime:428.413s , currentRepackMaxTime:472.1485841392649s
iter26		 Improve solution by repack 0.9045209621069604->0.9043173877989787 , unplacedBoxesSize:6
currentRepackCostTime:428.54900000000004s , currentRepackMaxTime:472.1485841392649s
iter23		 Improve solution by repack 0.9043173877989787->0.9033532652512765 , unplacedBoxesSize:6
currentRepackCostTime:428.676s , currentRepackMaxTime:472.1485841392649s
iter3		 Improve solution by repack 0.9033532652512765->0.9012792260145122 , unplacedBoxesSize:6
currentRepackCostTime:428.685s , currentRepackMaxTime:472.1485841392649s
iter2		 Improve solution by repack 0.9012792260145122->0.8989058720773985 , unplacedBoxesSize:5
currentRepackCostTime:428.701s , currentRepackMaxTime:472.1485841392649s
iter250		 Improve solution by repack 0.8989058720773985->0.8820073568933082 , unplacedBoxesSize:5
currentRepackCostTime:429.771s , currentRepackMaxTime:472.1485841392649s
iter35		 Improve solution by repack 0.8820073568933082->0.8775337610857297 , unplacedBoxesSize:5
currentRepackCostTime:429.92900000000003s , currentRepackMaxTime:472.1485841392649s
iter26		 Improve solution by repack 0.8775337610857297->0.8722497312550389 , unplacedBoxesSize:5
currentRepackCostTime:430.033s , currentRepackMaxTime:472.1485841392649s
iter93		 Improve solution by repack 0.8722497312550389->0.8711347755979576 , unplacedBoxesSize:5
currentRepackCostTime:430.504s , currentRepackMaxTime:472.1485841392649s
iter127		 Improve solution by repack 0.8711347755979576->0.8673394248857834 , unplacedBoxesSize:5
currentRepackCostTime:431.077s , currentRepackMaxTime:472.1485841392649s
iter291		 Improve solution by repack 0.8673394248857834->0.8664280435366837 , unplacedBoxesSize:5
currentRepackCostTime:432.467s , currentRepackMaxTime:472.1485841392649s
iter18		 Improve solution by repack 0.8664280435366837->0.8662244692287019 , unplacedBoxesSize:5
currentRepackCostTime:432.547s , currentRepackMaxTime:472.1485841392649s
Selecting boards with low utilization for repacking...
iter2		 Improve solution by repack 0.9488897473797366->0.9372376377317926 , unplacedBoxesSize:10
currentRepackCostTime:437.325s , currentRepackMaxTime:472.1485841392649s
iter1		 Improve solution by repack 0.9372376377317926->0.9289898548777211 , unplacedBoxesSize:9
currentRepackCostTime:437.33500000000004s , currentRepackMaxTime:472.1485841392649s
iter3		 Improve solution by repack 0.9289898548777211->0.9277316245632894 , unplacedBoxesSize:9
currentRepackCostTime:437.348s , currentRepackMaxTime:472.1485841392649s
iter3		 Improve solution by repack 0.9277316245632894->0.9268126847621607 , unplacedBoxesSize:8
currentRepackCostTime:437.365s , currentRepackMaxTime:472.1485841392649s
iter6		 Improve solution by repack 0.9268126847621607->0.9237108640150496 , unplacedBoxesSize:8
currentRepackCostTime:437.407s , currentRepackMaxTime:472.1485841392649s
iter62		 Improve solution by repack 0.9237108640150496->0.9170391023918302 , unplacedBoxesSize:7
currentRepackCostTime:437.764s , currentRepackMaxTime:472.1485841392649s
iter71		 Improve solution by repack 0.9170391023918302->0.9127512765385648 , unplacedBoxesSize:6
currentRepackCostTime:438.146s , currentRepackMaxTime:472.1485841392649s
iter22		 Improve solution by repack 0.9127512765385648->0.9096660843859178 , unplacedBoxesSize:6
currentRepackCostTime:438.25600000000003s , currentRepackMaxTime:472.1485841392649s
iter600		 Improve solution by repack 0.9096660843859178->0.9016890620800859 , unplacedBoxesSize:6
currentRepackCostTime:441.089s , currentRepackMaxTime:472.1485841392649s
iter2		 Improve solution by repack 0.9016890620800859->0.9005220370868046 , unplacedBoxesSize:6
currentRepackCostTime:441.10200000000003s , currentRepackMaxTime:472.1485841392649s
iter9		 Improve solution by repack 0.9005220370868046->0.8994070814297233 , unplacedBoxesSize:6
currentRepackCostTime:441.141s , currentRepackMaxTime:472.1485841392649s
iter157		 Improve solution by repack 0.8994070814297233->0.893995565708143 , unplacedBoxesSize:5
currentRepackCostTime:441.97700000000003s , currentRepackMaxTime:472.1485841392649s
iter719		 Improve solution by repack 0.893995565708143->0.8865483069067456 , unplacedBoxesSize:6
currentRepackCostTime:445.219s , currentRepackMaxTime:472.1485841392649s
Selecting boards with low utilization for repacking...
iter9		 Improve solution by repack 0.9494762832571889->0.9486068933082504 , unplacedBoxesSize:10
currentRepackCostTime:450.172s , currentRepackMaxTime:472.1485841392649s
iter2		 Improve solution by repack 0.9486068933082504->0.9394470572426767 , unplacedBoxesSize:6
currentRepackCostTime:450.188s , currentRepackMaxTime:472.1485841392649s
iter3		 Improve solution by repack 0.9394470572426767->0.9369541117979038 , unplacedBoxesSize:7
currentRepackCostTime:450.202s , currentRepackMaxTime:472.1485841392649s
iter7		 Improve solution by repack 0.9369541117979038->0.936750537489922 , unplacedBoxesSize:7
currentRepackCostTime:450.24600000000004s , currentRepackMaxTime:472.1485841392649s
iter1		 Improve solution by repack 0.936750537489922->0.931663531308788 , unplacedBoxesSize:5
currentRepackCostTime:450.253s , currentRepackMaxTime:472.1485841392649s
iter3		 Improve solution by repack 0.931663531308788->0.9310386992743886 , unplacedBoxesSize:5
currentRepackCostTime:450.26800000000003s , currentRepackMaxTime:472.1485841392649s
iter31		 Improve solution by repack 0.9310386992743886->0.9308351249664069 , unplacedBoxesSize:5
currentRepackCostTime:450.425s , currentRepackMaxTime:472.1485841392649s
iter30		 Improve solution by repack 0.9308351249664069->0.9282981725342649 , unplacedBoxesSize:6
currentRepackCostTime:450.565s , currentRepackMaxTime:472.1485841392649s
iter211		 Improve solution by repack 0.9282981725342649->0.9233878661650095 , unplacedBoxesSize:6
currentRepackCostTime:451.587s , currentRepackMaxTime:472.1485841392649s
iter350		 Improve solution by repack 0.9233878661650095->0.921936979306638 , unplacedBoxesSize:6
currentRepackCostTime:453.32800000000003s , currentRepackMaxTime:472.1485841392649s
iter3		 Improve solution by repack 0.921936979306638->0.9185531443160442 , unplacedBoxesSize:6
currentRepackCostTime:453.343s , currentRepackMaxTime:472.1485841392649s
iter16		 Improve solution by repack 0.9185531443160442->0.9152721042730448 , unplacedBoxesSize:5
currentRepackCostTime:453.426s , currentRepackMaxTime:472.1485841392649s
iter7		 Improve solution by repack 0.9152721042730448->0.9137194302606826 , unplacedBoxesSize:5
currentRepackCostTime:453.455s , currentRepackMaxTime:472.1485841392649s
iter19		 Improve solution by repack 0.9137194302606826->0.9114374496103198 , unplacedBoxesSize:5
currentRepackCostTime:453.548s , currentRepackMaxTime:472.1485841392649s
iter139		 Improve solution by repack 0.9114374496103198->0.9069722520827735 , unplacedBoxesSize:5
currentRepackCostTime:454.156s , currentRepackMaxTime:472.1485841392649s
iter10		 Improve solution by repack 0.9069722520827735->0.9060608707336737 , unplacedBoxesSize:5
currentRepackCostTime:454.206s , currentRepackMaxTime:472.1485841392649s
iter2		 Improve solution by repack 0.9060608707336737->0.905857296425692 , unplacedBoxesSize:5
currentRepackCostTime:454.217s , currentRepackMaxTime:472.1485841392649s
iter5		 Improve solution by repack 0.905857296425692->0.902128124160172 , unplacedBoxesSize:5
currentRepackCostTime:454.244s , currentRepackMaxTime:472.1485841392649s
iter91		 Improve solution by repack 0.902128124160172->0.8960696049449073 , unplacedBoxesSize:5
currentRepackCostTime:454.632s , currentRepackMaxTime:472.1485841392649s
iter5		 Improve solution by repack 0.8960696049449073->0.8915315103466811 , unplacedBoxesSize:4
currentRepackCostTime:454.652s , currentRepackMaxTime:472.1485841392649s
iter155		 Improve solution by repack 0.8915315103466811->0.882977862133835 , unplacedBoxesSize:5
currentRepackCostTime:455.257s , currentRepackMaxTime:472.1485841392649s
iter2		 Improve solution by repack 0.882977862133835->0.8826792192958882 , unplacedBoxesSize:5
currentRepackCostTime:455.26300000000003s , currentRepackMaxTime:472.1485841392649s
iter4		 Improve solution by repack 0.8826792192958882->0.8795940271432411 , unplacedBoxesSize:5
currentRepackCostTime:455.284s , currentRepackMaxTime:472.1485841392649s
iter72		 Improve solution by repack 0.8795940271432411->0.8703853130878796 , unplacedBoxesSize:5
currentRepackCostTime:455.613s , currentRepackMaxTime:472.1485841392649s
iter456		 Improve solution by repack 0.8703853130878796->0.8687792260145122 , unplacedBoxesSize:6
currentRepackCostTime:457.707s , currentRepackMaxTime:472.1485841392649s
iter15		 Improve solution by repack 0.8687792260145122->0.8678678446654124 , unplacedBoxesSize:6
currentRepackCostTime:457.789s , currentRepackMaxTime:472.1485841392649s
iter26		 Improve solution by repack 0.8678678446654124->0.8676642703574308 , unplacedBoxesSize:6
currentRepackCostTime:457.922s , currentRepackMaxTime:472.1485841392649s
iter86		 Improve solution by repack 0.8676642703574308->0.8575285541521097 , unplacedBoxesSize:4
currentRepackCostTime:458.36s , currentRepackMaxTime:472.1485841392649s
iter134		 Improve solution by repack 0.8575285541521097->0.8379521633969363 , unplacedBoxesSize:4
currentRepackCostTime:458.92400000000004s , currentRepackMaxTime:472.1485841392649s
iter88		 Improve solution by repack 0.8379521633969363->0.8330418570276806 , unplacedBoxesSize:4
currentRepackCostTime:459.266s , currentRepackMaxTime:472.1485841392649s
Selecting boards with low utilization for repacking...
iter2		 Improve solution by repack 0.9501446183821554->0.9360983270626175 , unplacedBoxesSize:8
currentRepackCostTime:463.432s , currentRepackMaxTime:472.1485841392649s
iter4		 Improve solution by repack 0.9360983270626175->0.9260625503896802 , unplacedBoxesSize:6
currentRepackCostTime:463.451s , currentRepackMaxTime:472.1485841392649s
iter1		 Improve solution by repack 0.9260625503896802->0.9251088417092179 , unplacedBoxesSize:5
currentRepackCostTime:463.458s , currentRepackMaxTime:472.1485841392649s
iter101		 Improve solution by repack 0.9251088417092179->0.921841910776673 , unplacedBoxesSize:6
currentRepackCostTime:463.973s , currentRepackMaxTime:472.1485841392649s
iter6		 Improve solution by repack 0.921841910776673->0.9185531443160442 , unplacedBoxesSize:6
currentRepackCostTime:464.014s , currentRepackMaxTime:472.1485841392649s
iter41		 Improve solution by repack 0.9185531443160442->0.9171504635850577 , unplacedBoxesSize:5
currentRepackCostTime:464.271s , currentRepackMaxTime:472.1485841392649s
Selecting boards with low utilization for repacking...
iter3		 Improve solution by repack 0.9513558183284063->0.9455945982262832 , unplacedBoxesSize:7
currentRepackCostTime:468.993s , currentRepackMaxTime:472.1485841392649s
iter18		 Improve solution by repack 0.9455945982262832->0.9414465197527546 , unplacedBoxesSize:6
currentRepackCostTime:469.107s , currentRepackMaxTime:472.1485841392649s
iter4		 Improve solution by repack 0.9414465197527546->0.9398938457403924 , unplacedBoxesSize:6
currentRepackCostTime:469.134s , currentRepackMaxTime:472.1485841392649s
iter39		 Improve solution by repack 0.9398938457403924->0.9338353265251277 , unplacedBoxesSize:6
currentRepackCostTime:469.35900000000004s , currentRepackMaxTime:472.1485841392649s
iter2		 Improve solution by repack 0.9338353265251277->0.9302556436441817 , unplacedBoxesSize:7
currentRepackCostTime:469.375s , currentRepackMaxTime:472.1485841392649s
iter9		 Improve solution by repack 0.9302556436441817->0.9301454582101585 , unplacedBoxesSize:7
currentRepackCostTime:469.428s , currentRepackMaxTime:472.1485841392649s
iter32		 Improve solution by repack 0.9301454582101585->0.9289784332168771 , unplacedBoxesSize:7
currentRepackCostTime:469.60900000000004s , currentRepackMaxTime:472.1485841392649s
iter6		 Improve solution by repack 0.9289784332168771->0.9244863611932276 , unplacedBoxesSize:6
currentRepackCostTime:469.647s , currentRepackMaxTime:472.1485841392649s
iter14		 Improve solution by repack 0.9244863611932276->0.9201985353399624 , unplacedBoxesSize:5
currentRepackCostTime:469.711s , currentRepackMaxTime:472.1485841392649s
iter49		 Improve solution by repack 0.9201985353399624->0.9171133431873152 , unplacedBoxesSize:5
currentRepackCostTime:469.914s , currentRepackMaxTime:472.1485841392649s
iter410		 Improve solution by repack 0.9171133431873152->0.9046116635313088 , unplacedBoxesSize:6
currentRepackCostTime:471.798s , currentRepackMaxTime:472.1485841392649s
iter21		 Improve solution by repack 0.9046116635313088->0.9045014780972856 , unplacedBoxesSize:6
currentRepackCostTime:471.907s , currentRepackMaxTime:472.1485841392649s
iter29		 Improve solution by repack 0.9045014780972856->0.902128124160172 , unplacedBoxesSize:5
currentRepackCostTime:472.046s , currentRepackMaxTime:472.1485841392649s
Processing color group: 1 (2/2), boxes: 10
Allocated time: 11.6s
searchTime: 1000
Start nesting on the 1th large board, remaining blocks count: 3
Utilization of the 1th large board: 67.85998387530235, Time taken for this board: 0.0s
-------------------------------------------------------------------
Start nesting on the 2th large board, remaining blocks count: 2
Utilization of the 2th large board: 62.71015855952702, Time taken for this board: 0.0s
-------------------------------------------------------------------
Start nesting on the 3th large board, remaining blocks count: 2
Utilization of the 3th large board: 62.71015855952702, Time taken for this board: 0.0s
-------------------------------------------------------------------
Start nesting on the 4th large board, remaining blocks count: 2
Utilization of the 4th large board: 62.71015855952702, Time taken for this board: 0.0s
-------------------------------------------------------------------
Start nesting on the 5th large board, remaining blocks count: 1
Utilization of the 5th large board: 53.940741736092455, Time taken for this board: 0.0s
-------------------------------------------------------------------
Found solution: 5


Start improving solution by repacking.
Selecting boards with low utilization for repacking...
Selecting boards with low utilization for repacking...
iter4		 Improve solution by repack 0.6271015855952701->0.5394074173609245 , unplacedBoxesSize:2
currentRepackCostTime:0.001s , currentRepackMaxTime:11.605415860735011s
Selecting boards with low utilization for repacking...
iter1		 Improve solution by repack 0.6271015855952701->0.5394074173609245 , unplacedBoxesSize:2
currentRepackCostTime:0.002s , currentRepackMaxTime:11.605415860735011s
Selecting boards with low utilization for repacking...
iter1		 Improve solution by repack 0.6271015855952701->0.5394074173609245 , unplacedBoxesSize:2
currentRepackCostTime:0.003s , currentRepackMaxTime:11.605415860735011s
Selecting boards with low utilization for repacking...
iter1		 Improve solution by repack 0.6271015855952701->0.5394074173609245 , unplacedBoxesSize:2
currentRepackCostTime:0.004s , currentRepackMaxTime:11.605415860735011s
Selecting boards with low utilization for repacking...
All low-utilization boards have been repacked once. Restarting repacking process...
Selecting boards with low utilization for repacking...
Selecting boards with low utilization for repacking...
iter1		 Improve solution by repack 0.6271015855952701->0.5394074173609245 , unplacedBoxesSize:2
currentRepackCostTime:0.006s , currentRepackMaxTime:11.605415860735011s
Selecting boards with low utilization for repacking...
iter2		 Improve solution by repack 0.6271015855952701->0.5394074173609245 , unplacedBoxesSize:2
currentRepackCostTime:0.007s , currentRepackMaxTime:11.605415860735011s
Selecting boards with low utilization for repacking...
iter3		 Improve solution by repack 0.6271015855952701->0.5394074173609245 , unplacedBoxesSize:2
currentRepackCostTime:0.008s , currentRepackMaxTime:11.605415860735011s
Selecting boards with low utilization for repacking...
iter1		 Improve solution by repack 0.6785998387530234->0.5394074173609245 , unplacedBoxesSize:2
currentRepackCostTime:0.008s , currentRepackMaxTime:11.605415860735011s
Selecting boards with low utilization for repacking...
All low-utilization boards have been repacked once. Restarting repacking process...
Selecting boards with low utilization for repacking...
Selecting boards with low utilization for repacking...
iter1		 Improve solution by repack 0.6271015855952701->0.5394074173609245 , unplacedBoxesSize:2
currentRepackCostTime:0.01s , currentRepackMaxTime:11.605415860735011s
Selecting boards with low utilization for repacking...
iter2		 Improve solution by repack 0.6271015855952701->0.5394074173609245 , unplacedBoxesSize:2
currentRepackCostTime:0.011s , currentRepackMaxTime:11.605415860735011s
Selecting boards with low utilization for repacking...
iter2		 Improve solution by repack 0.6271015855952701->0.5394074173609245 , unplacedBoxesSize:2
currentRepackCostTime:0.012s , currentRepackMaxTime:11.605415860735011s
Selecting boards with low utilization for repacking...
iter1		 Improve solution by repack 0.6785998387530234->0.6271015855952701 , unplacedBoxesSize:2
currentRepackCostTime:0.013000000000000001s , currentRepackMaxTime:11.605415860735011s
iter3		 Improve solution by repack 0.6271015855952701->0.5394074173609245 , unplacedBoxesSize:2
currentRepackCostTime:0.013000000000000001s , currentRepackMaxTime:11.605415860735011s
Selecting boards with low utilization for repacking...
All low-utilization boards have been repacked once. Restarting repacking process...
