total number of nestable workpieces：277
Processing color group: 0 (1/2), boxes: 92
Allocated time: 199.3s
searchTime: 1000
Start nesting on the 1th large board, remaining blocks count: 57
Utilization of the 1th large board: 97.37547030368181, Time taken for this board: 0.177s
-------------------------------------------------------------------
Start nesting on the 2th large board, remaining blocks count: 55
Utilization of the 2th large board: 97.25426632625638, Time taken for this board: 0.334s
-------------------------------------------------------------------
Start nesting on the 3th large board, remaining blocks count: 52
Utilization of the 3th large board: 97.23021365224403, Time taken for this board: 0.44s
-------------------------------------------------------------------
Start nesting on the 4th large board, remaining blocks count: 44
Utilization of the 4th large board: 94.67186240257995, Time taken for this board: 0.519s
-------------------------------------------------------------------
Start nesting on the 5th large board, remaining blocks count: 41
Utilization of the 5th large board: 96.18630744423541, Time taken for this board: 0.609s
-------------------------------------------------------------------
Start nesting on the 6th large board, remaining blocks count: 36
Utilization of the 6th large board: 97.99344934157484, Time taken for this board: 0.709s
-------------------------------------------------------------------
Start nesting on the 7th large board, remaining blocks count: 31
Utilization of the 7th large board: 97.96949744692287, Time taken for this board: 0.756s
-------------------------------------------------------------------
Start nesting on the 8th large board, remaining blocks count: 26
Utilization of the 8th large board: 96.78140956732061, Time taken for this board: 0.794s
-------------------------------------------------------------------
Start nesting on the 9th large board, remaining blocks count: 20
Utilization of the 9th large board: 95.88282719699005, Time taken for this board: 0.8230000000000001s
-------------------------------------------------------------------
Start nesting on the 10th large board, remaining blocks count: 14
Utilization of the 10th large board: 68.55663800053749, Time taken for this board: 0.8290000000000001s
-------------------------------------------------------------------
Found solution: 10


Start improving solution by repacking.
Selecting boards with low utilization for repacking...
iter4		 Improve solution by repack 0.6855663800053748->0.6726756920182747 , unplacedBoxesSize:6
currentRepackCostTime:0.059000000000000004s , currentRepackMaxTime:198.44897833935016s
iter18		 Improve solution by repack 0.6726756920182747->0.668241400161247 , unplacedBoxesSize:6
currentRepackCostTime:0.267s , currentRepackMaxTime:198.44897833935016s
iter1		 Improve solution by repack 0.668241400161247->0.6654682880945982 , unplacedBoxesSize:6
currentRepackCostTime:0.274s , currentRepackMaxTime:198.44897833935016s
Selecting boards with low utilization for repacking...
iter9		 Improve solution by repack 0.9588282719699005->0.6817626310131685 , unplacedBoxesSize:7
currentRepackCostTime:1.0110000000000001s , currentRepackMaxTime:198.44897833935016s
iter11		 Improve solution by repack 0.6817626310131685->0.679483337812416 , unplacedBoxesSize:6
currentRepackCostTime:1.1360000000000001s , currentRepackMaxTime:198.44897833935016s
iter15		 Improve solution by repack 0.679483337812416->0.6781194571351787 , unplacedBoxesSize:5
currentRepackCostTime:1.292s , currentRepackMaxTime:198.44897833935016s
iter12		 Improve solution by repack 0.6781194571351787->0.6760501209352325 , unplacedBoxesSize:5
currentRepackCostTime:1.428s , currentRepackMaxTime:198.44897833935016s
iter19		 Improve solution by repack 0.6760501209352325->0.6703187987100242 , unplacedBoxesSize:8
currentRepackCostTime:1.62s , currentRepackMaxTime:198.44897833935016s
iter15		 Improve solution by repack 0.6703187987100242->0.6682494625100779 , unplacedBoxesSize:8
currentRepackCostTime:1.831s , currentRepackMaxTime:198.44897833935016s
iter2		 Improve solution by repack 0.6682494625100779->0.6673034802472454 , unplacedBoxesSize:8
currentRepackCostTime:1.862s , currentRepackMaxTime:198.44897833935016s
iter1		 Improve solution by repack 0.6673034802472454->0.6631648078473529 , unplacedBoxesSize:8
currentRepackCostTime:1.873s , currentRepackMaxTime:198.44897833935016s
iter10		 Improve solution by repack 0.6631648078473529->0.6616007121741467 , unplacedBoxesSize:8
currentRepackCostTime:1.997s , currentRepackMaxTime:198.44897833935016s
iter13		 Improve solution by repack 0.6616007121741467->0.6607138538027412 , unplacedBoxesSize:8
currentRepackCostTime:2.185s , currentRepackMaxTime:198.44897833935016s
iter19		 Improve solution by repack 0.6607138538027412->0.657415345337275 , unplacedBoxesSize:8
currentRepackCostTime:2.447s , currentRepackMaxTime:198.44897833935016s
iter12		 Improve solution by repack 0.657415345337275->0.651167696855684 , unplacedBoxesSize:7
currentRepackCostTime:2.614s , currentRepackMaxTime:198.44897833935016s
Selecting boards with low utilization for repacking...
iter4		 Improve solution by repack 0.9492418032786886->0.6782115022843322 , unplacedBoxesSize:7
currentRepackCostTime:3.225s , currentRepackMaxTime:198.44897833935016s
iter9		 Improve solution by repack 0.6782115022843322->0.6776602391830153 , unplacedBoxesSize:7
currentRepackCostTime:3.342s , currentRepackMaxTime:198.44897833935016s
iter1		 Improve solution by repack 0.6776602391830153->0.6767733808116099 , unplacedBoxesSize:7
currentRepackCostTime:3.35s , currentRepackMaxTime:198.44897833935016s
Selecting boards with low utilization for repacking...
iter3		 Improve solution by repack 0.9649643912926632->0.7554847487234614 , unplacedBoxesSize:9
currentRepackCostTime:4.095s , currentRepackMaxTime:198.44897833935016s
iter1		 Improve solution by repack 0.7554847487234614->0.7474244154797097 , unplacedBoxesSize:9
currentRepackCostTime:4.105s , currentRepackMaxTime:198.44897833935016s
iter3		 Improve solution by repack 0.7474244154797097->0.7386119322762698 , unplacedBoxesSize:7
currentRepackCostTime:4.144s , currentRepackMaxTime:198.44897833935016s
iter3		 Improve solution by repack 0.7386119322762698->0.7137214458478903 , unplacedBoxesSize:8
currentRepackCostTime:4.181s , currentRepackMaxTime:198.44897833935016s
iter2		 Improve solution by repack 0.7137214458478903->0.69717448266595 , unplacedBoxesSize:4
currentRepackCostTime:4.204s , currentRepackMaxTime:198.44897833935016s
iter1		 Improve solution by repack 0.69717448266595->0.6958787960225746 , unplacedBoxesSize:5
currentRepackCostTime:4.2170000000000005s , currentRepackMaxTime:198.44897833935016s
iter27		 Improve solution by repack 0.6958787960225746->0.6826205993012632 , unplacedBoxesSize:10
currentRepackCostTime:4.489s , currentRepackMaxTime:198.44897833935016s
iter5		 Improve solution by repack 0.6826205993012632->0.6805512631013169 , unplacedBoxesSize:10
currentRepackCostTime:4.548s , currentRepackMaxTime:198.44897833935016s
iter4		 Improve solution by repack 0.6805512631013169->0.6796442488578339 , unplacedBoxesSize:8
currentRepackCostTime:4.621s , currentRepackMaxTime:198.44897833935016s
iter1		 Improve solution by repack 0.6796442488578339->0.6772074039236765 , unplacedBoxesSize:8
currentRepackCostTime:4.6290000000000004s , currentRepackMaxTime:198.44897833935016s
Selecting boards with low utilization for repacking...
iter2		 Improve solution by repack 0.9555445444772911->0.71936979306638 , unplacedBoxesSize:8
currentRepackCostTime:5.3950000000000005s , currentRepackMaxTime:198.44897833935016s
iter7		 Improve solution by repack 0.71936979306638->0.7126837543671056 , unplacedBoxesSize:8
currentRepackCostTime:5.492s , currentRepackMaxTime:198.44897833935016s
iter4		 Improve solution by repack 0.7126837543671056->0.7046516393442623 , unplacedBoxesSize:6
currentRepackCostTime:5.529s , currentRepackMaxTime:198.44897833935016s
iter1		 Improve solution by repack 0.7046516393442623->0.7023323703305563 , unplacedBoxesSize:7
currentRepackCostTime:5.541s , currentRepackMaxTime:198.44897833935016s
iter1		 Improve solution by repack 0.7023323703305563->0.7002489250201559 , unplacedBoxesSize:6
currentRepackCostTime:5.548s , currentRepackMaxTime:198.44897833935016s
iter4		 Improve solution by repack 0.7002489250201559->0.6964394651975276 , unplacedBoxesSize:6
currentRepackCostTime:5.589s , currentRepackMaxTime:198.44897833935016s
iter3		 Improve solution by repack 0.6964394651975276->0.6932158693899488 , unplacedBoxesSize:11
currentRepackCostTime:5.623s , currentRepackMaxTime:198.44897833935016s
iter1		 Improve solution by repack 0.6932158693899488->0.6770572426766999 , unplacedBoxesSize:6
currentRepackCostTime:5.639s , currentRepackMaxTime:198.44897833935016s
iter2		 Improve solution by repack 0.6770572426766999->0.6744678849771567 , unplacedBoxesSize:6
currentRepackCostTime:5.659s , currentRepackMaxTime:198.44897833935016s
iter8		 Improve solution by repack 0.6744678849771567->0.6728124160171998 , unplacedBoxesSize:8
currentRepackCostTime:5.761s , currentRepackMaxTime:198.44897833935016s
iter6		 Improve solution by repack 0.6728124160171998->0.6662486562751948 , unplacedBoxesSize:9
currentRepackCostTime:5.847s , currentRepackMaxTime:198.44897833935016s
iter27		 Improve solution by repack 0.6662486562751948->0.6557336737436172 , unplacedBoxesSize:9
currentRepackCostTime:6.204s , currentRepackMaxTime:198.44897833935016s
iter24		 Improve solution by repack 0.6557336737436172->0.6545975544208547 , unplacedBoxesSize:11
currentRepackCostTime:6.527s , currentRepackMaxTime:198.44897833935016s
iter20		 Improve solution by repack 0.6545975544208547->0.6538134909970438 , unplacedBoxesSize:9
currentRepackCostTime:6.836s , currentRepackMaxTime:198.44897833935016s
iter1		 Improve solution by repack 0.6538134909970438->0.6487879602257458 , unplacedBoxesSize:9
currentRepackCostTime:6.849s , currentRepackMaxTime:198.44897833935016s
iter19		 Improve solution by repack 0.6487879602257458->0.6466158290782048 , unplacedBoxesSize:11
currentRepackCostTime:7.111s , currentRepackMaxTime:198.44897833935016s
iter10		 Improve solution by repack 0.6466158290782048->0.6450866702499328 , unplacedBoxesSize:10
currentRepackCostTime:7.266s , currentRepackMaxTime:198.44897833935016s
Selecting boards with low utilization for repacking...
iter1		 Improve solution by repack 0.9608458747648481->0.6835437382424079 , unplacedBoxesSize:11
currentRepackCostTime:7.865s , currentRepackMaxTime:198.44897833935016s
iter3		 Improve solution by repack 0.6835437382424079->0.6682262832571889 , unplacedBoxesSize:11
currentRepackCostTime:7.9030000000000005s , currentRepackMaxTime:198.44897833935016s
iter4		 Improve solution by repack 0.6682262832571889->0.6650137731792529 , unplacedBoxesSize:9
currentRepackCostTime:7.966s , currentRepackMaxTime:198.44897833935016s
iter19		 Improve solution by repack 0.6650137731792529->0.6584016393442623 , unplacedBoxesSize:6
currentRepackCostTime:8.232s , currentRepackMaxTime:198.44897833935016s
iter3		 Improve solution by repack 0.6584016393442623->0.6582655872077399 , unplacedBoxesSize:8
currentRepackCostTime:8.263s , currentRepackMaxTime:198.44897833935016s
iter3		 Improve solution by repack 0.6582655872077399->0.6573196049449073 , unplacedBoxesSize:8
currentRepackCostTime:8.305s , currentRepackMaxTime:198.44897833935016s
iter7		 Improve solution by repack 0.6573196049449073->0.6446862402579951 , unplacedBoxesSize:9
currentRepackCostTime:8.405s , currentRepackMaxTime:198.44897833935016s
iter29		 Improve solution by repack 0.6446862402579951->0.6417891695780704 , unplacedBoxesSize:8
currentRepackCostTime:8.852s , currentRepackMaxTime:198.44897833935016s
Selecting boards with low utilization for repacking...
iter1		 Improve solution by repack 0.9719312684762161->0.9717827868852459 , unplacedBoxesSize:10
currentRepackCostTime:9.374s , currentRepackMaxTime:198.44897833935016s
iter5		 Improve solution by repack 0.9717827868852459->0.6766057511421661 , unplacedBoxesSize:10
currentRepackCostTime:9.443s , currentRepackMaxTime:198.44897833935016s
iter3		 Improve solution by repack 0.6766057511421661->0.6738729508196721 , unplacedBoxesSize:10
currentRepackCostTime:9.491s , currentRepackMaxTime:198.44897833935016s
iter3		 Improve solution by repack 0.6738729508196721->0.6565607363611933 , unplacedBoxesSize:10
currentRepackCostTime:9.526s , currentRepackMaxTime:198.44897833935016s
Selecting boards with low utilization for repacking...
iter3		 Improve solution by repack 0.9750668503090566->0.6633404998656275 , unplacedBoxesSize:11
currentRepackCostTime:10.421s , currentRepackMaxTime:198.44897833935016s
iter4		 Improve solution by repack 0.6633404998656275->0.6624536414942219 , unplacedBoxesSize:11
currentRepackCostTime:10.479000000000001s , currentRepackMaxTime:198.44897833935016s
iter6		 Improve solution by repack 0.6624536414942219->0.6433038833646869 , unplacedBoxesSize:12
currentRepackCostTime:10.558s , currentRepackMaxTime:198.44897833935016s
iter4		 Improve solution by repack 0.6433038833646869->0.6399092985756517 , unplacedBoxesSize:11
currentRepackCostTime:10.626s , currentRepackMaxTime:198.44897833935016s
Selecting boards with low utilization for repacking...
iter4		 Improve solution by repack 0.9668449341574846->0.656029965063155 , unplacedBoxesSize:11
currentRepackCostTime:11.465s , currentRepackMaxTime:198.44897833935016s
iter4		 Improve solution by repack 0.656029965063155->0.6497614888470842 , unplacedBoxesSize:12
currentRepackCostTime:11.540000000000001s , currentRepackMaxTime:198.44897833935016s
iter1		 Improve solution by repack 0.6497614888470842->0.637048172534265 , unplacedBoxesSize:10
currentRepackCostTime:11.558s , currentRepackMaxTime:198.44897833935016s
iter24		 Improve solution by repack 0.637048172534265->0.632022641762967 , unplacedBoxesSize:10
currentRepackCostTime:11.902000000000001s , currentRepackMaxTime:198.44897833935016s
iter5		 Improve solution by repack 0.632022641762967->0.6307360252620263 , unplacedBoxesSize:10
currentRepackCostTime:11.974s , currentRepackMaxTime:198.44897833935016s
Selecting boards with low utilization for repacking...
iter1		 Improve solution by repack 0.9774973125503897->0.9719020424617039 , unplacedBoxesSize:11
currentRepackCostTime:12.995000000000001s , currentRepackMaxTime:198.44897833935016s
iter2		 Improve solution by repack 0.9719020424617039->0.6398407686105886 , unplacedBoxesSize:11
currentRepackCostTime:13.02s , currentRepackMaxTime:198.44897833935016s
iter22		 Improve solution by repack 0.6398407686105886->0.633006248320344 , unplacedBoxesSize:10
currentRepackCostTime:13.376s , currentRepackMaxTime:198.44897833935016s
Selecting boards with low utilization for repacking...
All low-utilization boards have been repacked once. Restarting repacking process...
Selecting boards with low utilization for repacking...
Selecting boards with low utilization for repacking...
iter4		 Improve solution by repack 0.9675859983875302->0.640958075786079 , unplacedBoxesSize:6
currentRepackCostTime:14.608s , currentRepackMaxTime:198.44897833935016s
iter25		 Improve solution by repack 0.640958075786079->0.633006248320344 , unplacedBoxesSize:10
currentRepackCostTime:14.921000000000001s , currentRepackMaxTime:198.44897833935016s
Selecting boards with low utilization for repacking...
iter5		 Improve solution by repack 0.969522641762967->0.9690970169309325 , unplacedBoxesSize:11
currentRepackCostTime:15.585s , currentRepackMaxTime:198.44897833935016s
iter9		 Improve solution by repack 0.9690970169309325->0.633006248320344 , unplacedBoxesSize:10
currentRepackCostTime:15.711s , currentRepackMaxTime:198.44897833935016s
Selecting boards with low utilization for repacking...
iter4		 Improve solution by repack 0.969522641762967->0.633006248320344 , unplacedBoxesSize:10
currentRepackCostTime:16.583000000000002s , currentRepackMaxTime:198.44897833935016s
Selecting boards with low utilization for repacking...
iter6		 Improve solution by repack 0.9713655603332437->0.640958075786079 , unplacedBoxesSize:6
currentRepackCostTime:17.654s , currentRepackMaxTime:198.44897833935016s
iter4		 Improve solution by repack 0.640958075786079->0.633006248320344 , unplacedBoxesSize:10
currentRepackCostTime:17.716s , currentRepackMaxTime:198.44897833935016s
Selecting boards with low utilization for repacking...
iter1		 Improve solution by repack 0.9723837678043536->0.652918234345606 , unplacedBoxesSize:10
currentRepackCostTime:18.573s , currentRepackMaxTime:198.44897833935016s
iter4		 Improve solution by repack 0.652918234345606->0.6517948804084923 , unplacedBoxesSize:10
currentRepackCostTime:18.624s , currentRepackMaxTime:198.44897833935016s
iter1		 Improve solution by repack 0.6517948804084923->0.6473636119322763 , unplacedBoxesSize:9
currentRepackCostTime:18.633s , currentRepackMaxTime:198.44897833935016s
iter8		 Improve solution by repack 0.6473636119322763->0.6462402579951626 , unplacedBoxesSize:9
currentRepackCostTime:18.755s , currentRepackMaxTime:198.44897833935016s
Selecting boards with low utilization for repacking...
iter1		 Improve solution by repack 0.974796089760817->0.6462402579951626 , unplacedBoxesSize:9
currentRepackCostTime:19.583000000000002s , currentRepackMaxTime:198.44897833935016s
Selecting boards with low utilization for repacking...
iter1		 Improve solution by repack 0.9768029427573233->0.9635366836871808 , unplacedBoxesSize:11
currentRepackCostTime:20.594s , currentRepackMaxTime:198.44897833935016s
iter4		 Improve solution by repack 0.9635366836871808->0.6553906879871002 , unplacedBoxesSize:11
currentRepackCostTime:20.657s , currentRepackMaxTime:198.44897833935016s
iter3		 Improve solution by repack 0.6553906879871002->0.6519531040043 , unplacedBoxesSize:11
currentRepackCostTime:20.703s , currentRepackMaxTime:198.44897833935016s
iter3		 Improve solution by repack 0.6519531040043->0.647518476216071 , unplacedBoxesSize:10
currentRepackCostTime:20.736s , currentRepackMaxTime:198.44897833935016s
iter2		 Improve solution by repack 0.647518476216071->0.6463850443429185 , unplacedBoxesSize:9
currentRepackCostTime:20.764s , currentRepackMaxTime:198.44897833935016s
iter4		 Improve solution by repack 0.6463850443429185->0.642910171996775 , unplacedBoxesSize:10
currentRepackCostTime:20.831s , currentRepackMaxTime:198.44897833935016s
iter16		 Improve solution by repack 0.642910171996775->0.6384194436979307 , unplacedBoxesSize:11
currentRepackCostTime:21.056s , currentRepackMaxTime:198.44897833935016s
iter1		 Improve solution by repack 0.6384194436979307->0.6375325853265251 , unplacedBoxesSize:11
currentRepackCostTime:21.068s , currentRepackMaxTime:198.44897833935016s
iter2		 Improve solution by repack 0.6375325853265251->0.6372362940069873 , unplacedBoxesSize:10
currentRepackCostTime:21.1s , currentRepackMaxTime:198.44897833935016s
iter13		 Improve solution by repack 0.6372362940069873->0.6344870330556301 , unplacedBoxesSize:10
currentRepackCostTime:21.301000000000002s , currentRepackMaxTime:198.44897833935016s
iter4		 Improve solution by repack 0.6344870330556301->0.6329918032786885 , unplacedBoxesSize:8
currentRepackCostTime:21.363s , currentRepackMaxTime:198.44897833935016s
iter6		 Improve solution by repack 0.6329918032786885->0.6294823300188122 , unplacedBoxesSize:8
currentRepackCostTime:21.429000000000002s , currentRepackMaxTime:198.44897833935016s
iter1		 Improve solution by repack 0.6294823300188122->0.6285363477559796 , unplacedBoxesSize:8
currentRepackCostTime:21.44s , currentRepackMaxTime:198.44897833935016s
iter21		 Improve solution by repack 0.6285363477559796->0.6283253829615695 , unplacedBoxesSize:7
currentRepackCostTime:21.718s , currentRepackMaxTime:198.44897833935016s
iter9		 Improve solution by repack 0.6283253829615695->0.6274385245901639 , unplacedBoxesSize:7
currentRepackCostTime:21.839000000000002s , currentRepackMaxTime:198.44897833935016s
iter2		 Improve solution by repack 0.6274385245901639->0.6264925423273313 , unplacedBoxesSize:7
currentRepackCostTime:21.87s , currentRepackMaxTime:198.44897833935016s
Selecting boards with low utilization for repacking...
iter1		 Improve solution by repack 0.972518476216071->0.6491746170384305 , unplacedBoxesSize:8
currentRepackCostTime:22.536s , currentRepackMaxTime:198.44897833935016s
iter6		 Improve solution by repack 0.6491746170384305->0.6321660843859178 , unplacedBoxesSize:6
currentRepackCostTime:22.614s , currentRepackMaxTime:198.44897833935016s
Selecting boards with low utilization for repacking...
iter2		 Improve solution by repack 0.9841400161246977->0.9777002149959688 , unplacedBoxesSize:9
currentRepackCostTime:23.431s , currentRepackMaxTime:198.44897833935016s
iter1		 Improve solution by repack 0.9777002149959688->0.967008868583714 , unplacedBoxesSize:11
currentRepackCostTime:23.444s , currentRepackMaxTime:198.44897833935016s
iter1		 Improve solution by repack 0.967008868583714->0.9664767535608708 , unplacedBoxesSize:10
currentRepackCostTime:23.452s , currentRepackMaxTime:198.44897833935016s
iter6		 Improve solution by repack 0.9664767535608708->0.6514626444504166 , unplacedBoxesSize:5
currentRepackCostTime:23.533s , currentRepackMaxTime:198.44897833935016s
iter20		 Improve solution by repack 0.6514626444504166->0.6491816715936576 , unplacedBoxesSize:6
currentRepackCostTime:23.741s , currentRepackMaxTime:198.44897833935016s
Selecting boards with low utilization for repacking...
All low-utilization boards have been repacked once. Restarting repacking process...
Selecting boards with low utilization for repacking...
Selecting boards with low utilization for repacking...
iter1		 Improve solution by repack 0.9552727761354475->0.9546247648481592 , unplacedBoxesSize:11
currentRepackCostTime:24.665s , currentRepackMaxTime:198.44897833935016s
iter6		 Improve solution by repack 0.9546247648481592->0.9537379064767536 , unplacedBoxesSize:11
currentRepackCostTime:24.752s , currentRepackMaxTime:198.44897833935016s
iter1		 Improve solution by repack 0.9537379064767536->0.9497164740661113 , unplacedBoxesSize:9
currentRepackCostTime:24.769000000000002s , currentRepackMaxTime:198.44897833935016s
iter3		 Improve solution by repack 0.9497164740661113->0.6785182074711099 , unplacedBoxesSize:9
currentRepackCostTime:24.802s , currentRepackMaxTime:198.44897833935016s
iter3		 Improve solution by repack 0.6785182074711099->0.6689525665143778 , unplacedBoxesSize:7
currentRepackCostTime:24.85s , currentRepackMaxTime:198.44897833935016s
iter2		 Improve solution by repack 0.6689525665143778->0.6584174281107229 , unplacedBoxesSize:9
currentRepackCostTime:24.871000000000002s , currentRepackMaxTime:198.44897833935016s
iter2		 Improve solution by repack 0.6584174281107229->0.6579770223058318 , unplacedBoxesSize:10
currentRepackCostTime:24.903000000000002s , currentRepackMaxTime:198.44897833935016s
iter4		 Improve solution by repack 0.6579770223058318->0.6572581295350712 , unplacedBoxesSize:13
currentRepackCostTime:24.969s , currentRepackMaxTime:198.44897833935016s
iter1		 Improve solution by repack 0.6572581295350712->0.6471455925826392 , unplacedBoxesSize:11
currentRepackCostTime:24.98s , currentRepackMaxTime:198.44897833935016s
Selecting boards with low utilization for repacking...
iter4		 Improve solution by repack 0.9601706530502553->0.6471455925826392 , unplacedBoxesSize:11
currentRepackCostTime:25.769000000000002s , currentRepackMaxTime:198.44897833935016s
Selecting boards with low utilization for repacking...
iter1		 Improve solution by repack 0.9601706530502553->0.6471455925826392 , unplacedBoxesSize:11
currentRepackCostTime:26.785s , currentRepackMaxTime:198.44897833935016s
Selecting boards with low utilization for repacking...
iter3		 Improve solution by repack 0.9675859983875302->0.9643986831496909 , unplacedBoxesSize:9
currentRepackCostTime:27.874000000000002s , currentRepackMaxTime:198.44897833935016s
iter3		 Improve solution by repack 0.9643986831496909->0.6475534130610051 , unplacedBoxesSize:12
currentRepackCostTime:27.918s , currentRepackMaxTime:198.44897833935016s
iter3		 Improve solution by repack 0.6475534130610051->0.6466665546895995 , unplacedBoxesSize:12
currentRepackCostTime:27.964000000000002s , currentRepackMaxTime:198.44897833935016s
iter3		 Improve solution by repack 0.6466665546895995->0.6442303816178447 , unplacedBoxesSize:10
currentRepackCostTime:28.007s , currentRepackMaxTime:198.44897833935016s
iter6		 Improve solution by repack 0.6442303816178447->0.6364653319000269 , unplacedBoxesSize:8
currentRepackCostTime:28.093s , currentRepackMaxTime:198.44897833935016s
Selecting boards with low utilization for repacking...
iter1		 Improve solution by repack 0.9721855683955926->0.9714915345337275 , unplacedBoxesSize:8
currentRepackCostTime:28.768s , currentRepackMaxTime:198.44897833935016s
iter3		 Improve solution by repack 0.9714915345337275->0.6944971109916689 , unplacedBoxesSize:10
currentRepackCostTime:28.8s , currentRepackMaxTime:198.44897833935016s
iter11		 Improve solution by repack 0.6944971109916689->0.6843828943832304 , unplacedBoxesSize:10
currentRepackCostTime:28.97s , currentRepackMaxTime:198.44897833935016s
iter4		 Improve solution by repack 0.6843828943832304->0.6834369121203978 , unplacedBoxesSize:10
currentRepackCostTime:29.019000000000002s , currentRepackMaxTime:198.44897833935016s
iter11		 Improve solution by repack 0.6834369121203978->0.6711391427035743 , unplacedBoxesSize:10
currentRepackCostTime:29.161s , currentRepackMaxTime:198.44897833935016s
iter30		 Improve solution by repack 0.6711391427035743->0.6619893845740392 , unplacedBoxesSize:7
currentRepackCostTime:29.596s , currentRepackMaxTime:198.44897833935016s
iter22		 Improve solution by repack 0.6619893845740392->0.6487426095135715 , unplacedBoxesSize:7
currentRepackCostTime:29.861s , currentRepackMaxTime:198.44897833935016s
iter20		 Improve solution by repack 0.6487426095135715->0.6484443026068262 , unplacedBoxesSize:7
currentRepackCostTime:30.11s , currentRepackMaxTime:198.44897833935016s
iter15		 Improve solution by repack 0.6484443026068262->0.6410030905670518 , unplacedBoxesSize:5
currentRepackCostTime:30.316s , currentRepackMaxTime:198.44897833935016s
Selecting boards with low utilization for repacking...
iter2		 Improve solution by repack 0.963324711099167->0.9524297903789305 , unplacedBoxesSize:11
currentRepackCostTime:31.035s , currentRepackMaxTime:198.44897833935016s
iter3		 Improve solution by repack 0.9524297903789305->0.7017048508465467 , unplacedBoxesSize:5
currentRepackCostTime:31.067s , currentRepackMaxTime:198.44897833935016s
iter5		 Improve solution by repack 0.7017048508465467->0.7000655065842516 , unplacedBoxesSize:6
currentRepackCostTime:31.123s , currentRepackMaxTime:198.44897833935016s
iter4		 Improve solution by repack 0.7000655065842516->0.698334117172803 , unplacedBoxesSize:7
currentRepackCostTime:31.18s , currentRepackMaxTime:198.44897833935016s
iter1		 Improve solution by repack 0.698334117172803->0.6982004165546896 , unplacedBoxesSize:7
currentRepackCostTime:31.208000000000002s , currentRepackMaxTime:198.44897833935016s
iter1		 Improve solution by repack 0.6982004165546896->0.6967535608707337 , unplacedBoxesSize:12
currentRepackCostTime:31.220000000000002s , currentRepackMaxTime:198.44897833935016s
iter2		 Improve solution by repack 0.6967535608707337->0.6940640956732061 , unplacedBoxesSize:12
currentRepackCostTime:31.246000000000002s , currentRepackMaxTime:198.44897833935016s
iter2		 Improve solution by repack 0.6940640956732061->0.6815862671324914 , unplacedBoxesSize:10
currentRepackCostTime:31.287s , currentRepackMaxTime:198.44897833935016s
iter3		 Improve solution by repack 0.6815862671324914->0.6786868449341574 , unplacedBoxesSize:9
currentRepackCostTime:31.330000000000002s , currentRepackMaxTime:198.44897833935016s
iter14		 Improve solution by repack 0.6786868449341574->0.6774150094060737 , unplacedBoxesSize:9
currentRepackCostTime:31.483s , currentRepackMaxTime:198.44897833935016s
iter1		 Improve solution by repack 0.6774150094060737->0.6753456732061274 , unplacedBoxesSize:9
currentRepackCostTime:31.492s , currentRepackMaxTime:198.44897833935016s
iter3		 Improve solution by repack 0.6753456732061274->0.6575016796560065 , unplacedBoxesSize:11
currentRepackCostTime:31.54s , currentRepackMaxTime:198.44897833935016s
iter7		 Improve solution by repack 0.6575016796560065->0.6439569336199946 , unplacedBoxesSize:11
currentRepackCostTime:31.646s , currentRepackMaxTime:198.44897833935016s
iter4		 Improve solution by repack 0.6439569336199946->0.6402092851384036 , unplacedBoxesSize:12
currentRepackCostTime:31.71s , currentRepackMaxTime:198.44897833935016s
iter31		 Improve solution by repack 0.6402092851384036->0.6290849234076861 , unplacedBoxesSize:12
currentRepackCostTime:32.212s , currentRepackMaxTime:198.44897833935016s
Selecting boards with low utilization for repacking...
iter1		 Improve solution by repack 0.973019013705993->0.6357319940876108 , unplacedBoxesSize:12
currentRepackCostTime:33.147s , currentRepackMaxTime:198.44897833935016s
iter3		 Improve solution by repack 0.6357319940876108->0.6290849234076861 , unplacedBoxesSize:12
currentRepackCostTime:33.195s , currentRepackMaxTime:198.44897833935016s
Selecting boards with low utilization for repacking...
iter2		 Improve solution by repack 0.9736045417898415->0.973019013705993 , unplacedBoxesSize:10
currentRepackCostTime:34.285000000000004s , currentRepackMaxTime:198.44897833935016s
iter2		 Improve solution by repack 0.973019013705993->0.6406604407417361 , unplacedBoxesSize:12
currentRepackCostTime:34.321s , currentRepackMaxTime:198.44897833935016s
iter2		 Improve solution by repack 0.6406604407417361->0.6370045014780973 , unplacedBoxesSize:12
currentRepackCostTime:34.355000000000004s , currentRepackMaxTime:198.44897833935016s
iter25		 Improve solution by repack 0.6370045014780973->0.6368136925557646 , unplacedBoxesSize:12
currentRepackCostTime:34.727000000000004s , currentRepackMaxTime:198.44897833935016s
iter5		 Improve solution by repack 0.6368136925557646->0.632420048374093 , unplacedBoxesSize:13
currentRepackCostTime:34.803s , currentRepackMaxTime:198.44897833935016s
iter5		 Improve solution by repack 0.632420048374093->0.6262711636656813 , unplacedBoxesSize:13
currentRepackCostTime:34.878s , currentRepackMaxTime:198.44897833935016s
iter11		 Improve solution by repack 0.6262711636656813->0.6233717414673475 , unplacedBoxesSize:12
currentRepackCostTime:35.066s , currentRepackMaxTime:198.44897833935016s
iter15		 Improve solution by repack 0.6233717414673475->0.6155065842515453 , unplacedBoxesSize:6
currentRepackCostTime:35.298s , currentRepackMaxTime:198.44897833935016s
Selecting boards with low utilization for repacking...
iter6		 Improve solution by repack 0.9777002149959688->0.9754226014512227 , unplacedBoxesSize:13
currentRepackCostTime:35.834s , currentRepackMaxTime:198.44897833935016s
iter12		 Improve solution by repack 0.9754226014512227->0.6494443697930663 , unplacedBoxesSize:8
currentRepackCostTime:36.039s , currentRepackMaxTime:198.44897833935016s
iter5		 Improve solution by repack 0.6494443697930663->0.6440640956732061 , unplacedBoxesSize:8
currentRepackCostTime:36.107s , currentRepackMaxTime:198.44897833935016s
iter11		 Improve solution by repack 0.6440640956732061->0.6412241332975006 , unplacedBoxesSize:6
currentRepackCostTime:36.249s , currentRepackMaxTime:198.44897833935016s
iter15		 Improve solution by repack 0.6412241332975006->0.6343657618919645 , unplacedBoxesSize:5
currentRepackCostTime:36.429s , currentRepackMaxTime:198.44897833935016s
iter10		 Improve solution by repack 0.6343657618919645->0.6334197796291319 , unplacedBoxesSize:5
currentRepackCostTime:36.556s , currentRepackMaxTime:198.44897833935016s
Selecting boards with low utilization for repacking...
All low-utilization boards have been repacked once. Restarting repacking process...
Processing color group: 1 (2/2), boxes: 185
Allocated time: 400.7s
searchTime: 1000
Start nesting on the 1th large board, remaining blocks count: 123
Utilization of the 1th large board: 98.35407148615963, Time taken for this board: 1.0010000000000001s
-------------------------------------------------------------------
Start nesting on the 2th large board, remaining blocks count: 119
Utilization of the 2th large board: 98.11925557645793, Time taken for this board: 1.98s
-------------------------------------------------------------------
Start nesting on the 3th large board, remaining blocks count: 113
Utilization of the 3th large board: 97.6310131685031, Time taken for this board: 2.867s
-------------------------------------------------------------------
Start nesting on the 4th large board, remaining blocks count: 105
Utilization of the 4th large board: 97.4320075248589, Time taken for this board: 3.588s
-------------------------------------------------------------------
Start nesting on the 5th large board, remaining blocks count: 97
Utilization of the 5th large board: 95.4924751410911, Time taken for this board: 4.009s
-------------------------------------------------------------------
Start nesting on the 6th large board, remaining blocks count: 93
Utilization of the 6th large board: 95.45498521902715, Time taken for this board: 4.325s
-------------------------------------------------------------------
Start nesting on the 7th large board, remaining blocks count: 89
Utilization of the 7th large board: 97.71230314431605, Time taken for this board: 4.577s
-------------------------------------------------------------------
Start nesting on the 8th large board, remaining blocks count: 85
Utilization of the 8th large board: 95.77768073098629, Time taken for this board: 4.822s
-------------------------------------------------------------------
Start nesting on the 9th large board, remaining blocks count: 80
Utilization of the 9th large board: 92.08076323568933, Time taken for this board: 5.002s
-------------------------------------------------------------------
Start nesting on the 10th large board, remaining blocks count: 74
Utilization of the 10th large board: 96.26145525396399, Time taken for this board: 5.176s
-------------------------------------------------------------------
Start nesting on the 11th large board, remaining blocks count: 67
Utilization of the 11th large board: 98.75344665412524, Time taken for this board: 5.341s
-------------------------------------------------------------------
Start nesting on the 12th large board, remaining blocks count: 61
Utilization of the 12th large board: 98.6660171996775, Time taken for this board: 5.402s
-------------------------------------------------------------------
Start nesting on the 13th large board, remaining blocks count: 53
Utilization of the 13th large board: 97.27882289707067, Time taken for this board: 5.457s
-------------------------------------------------------------------
Start nesting on the 14th large board, remaining blocks count: 49
Utilization of the 14th large board: 95.2818462778823, Time taken for this board: 5.505s
-------------------------------------------------------------------
Start nesting on the 15th large board, remaining blocks count: 41
Utilization of the 15th large board: 93.49086267132492, Time taken for this board: 5.54s
-------------------------------------------------------------------
Start nesting on the 16th large board, remaining blocks count: 35
Utilization of the 16th large board: 94.38013974737973, Time taken for this board: 5.571s
-------------------------------------------------------------------
Start nesting on the 17th large board, remaining blocks count: 33
Utilization of the 17th large board: 91.6015855952701, Time taken for this board: 5.597s
-------------------------------------------------------------------
Start nesting on the 18th large board, remaining blocks count: 29
Utilization of the 18th large board: 90.73387530233808, Time taken for this board: 5.609s
-------------------------------------------------------------------
Start nesting on the 19th large board, remaining blocks count: 25
Utilization of the 19th large board: 90.24307981725343, Time taken for this board: 5.62s
-------------------------------------------------------------------
Start nesting on the 20th large board, remaining blocks count: 23
Utilization of the 20th large board: 89.25806234883096, Time taken for this board: 5.628s
-------------------------------------------------------------------
Start nesting on the 21th large board, remaining blocks count: 21
Utilization of the 21th large board: 87.18751679656006, Time taken for this board: 5.634s
-------------------------------------------------------------------
Start nesting on the 22th large board, remaining blocks count: 17
Utilization of the 22th large board: 89.6029965063155, Time taken for this board: 5.639s
-------------------------------------------------------------------
Start nesting on the 23th large board, remaining blocks count: 11
Utilization of the 23th large board: 84.155468959957, Time taken for this board: 5.64s
-------------------------------------------------------------------
Start nesting on the 24th large board, remaining blocks count: 5
Utilization of the 24th large board: 85.62321956463316, Time taken for this board: 5.641s
-------------------------------------------------------------------
Start nesting on the 25th large board, remaining blocks count: 5
Utilization of the 25th large board: 85.62321956463316, Time taken for this board: 5.641s
-------------------------------------------------------------------
Start nesting on the 26th large board, remaining blocks count: 5
Utilization of the 26th large board: 37.61945713517871, Time taken for this board: 5.641s
-------------------------------------------------------------------
Found solution: 26


Start improving solution by repacking.
Selecting boards with low utilization for repacking...
iter16		 Improve solution by repack 0.37619457135178713->0.36658693899489386 , unplacedBoxesSize:3
currentRepackCostTime:0.077s , currentRepackMaxTime:395.0810216606498s
iter47		 Improve solution by repack 0.36658693899489386->0.3641500940607364 , unplacedBoxesSize:3
currentRepackCostTime:0.297s , currentRepackMaxTime:395.0810216606498s
iter2		 Improve solution by repack 0.3641500940607364->0.35085931201289977 , unplacedBoxesSize:3
currentRepackCostTime:0.307s , currentRepackMaxTime:395.0810216606498s
iter3		 Improve solution by repack 0.35085931201289977->0.34842717011556035 , unplacedBoxesSize:3
currentRepackCostTime:0.32s , currentRepackMaxTime:395.0810216606498s
iter38		 Improve solution by repack 0.34842717011556035->0.33786683687180863 , unplacedBoxesSize:2
currentRepackCostTime:0.48s , currentRepackMaxTime:395.0810216606498s
iter3		 Improve solution by repack 0.33786683687180863->0.3213457941413598 , unplacedBoxesSize:1
currentRepackCostTime:0.491s , currentRepackMaxTime:395.0810216606498s
iter131		 Improve solution by repack 0.3213457941413598->0.32108707336737435 , unplacedBoxesSize:3
currentRepackCostTime:0.974s , currentRepackMaxTime:395.0810216606498s
iter7		 Improve solution by repack 0.32108707336737435->0.2638128191346412 , unplacedBoxesSize:2
currentRepackCostTime:1.01s , currentRepackMaxTime:395.0810216606498s
iter6		 Improve solution by repack 0.2638128191346412->0.25212039774254236 , unplacedBoxesSize:2
currentRepackCostTime:1.037s , currentRepackMaxTime:395.0810216606498s
iter17		 Improve solution by repack 0.25212039774254236->0.24590298306906744 , unplacedBoxesSize:2
currentRepackCostTime:1.1280000000000001s , currentRepackMaxTime:395.0810216606498s
iter16		 Improve solution by repack 0.24590298306906744->0.23937248051599033 , unplacedBoxesSize:2
currentRepackCostTime:1.2s , currentRepackMaxTime:395.0810216606498s
iter2		 Improve solution by repack 0.23937248051599033->0.2140580489115829 , unplacedBoxesSize:2
currentRepackCostTime:1.208s , currentRepackMaxTime:395.0810216606498s
iter23		 Improve solution by repack 0.2140580489115829->0.1948427841977963 , unplacedBoxesSize:2
currentRepackCostTime:1.296s , currentRepackMaxTime:395.0810216606498s
iter47		 Improve solution by repack 0.1948427841977963->0.19090701424348294 , unplacedBoxesSize:2
currentRepackCostTime:1.522s , currentRepackMaxTime:395.0810216606498s
iter16		 Improve solution by repack 0.19090701424348294->0.1884748723461435 , unplacedBoxesSize:2
currentRepackCostTime:1.601s , currentRepackMaxTime:395.0810216606498s
iter7		 Improve solution by repack 0.1884748723461435->0.17109916689062082 , unplacedBoxesSize:1
currentRepackCostTime:1.637s , currentRepackMaxTime:395.0810216606498s
iter7		 Improve solution by repack 0.17109916689062082->0.16456866433754366 , unplacedBoxesSize:1
currentRepackCostTime:1.6640000000000001s , currentRepackMaxTime:395.0810216606498s
Selecting boards with low utilization for repacking...
iter1		 Improve solution by repack 0.9022453641494222->0.8782726417629669 , unplacedBoxesSize:6
currentRepackCostTime:3.819s , currentRepackMaxTime:395.0810216606498s
iter3		 Improve solution by repack 0.8782726417629669->0.25835662456328945 , unplacedBoxesSize:3
currentRepackCostTime:3.831s , currentRepackMaxTime:395.0810216606498s
iter11		 Improve solution by repack 0.25835662456328945->0.2578137597420049 , unplacedBoxesSize:2
currentRepackCostTime:3.895s , currentRepackMaxTime:395.0810216606498s
iter9		 Improve solution by repack 0.2578137597420049->0.24895323837678043 , unplacedBoxesSize:2
currentRepackCostTime:3.927s , currentRepackMaxTime:395.0810216606498s
iter14		 Improve solution by repack 0.24895323837678043->0.24564162859446387 , unplacedBoxesSize:2
currentRepackCostTime:4.0s , currentRepackMaxTime:395.0810216606498s
iter5		 Improve solution by repack 0.24564162859446387->0.23481053480247246 , unplacedBoxesSize:3
currentRepackCostTime:4.032s , currentRepackMaxTime:395.0810216606498s
iter1		 Improve solution by repack 0.23481053480247246->0.2257444235420586 , unplacedBoxesSize:2
currentRepackCostTime:4.04s , currentRepackMaxTime:395.0810216606498s
iter1		 Improve solution by repack 0.2257444235420586->0.2057471109916689 , unplacedBoxesSize:2
currentRepackCostTime:4.043s , currentRepackMaxTime:395.0810216606498s
iter5		 Improve solution by repack 0.2057471109916689->0.198773179252889 , unplacedBoxesSize:2
currentRepackCostTime:4.067s , currentRepackMaxTime:395.0810216606498s
iter5		 Improve solution by repack 0.198773179252889->0.18916554689599568 , unplacedBoxesSize:2
currentRepackCostTime:4.085s , currentRepackMaxTime:395.0810216606498s
iter1		 Improve solution by repack 0.18916554689599568->0.1796069604944907 , unplacedBoxesSize:2
currentRepackCostTime:4.0920000000000005s , currentRepackMaxTime:395.0810216606498s
iter54		 Improve solution by repack 0.1796069604944907->0.16456866433754366 , unplacedBoxesSize:1
currentRepackCostTime:4.329s , currentRepackMaxTime:395.0810216606498s
iter19		 Improve solution by repack 0.16456866433754366->0.14595404461166353 , unplacedBoxesSize:1
currentRepackCostTime:4.4s , currentRepackMaxTime:395.0810216606498s
iter21		 Improve solution by repack 0.14595404461166353->0.13680126310131685 , unplacedBoxesSize:1
currentRepackCostTime:4.482s , currentRepackMaxTime:395.0810216606498s
iter134		 Improve solution by repack 0.13680126310131685->0.13646331631281913 , unplacedBoxesSize:1
currentRepackCostTime:5.058s , currentRepackMaxTime:395.0810216606498s
Selecting boards with low utilization for repacking...
iter4		 Improve solution by repack 0.8742575920451491->0.8586723998925021 , unplacedBoxesSize:3
currentRepackCostTime:6.404s , currentRepackMaxTime:395.0810216606498s
iter4		 Improve solution by repack 0.8586723998925021->0.15698938457403924 , unplacedBoxesSize:2
currentRepackCostTime:6.42s , currentRepackMaxTime:395.0810216606498s
iter1		 Improve solution by repack 0.15698938457403924->0.13680126310131685 , unplacedBoxesSize:1
currentRepackCostTime:6.426s , currentRepackMaxTime:395.0810216606498s
Selecting boards with low utilization for repacking...
iter4		 Improve solution by repack 0.8586723998925021->0.8586461972588013 , unplacedBoxesSize:4
currentRepackCostTime:8.943s , currentRepackMaxTime:395.0810216606498s
iter1		 Improve solution by repack 0.8586461972588013->0.13680126310131685 , unplacedBoxesSize:1
currentRepackCostTime:8.945s , currentRepackMaxTime:395.0810216606498s
Selecting boards with low utilization for repacking...
iter2		 Improve solution by repack 0.9094893845740393->0.8910360655737705 , unplacedBoxesSize:5
currentRepackCostTime:11.459s , currentRepackMaxTime:395.0810216606498s
iter2		 Improve solution by repack 0.8910360655737705->0.8827278151034668 , unplacedBoxesSize:7
currentRepackCostTime:11.47s , currentRepackMaxTime:395.0810216606498s
iter1		 Improve solution by repack 0.8827278151034668->0.8120284063423812 , unplacedBoxesSize:3
currentRepackCostTime:11.475s , currentRepackMaxTime:395.0810216606498s
iter8		 Improve solution by repack 0.8120284063423812->0.7967925826390756 , unplacedBoxesSize:3
currentRepackCostTime:11.507s , currentRepackMaxTime:395.0810216606498s
iter18		 Improve solution by repack 0.7967925826390756->0.17626108572964258 , unplacedBoxesSize:1
currentRepackCostTime:11.575000000000001s , currentRepackMaxTime:395.0810216606498s
iter2		 Improve solution by repack 0.17626108572964258->0.17109916689062082 , unplacedBoxesSize:1
currentRepackCostTime:11.58s , currentRepackMaxTime:395.0810216606498s
iter22		 Improve solution by repack 0.17109916689062082->0.16456866433754366 , unplacedBoxesSize:1
currentRepackCostTime:11.679s , currentRepackMaxTime:395.0810216606498s
iter167		 Improve solution by repack 0.16456866433754366->0.14431537221177104 , unplacedBoxesSize:2
currentRepackCostTime:12.351s , currentRepackMaxTime:395.0810216606498s
iter10		 Improve solution by repack 0.14431537221177104->0.11832874227358238 , unplacedBoxesSize:2
currentRepackCostTime:12.397s , currentRepackMaxTime:395.0810216606498s
iter5		 Improve solution by repack 0.11832874227358238->0.09742139209889815 , unplacedBoxesSize:1
currentRepackCostTime:12.417s , currentRepackMaxTime:395.0810216606498s
iter40		 Improve solution by repack 0.09742139209889815->0.08218556839559259 , unplacedBoxesSize:1
currentRepackCostTime:12.599s , currentRepackMaxTime:395.0810216606498s
iter36		 Improve solution by repack 0.08218556839559259->0.07122278957269551 , unplacedBoxesSize:1
currentRepackCostTime:12.764000000000001s , currentRepackMaxTime:395.0810216606498s
iter56		 Improve solution by repack 0.07122278957269551->0.04689398011287288 , unplacedBoxesSize:1
currentRepackCostTime:13.014000000000001s , currentRepackMaxTime:395.0810216606498s
iter54		 Improve solution by repack 0.04689398011287288->0.0402079414135985 , unplacedBoxesSize:1
currentRepackCostTime:13.255s , currentRepackMaxTime:395.0810216606498s
Selecting boards with low utilization for repacking...
iter2		 Improve solution by repack 0.9151007793603869->0.8961811341037356 , unplacedBoxesSize:6
currentRepackCostTime:15.438s , currentRepackMaxTime:395.0810216606498s
iter6		 Improve solution by repack 0.8961811341037356->0.895647675356087 , unplacedBoxesSize:6
currentRepackCostTime:15.468s , currentRepackMaxTime:395.0810216606498s
iter3		 Improve solution by repack 0.895647675356087->0.8910279494759473 , unplacedBoxesSize:3
currentRepackCostTime:15.483s , currentRepackMaxTime:395.0810216606498s
iter24		 Improve solution by repack 0.8910279494759473->0.12408593120128997 , unplacedBoxesSize:2
currentRepackCostTime:15.569s , currentRepackMaxTime:395.0810216606498s
iter2		 Improve solution by repack 0.12408593120128997->0.11143073098629401 , unplacedBoxesSize:2
currentRepackCostTime:15.576s , currentRepackMaxTime:395.0810216606498s
iter5		 Improve solution by repack 0.11143073098629401->0.10702902445579145 , unplacedBoxesSize:1
currentRepackCostTime:15.596s , currentRepackMaxTime:395.0810216606498s
iter8		 Improve solution by repack 0.10702902445579145->0.10216003762429454 , unplacedBoxesSize:1
currentRepackCostTime:15.634s , currentRepackMaxTime:395.0810216606498s
iter7		 Improve solution by repack 0.10216003762429454->0.09742139209889815 , unplacedBoxesSize:1
currentRepackCostTime:15.659s , currentRepackMaxTime:395.0810216606498s
iter21		 Improve solution by repack 0.09742139209889815->0.08387798978769148 , unplacedBoxesSize:1
currentRepackCostTime:15.755s , currentRepackMaxTime:395.0810216606498s
iter1		 Improve solution by repack 0.08387798978769148->0.08218556839559259 , unplacedBoxesSize:1
currentRepackCostTime:15.759s , currentRepackMaxTime:395.0810216606498s
Selecting boards with low utilization for repacking...
iter1		 Improve solution by repack 0.8943388873958614->0.8678218220908358 , unplacedBoxesSize:5
currentRepackCostTime:18.017s , currentRepackMaxTime:395.0810216606498s
iter1		 Improve solution by repack 0.8678218220908358->0.8340973528621338 , unplacedBoxesSize:6
currentRepackCostTime:18.022000000000002s , currentRepackMaxTime:395.0810216606498s
iter4		 Improve solution by repack 0.8340973528621338->0.8071499596882558 , unplacedBoxesSize:2
currentRepackCostTime:18.044s , currentRepackMaxTime:395.0810216606498s
iter7		 Improve solution by repack 0.8071499596882558->0.08218556839559259 , unplacedBoxesSize:1
currentRepackCostTime:18.061s , currentRepackMaxTime:395.0810216606498s
Selecting boards with low utilization for repacking...
iter2		 Improve solution by repack 0.8453056973931738->0.08218556839559259 , unplacedBoxesSize:1
currentRepackCostTime:20.617s , currentRepackMaxTime:395.0810216606498s
Selecting boards with low utilization for repacking...
iter1		 Improve solution by repack 0.8453056973931738->0.08218556839559259 , unplacedBoxesSize:1
currentRepackCostTime:23.213s , currentRepackMaxTime:395.0810216606498s
Selecting boards with low utilization for repacking...
iter5		 Improve solution by repack 0.9215231120666487->0.9056772373018006 , unplacedBoxesSize:7
currentRepackCostTime:25.807000000000002s , currentRepackMaxTime:395.0810216606498s
iter5		 Improve solution by repack 0.9056772373018006->0.9003127519484009 , unplacedBoxesSize:8
currentRepackCostTime:25.837s , currentRepackMaxTime:395.0810216606498s
iter3		 Improve solution by repack 0.9003127519484009->0.8922121069604945 , unplacedBoxesSize:7
currentRepackCostTime:25.859s , currentRepackMaxTime:395.0810216606498s
iter4		 Improve solution by repack 0.8922121069604945->0.889779965063155 , unplacedBoxesSize:7
currentRepackCostTime:25.878s , currentRepackMaxTime:395.0810216606498s
iter2		 Improve solution by repack 0.889779965063155->0.8855136388067725 , unplacedBoxesSize:4
currentRepackCostTime:25.891000000000002s , currentRepackMaxTime:395.0810216606498s
iter1		 Improve solution by repack 0.8855136388067725->0.8473579011018544 , unplacedBoxesSize:3
currentRepackCostTime:25.893s , currentRepackMaxTime:395.0810216606498s
iter8		 Improve solution by repack 0.8473579011018544->0.12239350980919107 , unplacedBoxesSize:2
currentRepackCostTime:25.923000000000002s , currentRepackMaxTime:395.0810216606498s
iter11		 Improve solution by repack 0.12239350980919107->0.11501175759204514 , unplacedBoxesSize:2
currentRepackCostTime:25.98s , currentRepackMaxTime:395.0810216606498s
iter4		 Improve solution by repack 0.11501175759204514->0.11143073098629401 , unplacedBoxesSize:2
currentRepackCostTime:26.002s , currentRepackMaxTime:395.0810216606498s
iter39		 Improve solution by repack 0.11143073098629401->0.10302002149959688 , unplacedBoxesSize:1
currentRepackCostTime:26.181s , currentRepackMaxTime:395.0810216606498s
iter17		 Improve solution by repack 0.10302002149959688->0.09174415479709755 , unplacedBoxesSize:1
currentRepackCostTime:26.26s , currentRepackMaxTime:395.0810216606498s
iter66		 Improve solution by repack 0.09174415479709755->0.08773515184090298 , unplacedBoxesSize:1
currentRepackCostTime:26.539s , currentRepackMaxTime:395.0810216606498s
iter20		 Improve solution by repack 0.08773515184090298->0.08218556839559259 , unplacedBoxesSize:1
currentRepackCostTime:26.636s , currentRepackMaxTime:395.0810216606498s
iter72		 Improve solution by repack 0.08218556839559259->0.07214995968825584 , unplacedBoxesSize:1
currentRepackCostTime:26.926000000000002s , currentRepackMaxTime:395.0810216606498s
iter9		 Improve solution by repack 0.07214995968825584->0.018511152915882827 , unplacedBoxesSize:1
currentRepackCostTime:26.97s , currentRepackMaxTime:395.0810216606498s
iter14		 Improve solution by repack 0.018511152915882827->0.0 , unplacedBoxesSize:0
currentRepackCostTime:27.036s , currentRepackMaxTime:395.0810216606498s
Improved success.
Found solution 25
Start improving solution by repacking.
Selecting boards with low utilization for repacking...
iter2		 Improve solution by repack 0.892088820209621->0.8735393711367913 , unplacedBoxesSize:6
currentRepackCostTime:0.012s , currentRepackMaxTime:368.0450216606498s
iter7		 Improve solution by repack 0.8735393711367913->0.8727835259338887 , unplacedBoxesSize:6
currentRepackCostTime:0.05s , currentRepackMaxTime:368.0450216606498s
iter9		 Improve solution by repack 0.8727835259338887->0.8611146197258802 , unplacedBoxesSize:4
currentRepackCostTime:0.10300000000000001s , currentRepackMaxTime:368.0450216606498s
iter4		 Improve solution by repack 0.8611146197258802->0.8596318194033862 , unplacedBoxesSize:4
currentRepackCostTime:0.124s , currentRepackMaxTime:368.0450216606498s
iter2		 Improve solution by repack 0.8596318194033862->0.8565855952700887 , unplacedBoxesSize:4
currentRepackCostTime:0.134s , currentRepackMaxTime:368.0450216606498s
iter5		 Improve solution by repack 0.8565855952700887->0.8554857565170654 , unplacedBoxesSize:5
currentRepackCostTime:0.156s , currentRepackMaxTime:368.0450216606498s
iter24		 Improve solution by repack 0.8554857565170654->0.8515069873689869 , unplacedBoxesSize:4
currentRepackCostTime:0.261s , currentRepackMaxTime:368.0450216606498s
iter1		 Improve solution by repack 0.8515069873689869->0.8469779629131954 , unplacedBoxesSize:4
currentRepackCostTime:0.269s , currentRepackMaxTime:368.0450216606498s
iter41		 Improve solution by repack 0.8469779629131954->0.8426464660037624 , unplacedBoxesSize:4
currentRepackCostTime:0.431s , currentRepackMaxTime:368.0450216606498s
iter8		 Improve solution by repack 0.8426464660037624->0.8277774791722655 , unplacedBoxesSize:2
currentRepackCostTime:0.458s , currentRepackMaxTime:368.0450216606498s
iter157		 Improve solution by repack 0.8277774791722655->0.8071499596882558 , unplacedBoxesSize:2
currentRepackCostTime:0.96s , currentRepackMaxTime:368.0450216606498s
Selecting boards with low utilization for repacking...
iter3		 Improve solution by repack 0.8992038430529428->0.896303413061005 , unplacedBoxesSize:7
currentRepackCostTime:1.952s , currentRepackMaxTime:368.0450216606498s
iter7		 Improve solution by repack 0.896303413061005->0.8831832840634238 , unplacedBoxesSize:5
currentRepackCostTime:1.987s , currentRepackMaxTime:368.0450216606498s
iter12		 Improve solution by repack 0.8831832840634238->0.866887261488847 , unplacedBoxesSize:5
currentRepackCostTime:2.0460000000000003s , currentRepackMaxTime:368.0450216606498s
iter4		 Improve solution by repack 0.866887261488847->0.8581718624025799 , unplacedBoxesSize:5
currentRepackCostTime:2.059s , currentRepackMaxTime:368.0450216606498s
iter36		 Improve solution by repack 0.8581718624025799->0.8546351787153991 , unplacedBoxesSize:6
currentRepackCostTime:2.211s , currentRepackMaxTime:368.0450216606498s
iter6		 Improve solution by repack 0.8546351787153991->0.8425147809728568 , unplacedBoxesSize:6
currentRepackCostTime:2.245s , currentRepackMaxTime:368.0450216606498s
iter22		 Improve solution by repack 0.8425147809728568->0.8413887395861327 , unplacedBoxesSize:5
currentRepackCostTime:2.362s , currentRepackMaxTime:368.0450216606498s
iter139		 Improve solution by repack 0.8413887395861327->0.8397561139478634 , unplacedBoxesSize:3
currentRepackCostTime:2.998s , currentRepackMaxTime:368.0450216606498s
iter70		 Improve solution by repack 0.8397561139478634->0.8312442891695782 , unplacedBoxesSize:2
currentRepackCostTime:3.3160000000000003s , currentRepackMaxTime:368.0450216606498s
iter11		 Improve solution by repack 0.8312442891695782->0.8285494490728299 , unplacedBoxesSize:4
currentRepackCostTime:3.357s , currentRepackMaxTime:368.0450216606498s
iter8		 Improve solution by repack 0.8285494490728299->0.8071499596882558 , unplacedBoxesSize:2
currentRepackCostTime:3.394s , currentRepackMaxTime:368.0450216606498s
Selecting boards with low utilization for repacking...
iter6		 Improve solution by repack 0.9152972991131416->0.8071499596882558 , unplacedBoxesSize:2
currentRepackCostTime:5.2170000000000005s , currentRepackMaxTime:368.0450216606498s
Selecting boards with low utilization for repacking...
iter2		 Improve solution by repack 0.8999274388605213->0.8745491803278689 , unplacedBoxesSize:8
currentRepackCostTime:7.151s , currentRepackMaxTime:368.0450216606498s
iter4		 Improve solution by repack 0.8745491803278689->0.8537966944369793 , unplacedBoxesSize:7
currentRepackCostTime:7.179s , currentRepackMaxTime:368.0450216606498s
iter5		 Improve solution by repack 0.8537966944369793->0.8491769685568396 , unplacedBoxesSize:4
currentRepackCostTime:7.198s , currentRepackMaxTime:368.0450216606498s
iter7		 Improve solution by repack 0.8491769685568396->0.8071499596882558 , unplacedBoxesSize:2
currentRepackCostTime:7.226s , currentRepackMaxTime:368.0450216606498s
iter200		 Improve solution by repack 0.8071499596882558->0.8069006987368986 , unplacedBoxesSize:5
currentRepackCostTime:7.91s , currentRepackMaxTime:368.0450216606498s
iter22		 Improve solution by repack 0.8069006987368986->0.8053533996237571 , unplacedBoxesSize:5
currentRepackCostTime:8.02s , currentRepackMaxTime:368.0450216606498s
iter3		 Improve solution by repack 0.8053533996237571->0.8021620532115022 , unplacedBoxesSize:5
currentRepackCostTime:8.031s , currentRepackMaxTime:368.0450216606498s
iter174		 Improve solution by repack 0.8021620532115022->0.7982450954044612 , unplacedBoxesSize:4
currentRepackCostTime:8.824s , currentRepackMaxTime:368.0450216606498s
Selecting boards with low utilization for repacking...
iter1		 Improve solution by repack 0.9257054555227089->0.8999274388605213 , unplacedBoxesSize:3
currentRepackCostTime:10.659s , currentRepackMaxTime:368.0450216606498s
iter1		 Improve solution by repack 0.8999274388605213->0.8593771835528083 , unplacedBoxesSize:5
currentRepackCostTime:10.662s , currentRepackMaxTime:368.0450216606498s
iter10		 Improve solution by repack 0.8593771835528083->0.8576847621607095 , unplacedBoxesSize:5
currentRepackCostTime:10.698s , currentRepackMaxTime:368.0450216606498s
iter4		 Improve solution by repack 0.8576847621607095->0.7982450954044612 , unplacedBoxesSize:4
currentRepackCostTime:10.715s , currentRepackMaxTime:368.0450216606498s
iter70		 Improve solution by repack 0.7982450954044612->0.7939135984950282 , unplacedBoxesSize:4
currentRepackCostTime:11.013s , currentRepackMaxTime:368.0450216606498s
Selecting boards with low utilization for repacking...
iter17		 Improve solution by repack 0.8999274388605213->0.7939135984950282 , unplacedBoxesSize:4
currentRepackCostTime:13.154s , currentRepackMaxTime:368.0450216606498s
Selecting boards with low utilization for repacking...
iter2		 Improve solution by repack 0.9094430260682612->0.9088101316850309 , unplacedBoxesSize:6
currentRepackCostTime:15.535s , currentRepackMaxTime:368.0450216606498s
iter1		 Improve solution by repack 0.9088101316850309->0.9021237570545552 , unplacedBoxesSize:6
currentRepackCostTime:15.538s , currentRepackMaxTime:368.0450216606498s
iter6		 Improve solution by repack 0.9021237570545552->0.8999274388605213 , unplacedBoxesSize:3
currentRepackCostTime:15.561s , currentRepackMaxTime:368.0450216606498s
iter11		 Improve solution by repack 0.8999274388605213->0.7939135984950282 , unplacedBoxesSize:4
currentRepackCostTime:15.594000000000001s , currentRepackMaxTime:368.0450216606498s
Selecting boards with low utilization for repacking...
iter1		 Improve solution by repack 0.9411797903789305->0.9348965331900027 , unplacedBoxesSize:6
currentRepackCostTime:17.952s , currentRepackMaxTime:368.0450216606498s
iter1		 Improve solution by repack 0.9348965331900027->0.8337113679118516 , unplacedBoxesSize:4
currentRepackCostTime:17.955000000000002s , currentRepackMaxTime:368.0450216606498s
iter2		 Improve solution by repack 0.8337113679118516->0.8285494490728299 , unplacedBoxesSize:4
currentRepackCostTime:17.961000000000002s , currentRepackMaxTime:368.0450216606498s
iter86		 Improve solution by repack 0.8285494490728299->0.8279024455791454 , unplacedBoxesSize:3
currentRepackCostTime:18.316s , currentRepackMaxTime:368.0450216606498s
iter9		 Improve solution by repack 0.8279024455791454->0.8277774791722655 , unplacedBoxesSize:2
currentRepackCostTime:18.353s , currentRepackMaxTime:368.0450216606498s
iter45		 Improve solution by repack 0.8277774791722655->0.8071499596882558 , unplacedBoxesSize:2
currentRepackCostTime:18.503s , currentRepackMaxTime:368.0450216606498s
Selecting boards with low utilization for repacking...
iter1		 Improve solution by repack 0.9339579414135984->0.90808855146466 , unplacedBoxesSize:6
currentRepackCostTime:19.908s , currentRepackMaxTime:368.0450216606498s
iter5		 Improve solution by repack 0.90808855146466->0.9000692018274657 , unplacedBoxesSize:7
currentRepackCostTime:19.937s , currentRepackMaxTime:368.0450216606498s
iter2		 Improve solution by repack 0.9000692018274657->0.8071499596882558 , unplacedBoxesSize:2
currentRepackCostTime:19.944s , currentRepackMaxTime:368.0450216606498s
Selecting boards with low utilization for repacking...
iter2		 Improve solution by repack 0.9440929857565171->0.9435864015049718 , unplacedBoxesSize:4
currentRepackCostTime:21.841s , currentRepackMaxTime:368.0450216606498s
iter1		 Improve solution by repack 0.9435864015049718->0.9251988712711637 , unplacedBoxesSize:3
currentRepackCostTime:21.842s , currentRepackMaxTime:368.0450216606498s
iter5		 Improve solution by repack 0.9251988712711637->0.9045713517871541 , unplacedBoxesSize:3
currentRepackCostTime:21.858s , currentRepackMaxTime:368.0450216606498s
iter133		 Improve solution by repack 0.9045713517871541->0.8910279494759473 , unplacedBoxesSize:3
currentRepackCostTime:22.361s , currentRepackMaxTime:368.0450216606498s
iter1		 Improve solution by repack 0.8910279494759473->0.8783727492609513 , unplacedBoxesSize:3
currentRepackCostTime:22.367s , currentRepackMaxTime:368.0450216606498s
Selecting boards with low utilization for repacking...
iter1		 Improve solution by repack 0.9471398817522171->0.9203305563020693 , unplacedBoxesSize:7
currentRepackCostTime:23.983s , currentRepackMaxTime:368.0450216606498s
iter2		 Improve solution by repack 0.9203305563020693->0.8381570814297232 , unplacedBoxesSize:4
currentRepackCostTime:23.988s , currentRepackMaxTime:368.0450216606498s
iter22		 Improve solution by repack 0.8381570814297232->0.8071499596882558 , unplacedBoxesSize:2
currentRepackCostTime:24.075s , currentRepackMaxTime:368.0450216606498s
Selecting boards with low utilization for repacking...
iter8		 Improve solution by repack 0.9530952700886859->0.8071499596882558 , unplacedBoxesSize:2
currentRepackCostTime:25.953s , currentRepackMaxTime:368.0450216606498s
Selecting boards with low utilization for repacking...
iter5		 Improve solution by repack 0.9486556033324376->0.8699207202364956 , unplacedBoxesSize:5
currentRepackCostTime:27.871000000000002s , currentRepackMaxTime:368.0450216606498s
iter38		 Improve solution by repack 0.8699207202364956->0.8651820747110992 , unplacedBoxesSize:5
currentRepackCostTime:28.048000000000002s , currentRepackMaxTime:368.0450216606498s
iter20		 Improve solution by repack 0.8651820747110992->0.860116904058049 , unplacedBoxesSize:6
currentRepackCostTime:28.139s , currentRepackMaxTime:368.0450216606498s
iter6		 Improve solution by repack 0.860116904058049->0.8560286213383499 , unplacedBoxesSize:6
currentRepackCostTime:28.172s , currentRepackMaxTime:368.0450216606498s
iter8		 Improve solution by repack 0.8560286213383499->0.8442784197796291 , unplacedBoxesSize:5
currentRepackCostTime:28.216s , currentRepackMaxTime:368.0450216606498s
iter76		 Improve solution by repack 0.8442784197796291->0.8417549045955388 , unplacedBoxesSize:6
currentRepackCostTime:28.567s , currentRepackMaxTime:368.0450216606498s
iter45		 Improve solution by repack 0.8417549045955388->0.8298407686105886 , unplacedBoxesSize:6
currentRepackCostTime:28.795s , currentRepackMaxTime:368.0450216606498s
iter55		 Improve solution by repack 0.8298407686105886->0.8150181402848697 , unplacedBoxesSize:5
currentRepackCostTime:29.074s , currentRepackMaxTime:368.0450216606498s
iter7		 Improve solution by repack 0.8150181402848697->0.8145646331631281 , unplacedBoxesSize:5
currentRepackCostTime:29.111s , currentRepackMaxTime:368.0450216606498s
iter3		 Improve solution by repack 0.8145646331631281->0.8113732867508734 , unplacedBoxesSize:5
currentRepackCostTime:29.127s , currentRepackMaxTime:368.0450216606498s
iter6		 Improve solution by repack 0.8113732867508734->0.8065042999193766 , unplacedBoxesSize:5
currentRepackCostTime:29.158s , currentRepackMaxTime:368.0450216606498s
iter33		 Improve solution by repack 0.8065042999193766->0.8060971513034131 , unplacedBoxesSize:5
currentRepackCostTime:29.317s , currentRepackMaxTime:368.0450216606498s
iter13		 Improve solution by repack 0.8060971513034131->0.8056295350712175 , unplacedBoxesSize:5
currentRepackCostTime:29.391000000000002s , currentRepackMaxTime:368.0450216606498s
iter15		 Improve solution by repack 0.8056295350712175->0.8017656543939801 , unplacedBoxesSize:5
currentRepackCostTime:29.456s , currentRepackMaxTime:368.0450216606498s
Selecting boards with low utilization for repacking...
iter4		 Improve solution by repack 0.923846358505778->0.8853735554958345 , unplacedBoxesSize:5
currentRepackCostTime:32.034s , currentRepackMaxTime:368.0450216606498s
iter10		 Improve solution by repack 0.8853735554958345->0.8071499596882558 , unplacedBoxesSize:2
currentRepackCostTime:32.079s , currentRepackMaxTime:368.0450216606498s
Selecting boards with low utilization for repacking...
iter1		 Improve solution by repack 0.9268288094598227->0.9155126310131685 , unplacedBoxesSize:3
currentRepackCostTime:33.933s , currentRepackMaxTime:368.0450216606498s
iter1		 Improve solution by repack 0.9155126310131685->0.911655468959957 , unplacedBoxesSize:3
currentRepackCostTime:33.938s , currentRepackMaxTime:368.0450216606498s
iter3		 Improve solution by repack 0.911655468959957->0.9103413061005106 , unplacedBoxesSize:6
currentRepackCostTime:33.953s , currentRepackMaxTime:368.0450216606498s
iter48		 Improve solution by repack 0.9103413061005106->0.889713786616501 , unplacedBoxesSize:6
currentRepackCostTime:34.178s , currentRepackMaxTime:368.0450216606498s
iter15		 Improve solution by repack 0.889713786616501->0.8872816447191615 , unplacedBoxesSize:6
currentRepackCostTime:34.254s , currentRepackMaxTime:368.0450216606498s
iter22		 Improve solution by repack 0.8872816447191615->0.8776740123622682 , unplacedBoxesSize:6
currentRepackCostTime:34.371s , currentRepackMaxTime:368.0450216606498s
iter112		 Improve solution by repack 0.8776740123622682->0.870953372749261 , unplacedBoxesSize:4
currentRepackCostTime:34.932s , currentRepackMaxTime:368.0450216606498s
iter1		 Improve solution by repack 0.870953372749261->0.8540439398011287 , unplacedBoxesSize:3
currentRepackCostTime:34.936s , currentRepackMaxTime:368.0450216606498s
iter35		 Improve solution by repack 0.8540439398011287->0.8473579011018544 , unplacedBoxesSize:3
currentRepackCostTime:35.085s , currentRepackMaxTime:368.0450216606498s
iter126		 Improve solution by repack 0.8473579011018544->0.8071499596882558 , unplacedBoxesSize:2
currentRepackCostTime:35.582s , currentRepackMaxTime:368.0450216606498s
Selecting boards with low utilization for repacking...
iter1		 Improve solution by repack 0.9304467884977157->0.8561045417898415 , unplacedBoxesSize:5
currentRepackCostTime:37.197s , currentRepackMaxTime:368.0450216606498s
iter13		 Improve solution by repack 0.8561045417898415->0.854991937651169 , unplacedBoxesSize:3
currentRepackCostTime:37.257s , currentRepackMaxTime:368.0450216606498s
iter110		 Improve solution by repack 0.854991937651169->0.8414445041655468 , unplacedBoxesSize:3
currentRepackCostTime:37.719s , currentRepackMaxTime:368.0450216606498s
iter3		 Improve solution by repack 0.8414445041655468->0.839752082773448 , unplacedBoxesSize:3
currentRepackCostTime:37.729s , currentRepackMaxTime:368.0450216606498s
iter25		 Improve solution by repack 0.839752082773448->0.8312442891695782 , unplacedBoxesSize:2
currentRepackCostTime:37.827s , currentRepackMaxTime:368.0450216606498s
iter8		 Improve solution by repack 0.8312442891695782->0.8269127922601451 , unplacedBoxesSize:2
currentRepackCostTime:37.86s , currentRepackMaxTime:368.0450216606498s
Selecting boards with low utilization for repacking...
iter1		 Improve solution by repack 0.9547392636388068->0.9525053748992206 , unplacedBoxesSize:8
currentRepackCostTime:39.307s , currentRepackMaxTime:368.0450216606498s
iter1		 Improve solution by repack 0.9525053748992206->0.9345572426766998 , unplacedBoxesSize:6
currentRepackCostTime:39.312s , currentRepackMaxTime:368.0450216606498s
iter3		 Improve solution by repack 0.9345572426766998->0.9045713517871541 , unplacedBoxesSize:3
currentRepackCostTime:39.324s , currentRepackMaxTime:368.0450216606498s
iter22		 Improve solution by repack 0.9045713517871541->0.9009426229508197 , unplacedBoxesSize:5
currentRepackCostTime:39.414s , currentRepackMaxTime:368.0450216606498s
iter17		 Improve solution by repack 0.9009426229508197->0.900815640956732 , unplacedBoxesSize:3
currentRepackCostTime:39.502s , currentRepackMaxTime:368.0450216606498s
iter136		 Improve solution by repack 0.900815640956732->0.8954676162321956 , unplacedBoxesSize:3
currentRepackCostTime:40.014s , currentRepackMaxTime:368.0450216606498s
iter18		 Improve solution by repack 0.8954676162321956->0.8910279494759473 , unplacedBoxesSize:3
currentRepackCostTime:40.071s , currentRepackMaxTime:368.0450216606498s
iter3		 Improve solution by repack 0.8910279494759473->0.8893355280838485 , unplacedBoxesSize:3
currentRepackCostTime:40.083s , currentRepackMaxTime:368.0450216606498s
iter21		 Improve solution by repack 0.8893355280838485->0.8597305831765655 , unplacedBoxesSize:3
currentRepackCostTime:40.163000000000004s , currentRepackMaxTime:368.0450216606498s
iter12		 Improve solution by repack 0.8597305831765655->0.8512362268207471 , unplacedBoxesSize:3
currentRepackCostTime:40.215s , currentRepackMaxTime:368.0450216606498s
iter23		 Improve solution by repack 0.8512362268207471->0.8510521365224402 , unplacedBoxesSize:3
currentRepackCostTime:40.307s , currentRepackMaxTime:368.0450216606498s
iter13		 Improve solution by repack 0.8510521365224402->0.8486199946251007 , unplacedBoxesSize:3
currentRepackCostTime:40.367s , currentRepackMaxTime:368.0450216606498s
iter6		 Improve solution by repack 0.8486199946251007->0.8469275732330019 , unplacedBoxesSize:3
currentRepackCostTime:40.394s , currentRepackMaxTime:368.0450216606498s
iter2		 Improve solution by repack 0.8469275732330019->0.839752082773448 , unplacedBoxesSize:3
currentRepackCostTime:40.404s , currentRepackMaxTime:368.0450216606498s
iter9		 Improve solution by repack 0.839752082773448->0.8306483472184897 , unplacedBoxesSize:3
currentRepackCostTime:40.438s , currentRepackMaxTime:368.0450216606498s
iter4		 Improve solution by repack 0.8306483472184897->0.8269127922601451 , unplacedBoxesSize:2
currentRepackCostTime:40.458s , currentRepackMaxTime:368.0450216606498s
iter3		 Improve solution by repack 0.8269127922601451->0.8245162590701425 , unplacedBoxesSize:3
currentRepackCostTime:40.469s , currentRepackMaxTime:368.0450216606498s
iter4		 Improve solution by repack 0.8245162590701425->0.8236011824778287 , unplacedBoxesSize:2
currentRepackCostTime:40.485s , currentRepackMaxTime:368.0450216606498s
iter25		 Improve solution by repack 0.8236011824778287->0.8146667562483204 , unplacedBoxesSize:2
currentRepackCostTime:40.582s , currentRepackMaxTime:368.0450216606498s
Selecting boards with low utilization for repacking...
iter1		 Improve solution by repack 0.9666568126847622->0.9472057242676699 , unplacedBoxesSize:9
currentRepackCostTime:42.457s , currentRepackMaxTime:368.0450216606498s
iter1		 Improve solution by repack 0.9472057242676699->0.9117844665412524 , unplacedBoxesSize:6
currentRepackCostTime:42.461s , currentRepackMaxTime:368.0450216606498s
iter3		 Improve solution by repack 0.9117844665412524->0.9058680462241333 , unplacedBoxesSize:3
currentRepackCostTime:42.476s , currentRepackMaxTime:368.0450216606498s
iter114		 Improve solution by repack 0.9058680462241333->0.8899764848159097 , unplacedBoxesSize:5
currentRepackCostTime:42.898s , currentRepackMaxTime:368.0450216606498s
iter1		 Improve solution by repack 0.8899764848159097->0.8811159634506852 , unplacedBoxesSize:5
currentRepackCostTime:42.901s , currentRepackMaxTime:368.0450216606498s
iter46		 Improve solution by repack 0.8811159634506852->0.8511495565708143 , unplacedBoxesSize:5
currentRepackCostTime:43.101s , currentRepackMaxTime:368.0450216606498s
iter154		 Improve solution by repack 0.8511495565708143->0.8434883095941952 , unplacedBoxesSize:5
currentRepackCostTime:43.793s , currentRepackMaxTime:368.0450216606498s
iter21		 Improve solution by repack 0.8434883095941952->0.8430811609782317 , unplacedBoxesSize:5
currentRepackCostTime:43.904s , currentRepackMaxTime:368.0450216606498s
iter6		 Improve solution by repack 0.8430811609782317->0.8374099704380542 , unplacedBoxesSize:4
currentRepackCostTime:43.924s , currentRepackMaxTime:368.0450216606498s
iter32		 Improve solution by repack 0.8374099704380542->0.8285494490728299 , unplacedBoxesSize:4
currentRepackCostTime:44.057s , currentRepackMaxTime:368.0450216606498s
iter27		 Improve solution by repack 0.8285494490728299->0.824217952163397 , unplacedBoxesSize:4
currentRepackCostTime:44.162s , currentRepackMaxTime:368.0450216606498s
iter157		 Improve solution by repack 0.824217952163397->0.8071499596882558 , unplacedBoxesSize:2
currentRepackCostTime:44.836s , currentRepackMaxTime:368.0450216606498s
Selecting boards with low utilization for repacking...
iter1		 Improve solution by repack 0.9389485353399624->0.9308519215264714 , unplacedBoxesSize:9
currentRepackCostTime:46.71s , currentRepackMaxTime:368.0450216606498s
iter1		 Improve solution by repack 0.9308519215264714->0.8665627519484009 , unplacedBoxesSize:6
currentRepackCostTime:46.712s , currentRepackMaxTime:368.0450216606498s
iter5		 Improve solution by repack 0.8665627519484009->0.864870330556302 , unplacedBoxesSize:6
currentRepackCostTime:46.735s , currentRepackMaxTime:368.0450216606498s
iter19		 Improve solution by repack 0.864870330556302->0.8600013437248052 , unplacedBoxesSize:6
currentRepackCostTime:46.834s , currentRepackMaxTime:368.0450216606498s
iter61		 Improve solution by repack 0.8600013437248052->0.839448400967482 , unplacedBoxesSize:6
currentRepackCostTime:47.135s , currentRepackMaxTime:368.0450216606498s
Selecting boards with low utilization for repacking...
iter3		 Improve solution by repack 0.9521106557377049->0.9438074442354205 , unplacedBoxesSize:8
currentRepackCostTime:49.554s , currentRepackMaxTime:368.0450216606498s
iter8		 Improve solution by repack 0.9438074442354205->0.9273763773179252 , unplacedBoxesSize:8
currentRepackCostTime:49.599000000000004s , currentRepackMaxTime:368.0450216606498s
iter8		 Improve solution by repack 0.9273763773179252->0.8918798710024187 , unplacedBoxesSize:6
currentRepackCostTime:49.644s , currentRepackMaxTime:368.0450216606498s
iter49		 Improve solution by repack 0.8918798710024187->0.8865425960763236 , unplacedBoxesSize:6
currentRepackCostTime:49.894s , currentRepackMaxTime:368.0450216606498s
iter19		 Improve solution by repack 0.8865425960763236->0.8711320881483473 , unplacedBoxesSize:5
currentRepackCostTime:49.993s , currentRepackMaxTime:368.0450216606498s
iter20		 Improve solution by repack 0.8711320881483473->0.8594396667562483 , unplacedBoxesSize:5
currentRepackCostTime:50.077s , currentRepackMaxTime:368.0450216606498s
iter57		 Improve solution by repack 0.8594396667562483->0.8473579011018544 , unplacedBoxesSize:3
currentRepackCostTime:50.356s , currentRepackMaxTime:368.0450216606498s
iter244		 Improve solution by repack 0.8473579011018544->0.836110924482666 , unplacedBoxesSize:3
currentRepackCostTime:51.314s , currentRepackMaxTime:368.0450216606498s
Selecting boards with low utilization for repacking...
iter1		 Improve solution by repack 0.970243214189734->0.939533055630207 , unplacedBoxesSize:9
currentRepackCostTime:53.031s , currentRepackMaxTime:368.0450216606498s
iter3		 Improve solution by repack 0.939533055630207->0.8952889008331093 , unplacedBoxesSize:6
currentRepackCostTime:53.046s , currentRepackMaxTime:368.0450216606498s
iter9		 Improve solution by repack 0.8952889008331093->0.8797037086804623 , unplacedBoxesSize:6
currentRepackCostTime:53.095s , currentRepackMaxTime:368.0450216606498s
iter1		 Improve solution by repack 0.8797037086804623->0.8615509943563558 , unplacedBoxesSize:8
currentRepackCostTime:53.099000000000004s , currentRepackMaxTime:368.0450216606498s
iter2		 Improve solution by repack 0.8615509943563558->0.8608203439935501 , unplacedBoxesSize:8
currentRepackCostTime:53.11s , currentRepackMaxTime:368.0450216606498s
iter3		 Improve solution by repack 0.8608203439935501->0.8506375974200483 , unplacedBoxesSize:9
currentRepackCostTime:53.131s , currentRepackMaxTime:368.0450216606498s
iter1		 Improve solution by repack 0.8506375974200483->0.8489451760279495 , unplacedBoxesSize:9
currentRepackCostTime:53.135s , currentRepackMaxTime:368.0450216606498s
iter3		 Improve solution by repack 0.8489451760279495->0.8374610319806503 , unplacedBoxesSize:8
currentRepackCostTime:53.157000000000004s , currentRepackMaxTime:368.0450216606498s
iter73		 Improve solution by repack 0.8374610319806503->0.8370572426766999 , unplacedBoxesSize:5
currentRepackCostTime:53.577s , currentRepackMaxTime:368.0450216606498s
iter4		 Improve solution by repack 0.8370572426766999->0.8337113679118516 , unplacedBoxesSize:4
currentRepackCostTime:53.596000000000004s , currentRepackMaxTime:368.0450216606498s
iter4		 Improve solution by repack 0.8337113679118516->0.8285494490728299 , unplacedBoxesSize:4
currentRepackCostTime:53.614000000000004s , currentRepackMaxTime:368.0450216606498s
iter7		 Improve solution by repack 0.8285494490728299->0.824217952163397 , unplacedBoxesSize:4
currentRepackCostTime:53.647s , currentRepackMaxTime:368.0450216606498s
iter10		 Improve solution by repack 0.824217952163397->0.8103755710830421 , unplacedBoxesSize:6
currentRepackCostTime:53.691s , currentRepackMaxTime:368.0450216606498s
iter7		 Improve solution by repack 0.8103755710830421->0.8085944638538028 , unplacedBoxesSize:7
currentRepackCostTime:53.723s , currentRepackMaxTime:368.0450216606498s
iter24		 Improve solution by repack 0.8085944638538028->0.8039747379736629 , unplacedBoxesSize:4
currentRepackCostTime:53.857s , currentRepackMaxTime:368.0450216606498s
iter71		 Improve solution by repack 0.8039747379736629->0.7974442354205858 , unplacedBoxesSize:4
currentRepackCostTime:54.156s , currentRepackMaxTime:368.0450216606498s
Selecting boards with low utilization for repacking...
iter2		 Improve solution by repack 0.9411797903789305->0.7974442354205858 , unplacedBoxesSize:4
currentRepackCostTime:55.527s , currentRepackMaxTime:368.0450216606498s
Selecting boards with low utilization for repacking...
iter1		 Improve solution by repack 0.9722324643912926->0.9355536146197259 , unplacedBoxesSize:9
currentRepackCostTime:57.841s , currentRepackMaxTime:368.0450216606498s
iter5		 Improve solution by repack 0.9355536146197259->0.8636461972588013 , unplacedBoxesSize:6
currentRepackCostTime:57.864000000000004s , currentRepackMaxTime:368.0450216606498s
iter7		 Improve solution by repack 0.8636461972588013->0.859206530502553 , unplacedBoxesSize:6
currentRepackCostTime:57.892s , currentRepackMaxTime:368.0450216606498s
iter6		 Improve solution by repack 0.859206530502553->0.8536334318731523 , unplacedBoxesSize:5
currentRepackCostTime:57.924s , currentRepackMaxTime:368.0450216606498s
iter25		 Improve solution by repack 0.8536334318731523->0.8402069336199945 , unplacedBoxesSize:3
currentRepackCostTime:58.033s , currentRepackMaxTime:368.0450216606498s
iter15		 Improve solution by repack 0.8402069336199945->0.835219027143241 , unplacedBoxesSize:6
currentRepackCostTime:58.094s , currentRepackMaxTime:368.0450216606498s
iter47		 Improve solution by repack 0.835219027143241->0.8303500403117442 , unplacedBoxesSize:6
currentRepackCostTime:58.339s , currentRepackMaxTime:368.0450216606498s
iter4		 Improve solution by repack 0.8303500403117442->0.8256113947863477 , unplacedBoxesSize:6
currentRepackCostTime:58.361000000000004s , currentRepackMaxTime:368.0450216606498s
iter76		 Improve solution by repack 0.8256113947863477->0.8160037624294544 , unplacedBoxesSize:6
currentRepackCostTime:58.759s , currentRepackMaxTime:368.0450216606498s
iter62		 Improve solution by repack 0.8160037624294544->0.8103755710830421 , unplacedBoxesSize:6
currentRepackCostTime:59.076s , currentRepackMaxTime:368.0450216606498s
iter8		 Improve solution by repack 0.8103755710830421->0.8007679387261488 , unplacedBoxesSize:6
currentRepackCostTime:59.120000000000005s , currentRepackMaxTime:368.0450216606498s
iter25		 Improve solution by repack 0.8007679387261488->0.7857296425692017 , unplacedBoxesSize:5
currentRepackCostTime:59.267s , currentRepackMaxTime:368.0450216606498s
iter14		 Improve solution by repack 0.7857296425692017->0.7819739317387799 , unplacedBoxesSize:5
currentRepackCostTime:59.326s , currentRepackMaxTime:368.0450216606498s
Selecting boards with low utilization for repacking...
iter1		 Improve solution by repack 0.9575228433216877->0.9559701693093254 , unplacedBoxesSize:10
currentRepackCostTime:62.047000000000004s , currentRepackMaxTime:368.0450216606498s
iter4		 Improve solution by repack 0.9559701693093254->0.9249496103198065 , unplacedBoxesSize:6
currentRepackCostTime:62.082s , currentRepackMaxTime:368.0450216606498s
iter4		 Improve solution by repack 0.9249496103198065->0.8402069336199945 , unplacedBoxesSize:3
currentRepackCostTime:62.097s , currentRepackMaxTime:368.0450216606498s
iter3		 Improve solution by repack 0.8402069336199945->0.8393348562214459 , unplacedBoxesSize:4
currentRepackCostTime:62.109s , currentRepackMaxTime:368.0450216606498s
iter11		 Improve solution by repack 0.8393348562214459->0.8304004299919376 , unplacedBoxesSize:4
currentRepackCostTime:62.151s , currentRepackMaxTime:368.0450216606498s
iter15		 Improve solution by repack 0.8304004299919376->0.8248508465466273 , unplacedBoxesSize:6
currentRepackCostTime:62.223s , currentRepackMaxTime:368.0450216606498s
iter5		 Improve solution by repack 0.8248508465466273->0.8224113141628594 , unplacedBoxesSize:5
currentRepackCostTime:62.251000000000005s , currentRepackMaxTime:368.0450216606498s
iter30		 Improve solution by repack 0.8224113141628594->0.81506248320344 , unplacedBoxesSize:5
currentRepackCostTime:62.396s , currentRepackMaxTime:368.0450216606498s
iter30		 Improve solution by repack 0.81506248320344->0.7950120935232464 , unplacedBoxesSize:4
currentRepackCostTime:62.535000000000004s , currentRepackMaxTime:368.0450216606498s
iter13		 Improve solution by repack 0.7950120935232464->0.793899489384574 , unplacedBoxesSize:4
currentRepackCostTime:62.598s , currentRepackMaxTime:368.0450216606498s
iter8		 Improve solution by repack 0.793899489384574->0.7893543402311206 , unplacedBoxesSize:4
currentRepackCostTime:62.63s , currentRepackMaxTime:368.0450216606498s
iter12		 Improve solution by repack 0.7893543402311206->0.7859852862133836 , unplacedBoxesSize:4
currentRepackCostTime:62.686s , currentRepackMaxTime:368.0450216606498s
iter12		 Improve solution by repack 0.7859852862133836->0.7848098629400699 , unplacedBoxesSize:4
currentRepackCostTime:62.746s , currentRepackMaxTime:368.0450216606498s
iter25		 Improve solution by repack 0.7848098629400699->0.7786777747917226 , unplacedBoxesSize:4
currentRepackCostTime:62.864000000000004s , currentRepackMaxTime:368.0450216606498s
iter94		 Improve solution by repack 0.7786777747917226->0.7764787691480785 , unplacedBoxesSize:4
currentRepackCostTime:63.319s , currentRepackMaxTime:368.0450216606498s
Selecting boards with low utilization for repacking...
iter1		 Improve solution by repack 0.9348844396667563->0.7764787691480785 , unplacedBoxesSize:4
currentRepackCostTime:64.629s , currentRepackMaxTime:368.0450216606498s
Selecting boards with low utilization for repacking...
All low-utilization boards have been repacked once. Restarting repacking process...
Selecting boards with low utilization for repacking...
Selecting boards with low utilization for repacking...
iter8		 Improve solution by repack 0.9105697393173878->0.8787667965600645 , unplacedBoxesSize:7
currentRepackCostTime:68.471s , currentRepackMaxTime:368.0450216606498s
iter17		 Improve solution by repack 0.8787667965600645->0.8740281510346681 , unplacedBoxesSize:7
currentRepackCostTime:68.553s , currentRepackMaxTime:368.0450216606498s
iter1		 Improve solution by repack 0.8740281510346681->0.8715083310937919 , unplacedBoxesSize:5
currentRepackCostTime:68.558s , currentRepackMaxTime:368.0450216606498s
iter3		 Improve solution by repack 0.8715083310937919->0.8693093254501478 , unplacedBoxesSize:5
currentRepackCostTime:68.57000000000001s , currentRepackMaxTime:368.0450216606498s
iter22		 Improve solution by repack 0.8693093254501478->0.858590096748186 , unplacedBoxesSize:5
currentRepackCostTime:68.665s , currentRepackMaxTime:368.0450216606498s
iter2		 Improve solution by repack 0.858590096748186->0.8524187046492878 , unplacedBoxesSize:5
currentRepackCostTime:68.676s , currentRepackMaxTime:368.0450216606498s
iter3		 Improve solution by repack 0.8524187046492878->0.8438511152915882 , unplacedBoxesSize:5
currentRepackCostTime:68.687s , currentRepackMaxTime:368.0450216606498s
iter1		 Improve solution by repack 0.8438511152915882->0.8421916151572157 , unplacedBoxesSize:5
currentRepackCostTime:68.69200000000001s , currentRepackMaxTime:368.0450216606498s
iter5		 Improve solution by repack 0.8421916151572157->0.8348138941144853 , unplacedBoxesSize:5
currentRepackCostTime:68.718s , currentRepackMaxTime:368.0450216606498s
iter21		 Improve solution by repack 0.8348138941144853->0.8280294275732331 , unplacedBoxesSize:4
currentRepackCostTime:68.828s , currentRepackMaxTime:368.0450216606498s
iter9		 Improve solution by repack 0.8280294275732331->0.8246076323568933 , unplacedBoxesSize:4
currentRepackCostTime:68.872s , currentRepackMaxTime:368.0450216606498s
iter9		 Improve solution by repack 0.8246076323568933->0.8224086267132492 , unplacedBoxesSize:4
currentRepackCostTime:68.908s , currentRepackMaxTime:368.0450216606498s
iter7		 Improve solution by repack 0.8224086267132492->0.8217757323300188 , unplacedBoxesSize:4
currentRepackCostTime:68.941s , currentRepackMaxTime:368.0450216606498s
iter4		 Improve solution by repack 0.8217757323300188->0.8127196990056437 , unplacedBoxesSize:4
currentRepackCostTime:68.955s , currentRepackMaxTime:368.0450216606498s
iter32		 Improve solution by repack 0.8127196990056437->0.8071499596882558 , unplacedBoxesSize:2
currentRepackCostTime:69.093s , currentRepackMaxTime:368.0450216606498s
Selecting boards with low utilization for repacking...
iter2		 Improve solution by repack 0.9174556570814297->0.9141023918301532 , unplacedBoxesSize:7
currentRepackCostTime:70.491s , currentRepackMaxTime:368.0450216606498s
iter8		 Improve solution by repack 0.9141023918301532->0.8610790110185433 , unplacedBoxesSize:5
currentRepackCostTime:70.53s , currentRepackMaxTime:368.0450216606498s
iter52		 Improve solution by repack 0.8610790110185433->0.8567475141091104 , unplacedBoxesSize:5
currentRepackCostTime:70.77s , currentRepackMaxTime:368.0450216606498s
iter12		 Improve solution by repack 0.8567475141091104->0.8071499596882558 , unplacedBoxesSize:2
currentRepackCostTime:70.837s , currentRepackMaxTime:368.0450216606498s
iter67		 Improve solution by repack 0.8071499596882558->0.7757041117979038 , unplacedBoxesSize:4
currentRepackCostTime:71.069s , currentRepackMaxTime:368.0450216606498s
iter159		 Improve solution by repack 0.7757041117979038->0.7658539371136791 , unplacedBoxesSize:4
currentRepackCostTime:71.779s , currentRepackMaxTime:368.0450216606498s
iter42		 Improve solution by repack 0.7658539371136791->0.7642851384036549 , unplacedBoxesSize:4
currentRepackCostTime:71.991s , currentRepackMaxTime:368.0450216606498s
iter31		 Improve solution by repack 0.7642851384036549->0.7622803009943563 , unplacedBoxesSize:4
currentRepackCostTime:72.134s , currentRepackMaxTime:368.0450216606498s
iter110		 Improve solution by repack 0.7622803009943563->0.752672668637463 , unplacedBoxesSize:4
currentRepackCostTime:72.628s , currentRepackMaxTime:368.0450216606498s
Selecting boards with low utilization for repacking...
iter2		 Improve solution by repack 0.9174556570814297->0.8999274388605213 , unplacedBoxesSize:3
currentRepackCostTime:74.241s , currentRepackMaxTime:368.0450216606498s
iter13		 Improve solution by repack 0.8999274388605213->0.752672668637463 , unplacedBoxesSize:4
currentRepackCostTime:74.284s , currentRepackMaxTime:368.0450216606498s
Selecting boards with low utilization for repacking...
iter10		 Improve solution by repack 0.918336468691212->0.9022252082773448 , unplacedBoxesSize:3
currentRepackCostTime:76.801s , currentRepackMaxTime:368.0450216606498s
iter11		 Improve solution by repack 0.9022252082773448->0.8999274388605213 , unplacedBoxesSize:3
currentRepackCostTime:76.84700000000001s , currentRepackMaxTime:368.0450216606498s
iter20		 Improve solution by repack 0.8999274388605213->0.752672668637463 , unplacedBoxesSize:4
currentRepackCostTime:76.924s , currentRepackMaxTime:368.0450216606498s
Selecting boards with low utilization for repacking...
iter7		 Improve solution by repack 0.9197534264982531->0.8999274388605213 , unplacedBoxesSize:3
currentRepackCostTime:79.298s , currentRepackMaxTime:368.0450216606498s
iter16		 Improve solution by repack 0.8999274388605213->0.752672668637463 , unplacedBoxesSize:4
currentRepackCostTime:79.35600000000001s , currentRepackMaxTime:368.0450216606498s
Selecting boards with low utilization for repacking...
iter7		 Improve solution by repack 0.8999274388605213->0.752672668637463 , unplacedBoxesSize:4
currentRepackCostTime:81.818s , currentRepackMaxTime:368.0450216606498s
Selecting boards with low utilization for repacking...
iter1		 Improve solution by repack 0.9197534264982531->0.8999274388605213 , unplacedBoxesSize:3
currentRepackCostTime:84.331s , currentRepackMaxTime:368.0450216606498s
iter16		 Improve solution by repack 0.8999274388605213->0.7995666487503359 , unplacedBoxesSize:5
currentRepackCostTime:84.386s , currentRepackMaxTime:368.0450216606498s
iter70		 Improve solution by repack 0.7995666487503359->0.752672668637463 , unplacedBoxesSize:4
currentRepackCostTime:84.72800000000001s , currentRepackMaxTime:368.0450216606498s
Selecting boards with low utilization for repacking...
iter11		 Improve solution by repack 0.8999274388605213->0.752672668637463 , unplacedBoxesSize:4
currentRepackCostTime:86.935s , currentRepackMaxTime:368.0450216606498s
Selecting boards with low utilization for repacking...
iter6		 Improve solution by repack 0.8999274388605213->0.7678043536683687 , unplacedBoxesSize:4
currentRepackCostTime:89.446s , currentRepackMaxTime:368.0450216606498s
iter195		 Improve solution by repack 0.7678043536683687->0.7595565708142973 , unplacedBoxesSize:4
currentRepackCostTime:90.364s , currentRepackMaxTime:368.0450216606498s
iter10		 Improve solution by repack 0.7595565708142973->0.7584587476484815 , unplacedBoxesSize:4
currentRepackCostTime:90.412s , currentRepackMaxTime:368.0450216606498s
iter10		 Improve solution by repack 0.7584587476484815->0.7552674012362268 , unplacedBoxesSize:4
currentRepackCostTime:90.465s , currentRepackMaxTime:368.0450216606498s
iter133		 Improve solution by repack 0.7552674012362268->0.7507417360924483 , unplacedBoxesSize:4
currentRepackCostTime:91.055s , currentRepackMaxTime:368.0450216606498s
Selecting boards with low utilization for repacking...
iter13		 Improve solution by repack 0.8999274388605213->0.7507417360924483 , unplacedBoxesSize:4
currentRepackCostTime:93.249s , currentRepackMaxTime:368.0450216606498s
Selecting boards with low utilization for repacking...
iter1		 Improve solution by repack 0.9289243482934695->0.8397420048374094 , unplacedBoxesSize:7
currentRepackCostTime:95.73700000000001s , currentRepackMaxTime:368.0450216606498s
iter3		 Improve solution by repack 0.8397420048374094->0.7820055092717012 , unplacedBoxesSize:4
currentRepackCostTime:95.755s , currentRepackMaxTime:368.0450216606498s
Selecting boards with low utilization for repacking...
iter1		 Improve solution by repack 0.930403117441548->0.8909426229508197 , unplacedBoxesSize:8
currentRepackCostTime:98.316s , currentRepackMaxTime:368.0450216606498s
iter5		 Improve solution by repack 0.8909426229508197->0.8901857699543134 , unplacedBoxesSize:9
currentRepackCostTime:98.349s , currentRepackMaxTime:368.0450216606498s
iter4		 Improve solution by repack 0.8901857699543134->0.8543815506584251 , unplacedBoxesSize:6
currentRepackCostTime:98.375s , currentRepackMaxTime:368.0450216606498s
iter30		 Improve solution by repack 0.8543815506584251->0.8489814565976888 , unplacedBoxesSize:5
currentRepackCostTime:98.529s , currentRepackMaxTime:368.0450216606498s
iter22		 Improve solution by repack 0.8489814565976888->0.8208324375167966 , unplacedBoxesSize:4
currentRepackCostTime:98.634s , currentRepackMaxTime:368.0450216606498s
iter31		 Improve solution by repack 0.8208324375167966->0.8097729105079279 , unplacedBoxesSize:4
currentRepackCostTime:98.764s , currentRepackMaxTime:368.0450216606498s
Selecting boards with low utilization for repacking...
iter3		 Improve solution by repack 0.9346828809459823->0.926113276001075 , unplacedBoxesSize:7
currentRepackCostTime:100.868s , currentRepackMaxTime:368.0450216606498s
iter1		 Improve solution by repack 0.926113276001075->0.9182403923676431 , unplacedBoxesSize:7
currentRepackCostTime:100.872s , currentRepackMaxTime:368.0450216606498s
iter5		 Improve solution by repack 0.9182403923676431->0.8623138941144853 , unplacedBoxesSize:5
currentRepackCostTime:100.896s , currentRepackMaxTime:368.0450216606498s
iter1		 Improve solution by repack 0.8623138941144853->0.8517582639075517 , unplacedBoxesSize:5
currentRepackCostTime:100.9s , currentRepackMaxTime:368.0450216606498s
iter31		 Improve solution by repack 0.8517582639075517->0.8435104810534803 , unplacedBoxesSize:5
currentRepackCostTime:101.055s , currentRepackMaxTime:368.0450216606498s
iter53		 Improve solution by repack 0.8435104810534803->0.8262039774254232 , unplacedBoxesSize:4
currentRepackCostTime:101.294s , currentRepackMaxTime:368.0450216606498s
iter6		 Improve solution by repack 0.8262039774254232->0.8207094866971244 , unplacedBoxesSize:4
currentRepackCostTime:101.322s , currentRepackMaxTime:368.0450216606498s
iter60		 Improve solution by repack 0.8207094866971244->0.8005475678581027 , unplacedBoxesSize:4
currentRepackCostTime:101.587s , currentRepackMaxTime:368.0450216606498s
iter1		 Improve solution by repack 0.8005475678581027->0.7909399355012093 , unplacedBoxesSize:4
currentRepackCostTime:101.59100000000001s , currentRepackMaxTime:368.0450216606498s
iter57		 Improve solution by repack 0.7909399355012093->0.7851478097285677 , unplacedBoxesSize:4
currentRepackCostTime:101.83200000000001s , currentRepackMaxTime:368.0450216606498s
Selecting boards with low utilization for repacking...
iter1		 Improve solution by repack 0.9436542596076324->0.9207954850846547 , unplacedBoxesSize:7
currentRepackCostTime:103.31s , currentRepackMaxTime:368.0450216606498s
iter2		 Improve solution by repack 0.9207954850846547->0.8174556570814298 , unplacedBoxesSize:4
currentRepackCostTime:103.322s , currentRepackMaxTime:368.0450216606498s
iter22		 Improve solution by repack 0.8174556570814298->0.8169181671593657 , unplacedBoxesSize:4
currentRepackCostTime:103.429s , currentRepackMaxTime:368.0450216606498s
iter24		 Improve solution by repack 0.8169181671593657->0.811231523783929 , unplacedBoxesSize:4
currentRepackCostTime:103.535s , currentRepackMaxTime:368.0450216606498s
iter2		 Improve solution by repack 0.811231523783929->0.8081906745498523 , unplacedBoxesSize:4
currentRepackCostTime:103.544s , currentRepackMaxTime:368.0450216606498s
iter46		 Improve solution by repack 0.8081906745498523->0.8071499596882558 , unplacedBoxesSize:2
currentRepackCostTime:103.744s , currentRepackMaxTime:368.0450216606498s
iter130		 Improve solution by repack 0.8071499596882558->0.8057585326525127 , unplacedBoxesSize:4
currentRepackCostTime:104.191s , currentRepackMaxTime:368.0450216606498s
iter74		 Improve solution by repack 0.8057585326525127->0.8038591776404193 , unplacedBoxesSize:4
currentRepackCostTime:104.523s , currentRepackMaxTime:368.0450216606498s
iter26		 Improve solution by repack 0.8038591776404193->0.7946412254770223 , unplacedBoxesSize:4
currentRepackCostTime:104.641s , currentRepackMaxTime:368.0450216606498s
iter8		 Improve solution by repack 0.7946412254770223->0.794008331093792 , unplacedBoxesSize:4
currentRepackCostTime:104.679s , currentRepackMaxTime:368.0450216606498s
iter28		 Improve solution by repack 0.794008331093792->0.7936542596076324 , unplacedBoxesSize:5
currentRepackCostTime:104.808s , currentRepackMaxTime:368.0450216606498s
iter7		 Improve solution by repack 0.7936542596076324->0.7935292932007525 , unplacedBoxesSize:4
currentRepackCostTime:104.837s , currentRepackMaxTime:368.0450216606498s
iter59		 Improve solution by repack 0.7935292932007525->0.79006248320344 , unplacedBoxesSize:4
currentRepackCostTime:105.077s , currentRepackMaxTime:368.0450216606498s
iter30		 Improve solution by repack 0.79006248320344->0.7871553345874766 , unplacedBoxesSize:4
currentRepackCostTime:105.212s , currentRepackMaxTime:368.0450216606498s
iter50		 Improve solution by repack 0.7871553345874766->0.7820055092717012 , unplacedBoxesSize:4
currentRepackCostTime:105.437s , currentRepackMaxTime:368.0450216606498s
iter110		 Improve solution by repack 0.7820055092717012->0.7642851384036549 , unplacedBoxesSize:4
currentRepackCostTime:105.937s , currentRepackMaxTime:368.0450216606498s
iter12		 Improve solution by repack 0.7642851384036549->0.7622803009943563 , unplacedBoxesSize:4
currentRepackCostTime:105.995s , currentRepackMaxTime:368.0450216606498s
iter86		 Improve solution by repack 0.7622803009943563->0.7574113141628595 , unplacedBoxesSize:4
currentRepackCostTime:106.363s , currentRepackMaxTime:368.0450216606498s
iter20		 Improve solution by repack 0.7574113141628595->0.752672668637463 , unplacedBoxesSize:4
currentRepackCostTime:106.462s , currentRepackMaxTime:368.0450216606498s
Selecting boards with low utilization for repacking...
iter3		 Improve solution by repack 0.9496492878258533->0.8055257323300188 , unplacedBoxesSize:4
currentRepackCostTime:108.137s , currentRepackMaxTime:368.0450216606498s
iter7		 Improve solution by repack 0.8055257323300188->0.8021620532115022 , unplacedBoxesSize:5
currentRepackCostTime:108.166s , currentRepackMaxTime:368.0450216606498s
iter11		 Improve solution by repack 0.8021620532115022->0.7925544208546089 , unplacedBoxesSize:5
currentRepackCostTime:108.211s , currentRepackMaxTime:368.0450216606498s
iter196		 Improve solution by repack 0.7925544208546089->0.7865224402042461 , unplacedBoxesSize:2
currentRepackCostTime:109.111s , currentRepackMaxTime:368.0450216606498s
Selecting boards with low utilization for repacking...
iter1		 Improve solution by repack 0.9419504165546896->0.9380569739317388 , unplacedBoxesSize:6
currentRepackCostTime:110.272s , currentRepackMaxTime:368.0450216606498s
iter1		 Improve solution by repack 0.9380569739317388->0.9211865090029563 , unplacedBoxesSize:7
currentRepackCostTime:110.278s , currentRepackMaxTime:368.0450216606498s
iter7		 Improve solution by repack 0.9211865090029563->0.909513571620532 , unplacedBoxesSize:5
currentRepackCostTime:110.31400000000001s , currentRepackMaxTime:368.0450216606498s
iter2		 Improve solution by repack 0.909513571620532->0.9074758129535071 , unplacedBoxesSize:5
currentRepackCostTime:110.32300000000001s , currentRepackMaxTime:368.0450216606498s
iter6		 Improve solution by repack 0.9074758129535071->0.9006201289975813 , unplacedBoxesSize:6
currentRepackCostTime:110.354s , currentRepackMaxTime:368.0450216606498s
iter5		 Improve solution by repack 0.9006201289975813->0.891142166084386 , unplacedBoxesSize:5
currentRepackCostTime:110.379s , currentRepackMaxTime:368.0450216606498s
iter16		 Improve solution by repack 0.891142166084386->0.8034070142434828 , unplacedBoxesSize:4
currentRepackCostTime:110.452s , currentRepackMaxTime:368.0450216606498s
iter4		 Improve solution by repack 0.8034070142434828->0.7982450954044612 , unplacedBoxesSize:4
currentRepackCostTime:110.46900000000001s , currentRepackMaxTime:368.0450216606498s
iter15		 Improve solution by repack 0.7982450954044612->0.7955280838484278 , unplacedBoxesSize:4
currentRepackCostTime:110.534s , currentRepackMaxTime:368.0450216606498s
iter49		 Improve solution by repack 0.7955280838484278->0.7942851384036549 , unplacedBoxesSize:4
currentRepackCostTime:110.773s , currentRepackMaxTime:368.0450216606498s
iter37		 Improve solution by repack 0.7942851384036549->0.7863753023380811 , unplacedBoxesSize:4
currentRepackCostTime:110.94500000000001s , currentRepackMaxTime:368.0450216606498s
Selecting boards with low utilization for repacking...
iter2		 Improve solution by repack 0.9524348293469498->0.8829071486159635 , unplacedBoxesSize:5
currentRepackCostTime:112.783s , currentRepackMaxTime:368.0450216606498s
iter3		 Improve solution by repack 0.8829071486159635->0.8788880677237303 , unplacedBoxesSize:6
currentRepackCostTime:112.804s , currentRepackMaxTime:368.0450216606498s
iter13		 Improve solution by repack 0.8788880677237303->0.8540439398011287 , unplacedBoxesSize:3
currentRepackCostTime:112.875s , currentRepackMaxTime:368.0450216606498s
Selecting boards with low utilization for repacking...
iter1		 Improve solution by repack 0.9544127922601451->0.9203621338349905 , unplacedBoxesSize:6
currentRepackCostTime:115.007s , currentRepackMaxTime:368.0450216606498s
iter5		 Improve solution by repack 0.9203621338349905->0.9191044074173609 , unplacedBoxesSize:6
currentRepackCostTime:115.026s , currentRepackMaxTime:368.0450216606498s
iter10		 Improve solution by repack 0.9191044074173609->0.9189209889814566 , unplacedBoxesSize:6
currentRepackCostTime:115.078s , currentRepackMaxTime:368.0450216606498s
iter5		 Improve solution by repack 0.9189209889814566->0.883454716474066 , unplacedBoxesSize:3
currentRepackCostTime:115.101s , currentRepackMaxTime:368.0450216606498s
iter41		 Improve solution by repack 0.883454716474066->0.8740741736092448 , unplacedBoxesSize:3
currentRepackCostTime:115.25s , currentRepackMaxTime:368.0450216606498s
iter234		 Improve solution by repack 0.8740741736092448->0.8736243617307176 , unplacedBoxesSize:4
currentRepackCostTime:116.145s , currentRepackMaxTime:368.0450216606498s
Selecting boards with low utilization for repacking...
iter2		 Improve solution by repack 0.9655250067186241->0.9377123085192153 , unplacedBoxesSize:9
currentRepackCostTime:118.598s , currentRepackMaxTime:368.0450216606498s
iter5		 Improve solution by repack 0.9377123085192153->0.909731255038968 , unplacedBoxesSize:8
currentRepackCostTime:118.629s , currentRepackMaxTime:368.0450216606498s
iter4		 Improve solution by repack 0.909731255038968->0.8942072023649557 , unplacedBoxesSize:6
currentRepackCostTime:118.649s , currentRepackMaxTime:368.0450216606498s
iter4		 Improve solution by repack 0.8942072023649557->0.8891689062080086 , unplacedBoxesSize:5
currentRepackCostTime:118.674s , currentRepackMaxTime:368.0450216606498s
iter11		 Improve solution by repack 0.8891689062080086->0.8783391561408224 , unplacedBoxesSize:5
currentRepackCostTime:118.733s , currentRepackMaxTime:368.0450216606498s
iter5		 Improve solution by repack 0.8783391561408224->0.8540486428379469 , unplacedBoxesSize:3
currentRepackCostTime:118.756s , currentRepackMaxTime:368.0450216606498s
iter52		 Improve solution by repack 0.8540486428379469->0.8356181134103735 , unplacedBoxesSize:4
currentRepackCostTime:118.976s , currentRepackMaxTime:368.0450216606498s
iter34		 Improve solution by repack 0.8356181134103735->0.8308794678849771 , unplacedBoxesSize:4
currentRepackCostTime:119.11500000000001s , currentRepackMaxTime:368.0450216606498s
iter4		 Improve solution by repack 0.8308794678849771->0.8164807847352862 , unplacedBoxesSize:4
currentRepackCostTime:119.137s , currentRepackMaxTime:368.0450216606498s
iter28		 Improve solution by repack 0.8164807847352862->0.8116994759473259 , unplacedBoxesSize:5
currentRepackCostTime:119.264s , currentRepackMaxTime:368.0450216606498s
iter1		 Improve solution by repack 0.8116994759473259->0.7995666487503359 , unplacedBoxesSize:5
currentRepackCostTime:119.269s , currentRepackMaxTime:368.0450216606498s
iter22		 Improve solution by repack 0.7995666487503359->0.7865224402042461 , unplacedBoxesSize:2
currentRepackCostTime:119.38s , currentRepackMaxTime:368.0450216606498s
iter71		 Improve solution by repack 0.7865224402042461->0.7829467884977156 , unplacedBoxesSize:5
currentRepackCostTime:119.622s , currentRepackMaxTime:368.0450216606498s
iter110		 Improve solution by repack 0.7829467884977156->0.7816675624832035 , unplacedBoxesSize:4
currentRepackCostTime:120.135s , currentRepackMaxTime:368.0450216606498s
iter86		 Improve solution by repack 0.7816675624832035->0.7738430529427573 , unplacedBoxesSize:5
currentRepackCostTime:120.51s , currentRepackMaxTime:368.0450216606498s
iter30		 Improve solution by repack 0.7738430529427573->0.7699785004031174 , unplacedBoxesSize:4
currentRepackCostTime:120.647s , currentRepackMaxTime:368.0450216606498s
iter2		 Improve solution by repack 0.7699785004031174->0.768470841171728 , unplacedBoxesSize:4
currentRepackCostTime:120.657s , currentRepackMaxTime:368.0450216606498s
iter2		 Improve solution by repack 0.768470841171728->0.7642360924482666 , unplacedBoxesSize:4
currentRepackCostTime:120.667s , currentRepackMaxTime:368.0450216606498s
iter16		 Improve solution by repack 0.7642360924482666->0.7627532921257727 , unplacedBoxesSize:4
currentRepackCostTime:120.73700000000001s , currentRepackMaxTime:368.0450216606498s
iter27		 Improve solution by repack 0.7627532921257727->0.7425309056705187 , unplacedBoxesSize:5
currentRepackCostTime:120.85300000000001s , currentRepackMaxTime:368.0450216606498s
iter149		 Improve solution by repack 0.7425309056705187->0.7400987637731793 , unplacedBoxesSize:5
currentRepackCostTime:121.592s , currentRepackMaxTime:368.0450216606498s
iter78		 Improve solution by repack 0.7400987637731793->0.7387254770223058 , unplacedBoxesSize:5
currentRepackCostTime:121.98s , currentRepackMaxTime:368.0450216606498s
iter2		 Improve solution by repack 0.7387254770223058->0.7355858640150497 , unplacedBoxesSize:4
currentRepackCostTime:121.988s , currentRepackMaxTime:368.0450216606498s
iter7		 Improve solution by repack 0.7355858640150497->0.7238934426229509 , unplacedBoxesSize:4
currentRepackCostTime:122.021s , currentRepackMaxTime:368.0450216606498s
Selecting boards with low utilization for repacking...
iter3		 Improve solution by repack 0.9674428916957808->0.9560138403654931 , unplacedBoxesSize:8
currentRepackCostTime:123.613s , currentRepackMaxTime:368.0450216606498s
iter16		 Improve solution by repack 0.9560138403654931->0.8374583445310401 , unplacedBoxesSize:8
currentRepackCostTime:123.705s , currentRepackMaxTime:368.0450216606498s
iter24		 Improve solution by repack 0.8374583445310401->0.8179689599570008 , unplacedBoxesSize:4
currentRepackCostTime:123.84s , currentRepackMaxTime:368.0450216606498s
iter6		 Improve solution by repack 0.8179689599570008->0.8173360655737705 , unplacedBoxesSize:4
currentRepackCostTime:123.863s , currentRepackMaxTime:368.0450216606498s
iter117		 Improve solution by repack 0.8173360655737705->0.8122110991668907 , unplacedBoxesSize:5
currentRepackCostTime:124.36800000000001s , currentRepackMaxTime:368.0450216606498s
iter16		 Improve solution by repack 0.8122110991668907->0.7972923945176028 , unplacedBoxesSize:5
currentRepackCostTime:124.444s , currentRepackMaxTime:368.0450216606498s
iter12		 Improve solution by repack 0.7972923945176028->0.7907618919645257 , unplacedBoxesSize:5
currentRepackCostTime:124.501s , currentRepackMaxTime:368.0450216606498s
iter62		 Improve solution by repack 0.7907618919645257->0.7865224402042461 , unplacedBoxesSize:2
currentRepackCostTime:124.777s , currentRepackMaxTime:368.0450216606498s
iter63		 Improve solution by repack 0.7865224402042461->0.7644793066380005 , unplacedBoxesSize:4
currentRepackCostTime:125.0s , currentRepackMaxTime:368.0450216606498s
iter21		 Improve solution by repack 0.7644793066380005->0.7553755710830422 , unplacedBoxesSize:4
currentRepackCostTime:125.093s , currentRepackMaxTime:368.0450216606498s
iter10		 Improve solution by repack 0.7553755710830422->0.753176565439398 , unplacedBoxesSize:4
currentRepackCostTime:125.136s , currentRepackMaxTime:368.0450216606498s
iter22		 Improve solution by repack 0.753176565439398->0.7507444235420586 , unplacedBoxesSize:4
currentRepackCostTime:125.236s , currentRepackMaxTime:368.0450216606498s
Selecting boards with low utilization for repacking...
iter1		 Improve solution by repack 0.9565558989518946->0.9408955925826391 , unplacedBoxesSize:8
currentRepackCostTime:127.21000000000001s , currentRepackMaxTime:368.0450216606498s
iter16		 Improve solution by repack 0.9408955925826391->0.8374805159903252 , unplacedBoxesSize:6
currentRepackCostTime:127.312s , currentRepackMaxTime:368.0450216606498s
iter4		 Improve solution by repack 0.8374805159903252->0.8322923945176028 , unplacedBoxesSize:5
currentRepackCostTime:127.33500000000001s , currentRepackMaxTime:368.0450216606498s
iter5		 Improve solution by repack 0.8322923945176028->0.8322588013974739 , unplacedBoxesSize:5
currentRepackCostTime:127.357s , currentRepackMaxTime:368.0450216606498s
iter39		 Improve solution by repack 0.8322588013974739->0.8060252620263371 , unplacedBoxesSize:4
currentRepackCostTime:127.541s , currentRepackMaxTime:368.0450216606498s
iter82		 Improve solution by repack 0.8060252620263371->0.8035884170921794 , unplacedBoxesSize:4
currentRepackCostTime:127.888s , currentRepackMaxTime:368.0450216606498s
iter47		 Improve solution by repack 0.8035884170921794->0.7988497715667832 , unplacedBoxesSize:4
currentRepackCostTime:128.079s , currentRepackMaxTime:368.0450216606498s
iter22		 Improve solution by repack 0.7988497715667832->0.7959029830690675 , unplacedBoxesSize:2
currentRepackCostTime:128.185s , currentRepackMaxTime:368.0450216606498s
iter7		 Improve solution by repack 0.7959029830690675->0.7927207067992474 , unplacedBoxesSize:4
currentRepackCostTime:128.208s , currentRepackMaxTime:368.0450216606498s
iter12		 Improve solution by repack 0.7927207067992474->0.7865224402042461 , unplacedBoxesSize:2
currentRepackCostTime:128.264s , currentRepackMaxTime:368.0450216606498s
Selecting boards with low utilization for repacking...
iter1		 Improve solution by repack 0.9749160171996776->0.9533042192958883 , unplacedBoxesSize:9
currentRepackCostTime:129.375s , currentRepackMaxTime:368.0450216606498s
iter1		 Improve solution by repack 0.9533042192958883->0.8839438323031443 , unplacedBoxesSize:3
currentRepackCostTime:129.377s , currentRepackMaxTime:368.0450216606498s
iter8		 Improve solution by repack 0.8839438323031443->0.8740741736092448 , unplacedBoxesSize:3
currentRepackCostTime:129.40800000000002s , currentRepackMaxTime:368.0450216606498s
iter10		 Improve solution by repack 0.8740741736092448->0.7889801128728837 , unplacedBoxesSize:4
currentRepackCostTime:129.446s , currentRepackMaxTime:368.0450216606498s
iter15		 Improve solution by repack 0.7889801128728837->0.7800456866433755 , unplacedBoxesSize:4
currentRepackCostTime:129.51s , currentRepackMaxTime:368.0450216606498s
iter197		 Improve solution by repack 0.7800456866433755->0.7714780972856758 , unplacedBoxesSize:4
currentRepackCostTime:130.38400000000001s , currentRepackMaxTime:368.0450216606498s
Selecting boards with low utilization for repacking...
iter1		 Improve solution by repack 0.9799106423004569->0.9741326256382693 , unplacedBoxesSize:8
currentRepackCostTime:131.837s , currentRepackMaxTime:368.0450216606498s
iter1		 Improve solution by repack 0.9741326256382693->0.8213773179252889 , unplacedBoxesSize:5
currentRepackCostTime:131.842s , currentRepackMaxTime:368.0450216606498s
iter7		 Improve solution by repack 0.8213773179252889->0.8152418704649288 , unplacedBoxesSize:5
currentRepackCostTime:131.87800000000001s , currentRepackMaxTime:368.0450216606498s
iter15		 Improve solution by repack 0.8152418704649288->0.8121748185971512 , unplacedBoxesSize:5
currentRepackCostTime:131.952s , currentRepackMaxTime:368.0450216606498s
iter5		 Improve solution by repack 0.8121748185971512->0.8004823972050524 , unplacedBoxesSize:5
currentRepackCostTime:131.978s , currentRepackMaxTime:368.0450216606498s
iter11		 Improve solution by repack 0.8004823972050524->0.7999032518140284 , unplacedBoxesSize:4
currentRepackCostTime:132.034s , currentRepackMaxTime:368.0450216606498s
iter253		 Improve solution by repack 0.7999032518140284->0.7993046224133298 , unplacedBoxesSize:5
currentRepackCostTime:133.174s , currentRepackMaxTime:368.0450216606498s
iter7		 Improve solution by repack 0.7993046224133298->0.7968724805159904 , unplacedBoxesSize:5
currentRepackCostTime:133.203s , currentRepackMaxTime:368.0450216606498s
iter8		 Improve solution by repack 0.7968724805159904->0.7896969900564365 , unplacedBoxesSize:5
currentRepackCostTime:133.242s , currentRepackMaxTime:368.0450216606498s
iter100		 Improve solution by repack 0.7896969900564365->0.7780220370868046 , unplacedBoxesSize:4
currentRepackCostTime:133.724s , currentRepackMaxTime:368.0450216606498s
iter103		 Improve solution by repack 0.7780220370868046->0.7736905401773716 , unplacedBoxesSize:4
currentRepackCostTime:134.199s , currentRepackMaxTime:368.0450216606498s
Selecting boards with low utilization for repacking...
iter2		 Improve solution by repack 0.9875537489922064->0.9818120128997581 , unplacedBoxesSize:7
currentRepackCostTime:135.727s , currentRepackMaxTime:368.0450216606498s
iter2		 Improve solution by repack 0.9818120128997581->0.9817871539908627 , unplacedBoxesSize:6
currentRepackCostTime:135.737s , currentRepackMaxTime:368.0450216606498s
iter1		 Improve solution by repack 0.9817871539908627->0.9752257457672668 , unplacedBoxesSize:6
currentRepackCostTime:135.741s , currentRepackMaxTime:368.0450216606498s
iter3		 Improve solution by repack 0.9752257457672668->0.9727936038699274 , unplacedBoxesSize:6
currentRepackCostTime:135.761s , currentRepackMaxTime:368.0450216606498s
iter3		 Improve solution by repack 0.9727936038699274->0.9712362268207471 , unplacedBoxesSize:6
currentRepackCostTime:135.776s , currentRepackMaxTime:368.0450216606498s
iter1		 Improve solution by repack 0.9712362268207471->0.8687080085998387 , unplacedBoxesSize:3
currentRepackCostTime:135.779s , currentRepackMaxTime:368.0450216606498s
iter81		 Improve solution by repack 0.8687080085998387->0.8527344799785004 , unplacedBoxesSize:4
currentRepackCostTime:136.082s , currentRepackMaxTime:368.0450216606498s
iter2		 Improve solution by repack 0.8527344799785004->0.8289565976887934 , unplacedBoxesSize:4
currentRepackCostTime:136.093s , currentRepackMaxTime:368.0450216606498s
iter18		 Improve solution by repack 0.8289565976887934->0.8280912389142704 , unplacedBoxesSize:5
currentRepackCostTime:136.184s , currentRepackMaxTime:368.0450216606498s
iter1		 Improve solution by repack 0.8280912389142704->0.8219591507659231 , unplacedBoxesSize:5
currentRepackCostTime:136.187s , currentRepackMaxTime:368.0450216606498s
iter50		 Improve solution by repack 0.8219591507659231->0.816100510615426 , unplacedBoxesSize:4
currentRepackCostTime:136.415s , currentRepackMaxTime:368.0450216606498s
iter33		 Improve solution by repack 0.816100510615426->0.8071499596882558 , unplacedBoxesSize:2
currentRepackCostTime:136.555s , currentRepackMaxTime:368.0450216606498s
Selecting boards with low utilization for repacking...
All low-utilization boards have been repacked once. Restarting repacking process...
Selecting boards with low utilization for repacking...
Selecting boards with low utilization for repacking...
iter3		 Improve solution by repack 0.8999274388605213->0.8812174146734749 , unplacedBoxesSize:5
currentRepackCostTime:138.699s , currentRepackMaxTime:368.0450216606498s
iter5		 Improve solution by repack 0.8812174146734749->0.8756120666487504 , unplacedBoxesSize:6
currentRepackCostTime:138.721s , currentRepackMaxTime:368.0450216606498s
iter5		 Improve solution by repack 0.8756120666487504->0.840764579414136 , unplacedBoxesSize:5
currentRepackCostTime:138.747s , currentRepackMaxTime:368.0450216606498s
iter25		 Improve solution by repack 0.840764579414136->0.8319040580489115 , unplacedBoxesSize:5
currentRepackCostTime:138.872s , currentRepackMaxTime:368.0450216606498s
iter22		 Improve solution by repack 0.8319040580489115->0.824217952163397 , unplacedBoxesSize:4
currentRepackCostTime:138.984s , currentRepackMaxTime:368.0450216606498s
iter3		 Improve solution by repack 0.824217952163397->0.8071499596882558 , unplacedBoxesSize:2
currentRepackCostTime:138.995s , currentRepackMaxTime:368.0450216606498s
Selecting boards with low utilization for repacking...
iter14		 Improve solution by repack 0.8999274388605213->0.8071499596882558 , unplacedBoxesSize:2
currentRepackCostTime:140.686s , currentRepackMaxTime:368.0450216606498s
Selecting boards with low utilization for repacking...
iter1		 Improve solution by repack 0.9264888470841172->0.9010783391561408 , unplacedBoxesSize:6
currentRepackCostTime:142.52s , currentRepackMaxTime:368.0450216606498s
iter3		 Improve solution by repack 0.9010783391561408->0.8510138403654931 , unplacedBoxesSize:4
currentRepackCostTime:142.53300000000002s , currentRepackMaxTime:368.0450216606498s
iter75		 Improve solution by repack 0.8510138403654931->0.8384889814565977 , unplacedBoxesSize:5
currentRepackCostTime:142.862s , currentRepackMaxTime:368.0450216606498s
iter17		 Improve solution by repack 0.8384889814565977->0.8336394786347755 , unplacedBoxesSize:4
currentRepackCostTime:142.947s , currentRepackMaxTime:368.0450216606498s
iter4		 Improve solution by repack 0.8336394786347755->0.8277774791722655 , unplacedBoxesSize:2
currentRepackCostTime:142.964s , currentRepackMaxTime:368.0450216606498s
iter146		 Improve solution by repack 0.8277774791722655->0.8071499596882558 , unplacedBoxesSize:2
currentRepackCostTime:143.453s , currentRepackMaxTime:368.0450216606498s
Selecting boards with low utilization for repacking...
iter8		 Improve solution by repack 0.8999274388605213->0.8071499596882558 , unplacedBoxesSize:2
currentRepackCostTime:144.53s , currentRepackMaxTime:368.0450216606498s
Selecting boards with low utilization for repacking...
iter13		 Improve solution by repack 0.8999274388605213->0.866919510884171 , unplacedBoxesSize:6
currentRepackCostTime:146.462s , currentRepackMaxTime:368.0450216606498s
iter1		 Improve solution by repack 0.866919510884171->0.8071499596882558 , unplacedBoxesSize:2
currentRepackCostTime:146.465s , currentRepackMaxTime:368.0450216606498s
Selecting boards with low utilization for repacking...
iter2		 Improve solution by repack 0.9318906208008599->0.9071466003762428 , unplacedBoxesSize:7
currentRepackCostTime:148.31300000000002s , currentRepackMaxTime:368.0450216606498s
iter1		 Improve solution by repack 0.9071466003762428->0.8852196990056437 , unplacedBoxesSize:8
currentRepackCostTime:148.31900000000002s , currentRepackMaxTime:368.0450216606498s
iter5		 Improve solution by repack 0.8852196990056437->0.8831174415479709 , unplacedBoxesSize:8
currentRepackCostTime:148.352s , currentRepackMaxTime:368.0450216606498s
iter13		 Improve solution by repack 0.8831174415479709->0.8784977156678313 , unplacedBoxesSize:5
currentRepackCostTime:148.412s , currentRepackMaxTime:368.0450216606498s
iter5		 Improve solution by repack 0.8784977156678313->0.8749428916957808 , unplacedBoxesSize:5
currentRepackCostTime:148.43200000000002s , currentRepackMaxTime:368.0450216606498s
iter3		 Improve solution by repack 0.8749428916957808->0.8735292932007526 , unplacedBoxesSize:6
currentRepackCostTime:148.443s , currentRepackMaxTime:368.0450216606498s
iter22		 Improve solution by repack 0.8735292932007526->0.8645948669712443 , unplacedBoxesSize:6
currentRepackCostTime:148.566s , currentRepackMaxTime:368.0450216606498s
iter31		 Improve solution by repack 0.8645948669712443->0.8624610319806503 , unplacedBoxesSize:5
currentRepackCostTime:148.745s , currentRepackMaxTime:368.0450216606498s
iter107		 Improve solution by repack 0.8624610319806503->0.8608633431873152 , unplacedBoxesSize:5
currentRepackCostTime:149.24s , currentRepackMaxTime:368.0450216606498s
iter2		 Improve solution by repack 0.8608633431873152->0.8526619188390219 , unplacedBoxesSize:5
currentRepackCostTime:149.249s , currentRepackMaxTime:368.0450216606498s
iter33		 Improve solution by repack 0.8526619188390219->0.852490593926364 , unplacedBoxesSize:5
currentRepackCostTime:149.416s , currentRepackMaxTime:368.0450216606498s
iter36		 Improve solution by repack 0.852490593926364->0.829841440472991 , unplacedBoxesSize:5
currentRepackCostTime:149.603s , currentRepackMaxTime:368.0450216606498s
iter26		 Improve solution by repack 0.829841440472991->0.8253124160171997 , unplacedBoxesSize:5
currentRepackCostTime:149.725s , currentRepackMaxTime:368.0450216606498s
iter49		 Improve solution by repack 0.8253124160171997->0.8209809191077667 , unplacedBoxesSize:5
currentRepackCostTime:149.971s , currentRepackMaxTime:368.0450216606498s
iter8		 Improve solution by repack 0.8209809191077667->0.8108357968288095 , unplacedBoxesSize:5
currentRepackCostTime:150.012s , currentRepackMaxTime:368.0450216606498s
iter16		 Improve solution by repack 0.8108357968288095->0.8034318731523784 , unplacedBoxesSize:3
currentRepackCostTime:150.095s , currentRepackMaxTime:368.0450216606498s
iter5		 Improve solution by repack 0.8034318731523784->0.7865224402042461 , unplacedBoxesSize:2
currentRepackCostTime:150.112s , currentRepackMaxTime:368.0450216606498s
Selecting boards with low utilization for repacking...
iter1		 Improve solution by repack 0.9438558183284064->0.9406523783929052 , unplacedBoxesSize:9
currentRepackCostTime:151.75300000000001s , currentRepackMaxTime:368.0450216606498s
iter3		 Improve solution by repack 0.9406523783929052->0.9369947594732599 , unplacedBoxesSize:8
currentRepackCostTime:151.77100000000002s , currentRepackMaxTime:368.0450216606498s
iter3		 Improve solution by repack 0.9369947594732599->0.933058317656544 , unplacedBoxesSize:9
currentRepackCostTime:151.792s , currentRepackMaxTime:368.0450216606498s
iter2		 Improve solution by repack 0.933058317656544->0.9054145391023919 , unplacedBoxesSize:9
currentRepackCostTime:151.80700000000002s , currentRepackMaxTime:368.0450216606498s
iter6		 Improve solution by repack 0.9054145391023919->0.8424852190271432 , unplacedBoxesSize:6
currentRepackCostTime:151.837s , currentRepackMaxTime:368.0450216606498s
iter31		 Improve solution by repack 0.8424852190271432->0.8330072561139478 , unplacedBoxesSize:5
currentRepackCostTime:151.979s , currentRepackMaxTime:368.0450216606498s
iter1		 Improve solution by repack 0.8330072561139478->0.8259681537221177 , unplacedBoxesSize:5
currentRepackCostTime:151.986s , currentRepackMaxTime:368.0450216606498s
iter4		 Improve solution by repack 0.8259681537221177->0.816100510615426 , unplacedBoxesSize:4
currentRepackCostTime:152.002s , currentRepackMaxTime:368.0450216606498s
iter11		 Improve solution by repack 0.816100510615426->0.8136683687180866 , unplacedBoxesSize:4
currentRepackCostTime:152.044s , currentRepackMaxTime:368.0450216606498s
iter12		 Improve solution by repack 0.8136683687180866->0.811231523783929 , unplacedBoxesSize:4
currentRepackCostTime:152.097s , currentRepackMaxTime:368.0450216606498s
iter27		 Improve solution by repack 0.811231523783929->0.8071499596882558 , unplacedBoxesSize:2
currentRepackCostTime:152.222s , currentRepackMaxTime:368.0450216606498s
iter13		 Improve solution by repack 0.8071499596882558->0.7865224402042461 , unplacedBoxesSize:2
currentRepackCostTime:152.26s , currentRepackMaxTime:368.0450216606498s
iter158		 Improve solution by repack 0.7865224402042461->0.7797090835796828 , unplacedBoxesSize:5
currentRepackCostTime:152.834s , currentRepackMaxTime:368.0450216606498s
iter113		 Improve solution by repack 0.7797090835796828->0.7714613007256114 , unplacedBoxesSize:5
currentRepackCostTime:153.382s , currentRepackMaxTime:368.0450216606498s
iter21		 Improve solution by repack 0.7714613007256114->0.7643503090567052 , unplacedBoxesSize:4
currentRepackCostTime:153.49s , currentRepackMaxTime:368.0450216606498s
iter16		 Improve solution by repack 0.7643503090567052->0.7581040042999193 , unplacedBoxesSize:4
currentRepackCostTime:153.564s , currentRepackMaxTime:368.0450216606498s
iter17		 Improve solution by repack 0.7581040042999193->0.7511428379467885 , unplacedBoxesSize:4
currentRepackCostTime:153.64000000000001s , currentRepackMaxTime:368.0450216606498s
iter78		 Improve solution by repack 0.7511428379467885->0.7468321687718356 , unplacedBoxesSize:4
currentRepackCostTime:154.01s , currentRepackMaxTime:368.0450216606498s
iter90		 Improve solution by repack 0.7468321687718356->0.7459721848965332 , unplacedBoxesSize:4
currentRepackCostTime:154.41400000000002s , currentRepackMaxTime:368.0450216606498s
iter36		 Improve solution by repack 0.7459721848965332->0.7412335393711368 , unplacedBoxesSize:4
currentRepackCostTime:154.582s , currentRepackMaxTime:368.0450216606498s
Selecting boards with low utilization for repacking...
iter3		 Improve solution by repack 0.8999274388605213->0.7459721848965332 , unplacedBoxesSize:4
currentRepackCostTime:156.668s , currentRepackMaxTime:368.0450216606498s
iter18		 Improve solution by repack 0.7459721848965332->0.7412335393711368 , unplacedBoxesSize:4
currentRepackCostTime:156.738s , currentRepackMaxTime:368.0450216606498s
Selecting boards with low utilization for repacking...
iter10		 Improve solution by repack 0.9309392636388067->0.9127136522440203 , unplacedBoxesSize:8
currentRepackCostTime:159.149s , currentRepackMaxTime:368.0450216606498s
iter9		 Improve solution by repack 0.9127136522440203->0.9114062080085998 , unplacedBoxesSize:6
currentRepackCostTime:159.20000000000002s , currentRepackMaxTime:368.0450216606498s
iter15		 Improve solution by repack 0.9114062080085998->0.7861865090029563 , unplacedBoxesSize:5
currentRepackCostTime:159.27s , currentRepackMaxTime:368.0450216606498s
iter21		 Improve solution by repack 0.7861865090029563->0.7759862940069874 , unplacedBoxesSize:4
currentRepackCostTime:159.369s , currentRepackMaxTime:368.0450216606498s
iter67		 Improve solution by repack 0.7759862940069874->0.7716547970975544 , unplacedBoxesSize:4
currentRepackCostTime:159.662s , currentRepackMaxTime:368.0450216606498s
iter33		 Improve solution by repack 0.7716547970975544->0.7677082773447997 , unplacedBoxesSize:5
currentRepackCostTime:159.816s , currentRepackMaxTime:368.0450216606498s
iter8		 Improve solution by repack 0.7677082773447997->0.7545055092717012 , unplacedBoxesSize:4
currentRepackCostTime:159.858s , currentRepackMaxTime:368.0450216606498s
iter21		 Improve solution by repack 0.7545055092717012->0.7507639075517334 , unplacedBoxesSize:3
currentRepackCostTime:159.946s , currentRepackMaxTime:368.0450216606498s
iter2		 Improve solution by repack 0.7507639075517334->0.7413282719699006 , unplacedBoxesSize:4
currentRepackCostTime:159.957s , currentRepackMaxTime:368.0450216606498s
iter9		 Improve solution by repack 0.7413282719699006->0.7396358505778017 , unplacedBoxesSize:4
currentRepackCostTime:159.998s , currentRepackMaxTime:368.0450216606498s
iter3		 Improve solution by repack 0.7396358505778017->0.7311280569739318 , unplacedBoxesSize:3
currentRepackCostTime:160.00900000000001s , currentRepackMaxTime:368.0450216606498s
iter240		 Improve solution by repack 0.7311280569739318->0.7245975544208546 , unplacedBoxesSize:3
currentRepackCostTime:160.99s , currentRepackMaxTime:368.0450216606498s
Selecting boards with low utilization for repacking...
iter2		 Improve solution by repack 0.9022252082773448->0.8999274388605213 , unplacedBoxesSize:3
currentRepackCostTime:162.644s , currentRepackMaxTime:368.0450216606498s
iter8		 Improve solution by repack 0.8999274388605213->0.7245975544208546 , unplacedBoxesSize:3
currentRepackCostTime:162.67000000000002s , currentRepackMaxTime:368.0450216606498s
Selecting boards with low utilization for repacking...
iter4		 Improve solution by repack 0.9336038699274389->0.7245975544208546 , unplacedBoxesSize:3
currentRepackCostTime:165.049s , currentRepackMaxTime:368.0450216606498s
Selecting boards with low utilization for repacking...
iter3		 Improve solution by repack 0.9442915210964794->0.9298286750873421 , unplacedBoxesSize:9
currentRepackCostTime:167.351s , currentRepackMaxTime:368.0450216606498s
iter2		 Improve solution by repack 0.9298286750873421->0.8002358237033056 , unplacedBoxesSize:7
currentRepackCostTime:167.363s , currentRepackMaxTime:368.0450216606498s
iter12		 Improve solution by repack 0.8002358237033056->0.7901249664068798 , unplacedBoxesSize:6
currentRepackCostTime:167.421s , currentRepackMaxTime:368.0450216606498s
iter14		 Improve solution by repack 0.7901249664068798->0.7856852996506315 , unplacedBoxesSize:6
currentRepackCostTime:167.51s , currentRepackMaxTime:368.0450216606498s
iter17		 Improve solution by repack 0.7856852996506315->0.7790110185434024 , unplacedBoxesSize:5
currentRepackCostTime:167.599s , currentRepackMaxTime:368.0450216606498s
iter10		 Improve solution by repack 0.7790110185434024->0.7667858102660575 , unplacedBoxesSize:4
currentRepackCostTime:167.645s , currentRepackMaxTime:368.0450216606498s
iter4		 Improve solution by repack 0.7667858102660575->0.7620471647406611 , unplacedBoxesSize:4
currentRepackCostTime:167.66s , currentRepackMaxTime:368.0450216606498s
iter50		 Improve solution by repack 0.7620471647406611->0.7598481590970169 , unplacedBoxesSize:4
currentRepackCostTime:167.883s , currentRepackMaxTime:368.0450216606498s
iter31		 Improve solution by repack 0.7598481590970169->0.7245975544208546 , unplacedBoxesSize:3
currentRepackCostTime:168.02100000000002s , currentRepackMaxTime:368.0450216606498s
Selecting boards with low utilization for repacking...
iter6		 Improve solution by repack 0.9502069336199945->0.8527855415210964 , unplacedBoxesSize:7
currentRepackCostTime:169.81s , currentRepackMaxTime:368.0450216606498s
iter10		 Improve solution by repack 0.8527855415210964->0.8490721580220372 , unplacedBoxesSize:8
currentRepackCostTime:169.886s , currentRepackMaxTime:368.0450216606498s
iter1		 Improve solution by repack 0.8490721580220372->0.8295491803278688 , unplacedBoxesSize:7
currentRepackCostTime:169.888s , currentRepackMaxTime:368.0450216606498s
iter17		 Improve solution by repack 0.8295491803278688->0.8238249126578877 , unplacedBoxesSize:5
currentRepackCostTime:169.975s , currentRepackMaxTime:368.0450216606498s
iter29		 Improve solution by repack 0.8238249126578877->0.8071499596882558 , unplacedBoxesSize:2
currentRepackCostTime:170.111s , currentRepackMaxTime:368.0450216606498s
Selecting boards with low utilization for repacking...
iter1		 Improve solution by repack 0.9601726148884708->0.9215321822090835 , unplacedBoxesSize:7
currentRepackCostTime:171.84s , currentRepackMaxTime:368.0450216606498s
iter1		 Improve solution by repack 0.9215321822090835->0.9156201289975813 , unplacedBoxesSize:6
currentRepackCostTime:171.848s , currentRepackMaxTime:368.0450216606498s
iter1		 Improve solution by repack 0.9156201289975813->0.9142649825315775 , unplacedBoxesSize:6
currentRepackCostTime:171.858s , currentRepackMaxTime:368.0450216606498s
iter4		 Improve solution by repack 0.9142649825315775->0.902932007524859 , unplacedBoxesSize:3
currentRepackCostTime:171.874s , currentRepackMaxTime:368.0450216606498s
iter4		 Improve solution by repack 0.902932007524859->0.8933243751679657 , unplacedBoxesSize:3
currentRepackCostTime:171.888s , currentRepackMaxTime:368.0450216606498s
iter98		 Improve solution by repack 0.8933243751679657->0.8780025530771298 , unplacedBoxesSize:6
currentRepackCostTime:172.28s , currentRepackMaxTime:368.0450216606498s
iter4		 Improve solution by repack 0.8780025530771298->0.8728144316044074 , unplacedBoxesSize:5
currentRepackCostTime:172.3s , currentRepackMaxTime:368.0450216606498s
iter4		 Improve solution by repack 0.8728144316044074->0.8657121741467346 , unplacedBoxesSize:5
currentRepackCostTime:172.333s , currentRepackMaxTime:368.0450216606498s
iter2		 Improve solution by repack 0.8657121741467346->0.8561045417898415 , unplacedBoxesSize:5
currentRepackCostTime:172.341s , currentRepackMaxTime:368.0450216606498s
iter19		 Improve solution by repack 0.8561045417898415->0.8482430798172533 , unplacedBoxesSize:5
currentRepackCostTime:172.448s , currentRepackMaxTime:368.0450216606498s
iter3		 Improve solution by repack 0.8482430798172533->0.8450456866433755 , unplacedBoxesSize:5
currentRepackCostTime:172.458s , currentRepackMaxTime:368.0450216606498s
iter5		 Improve solution by repack 0.8450456866433755->0.842613544746036 , unplacedBoxesSize:5
currentRepackCostTime:172.48s , currentRepackMaxTime:368.0450216606498s
iter4		 Improve solution by repack 0.842613544746036->0.8375752485890889 , unplacedBoxesSize:4
currentRepackCostTime:172.495s , currentRepackMaxTime:368.0450216606498s
iter50		 Improve solution by repack 0.8375752485890889->0.8093375436710561 , unplacedBoxesSize:5
currentRepackCostTime:172.699s , currentRepackMaxTime:368.0450216606498s
iter15		 Improve solution by repack 0.8093375436710561->0.8071499596882558 , unplacedBoxesSize:2
currentRepackCostTime:172.77700000000002s , currentRepackMaxTime:368.0450216606498s
Selecting boards with low utilization for repacking...
iter1		 Improve solution by repack 0.9560511287288364->0.8950745767266863 , unplacedBoxesSize:7
currentRepackCostTime:173.95000000000002s , currentRepackMaxTime:368.0450216606498s
iter6		 Improve solution by repack 0.8950745767266863->0.8913081160978231 , unplacedBoxesSize:8
currentRepackCostTime:173.978s , currentRepackMaxTime:368.0450216606498s
iter6		 Improve solution by repack 0.8913081160978231->0.8896156947057243 , unplacedBoxesSize:8
currentRepackCostTime:174.012s , currentRepackMaxTime:368.0450216606498s
iter9		 Improve solution by repack 0.8896156947057243->0.883454716474066 , unplacedBoxesSize:3
currentRepackCostTime:174.061s , currentRepackMaxTime:368.0450216606498s
iter14		 Improve solution by repack 0.883454716474066->0.8780885514646601 , unplacedBoxesSize:3
currentRepackCostTime:174.119s , currentRepackMaxTime:368.0450216606498s
iter99		 Improve solution by repack 0.8780885514646601->0.8687080085998387 , unplacedBoxesSize:3
currentRepackCostTime:174.519s , currentRepackMaxTime:368.0450216606498s
iter219		 Improve solution by repack 0.8687080085998387->0.8529608976081698 , unplacedBoxesSize:5
currentRepackCostTime:175.377s , currentRepackMaxTime:368.0450216606498s
iter6		 Improve solution by repack 0.8529608976081698->0.8511495565708143 , unplacedBoxesSize:5
currentRepackCostTime:175.404s , currentRepackMaxTime:368.0450216606498s
iter11		 Improve solution by repack 0.8511495565708143->0.848717414673475 , unplacedBoxesSize:5
currentRepackCostTime:175.453s , currentRepackMaxTime:368.0450216606498s
iter69		 Improve solution by repack 0.848717414673475->0.8357249395323838 , unplacedBoxesSize:4
currentRepackCostTime:175.752s , currentRepackMaxTime:368.0450216606498s
iter70		 Improve solution by repack 0.8357249395323838->0.8313934426229508 , unplacedBoxesSize:4
currentRepackCostTime:176.037s , currentRepackMaxTime:368.0450216606498s
iter96		 Improve solution by repack 0.8313934426229508->0.8189451760279495 , unplacedBoxesSize:5
currentRepackCostTime:176.478s , currentRepackMaxTime:368.0450216606498s
Selecting boards with low utilization for repacking...
iter1		 Improve solution by repack 0.9643550120935233->0.9568617307175491 , unplacedBoxesSize:6
currentRepackCostTime:178.665s , currentRepackMaxTime:368.0450216606498s
iter10		 Improve solution by repack 0.9568617307175491->0.9529938188658962 , unplacedBoxesSize:3
currentRepackCostTime:178.72s , currentRepackMaxTime:368.0450216606498s
iter1		 Improve solution by repack 0.9529938188658962->0.9004998656275195 , unplacedBoxesSize:3
currentRepackCostTime:178.721s , currentRepackMaxTime:368.0450216606498s
iter6		 Improve solution by repack 0.9004998656275195->0.8974617038430529 , unplacedBoxesSize:5
currentRepackCostTime:178.747s , currentRepackMaxTime:368.0450216606498s
iter7		 Improve solution by repack 0.8974617038430529->0.8704891158290783 , unplacedBoxesSize:6
currentRepackCostTime:178.776s , currentRepackMaxTime:368.0450216606498s
iter5		 Improve solution by repack 0.8704891158290783->0.8660494490728299 , unplacedBoxesSize:6
currentRepackCostTime:178.803s , currentRepackMaxTime:368.0450216606498s
iter1		 Improve solution by repack 0.8660494490728299->0.8647097554420855 , unplacedBoxesSize:5
currentRepackCostTime:178.808s , currentRepackMaxTime:368.0450216606498s
iter12		 Improve solution by repack 0.8647097554420855->0.8428016662187584 , unplacedBoxesSize:4
currentRepackCostTime:178.861s , currentRepackMaxTime:368.0450216606498s
iter9		 Improve solution by repack 0.8428016662187584->0.837874227358237 , unplacedBoxesSize:4
currentRepackCostTime:178.897s , currentRepackMaxTime:368.0450216606498s
iter7		 Improve solution by repack 0.837874227358237->0.8334345606019886 , unplacedBoxesSize:4
currentRepackCostTime:178.924s , currentRepackMaxTime:368.0450216606498s
iter41		 Improve solution by repack 0.8334345606019886->0.8317421392098898 , unplacedBoxesSize:4
currentRepackCostTime:179.086s , currentRepackMaxTime:368.0450216606498s
iter1		 Improve solution by repack 0.8317421392098898->0.8121338349905939 , unplacedBoxesSize:5
currentRepackCostTime:179.09300000000002s , currentRepackMaxTime:368.0450216606498s
iter47		 Improve solution by repack 0.8121338349905939->0.8112590701424348 , unplacedBoxesSize:5
currentRepackCostTime:179.327s , currentRepackMaxTime:368.0450216606498s
iter7		 Improve solution by repack 0.8112590701424348->0.8088222252082774 , unplacedBoxesSize:5
currentRepackCostTime:179.372s , currentRepackMaxTime:368.0450216606498s
iter1		 Improve solution by repack 0.8088222252082774->0.8056308787960226 , unplacedBoxesSize:5
currentRepackCostTime:179.377s , currentRepackMaxTime:368.0450216606498s
iter10		 Improve solution by repack 0.8056308787960226->0.7959029830690675 , unplacedBoxesSize:2
currentRepackCostTime:179.411s , currentRepackMaxTime:368.0450216606498s
iter87		 Improve solution by repack 0.7959029830690675->0.7865224402042461 , unplacedBoxesSize:2
currentRepackCostTime:179.701s , currentRepackMaxTime:368.0450216606498s
Selecting boards with low utilization for repacking...
iter1		 Improve solution by repack 0.9508190002687449->0.8653923676431067 , unplacedBoxesSize:4
currentRepackCostTime:180.766s , currentRepackMaxTime:368.0450216606498s
iter53		 Improve solution by repack 0.8653923676431067->0.8492045149153453 , unplacedBoxesSize:5
currentRepackCostTime:180.994s , currentRepackMaxTime:368.0450216606498s
iter7		 Improve solution by repack 0.8492045149153453->0.839596882558452 , unplacedBoxesSize:5
currentRepackCostTime:181.022s , currentRepackMaxTime:368.0450216606498s
iter125		 Improve solution by repack 0.839596882558452->0.8289512227895727 , unplacedBoxesSize:6
currentRepackCostTime:181.6s , currentRepackMaxTime:368.0450216606498s
iter3		 Improve solution by repack 0.8289512227895727->0.8265190808922332 , unplacedBoxesSize:6
currentRepackCostTime:181.615s , currentRepackMaxTime:368.0450216606498s
iter6		 Improve solution by repack 0.8265190808922332->0.8222843321687718 , unplacedBoxesSize:6
currentRepackCostTime:181.64600000000002s , currentRepackMaxTime:368.0450216606498s
iter6		 Improve solution by repack 0.8222843321687718->0.7915063155065842 , unplacedBoxesSize:5
currentRepackCostTime:181.681s , currentRepackMaxTime:368.0450216606498s
iter129		 Improve solution by repack 0.7915063155065842->0.7865224402042461 , unplacedBoxesSize:2
currentRepackCostTime:182.354s , currentRepackMaxTime:368.0450216606498s
iter202		 Improve solution by repack 0.7865224402042461->0.7837066648750336 , unplacedBoxesSize:4
currentRepackCostTime:183.048s , currentRepackMaxTime:368.0450216606498s
iter16		 Improve solution by repack 0.7837066648750336->0.7814982531577532 , unplacedBoxesSize:4
currentRepackCostTime:183.127s , currentRepackMaxTime:368.0450216606498s
iter33		 Improve solution by repack 0.7814982531577532->0.7718879333512496 , unplacedBoxesSize:4
currentRepackCostTime:183.27100000000002s , currentRepackMaxTime:368.0450216606498s
Selecting boards with low utilization for repacking...
iter2		 Improve solution by repack 0.9606066917495296->0.9511878527277613 , unplacedBoxesSize:6
currentRepackCostTime:185.56s , currentRepackMaxTime:368.0450216606498s
iter5		 Improve solution by repack 0.9511878527277613->0.8592622950819672 , unplacedBoxesSize:5
currentRepackCostTime:185.582s , currentRepackMaxTime:368.0450216606498s
iter2		 Improve solution by repack 0.8592622950819672->0.8368375436710562 , unplacedBoxesSize:6
currentRepackCostTime:185.591s , currentRepackMaxTime:368.0450216606498s
iter1		 Improve solution by repack 0.8368375436710562->0.8021620532115022 , unplacedBoxesSize:5
currentRepackCostTime:185.596s , currentRepackMaxTime:368.0450216606498s
iter145		 Improve solution by repack 0.8021620532115022->0.793058317656544 , unplacedBoxesSize:5
currentRepackCostTime:186.249s , currentRepackMaxTime:368.0450216606498s
iter20		 Improve solution by repack 0.793058317656544->0.7886186509002956 , unplacedBoxesSize:5
currentRepackCostTime:186.344s , currentRepackMaxTime:368.0450216606498s
iter29		 Improve solution by repack 0.7886186509002956->0.7869262295081967 , unplacedBoxesSize:5
currentRepackCostTime:186.469s , currentRepackMaxTime:368.0450216606498s
iter193		 Improve solution by repack 0.7869262295081967->0.7813477559795753 , unplacedBoxesSize:4
currentRepackCostTime:187.345s , currentRepackMaxTime:368.0450216606498s
iter3		 Improve solution by repack 0.7813477559795753->0.7763974737973663 , unplacedBoxesSize:4
currentRepackCostTime:187.357s , currentRepackMaxTime:368.0450216606498s
iter46		 Improve solution by repack 0.7763974737973663->0.771950752485891 , unplacedBoxesSize:5
currentRepackCostTime:187.578s , currentRepackMaxTime:368.0450216606498s
iter39		 Improve solution by repack 0.771950752485891->0.7587452969631819 , unplacedBoxesSize:5
currentRepackCostTime:187.77100000000002s , currentRepackMaxTime:368.0450216606498s
iter26		 Improve solution by repack 0.7587452969631819->0.757052875571083 , unplacedBoxesSize:5
currentRepackCostTime:187.895s , currentRepackMaxTime:368.0450216606498s
Selecting boards with low utilization for repacking...
iter1		 Improve solution by repack 0.9222252082773448->0.9173098629400699 , unplacedBoxesSize:8
currentRepackCostTime:189.459s , currentRepackMaxTime:368.0450216606498s
iter16		 Improve solution by repack 0.9173098629400699->0.9125550927170116 , unplacedBoxesSize:8
currentRepackCostTime:189.541s , currentRepackMaxTime:368.0450216606498s
iter4		 Improve solution by repack 0.9125550927170116->0.9078164471916151 , unplacedBoxesSize:8
currentRepackCostTime:189.56300000000002s , currentRepackMaxTime:368.0450216606498s
iter22		 Improve solution by repack 0.9078164471916151->0.7818963316312819 , unplacedBoxesSize:5
currentRepackCostTime:189.674s , currentRepackMaxTime:368.0450216606498s
iter11		 Improve solution by repack 0.7818963316312819->0.7802334721848966 , unplacedBoxesSize:5
currentRepackCostTime:189.742s , currentRepackMaxTime:368.0450216606498s
iter12		 Improve solution by repack 0.7802334721848966->0.7765321822090835 , unplacedBoxesSize:5
currentRepackCostTime:189.80100000000002s , currentRepackMaxTime:368.0450216606498s
iter17		 Improve solution by repack 0.7765321822090835->0.7680243886052136 , unplacedBoxesSize:4
currentRepackCostTime:189.892s , currentRepackMaxTime:368.0450216606498s
iter162		 Improve solution by repack 0.7680243886052136->0.7644793066380005 , unplacedBoxesSize:4
currentRepackCostTime:190.623s , currentRepackMaxTime:368.0450216606498s
iter52		 Improve solution by repack 0.7644793066380005->0.7642851384036549 , unplacedBoxesSize:4
currentRepackCostTime:190.841s , currentRepackMaxTime:368.0450216606498s
iter78		 Improve solution by repack 0.7642851384036549->0.7551814028486966 , unplacedBoxesSize:4
currentRepackCostTime:191.195s , currentRepackMaxTime:368.0450216606498s
Selecting boards with low utilization for repacking...
iter2		 Improve solution by repack 0.9343550120935232->0.9117132491265788 , unplacedBoxesSize:8
currentRepackCostTime:193.17600000000002s , currentRepackMaxTime:368.0450216606498s
iter1		 Improve solution by repack 0.9117132491265788->0.7903073770491803 , unplacedBoxesSize:5
currentRepackCostTime:193.18s , currentRepackMaxTime:368.0450216606498s
iter4		 Improve solution by repack 0.7903073770491803->0.7801965197527546 , unplacedBoxesSize:4
currentRepackCostTime:193.195s , currentRepackMaxTime:368.0450216606498s
iter21		 Improve solution by repack 0.7801965197527546->0.7791215399086266 , unplacedBoxesSize:5
currentRepackCostTime:193.296s , currentRepackMaxTime:368.0450216606498s
iter8		 Improve solution by repack 0.7791215399086266->0.7766893980112872 , unplacedBoxesSize:5
currentRepackCostTime:193.342s , currentRepackMaxTime:368.0450216606498s
iter4		 Improve solution by repack 0.7766893980112872->0.771950752485891 , unplacedBoxesSize:5
currentRepackCostTime:193.36s , currentRepackMaxTime:368.0450216606498s
iter75		 Improve solution by repack 0.771950752485891->0.7651132088148347 , unplacedBoxesSize:5
currentRepackCostTime:193.734s , currentRepackMaxTime:368.0450216606498s
Selecting boards with low utilization for repacking...
iter2		 Improve solution by repack 0.9604481322225209->0.9290849234076861 , unplacedBoxesSize:8
currentRepackCostTime:195.876s , currentRepackMaxTime:368.0450216606498s
iter7		 Improve solution by repack 0.9290849234076861->0.9142636388067724 , unplacedBoxesSize:8
currentRepackCostTime:195.92000000000002s , currentRepackMaxTime:368.0450216606498s
iter3		 Improve solution by repack 0.9142636388067724->0.8079189062080085 , unplacedBoxesSize:6
currentRepackCostTime:195.933s , currentRepackMaxTime:368.0450216606498s
iter1		 Improve solution by repack 0.8079189062080085->0.8070908357968288 , unplacedBoxesSize:5
currentRepackCostTime:195.93800000000002s , currentRepackMaxTime:368.0450216606498s
iter165		 Improve solution by repack 0.8070908357968288->0.804966406879871 , unplacedBoxesSize:5
currentRepackCostTime:196.725s , currentRepackMaxTime:368.0450216606498s
iter5		 Improve solution by repack 0.804966406879871->0.80100779360387 , unplacedBoxesSize:5
currentRepackCostTime:196.748s , currentRepackMaxTime:368.0450216606498s
iter1		 Improve solution by repack 0.80100779360387->0.7764787691480785 , unplacedBoxesSize:4
currentRepackCostTime:196.75300000000001s , currentRepackMaxTime:368.0450216606498s
iter61		 Improve solution by repack 0.7764787691480785->0.7622803009943563 , unplacedBoxesSize:4
currentRepackCostTime:197.025s , currentRepackMaxTime:368.0450216606498s
iter59		 Improve solution by repack 0.7622803009943563->0.752672668637463 , unplacedBoxesSize:4
currentRepackCostTime:197.27s , currentRepackMaxTime:368.0450216606498s
Selecting boards with low utilization for repacking...
iter2		 Improve solution by repack 0.9665150497178178->0.9362516796560065 , unplacedBoxesSize:8
currentRepackCostTime:199.608s , currentRepackMaxTime:368.0450216606498s
iter1		 Improve solution by repack 0.9362516796560065->0.9328930395055093 , unplacedBoxesSize:8
currentRepackCostTime:199.612s , currentRepackMaxTime:368.0450216606498s
iter1		 Improve solution by repack 0.9328930395055093->0.8482786885245902 , unplacedBoxesSize:8
currentRepackCostTime:199.615s , currentRepackMaxTime:368.0450216606498s
iter31		 Improve solution by repack 0.8482786885245902->0.8460911045417899 , unplacedBoxesSize:5
currentRepackCostTime:199.792s , currentRepackMaxTime:368.0450216606498s
iter4		 Improve solution by repack 0.8460911045417899->0.8371486159634507 , unplacedBoxesSize:6
currentRepackCostTime:199.814s , currentRepackMaxTime:368.0450216606498s
iter1		 Improve solution by repack 0.8371486159634507->0.8304625772641764 , unplacedBoxesSize:6
currentRepackCostTime:199.82s , currentRepackMaxTime:368.0450216606498s
iter1		 Improve solution by repack 0.8304625772641764->0.8119514243482935 , unplacedBoxesSize:5
currentRepackCostTime:199.822s , currentRepackMaxTime:368.0450216606498s
iter23		 Improve solution by repack 0.8119514243482935->0.8103120800859984 , unplacedBoxesSize:5
currentRepackCostTime:199.95000000000002s , currentRepackMaxTime:368.0450216606498s
iter1		 Improve solution by repack 0.8103120800859984->0.807879938188659 , unplacedBoxesSize:5
currentRepackCostTime:199.954s , currentRepackMaxTime:368.0450216606498s
iter31		 Improve solution by repack 0.807879938188659->0.7984993953238376 , unplacedBoxesSize:5
currentRepackCostTime:200.113s , currentRepackMaxTime:368.0450216606498s
iter5		 Improve solution by repack 0.7984993953238376->0.7913239048642837 , unplacedBoxesSize:5
currentRepackCostTime:200.141s , currentRepackMaxTime:368.0450216606498s
Selecting boards with low utilization for repacking...
iter2		 Improve solution by repack 0.9699086804622413->0.7592031711905401 , unplacedBoxesSize:4
currentRepackCostTime:202.431s , currentRepackMaxTime:368.0450216606498s
iter21		 Improve solution by repack 0.7592031711905401->0.7548716742811072 , unplacedBoxesSize:4
currentRepackCostTime:202.52100000000002s , currentRepackMaxTime:368.0450216606498s
iter58		 Improve solution by repack 0.7548716742811072->0.752672668637463 , unplacedBoxesSize:4
currentRepackCostTime:202.788s , currentRepackMaxTime:368.0450216606498s
Selecting boards with low utilization for repacking...
iter1		 Improve solution by repack 0.9913047567858103->0.752672668637463 , unplacedBoxesSize:4
currentRepackCostTime:204.856s , currentRepackMaxTime:368.0450216606498s
Selecting boards with low utilization for repacking...
All low-utilization boards have been repacked once. Restarting repacking process...
