total number of nestable workpieces：922
Processing color group: 0 (1/2), boxes: 482
Allocated time: 313.7s
searchTime: 1000
Start nesting on the 1th large board, remaining blocks count: 325
Utilization of the 1th large board: 98.87862805697394, Time taken for this board: 1.004s
-------------------------------------------------------------------
Start nesting on the 2th large board, remaining blocks count: 316
Utilization of the 2th large board: 98.73122144584788, Time taken for this board: 2.0060000000000002s
-------------------------------------------------------------------
Start nesting on the 3th large board, remaining blocks count: 308
Utilization of the 3th large board: 99.78030099435635, Time taken for this board: 3.0060000000000002s
-------------------------------------------------------------------
Start nesting on the 4th large board, remaining blocks count: 302
Utilization of the 4th large board: 99.64565976887934, Time taken for this board: 4.009s
-------------------------------------------------------------------
Start nesting on the 5th large board, remaining blocks count: 296
Utilization of the 5th large board: 99.41850309056706, Time taken for this board: 5.01s
-------------------------------------------------------------------
Start nesting on the 6th large board, remaining blocks count: 284
Utilization of the 6th large board: 98.9731255038968, Time taken for this board: 6.01s
-------------------------------------------------------------------
Start nesting on the 7th large board, remaining blocks count: 275
Utilization of the 7th large board: 99.47504031174415, Time taken for this board: 7.01s
-------------------------------------------------------------------
Start nesting on the 8th large board, remaining blocks count: 267
Utilization of the 8th large board: 99.37825853265251, Time taken for this board: 8.01s
-------------------------------------------------------------------
Start nesting on the 9th large board, remaining blocks count: 258
Utilization of the 9th large board: 99.3901840902983, Time taken for this board: 9.012s
-------------------------------------------------------------------
Start nesting on the 10th large board, remaining blocks count: 241
Utilization of the 10th large board: 99.72205052405268, Time taken for this board: 10.014s
-------------------------------------------------------------------
Start nesting on the 11th large board, remaining blocks count: 230
Utilization of the 11th large board: 99.5376578876646, Time taken for this board: 11.014s
-------------------------------------------------------------------
Start nesting on the 12th large board, remaining blocks count: 227
Utilization of the 12th large board: 99.55522708949208, Time taken for this board: 12.014000000000001s
-------------------------------------------------------------------
Start nesting on the 13th large board, remaining blocks count: 219
Utilization of the 13th large board: 99.45876941682343, Time taken for this board: 13.015s
-------------------------------------------------------------------
Start nesting on the 14th large board, remaining blocks count: 215
Utilization of the 14th large board: 99.40936576189196, Time taken for this board: 14.015s
-------------------------------------------------------------------
Start nesting on the 15th large board, remaining blocks count: 209
Utilization of the 15th large board: 99.31920182746573, Time taken for this board: 15.015s
-------------------------------------------------------------------
Start nesting on the 16th large board, remaining blocks count: 201
Utilization of the 16th large board: 99.49435635581833, Time taken for this board: 16.015s
-------------------------------------------------------------------
Start nesting on the 17th large board, remaining blocks count: 189
Utilization of the 17th large board: 99.5715869389949, Time taken for this board: 17.015s
-------------------------------------------------------------------
Start nesting on the 18th large board, remaining blocks count: 182
Utilization of the 18th large board: 99.58337812416016, Time taken for this board: 18.017s
-------------------------------------------------------------------
Start nesting on the 19th large board, remaining blocks count: 170
Utilization of the 19th large board: 99.46650765923138, Time taken for this board: 19.017s
-------------------------------------------------------------------
Start nesting on the 20th large board, remaining blocks count: 163
Utilization of the 20th large board: 99.60292932007525, Time taken for this board: 20.019000000000002s
-------------------------------------------------------------------
Start nesting on the 21th large board, remaining blocks count: 155
Utilization of the 21th large board: 99.63050927170116, Time taken for this board: 21.019000000000002s
-------------------------------------------------------------------
Start nesting on the 22th large board, remaining blocks count: 145
Utilization of the 22th large board: 99.4267669981188, Time taken for this board: 22.02s
-------------------------------------------------------------------
Start nesting on the 23th large board, remaining blocks count: 139
Utilization of the 23th large board: 99.0788766460629, Time taken for this board: 23.02s
-------------------------------------------------------------------
Start nesting on the 24th large board, remaining blocks count: 131
Utilization of the 24th large board: 99.08663665681269, Time taken for this board: 24.02s
-------------------------------------------------------------------
Start nesting on the 25th large board, remaining blocks count: 119
Utilization of the 25th large board: 99.03177909164202, Time taken for this board: 25.02s
-------------------------------------------------------------------
Start nesting on the 26th large board, remaining blocks count: 113
Utilization of the 26th large board: 98.78540714861596, Time taken for this board: 26.02s
-------------------------------------------------------------------
Start nesting on the 27th large board, remaining blocks count: 107
Utilization of the 27th large board: 98.76713249126578, Time taken for this board: 26.998s
-------------------------------------------------------------------
Start nesting on the 28th large board, remaining blocks count: 95
Utilization of the 28th large board: 99.05122950819673, Time taken for this board: 27.914s
-------------------------------------------------------------------
Start nesting on the 29th large board, remaining blocks count: 91
Utilization of the 29th large board: 98.35514646600376, Time taken for this board: 28.6s
-------------------------------------------------------------------
Start nesting on the 30th large board, remaining blocks count: 89
Utilization of the 30th large board: 98.45266729373824, Time taken for this board: 29.305s
-------------------------------------------------------------------
Start nesting on the 31th large board, remaining blocks count: 81
Utilization of the 31th large board: 98.59238108035474, Time taken for this board: 29.755s
-------------------------------------------------------------------
Start nesting on the 32th large board, remaining blocks count: 75
Utilization of the 32th large board: 98.35084654662725, Time taken for this board: 30.279s
-------------------------------------------------------------------
Start nesting on the 33th large board, remaining blocks count: 69
Utilization of the 33th large board: 99.04763504434291, Time taken for this board: 30.733s
-------------------------------------------------------------------
Start nesting on the 34th large board, remaining blocks count: 65
Utilization of the 34th large board: 98.71086401504972, Time taken for this board: 31.141000000000002s
-------------------------------------------------------------------
Start nesting on the 35th large board, remaining blocks count: 55
Utilization of the 35th large board: 97.52201518409031, Time taken for this board: 31.268s
-------------------------------------------------------------------
Start nesting on the 36th large board, remaining blocks count: 46
Utilization of the 36th large board: 97.01975275463585, Time taken for this board: 31.362000000000002s
-------------------------------------------------------------------
Start nesting on the 37th large board, remaining blocks count: 32
Utilization of the 37th large board: 92.33814834721848, Time taken for this board: 31.383s
-------------------------------------------------------------------
Start nesting on the 38th large board, remaining blocks count: 28
Utilization of the 38th large board: 91.98051599032519, Time taken for this board: 31.395s
-------------------------------------------------------------------
Start nesting on the 39th large board, remaining blocks count: 26
Utilization of the 39th large board: 91.61831496909433, Time taken for this board: 31.407s
-------------------------------------------------------------------
Start nesting on the 40th large board, remaining blocks count: 22
Utilization of the 40th large board: 87.35286213383499, Time taken for this board: 31.42s
-------------------------------------------------------------------
Start nesting on the 41th large board, remaining blocks count: 18
Utilization of the 41th large board: 86.15184090298307, Time taken for this board: 31.433s
-------------------------------------------------------------------
Start nesting on the 42th large board, remaining blocks count: 16
Utilization of the 42th large board: 85.75819672131148, Time taken for this board: 31.438000000000002s
-------------------------------------------------------------------
Start nesting on the 43th large board, remaining blocks count: 12
Utilization of the 43th large board: 85.4512227895727, Time taken for this board: 31.443s
-------------------------------------------------------------------
Start nesting on the 44th large board, remaining blocks count: 8
Utilization of the 44th large board: 73.90271432410643, Time taken for this board: 31.443s
-------------------------------------------------------------------
Start nesting on the 45th large board, remaining blocks count: 4
Utilization of the 45th large board: 42.14915345337275, Time taken for this board: 31.443s
-------------------------------------------------------------------
Found solution: 45


Start improving solution by repacking.
Selecting boards with low utilization for repacking...
iter4		 Improve solution by repack 0.4214915345337275->0.4137933351249664 , unplacedBoxesSize:7
currentRepackCostTime:0.08600000000000001s , currentRepackMaxTime:282.2219436008677s
iter2		 Improve solution by repack 0.4137933351249664->0.39989250201558724 , unplacedBoxesSize:5
currentRepackCostTime:0.11800000000000001s , currentRepackMaxTime:282.2219436008677s
iter2		 Improve solution by repack 0.39989250201558724->0.35004568664337543 , unplacedBoxesSize:4
currentRepackCostTime:0.16s , currentRepackMaxTime:282.2219436008677s
iter11		 Improve solution by repack 0.35004568664337543->0.31690674549852194 , unplacedBoxesSize:3
currentRepackCostTime:0.325s , currentRepackMaxTime:282.2219436008677s
iter8		 Improve solution by repack 0.31690674549852194->0.31597957538296156 , unplacedBoxesSize:3
currentRepackCostTime:0.446s , currentRepackMaxTime:282.2219436008677s
iter9		 Improve solution by repack 0.31597957538296156->0.31239989250201555 , unplacedBoxesSize:3
currentRepackCostTime:0.634s , currentRepackMaxTime:282.2219436008677s
iter4		 Improve solution by repack 0.31239989250201555->0.3098159097016931 , unplacedBoxesSize:2
currentRepackCostTime:0.705s , currentRepackMaxTime:282.2219436008677s
iter4		 Improve solution by repack 0.3098159097016931->0.26474099704380544 , unplacedBoxesSize:3
currentRepackCostTime:0.763s , currentRepackMaxTime:282.2219436008677s
iter2		 Improve solution by repack 0.26474099704380544->0.2313430529427573 , unplacedBoxesSize:2
currentRepackCostTime:0.799s , currentRepackMaxTime:282.2219436008677s
iter6		 Improve solution by repack 0.2313430529427573->0.15900967481859715 , unplacedBoxesSize:1
currentRepackCostTime:0.92s , currentRepackMaxTime:282.2219436008677s
iter8		 Improve solution by repack 0.15900967481859715->0.14943664337543672 , unplacedBoxesSize:1
currentRepackCostTime:1.043s , currentRepackMaxTime:282.2219436008677s
iter21		 Improve solution by repack 0.14943664337543672->0.14830287557108304 , unplacedBoxesSize:2
currentRepackCostTime:1.306s , currentRepackMaxTime:282.2219436008677s
iter29		 Improve solution by repack 0.14830287557108304->0.14694840096748185 , unplacedBoxesSize:2
currentRepackCostTime:1.803s , currentRepackMaxTime:282.2219436008677s
iter10		 Improve solution by repack 0.14694840096748185->0.14011925557645794 , unplacedBoxesSize:3
currentRepackCostTime:2.107s , currentRepackMaxTime:282.2219436008677s
iter2		 Improve solution by repack 0.14011925557645794->0.1068462778822897 , unplacedBoxesSize:1
currentRepackCostTime:2.146s , currentRepackMaxTime:282.2219436008677s
iter13		 Improve solution by repack 0.1068462778822897->0.10662456328943833 , unplacedBoxesSize:1
currentRepackCostTime:2.323s , currentRepackMaxTime:282.2219436008677s
iter5		 Improve solution by repack 0.10662456328943833->0.10102123085192152 , unplacedBoxesSize:1
currentRepackCostTime:2.402s , currentRepackMaxTime:282.2219436008677s
iter67		 Improve solution by repack 0.10102123085192152->0.07310333243751681 , unplacedBoxesSize:2
currentRepackCostTime:3.436s , currentRepackMaxTime:282.2219436008677s
iter3		 Improve solution by repack 0.07310333243751681->0.06917696855683957 , unplacedBoxesSize:2
currentRepackCostTime:3.471s , currentRepackMaxTime:282.2219436008677s
iter5		 Improve solution by repack 0.06917696855683957->0.05403587745229777 , unplacedBoxesSize:1
currentRepackCostTime:3.571s , currentRepackMaxTime:282.2219436008677s
iter10		 Improve solution by repack 0.05403587745229777->0.014603601182477829 , unplacedBoxesSize:1
currentRepackCostTime:3.747s , currentRepackMaxTime:282.2219436008677s
iter15		 Improve solution by repack 0.014603601182477829->0.0 , unplacedBoxesSize:0
currentRepackCostTime:3.98s , currentRepackMaxTime:282.2219436008677s
Improved success.
Found solution 44
Start improving solution by repacking.
Selecting boards with low utilization for repacking...
iter34		 Improve solution by repack 0.9161831496909434->0.9128453372749261 , unplacedBoxesSize:7
currentRepackCostTime:0.611s , currentRepackMaxTime:278.24194360086767s
iter4		 Improve solution by repack 0.9128453372749261->0.9038662321956463 , unplacedBoxesSize:8
currentRepackCostTime:0.709s , currentRepackMaxTime:278.24194360086767s
iter4		 Improve solution by repack 0.9038662321956463->0.8969668771835528 , unplacedBoxesSize:8
currentRepackCostTime:0.764s , currentRepackMaxTime:278.24194360086767s
iter5		 Improve solution by repack 0.8969668771835528->0.8798172534264983 , unplacedBoxesSize:9
currentRepackCostTime:0.859s , currentRepackMaxTime:278.24194360086767s
iter12		 Improve solution by repack 0.8798172534264983->0.8743993550120935 , unplacedBoxesSize:10
currentRepackCostTime:1.122s , currentRepackMaxTime:278.24194360086767s
iter3		 Improve solution by repack 0.8743993550120935->0.8642418032786885 , unplacedBoxesSize:9
currentRepackCostTime:1.179s , currentRepackMaxTime:278.24194360086767s
iter1		 Improve solution by repack 0.8642418032786885->0.8591356490190809 , unplacedBoxesSize:9
currentRepackCostTime:1.191s , currentRepackMaxTime:278.24194360086767s
iter12		 Improve solution by repack 0.8591356490190809->0.8533079145391024 , unplacedBoxesSize:8
currentRepackCostTime:1.462s , currentRepackMaxTime:278.24194360086767s
iter1		 Improve solution by repack 0.8533079145391024->0.8486126041386723 , unplacedBoxesSize:9
currentRepackCostTime:1.491s , currentRepackMaxTime:278.24194360086767s
iter2		 Improve solution by repack 0.8486126041386723->0.8374509540446116 , unplacedBoxesSize:12
currentRepackCostTime:1.545s , currentRepackMaxTime:278.24194360086767s
iter5		 Improve solution by repack 0.8374509540446116->0.8156208008599839 , unplacedBoxesSize:7
currentRepackCostTime:1.6620000000000001s , currentRepackMaxTime:278.24194360086767s
iter54		 Improve solution by repack 0.8156208008599839->0.8009120532115023 , unplacedBoxesSize:8
currentRepackCostTime:2.664s , currentRepackMaxTime:278.24194360086767s
iter4		 Improve solution by repack 0.8009120532115023->0.7978782585326525 , unplacedBoxesSize:8
currentRepackCostTime:2.705s , currentRepackMaxTime:278.24194360086767s
iter48		 Improve solution by repack 0.7978782585326525->0.7944221983337812 , unplacedBoxesSize:8
currentRepackCostTime:3.614s , currentRepackMaxTime:278.24194360086767s
iter15		 Improve solution by repack 0.7944221983337812->0.7905008734211233 , unplacedBoxesSize:8
currentRepackCostTime:3.895s , currentRepackMaxTime:278.24194360086767s
iter30		 Improve solution by repack 0.7905008734211233->0.7857991803278689 , unplacedBoxesSize:12
currentRepackCostTime:4.602s , currentRepackMaxTime:278.24194360086767s
iter17		 Improve solution by repack 0.7857991803278689->0.7833150859983876 , unplacedBoxesSize:12
currentRepackCostTime:5.058s , currentRepackMaxTime:278.24194360086767s
iter5		 Improve solution by repack 0.7833150859983876->0.7829079373824241 , unplacedBoxesSize:10
currentRepackCostTime:5.203s , currentRepackMaxTime:278.24194360086767s
iter12		 Improve solution by repack 0.7829079373824241->0.7823673071754905 , unplacedBoxesSize:11
currentRepackCostTime:5.523s , currentRepackMaxTime:278.24194360086767s
iter40		 Improve solution by repack 0.7823673071754905->0.7808421795216339 , unplacedBoxesSize:10
currentRepackCostTime:6.514s , currentRepackMaxTime:278.24194360086767s
iter12		 Improve solution by repack 0.7808421795216339->0.7742021633969364 , unplacedBoxesSize:10
currentRepackCostTime:6.773000000000001s , currentRepackMaxTime:278.24194360086767s
iter9		 Improve solution by repack 0.7742021633969364->0.7695169309325449 , unplacedBoxesSize:9
currentRepackCostTime:6.961s , currentRepackMaxTime:278.24194360086767s
iter5		 Improve solution by repack 0.7695169309325449->0.7535084654662726 , unplacedBoxesSize:9
currentRepackCostTime:7.067s , currentRepackMaxTime:278.24194360086767s
iter2		 Improve solution by repack 0.7535084654662726->0.7512563826928245 , unplacedBoxesSize:11
currentRepackCostTime:7.1370000000000005s , currentRepackMaxTime:278.24194360086767s
iter7		 Improve solution by repack 0.7512563826928245->0.7450705455522708 , unplacedBoxesSize:14
currentRepackCostTime:7.303s , currentRepackMaxTime:278.24194360086767s
iter9		 Improve solution by repack 0.7450705455522708->0.7371042730448805 , unplacedBoxesSize:14
currentRepackCostTime:7.59s , currentRepackMaxTime:278.24194360086767s
iter8		 Improve solution by repack 0.7371042730448805->0.7296633969363076 , unplacedBoxesSize:12
currentRepackCostTime:7.813s , currentRepackMaxTime:278.24194360086767s
iter11		 Improve solution by repack 0.7296633969363076->0.7249650631550658 , unplacedBoxesSize:13
currentRepackCostTime:8.107s , currentRepackMaxTime:278.24194360086767s
iter2		 Improve solution by repack 0.7249650631550658->0.7217750604676162 , unplacedBoxesSize:11
currentRepackCostTime:8.16s , currentRepackMaxTime:278.24194360086767s
iter13		 Improve solution by repack 0.7217750604676162->0.7207719699005644 , unplacedBoxesSize:10
currentRepackCostTime:8.502s , currentRepackMaxTime:278.24194360086767s
iter46		 Improve solution by repack 0.7207719699005644->0.7128594463853803 , unplacedBoxesSize:9
currentRepackCostTime:9.68s , currentRepackMaxTime:278.24194360086767s
iter9		 Improve solution by repack 0.7128594463853803->0.7056772373018007 , unplacedBoxesSize:9
currentRepackCostTime:9.901s , currentRepackMaxTime:278.24194360086767s
iter2		 Improve solution by repack 0.7056772373018007->0.7034130610051063 , unplacedBoxesSize:8
currentRepackCostTime:9.947000000000001s , currentRepackMaxTime:278.24194360086767s
iter5		 Improve solution by repack 0.7034130610051063->0.7013511152915882 , unplacedBoxesSize:8
currentRepackCostTime:10.096s , currentRepackMaxTime:278.24194360086767s
iter14		 Improve solution by repack 0.7013511152915882->0.7011636656812684 , unplacedBoxesSize:8
currentRepackCostTime:10.328s , currentRepackMaxTime:278.24194360086767s
iter62		 Improve solution by repack 0.7011636656812684->0.6992233270626175 , unplacedBoxesSize:7
currentRepackCostTime:11.645s , currentRepackMaxTime:278.24194360086767s
iter9		 Improve solution by repack 0.6992233270626175->0.698835662456329 , unplacedBoxesSize:9
currentRepackCostTime:11.799s , currentRepackMaxTime:278.24194360086767s
iter47		 Improve solution by repack 0.698835662456329->0.6988118113410374 , unplacedBoxesSize:9
currentRepackCostTime:12.8s , currentRepackMaxTime:278.24194360086767s
iter32		 Improve solution by repack 0.6988118113410374->0.690470303681806 , unplacedBoxesSize:8
currentRepackCostTime:13.494s , currentRepackMaxTime:278.24194360086767s
iter10		 Improve solution by repack 0.690470303681806->0.6773353937113679 , unplacedBoxesSize:7
currentRepackCostTime:13.725s , currentRepackMaxTime:278.24194360086767s
iter12		 Improve solution by repack 0.6773353937113679->0.6765855952700888 , unplacedBoxesSize:7
currentRepackCostTime:13.932s , currentRepackMaxTime:278.24194360086767s
iter59		 Improve solution by repack 0.6765855952700888->0.6719013705993012 , unplacedBoxesSize:7
currentRepackCostTime:15.074s , currentRepackMaxTime:278.24194360086767s
iter64		 Improve solution by repack 0.6719013705993012->0.6708586401504971 , unplacedBoxesSize:7
currentRepackCostTime:16.162s , currentRepackMaxTime:278.24194360086767s
iter13		 Improve solution by repack 0.6708586401504971->0.6704635850577803 , unplacedBoxesSize:9
currentRepackCostTime:16.392s , currentRepackMaxTime:278.24194360086767s
iter228		 Improve solution by repack 0.6704635850577803->0.664486697124429 , unplacedBoxesSize:8
currentRepackCostTime:22.003s , currentRepackMaxTime:278.24194360086767s
iter239		 Improve solution by repack 0.664486697124429->0.6606732061273851 , unplacedBoxesSize:9
currentRepackCostTime:27.245s , currentRepackMaxTime:278.24194360086767s
iter85		 Improve solution by repack 0.6606732061273851->0.6564928782585326 , unplacedBoxesSize:11
currentRepackCostTime:29.241s , currentRepackMaxTime:278.24194360086767s
iter2		 Improve solution by repack 0.6564928782585326->0.6561730717549046 , unplacedBoxesSize:10
currentRepackCostTime:29.316s , currentRepackMaxTime:278.24194360086767s
iter8		 Improve solution by repack 0.6561730717549046->0.6465079951625907 , unplacedBoxesSize:13
currentRepackCostTime:29.552s , currentRepackMaxTime:278.24194360086767s
iter3		 Improve solution by repack 0.6465079951625907->0.6357403923676431 , unplacedBoxesSize:11
currentRepackCostTime:29.642s , currentRepackMaxTime:278.24194360086767s
iter30		 Improve solution by repack 0.6357403923676431->0.6352660575114216 , unplacedBoxesSize:11
currentRepackCostTime:30.433s , currentRepackMaxTime:278.24194360086767s
iter63		 Improve solution by repack 0.6352660575114216->0.6337180865358775 , unplacedBoxesSize:10
currentRepackCostTime:32.077s , currentRepackMaxTime:278.24194360086767s
iter8		 Improve solution by repack 0.6337180865358775->0.6318361999462511 , unplacedBoxesSize:12
currentRepackCostTime:32.27s , currentRepackMaxTime:278.24194360086767s
iter12		 Improve solution by repack 0.6318361999462511->0.6314814565976887 , unplacedBoxesSize:12
currentRepackCostTime:32.602000000000004s , currentRepackMaxTime:278.24194360086767s
iter15		 Improve solution by repack 0.6314814565976887->0.6309177640419242 , unplacedBoxesSize:12
currentRepackCostTime:33.008s , currentRepackMaxTime:278.24194360086767s
iter1		 Improve solution by repack 0.6309177640419242->0.6249553211502284 , unplacedBoxesSize:11
currentRepackCostTime:33.038000000000004s , currentRepackMaxTime:278.24194360086767s
iter51		 Improve solution by repack 0.6249553211502284->0.6230993012631013 , unplacedBoxesSize:14
currentRepackCostTime:34.329s , currentRepackMaxTime:278.24194360086767s
iter14		 Improve solution by repack 0.6230993012631013->0.6121435769954313 , unplacedBoxesSize:10
currentRepackCostTime:34.929s , currentRepackMaxTime:278.24194360086767s
iter8		 Improve solution by repack 0.6121435769954313->0.6118872614888471 , unplacedBoxesSize:9
currentRepackCostTime:35.13s , currentRepackMaxTime:278.24194360086767s
iter1		 Improve solution by repack 0.6118872614888471->0.6088504434291857 , unplacedBoxesSize:10
currentRepackCostTime:35.166000000000004s , currentRepackMaxTime:278.24194360086767s
iter21		 Improve solution by repack 0.6088504434291857->0.6023175893576995 , unplacedBoxesSize:9
currentRepackCostTime:35.699s , currentRepackMaxTime:278.24194360086767s
iter482		 Improve solution by repack 0.6023175893576995->0.6009681537221178 , unplacedBoxesSize:9
currentRepackCostTime:47.62s , currentRepackMaxTime:278.24194360086767s
iter160		 Improve solution by repack 0.6009681537221178->0.5980099435635582 , unplacedBoxesSize:9
currentRepackCostTime:51.393s , currentRepackMaxTime:278.24194360086767s
iter33		 Improve solution by repack 0.5980099435635582->0.5966326256382692 , unplacedBoxesSize:9
currentRepackCostTime:52.249s , currentRepackMaxTime:278.24194360086767s
iter11		 Improve solution by repack 0.5966326256382692->0.5932343456060198 , unplacedBoxesSize:8
currentRepackCostTime:52.569s , currentRepackMaxTime:278.24194360086767s
iter144		 Improve solution by repack 0.5932343456060198->0.5931980650362806 , unplacedBoxesSize:8
currentRepackCostTime:55.828s , currentRepackMaxTime:278.24194360086767s
iter132		 Improve solution by repack 0.5931980650362806->0.5916830153184628 , unplacedBoxesSize:8
currentRepackCostTime:58.691s , currentRepackMaxTime:278.24194360086767s
iter666		 Improve solution by repack 0.5916830153184628->0.5859312012899759 , unplacedBoxesSize:7
currentRepackCostTime:74.236s , currentRepackMaxTime:278.24194360086767s
iter92		 Improve solution by repack 0.5859312012899759->0.5836468691212039 , unplacedBoxesSize:7
currentRepackCostTime:76.408s , currentRepackMaxTime:278.24194360086767s
Selecting boards with low utilization for repacking...
iter5		 Improve solution by repack 0.9721633969363075->0.5945726955119591 , unplacedBoxesSize:8
currentRepackCostTime:98.605s , currentRepackMaxTime:278.24194360086767s
iter10		 Improve solution by repack 0.5945726955119591->0.5932605482397205 , unplacedBoxesSize:8
currentRepackCostTime:98.818s , currentRepackMaxTime:278.24194360086767s
iter12		 Improve solution by repack 0.5932605482397205->0.5893869255576458 , unplacedBoxesSize:11
currentRepackCostTime:99.135s , currentRepackMaxTime:278.24194360086767s
iter6		 Improve solution by repack 0.5893869255576458->0.5841867105616769 , unplacedBoxesSize:10
currentRepackCostTime:99.315s , currentRepackMaxTime:278.24194360086767s
iter6		 Improve solution by repack 0.5841867105616769->0.5830589895189465 , unplacedBoxesSize:10
currentRepackCostTime:99.456s , currentRepackMaxTime:278.24194360086767s
iter94		 Improve solution by repack 0.5830589895189465->0.5815372211771029 , unplacedBoxesSize:9
currentRepackCostTime:101.991s , currentRepackMaxTime:278.24194360086767s
iter4		 Improve solution by repack 0.5815372211771029->0.5809768879333512 , unplacedBoxesSize:10
currentRepackCostTime:102.07600000000001s , currentRepackMaxTime:278.24194360086767s
iter6		 Improve solution by repack 0.5809768879333512->0.5799059392636388 , unplacedBoxesSize:11
currentRepackCostTime:102.21900000000001s , currentRepackMaxTime:278.24194360086767s
iter20		 Improve solution by repack 0.5799059392636388->0.5798374092985756 , unplacedBoxesSize:10
currentRepackCostTime:102.764s , currentRepackMaxTime:278.24194360086767s
iter53		 Improve solution by repack 0.5798374092985756->0.579435971513034 , unplacedBoxesSize:9
currentRepackCostTime:103.982s , currentRepackMaxTime:278.24194360086767s
iter123		 Improve solution by repack 0.579435971513034->0.5790563692555765 , unplacedBoxesSize:8
currentRepackCostTime:106.96300000000001s , currentRepackMaxTime:278.24194360086767s
iter231		 Improve solution by repack 0.5790563692555765->0.5764629803816178 , unplacedBoxesSize:9
currentRepackCostTime:112.367s , currentRepackMaxTime:278.24194360086767s
iter95		 Improve solution by repack 0.5764629803816178->0.5756271835528084 , unplacedBoxesSize:8
currentRepackCostTime:114.801s , currentRepackMaxTime:278.24194360086767s
iter34		 Improve solution by repack 0.5756271835528084->0.5739119188390217 , unplacedBoxesSize:9
currentRepackCostTime:115.59100000000001s , currentRepackMaxTime:278.24194360086767s
iter53		 Improve solution by repack 0.5739119188390217->0.573724469228702 , unplacedBoxesSize:9
currentRepackCostTime:116.894s , currentRepackMaxTime:278.24194360086767s
iter65		 Improve solution by repack 0.573724469228702->0.5727008868583714 , unplacedBoxesSize:10
currentRepackCostTime:118.605s , currentRepackMaxTime:278.24194360086767s
iter2		 Improve solution by repack 0.5727008868583714->0.5717740526740124 , unplacedBoxesSize:8
currentRepackCostTime:118.66s , currentRepackMaxTime:278.24194360086767s
iter14		 Improve solution by repack 0.5717740526740124->0.5712170787422736 , unplacedBoxesSize:8
currentRepackCostTime:118.931s , currentRepackMaxTime:278.24194360086767s
iter352		 Improve solution by repack 0.5712170787422736->0.5701189196452566 , unplacedBoxesSize:9
currentRepackCostTime:127.05s , currentRepackMaxTime:278.24194360086767s
iter245		 Improve solution by repack 0.5701189196452566->0.5700298978769148 , unplacedBoxesSize:8
currentRepackCostTime:133.005s , currentRepackMaxTime:278.24194360086767s
iter456		 Improve solution by repack 0.5700298978769148->0.5688464122547703 , unplacedBoxesSize:10
currentRepackCostTime:144.237s , currentRepackMaxTime:278.24194360086767s
iter85		 Improve solution by repack 0.5688464122547703->0.568790647675356 , unplacedBoxesSize:10
currentRepackCostTime:146.641s , currentRepackMaxTime:278.24194360086767s
iter27		 Improve solution by repack 0.568790647675356->0.5670451491534534 , unplacedBoxesSize:10
currentRepackCostTime:147.255s , currentRepackMaxTime:278.24194360086767s
iter96		 Improve solution by repack 0.5670451491534534->0.562807041117979 , unplacedBoxesSize:13
currentRepackCostTime:149.566s , currentRepackMaxTime:278.24194360086767s
iter10		 Improve solution by repack 0.562807041117979->0.5580085998387531 , unplacedBoxesSize:11
currentRepackCostTime:149.841s , currentRepackMaxTime:278.24194360086767s
iter66		 Improve solution by repack 0.5580085998387531->0.5578607901101854 , unplacedBoxesSize:11
currentRepackCostTime:151.638s , currentRepackMaxTime:278.24194360086767s
iter70		 Improve solution by repack 0.5578607901101854->0.5572934023112067 , unplacedBoxesSize:9
currentRepackCostTime:153.685s , currentRepackMaxTime:278.24194360086767s
iter151		 Improve solution by repack 0.5572934023112067->0.556647406611126 , unplacedBoxesSize:9
currentRepackCostTime:157.618s , currentRepackMaxTime:278.24194360086767s
iter6		 Improve solution by repack 0.556647406611126->0.5561377989787691 , unplacedBoxesSize:12
currentRepackCostTime:157.784s , currentRepackMaxTime:278.24194360086767s
iter4		 Improve solution by repack 0.5561377989787691->0.5549005643644181 , unplacedBoxesSize:12
currentRepackCostTime:157.913s , currentRepackMaxTime:278.24194360086767s
iter102		 Improve solution by repack 0.5549005643644181->0.5536079011018543 , unplacedBoxesSize:12
currentRepackCostTime:161.266s , currentRepackMaxTime:278.24194360086767s
iter321		 Improve solution by repack 0.5536079011018543->0.5502983069067455 , unplacedBoxesSize:11
currentRepackCostTime:171.554s , currentRepackMaxTime:278.24194360086767s
iter77		 Improve solution by repack 0.5502983069067455->0.5493160440741737 , unplacedBoxesSize:11
currentRepackCostTime:173.824s , currentRepackMaxTime:278.24194360086767s
iter171		 Improve solution by repack 0.5493160440741737->0.5476484815909701 , unplacedBoxesSize:11
currentRepackCostTime:178.58100000000002s , currentRepackMaxTime:278.24194360086767s
iter4		 Improve solution by repack 0.5476484815909701->0.5465298306906745 , unplacedBoxesSize:12
currentRepackCostTime:178.71s , currentRepackMaxTime:278.24194360086767s
iter85		 Improve solution by repack 0.5465298306906745->0.5436982665950013 , unplacedBoxesSize:13
currentRepackCostTime:181.51500000000001s , currentRepackMaxTime:278.24194360086767s
iter12		 Improve solution by repack 0.5436982665950013->0.5422389814565977 , unplacedBoxesSize:13
currentRepackCostTime:181.891s , currentRepackMaxTime:278.24194360086767s
iter11		 Improve solution by repack 0.5422389814565977->0.540477358237033 , unplacedBoxesSize:12
currentRepackCostTime:182.21800000000002s , currentRepackMaxTime:278.24194360086767s
iter167		 Improve solution by repack 0.540477358237033->0.5403759070142435 , unplacedBoxesSize:12
currentRepackCostTime:187.594s , currentRepackMaxTime:278.24194360086767s
iter67		 Improve solution by repack 0.5403759070142435->0.5401098495028218 , unplacedBoxesSize:13
currentRepackCostTime:189.547s , currentRepackMaxTime:278.24194360086767s
iter7		 Improve solution by repack 0.5401098495028218->0.5372611529158828 , unplacedBoxesSize:12
currentRepackCostTime:189.749s , currentRepackMaxTime:278.24194360086767s
iter5		 Improve solution by repack 0.5372611529158828->0.5365876108572964 , unplacedBoxesSize:10
currentRepackCostTime:189.9s , currentRepackMaxTime:278.24194360086767s
iter28		 Improve solution by repack 0.5365876108572964->0.534416151572158 , unplacedBoxesSize:9
currentRepackCostTime:190.689s , currentRepackMaxTime:278.24194360086767s
iter222		 Improve solution by repack 0.534416151572158->0.5337728433216877 , unplacedBoxesSize:6
currentRepackCostTime:196.35s , currentRepackMaxTime:278.24194360086767s
iter11		 Improve solution by repack 0.5337728433216877->0.5335192152647138 , unplacedBoxesSize:6
currentRepackCostTime:196.61s , currentRepackMaxTime:278.24194360086767s
iter56		 Improve solution by repack 0.5335192152647138->0.5333714055361463 , unplacedBoxesSize:6
currentRepackCostTime:197.675s , currentRepackMaxTime:278.24194360086767s
iter294		 Improve solution by repack 0.5333714055361463->0.5310951357162054 , unplacedBoxesSize:6
currentRepackCostTime:203.638s , currentRepackMaxTime:278.24194360086767s
iter162		 Improve solution by repack 0.5310951357162054->0.528122144584789 , unplacedBoxesSize:6
currentRepackCostTime:207.27s , currentRepackMaxTime:278.24194360086767s
iter446		 Improve solution by repack 0.528122144584789->0.5269571351787155 , unplacedBoxesSize:6
currentRepackCostTime:216.75900000000001s , currentRepackMaxTime:278.24194360086767s
Selecting boards with low utilization for repacking...
iter55		 Improve solution by repack 0.9760101451222789->0.5754612335393712 , unplacedBoxesSize:11
currentRepackCostTime:239.72400000000002s , currentRepackMaxTime:278.24194360086767s
iter17		 Improve solution by repack 0.5754612335393712->0.5748370733673743 , unplacedBoxesSize:11
currentRepackCostTime:240.204s , currentRepackMaxTime:278.24194360086767s
iter42		 Improve solution by repack 0.5748370733673743->0.5567401236226821 , unplacedBoxesSize:11
currentRepackCostTime:241.471s , currentRepackMaxTime:278.24194360086767s
iter128		 Improve solution by repack 0.5567401236226821->0.5556984009674819 , unplacedBoxesSize:12
currentRepackCostTime:244.959s , currentRepackMaxTime:278.24194360086767s
iter85		 Improve solution by repack 0.5556984009674819->0.5505647003493684 , unplacedBoxesSize:13
currentRepackCostTime:247.63s , currentRepackMaxTime:278.24194360086767s
iter22		 Improve solution by repack 0.5505647003493684->0.5505391695780704 , unplacedBoxesSize:13
currentRepackCostTime:248.357s , currentRepackMaxTime:278.24194360086767s
iter35		 Improve solution by repack 0.5505391695780704->0.5472813087879602 , unplacedBoxesSize:10
currentRepackCostTime:249.519s , currentRepackMaxTime:278.24194360086767s
iter61		 Improve solution by repack 0.5472813087879602->0.5417505374899221 , unplacedBoxesSize:10
currentRepackCostTime:251.07s , currentRepackMaxTime:278.24194360086767s
iter69		 Improve solution by repack 0.5417505374899221->0.5321902714324106 , unplacedBoxesSize:10
currentRepackCostTime:253.13s , currentRepackMaxTime:278.24194360086767s
iter183		 Improve solution by repack 0.5321902714324106->0.5231654797097555 , unplacedBoxesSize:8
currentRepackCostTime:258.606s , currentRepackMaxTime:278.24194360086767s
iter261		 Improve solution by repack 0.5231654797097555->0.5207336737436172 , unplacedBoxesSize:8
currentRepackCostTime:265.313s , currentRepackMaxTime:278.24194360086767s
iter121		 Improve solution by repack 0.5207336737436172->0.5188957941413599 , unplacedBoxesSize:7
currentRepackCostTime:268.177s , currentRepackMaxTime:278.24194360086767s
iter130		 Improve solution by repack 0.5188957941413599->0.5187852727761354 , unplacedBoxesSize:7
currentRepackCostTime:271.098s , currentRepackMaxTime:278.24194360086767s
iter181		 Improve solution by repack 0.5187852727761354->0.5177865493147004 , unplacedBoxesSize:9
currentRepackCostTime:275.107s , currentRepackMaxTime:278.24194360086767s
iter27		 Improve solution by repack 0.5177865493147004->0.5157020962106961 , unplacedBoxesSize:11
currentRepackCostTime:275.879s , currentRepackMaxTime:278.24194360086767s
iter74		 Improve solution by repack 0.5157020962106961->0.5154951625907014 , unplacedBoxesSize:11
currentRepackCostTime:278.148s , currentRepackMaxTime:278.24194360086767s
Processing color group: 1 (2/2), boxes: 440
Allocated time: 286.3s
searchTime: 1000
Start nesting on the 1th large board, remaining blocks count: 209
Utilization of the 1th large board: 94.32306275194841, Time taken for this board: 1.002s
-------------------------------------------------------------------
Start nesting on the 2th large board, remaining blocks count: 209
Utilization of the 2th large board: 94.32306275194841, Time taken for this board: 2.004s
-------------------------------------------------------------------
Start nesting on the 3th large board, remaining blocks count: 207
Utilization of the 3th large board: 92.6847621607095, Time taken for this board: 3.0060000000000002s
-------------------------------------------------------------------
Start nesting on the 4th large board, remaining blocks count: 207
Utilization of the 4th large board: 92.6847621607095, Time taken for this board: 4.006s
-------------------------------------------------------------------
Start nesting on the 5th large board, remaining blocks count: 206
Utilization of the 5th large board: 97.16964297231927, Time taken for this board: 5.007s
-------------------------------------------------------------------
Start nesting on the 6th large board, remaining blocks count: 206
Utilization of the 6th large board: 97.16964297231927, Time taken for this board: 6.008s
-------------------------------------------------------------------
Start nesting on the 7th large board, remaining blocks count: 202
Utilization of the 7th large board: 93.19349408761084, Time taken for this board: 7.009s
-------------------------------------------------------------------
Start nesting on the 8th large board, remaining blocks count: 202
Utilization of the 8th large board: 93.19349408761084, Time taken for this board: 8.01s
-------------------------------------------------------------------
Start nesting on the 9th large board, remaining blocks count: 200
Utilization of the 9th large board: 94.31577532921257, Time taken for this board: 9.01s
-------------------------------------------------------------------
Start nesting on the 10th large board, remaining blocks count: 200
Utilization of the 10th large board: 94.31577532921257, Time taken for this board: 10.011000000000001s
-------------------------------------------------------------------
Start nesting on the 11th large board, remaining blocks count: 198
Utilization of the 11th large board: 92.13779897876914, Time taken for this board: 11.011000000000001s
-------------------------------------------------------------------
Start nesting on the 12th large board, remaining blocks count: 198
Utilization of the 12th large board: 92.13779897876914, Time taken for this board: 12.011000000000001s
-------------------------------------------------------------------
Start nesting on the 13th large board, remaining blocks count: 198
Utilization of the 13th large board: 92.13779897876914, Time taken for this board: 13.011000000000001s
-------------------------------------------------------------------
Start nesting on the 14th large board, remaining blocks count: 198
Utilization of the 14th large board: 92.13779897876914, Time taken for this board: 14.012s
-------------------------------------------------------------------
Start nesting on the 15th large board, remaining blocks count: 197
Utilization of the 15th large board: 93.46198938457404, Time taken for this board: 15.012s
-------------------------------------------------------------------
Start nesting on the 16th large board, remaining blocks count: 195
Utilization of the 16th large board: 89.02492609513573, Time taken for this board: 15.996s
-------------------------------------------------------------------
Start nesting on the 17th large board, remaining blocks count: 194
Utilization of the 17th large board: 90.28970706799247, Time taken for this board: 16.996s
-------------------------------------------------------------------
Start nesting on the 18th large board, remaining blocks count: 194
Utilization of the 18th large board: 90.28970706799247, Time taken for this board: 17.996s
-------------------------------------------------------------------
Start nesting on the 19th large board, remaining blocks count: 192
Utilization of the 19th large board: 90.20871405536147, Time taken for this board: 18.996s
-------------------------------------------------------------------
Start nesting on the 20th large board, remaining blocks count: 191
Utilization of the 20th large board: 90.64957336737436, Time taken for this board: 19.996s
-------------------------------------------------------------------
Start nesting on the 21th large board, remaining blocks count: 191
Utilization of the 21th large board: 90.64957336737436, Time taken for this board: 20.997s
-------------------------------------------------------------------
Start nesting on the 22th large board, remaining blocks count: 189
Utilization of the 22th large board: 90.34021432410643, Time taken for this board: 21.997s
-------------------------------------------------------------------
Start nesting on the 23th large board, remaining blocks count: 187
Utilization of the 23th large board: 95.60897608169847, Time taken for this board: 22.997s
-------------------------------------------------------------------
Start nesting on the 24th large board, remaining blocks count: 183
Utilization of the 24th large board: 95.15278151034667, Time taken for this board: 23.997s
-------------------------------------------------------------------
Start nesting on the 25th large board, remaining blocks count: 181
Utilization of the 25th large board: 94.89028486965869, Time taken for this board: 24.997s
-------------------------------------------------------------------
Start nesting on the 26th large board, remaining blocks count: 177
Utilization of the 26th large board: 94.70733673743618, Time taken for this board: 25.997s
-------------------------------------------------------------------
Start nesting on the 27th large board, remaining blocks count: 177
Utilization of the 27th large board: 94.70733673743618, Time taken for this board: 26.997s
-------------------------------------------------------------------
Start nesting on the 28th large board, remaining blocks count: 176
Utilization of the 28th large board: 96.59103735554957, Time taken for this board: 27.998s
-------------------------------------------------------------------
Start nesting on the 29th large board, remaining blocks count: 174
Utilization of the 29th large board: 95.43896130072562, Time taken for this board: 28.998s
-------------------------------------------------------------------
Start nesting on the 30th large board, remaining blocks count: 172
Utilization of the 30th large board: 95.23908223595808, Time taken for this board: 29.998s
-------------------------------------------------------------------
Start nesting on the 31th large board, remaining blocks count: 168
Utilization of the 31th large board: 95.20723595807578, Time taken for this board: 30.998s
-------------------------------------------------------------------
Start nesting on the 32th large board, remaining blocks count: 166
Utilization of the 32th large board: 94.73394248857835, Time taken for this board: 31.998s
-------------------------------------------------------------------
Start nesting on the 33th large board, remaining blocks count: 164
Utilization of the 33th large board: 94.59382558452029, Time taken for this board: 32.998s
-------------------------------------------------------------------
Start nesting on the 34th large board, remaining blocks count: 160
Utilization of the 34th large board: 94.49556570814296, Time taken for this board: 33.998s
-------------------------------------------------------------------
Start nesting on the 35th large board, remaining blocks count: 160
Utilization of the 35th large board: 94.49556570814296, Time taken for this board: 34.998s
-------------------------------------------------------------------
Start nesting on the 36th large board, remaining blocks count: 160
Utilization of the 36th large board: 94.49556570814296, Time taken for this board: 35.998s
-------------------------------------------------------------------
Start nesting on the 37th large board, remaining blocks count: 160
Utilization of the 37th large board: 94.49556570814296, Time taken for this board: 36.998s
-------------------------------------------------------------------
Start nesting on the 38th large board, remaining blocks count: 158
Utilization of the 38th large board: 94.40553614619726, Time taken for this board: 37.997s
-------------------------------------------------------------------
Start nesting on the 39th large board, remaining blocks count: 156
Utilization of the 39th large board: 94.21704514915345, Time taken for this board: 38.962s
-------------------------------------------------------------------
Start nesting on the 40th large board, remaining blocks count: 153
Utilization of the 40th large board: 89.4792730448804, Time taken for this board: 39.457s
-------------------------------------------------------------------
Start nesting on the 41th large board, remaining blocks count: 153
Utilization of the 41th large board: 89.4792730448804, Time taken for this board: 39.951s
-------------------------------------------------------------------
Start nesting on the 42th large board, remaining blocks count: 150
Utilization of the 42th large board: 99.01350443429186, Time taken for this board: 40.846000000000004s
-------------------------------------------------------------------
Start nesting on the 43th large board, remaining blocks count: 146
Utilization of the 43th large board: 98.94719161515721, Time taken for this board: 41.71s
-------------------------------------------------------------------
Start nesting on the 44th large board, remaining blocks count: 142
Utilization of the 44th large board: 99.19732598763773, Time taken for this board: 42.522s
-------------------------------------------------------------------
Start nesting on the 45th large board, remaining blocks count: 138
Utilization of the 45th large board: 99.00483740929857, Time taken for this board: 43.271s
-------------------------------------------------------------------
Start nesting on the 46th large board, remaining blocks count: 132
Utilization of the 46th large board: 98.7168771835528, Time taken for this board: 43.979s
-------------------------------------------------------------------
Start nesting on the 47th large board, remaining blocks count: 130
Utilization of the 47th large board: 98.67508734211233, Time taken for this board: 44.711s
-------------------------------------------------------------------
Start nesting on the 48th large board, remaining blocks count: 128
Utilization of the 48th large board: 98.9930462241333, Time taken for this board: 45.088s
-------------------------------------------------------------------
Start nesting on the 49th large board, remaining blocks count: 122
Utilization of the 49th large board: 99.08690540177372, Time taken for this board: 45.45s
-------------------------------------------------------------------
Start nesting on the 50th large board, remaining blocks count: 118
Utilization of the 50th large board: 98.60040983606558, Time taken for this board: 45.793s
-------------------------------------------------------------------
Start nesting on the 51th large board, remaining blocks count: 116
Utilization of the 51th large board: 98.47423407686105, Time taken for this board: 46.113s
-------------------------------------------------------------------
Start nesting on the 52th large board, remaining blocks count: 112
Utilization of the 52th large board: 98.41759607632356, Time taken for this board: 46.410000000000004s
-------------------------------------------------------------------
Start nesting on the 53th large board, remaining blocks count: 108
Utilization of the 53th large board: 98.39871674281108, Time taken for this board: 46.681000000000004s
-------------------------------------------------------------------
Start nesting on the 54th large board, remaining blocks count: 100
Utilization of the 54th large board: 98.50325853265251, Time taken for this board: 46.958s
-------------------------------------------------------------------
Start nesting on the 55th large board, remaining blocks count: 94
Utilization of the 55th large board: 97.60017468422465, Time taken for this board: 47.19s
-------------------------------------------------------------------
Start nesting on the 56th large board, remaining blocks count: 92
Utilization of the 56th large board: 97.43328406342381, Time taken for this board: 47.415s
-------------------------------------------------------------------
Start nesting on the 57th large board, remaining blocks count: 90
Utilization of the 57th large board: 97.3870599301263, Time taken for this board: 47.631s
-------------------------------------------------------------------
Start nesting on the 58th large board, remaining blocks count: 88
Utilization of the 58th large board: 97.86196586938995, Time taken for this board: 47.842s
-------------------------------------------------------------------
Start nesting on the 59th large board, remaining blocks count: 82
Utilization of the 59th large board: 97.3626041386724, Time taken for this board: 48.037s
-------------------------------------------------------------------
Start nesting on the 60th large board, remaining blocks count: 80
Utilization of the 60th large board: 98.38843724805159, Time taken for this board: 48.223s
-------------------------------------------------------------------
Start nesting on the 61th large board, remaining blocks count: 80
Utilization of the 61th large board: 97.6885917764042, Time taken for this board: 48.399s
-------------------------------------------------------------------
Start nesting on the 62th large board, remaining blocks count: 74
Utilization of the 62th large board: 97.4537758667025, Time taken for this board: 48.539s
-------------------------------------------------------------------
Start nesting on the 63th large board, remaining blocks count: 68
Utilization of the 63th large board: 95.50319134641225, Time taken for this board: 48.660000000000004s
-------------------------------------------------------------------
Start nesting on the 64th large board, remaining blocks count: 64
Utilization of the 64th large board: 95.26041386723999, Time taken for this board: 48.713s
-------------------------------------------------------------------
Start nesting on the 65th large board, remaining blocks count: 64
Utilization of the 65th large board: 95.03802741198602, Time taken for this board: 48.768s
-------------------------------------------------------------------
Start nesting on the 66th large board, remaining blocks count: 60
Utilization of the 66th large board: 94.93771835528084, Time taken for this board: 48.814s
-------------------------------------------------------------------
Start nesting on the 67th large board, remaining blocks count: 54
Utilization of the 67th large board: 94.24989922063962, Time taken for this board: 48.854s
-------------------------------------------------------------------
Start nesting on the 68th large board, remaining blocks count: 50
Utilization of the 68th large board: 95.98078473528622, Time taken for this board: 48.89s
-------------------------------------------------------------------
Start nesting on the 69th large board, remaining blocks count: 44
Utilization of the 69th large board: 93.78607901101854, Time taken for this board: 48.924s
-------------------------------------------------------------------
Start nesting on the 70th large board, remaining blocks count: 44
Utilization of the 70th large board: 93.78607901101854, Time taken for this board: 48.957s
-------------------------------------------------------------------
Start nesting on the 71th large board, remaining blocks count: 44
Utilization of the 71th large board: 93.58183284063425, Time taken for this board: 48.99s
-------------------------------------------------------------------
Start nesting on the 72th large board, remaining blocks count: 42
Utilization of the 72th large board: 93.36347755979575, Time taken for this board: 49.021s
-------------------------------------------------------------------
Start nesting on the 73th large board, remaining blocks count: 40
Utilization of the 73th large board: 94.44235420585863, Time taken for this board: 49.048s
-------------------------------------------------------------------
Start nesting on the 74th large board, remaining blocks count: 34
Utilization of the 74th large board: 92.23461435098092, Time taken for this board: 49.067s
-------------------------------------------------------------------
Start nesting on the 75th large board, remaining blocks count: 28
Utilization of the 75th large board: 91.12886320881482, Time taken for this board: 49.076s
-------------------------------------------------------------------
Start nesting on the 76th large board, remaining blocks count: 28
Utilization of the 76th large board: 91.12886320881482, Time taken for this board: 49.085s
-------------------------------------------------------------------
Start nesting on the 77th large board, remaining blocks count: 22
Utilization of the 77th large board: 91.46533190002688, Time taken for this board: 49.092s
-------------------------------------------------------------------
Start nesting on the 78th large board, remaining blocks count: 18
Utilization of the 78th large board: 91.24371808653589, Time taken for this board: 49.095s
-------------------------------------------------------------------
Start nesting on the 79th large board, remaining blocks count: 14
Utilization of the 79th large board: 89.93012631013168, Time taken for this board: 49.096000000000004s
-------------------------------------------------------------------
Start nesting on the 80th large board, remaining blocks count: 12
Utilization of the 80th large board: 88.26024590163935, Time taken for this board: 49.097s
-------------------------------------------------------------------
Start nesting on the 81th large board, remaining blocks count: 8
Utilization of the 81th large board: 69.03722117710292, Time taken for this board: 49.097s
-------------------------------------------------------------------
Start nesting on the 82th large board, remaining blocks count: 4
Utilization of the 82th large board: 51.85743079817254, Time taken for this board: 49.097s
-------------------------------------------------------------------
Start nesting on the 83th large board, remaining blocks count: 4
Utilization of the 83th large board: 45.8504434291857, Time taken for this board: 49.097s
-------------------------------------------------------------------
Found solution: 83


Start improving solution by repacking.
Selecting boards with low utilization for repacking...
iter87		 Improve solution by repack 0.45850443429185705->0.4501437785541521 , unplacedBoxesSize:3
currentRepackCostTime:0.18s , currentRepackMaxTime:237.23705639913234s
iter7		 Improve solution by repack 0.4501437785541521->0.4420881483472185 , unplacedBoxesSize:3
currentRepackCostTime:0.194s , currentRepackMaxTime:237.23705639913234s
iter11		 Improve solution by repack 0.4420881483472185->0.43468019349637194 , unplacedBoxesSize:3
currentRepackCostTime:0.217s , currentRepackMaxTime:237.23705639913234s
iter3		 Improve solution by repack 0.43468019349637194->0.40999193765116904 , unplacedBoxesSize:3
currentRepackCostTime:0.221s , currentRepackMaxTime:237.23705639913234s
iter2		 Improve solution by repack 0.40999193765116904->0.39526337006181134 , unplacedBoxesSize:3
currentRepackCostTime:0.224s , currentRepackMaxTime:237.23705639913234s
iter16		 Improve solution by repack 0.39526337006181134->0.1127882289707068 , unplacedBoxesSize:1
currentRepackCostTime:0.254s , currentRepackMaxTime:237.23705639913234s
iter4		 Improve solution by repack 0.1127882289707068->0.10778352593388874 , unplacedBoxesSize:1
currentRepackCostTime:0.261s , currentRepackMaxTime:237.23705639913234s
iter38		 Improve solution by repack 0.10778352593388874->0.1070337274926095 , unplacedBoxesSize:1
currentRepackCostTime:0.337s , currentRepackMaxTime:237.23705639913234s
iter93		 Improve solution by repack 0.1070337274926095->0.0 , unplacedBoxesSize:0
currentRepackCostTime:0.494s , currentRepackMaxTime:237.23705639913234s
Improved success.
Found solution 82
Start improving solution by repacking.
Selecting boards with low utilization for repacking...
iter14		 Improve solution by repack 0.8800295619457135->0.8321707874227358 , unplacedBoxesSize:5
currentRepackCostTime:0.019s , currentRepackMaxTime:236.74305639913234s
iter14		 Improve solution by repack 0.8321707874227358->0.7967717011556033 , unplacedBoxesSize:5
currentRepackCostTime:0.053s , currentRepackMaxTime:236.74305639913234s
iter1		 Improve solution by repack 0.7967717011556033->0.7697850040311744 , unplacedBoxesSize:2
currentRepackCostTime:0.054s , currentRepackMaxTime:236.74305639913234s
iter61		 Improve solution by repack 0.7697850040311744->0.7536586267132491 , unplacedBoxesSize:4
currentRepackCostTime:0.14400000000000002s , currentRepackMaxTime:236.74305639913234s
iter7		 Improve solution by repack 0.7536586267132491->0.7379578742273583 , unplacedBoxesSize:4
currentRepackCostTime:0.159s , currentRepackMaxTime:236.74305639913234s
iter1		 Improve solution by repack 0.7379578742273583->0.7024566648750337 , unplacedBoxesSize:4
currentRepackCostTime:0.162s , currentRepackMaxTime:236.74305639913234s
iter15		 Improve solution by repack 0.7024566648750337->0.7015130341306101 , unplacedBoxesSize:5
currentRepackCostTime:0.193s , currentRepackMaxTime:236.74305639913234s
iter12		 Improve solution by repack 0.7015130341306101->0.6966904058048912 , unplacedBoxesSize:5
currentRepackCostTime:0.22s , currentRepackMaxTime:236.74305639913234s
iter12		 Improve solution by repack 0.6966904058048912->0.69382289707068 , unplacedBoxesSize:5
currentRepackCostTime:0.255s , currentRepackMaxTime:236.74305639913234s
iter1		 Improve solution by repack 0.69382289707068->0.6872000134372481 , unplacedBoxesSize:4
currentRepackCostTime:0.258s , currentRepackMaxTime:236.74305639913234s
iter2		 Improve solution by repack 0.6872000134372481->0.6768516527815104 , unplacedBoxesSize:2
currentRepackCostTime:0.263s , currentRepackMaxTime:236.74305639913234s
iter140		 Improve solution by repack 0.6768516527815104->0.6639478634775597 , unplacedBoxesSize:2
currentRepackCostTime:0.47900000000000004s , currentRepackMaxTime:236.74305639913234s
iter123		 Improve solution by repack 0.6639478634775597->0.6474737973662994 , unplacedBoxesSize:4
currentRepackCostTime:0.678s , currentRepackMaxTime:236.74305639913234s
iter128		 Improve solution by repack 0.6474737973662994->0.6441776404192422 , unplacedBoxesSize:2
currentRepackCostTime:0.9490000000000001s , currentRepackMaxTime:236.74305639913234s
iter59		 Improve solution by repack 0.6441776404192422->0.6304370464928782 , unplacedBoxesSize:2
currentRepackCostTime:1.043s , currentRepackMaxTime:236.74305639913234s
iter61		 Improve solution by repack 0.6304370464928782->0.614798441279226 , unplacedBoxesSize:2
currentRepackCostTime:1.1400000000000001s , currentRepackMaxTime:236.74305639913234s
iter132		 Improve solution by repack 0.614798441279226->0.60726820747111 , unplacedBoxesSize:3
currentRepackCostTime:1.358s , currentRepackMaxTime:236.74305639913234s
iter20		 Improve solution by repack 0.60726820747111->0.6038591776404192 , unplacedBoxesSize:2
currentRepackCostTime:1.393s , currentRepackMaxTime:236.74305639913234s
iter31		 Improve solution by repack 0.6038591776404192->0.600991668906208 , unplacedBoxesSize:2
currentRepackCostTime:1.45s , currentRepackMaxTime:236.74305639913234s
iter165		 Improve solution by repack 0.600991668906208->0.5793839021768342 , unplacedBoxesSize:2
currentRepackCostTime:1.723s , currentRepackMaxTime:236.74305639913234s
iter20		 Improve solution by repack 0.5793839021768342->0.5731664875033593 , unplacedBoxesSize:4
currentRepackCostTime:1.7610000000000001s , currentRepackMaxTime:236.74305639913234s
iter13		 Improve solution by repack 0.5731664875033593->0.5592407954850847 , unplacedBoxesSize:3
currentRepackCostTime:1.807s , currentRepackMaxTime:236.74305639913234s
iter22		 Improve solution by repack 0.5592407954850847->0.54531510346681 , unplacedBoxesSize:2
currentRepackCostTime:1.863s , currentRepackMaxTime:236.74305639913234s
iter2		 Improve solution by repack 0.54531510346681->0.5313894114485354 , unplacedBoxesSize:1
currentRepackCostTime:1.866s , currentRepackMaxTime:236.74305639913234s
Selecting boards with low utilization for repacking...
iter3		 Improve solution by repack 0.8842246707874227->0.8793281375974201 , unplacedBoxesSize:3
currentRepackCostTime:3.186s , currentRepackMaxTime:236.74305639913234s
iter7		 Improve solution by repack 0.8793281375974201->0.8643160440741736 , unplacedBoxesSize:2
currentRepackCostTime:3.196s , currentRepackMaxTime:236.74305639913234s
iter14		 Improve solution by repack 0.8643160440741736->0.7581107229239451 , unplacedBoxesSize:3
currentRepackCostTime:3.216s , currentRepackMaxTime:236.74305639913234s
iter10		 Improve solution by repack 0.7581107229239451->0.7262288363343187 , unplacedBoxesSize:3
currentRepackCostTime:3.233s , currentRepackMaxTime:236.74305639913234s
iter14		 Improve solution by repack 0.7262288363343187->0.7123031443160441 , unplacedBoxesSize:2
currentRepackCostTime:3.263s , currentRepackMaxTime:236.74305639913234s
iter67		 Improve solution by repack 0.7123031443160441->0.7092072023649556 , unplacedBoxesSize:5
currentRepackCostTime:3.37s , currentRepackMaxTime:236.74305639913234s
iter3		 Improve solution by repack 0.7092072023649556->0.6239908626713249 , unplacedBoxesSize:5
currentRepackCostTime:3.3770000000000002s , currentRepackMaxTime:236.74305639913234s
iter5		 Improve solution by repack 0.6239908626713249->0.5313894114485354 , unplacedBoxesSize:1
currentRepackCostTime:3.392s , currentRepackMaxTime:236.74305639913234s
Selecting boards with low utilization for repacking...
iter42		 Improve solution by repack 0.8625880139747379->0.862319269013706 , unplacedBoxesSize:3
currentRepackCostTime:4.8s , currentRepackMaxTime:236.74305639913234s
iter8		 Improve solution by repack 0.862319269013706->0.6804232733136254 , unplacedBoxesSize:2
currentRepackCostTime:4.811s , currentRepackMaxTime:236.74305639913234s
iter6		 Improve solution by repack 0.6804232733136254->0.6669443697930664 , unplacedBoxesSize:2
currentRepackCostTime:4.8180000000000005s , currentRepackMaxTime:236.74305639913234s
iter5		 Improve solution by repack 0.6669443697930664->0.5313894114485354 , unplacedBoxesSize:1
currentRepackCostTime:4.824s , currentRepackMaxTime:236.74305639913234s
Selecting boards with low utilization for repacking...
iter1		 Improve solution by repack 0.8936582907820478->0.8657739854877721 , unplacedBoxesSize:4
currentRepackCostTime:6.139s , currentRepackMaxTime:236.74305639913234s
iter3		 Improve solution by repack 0.8657739854877721->0.8598458075786078 , unplacedBoxesSize:3
currentRepackCostTime:6.143s , currentRepackMaxTime:236.74305639913234s
iter30		 Improve solution by repack 0.8598458075786078->0.5672346143509809 , unplacedBoxesSize:1
currentRepackCostTime:6.192s , currentRepackMaxTime:236.74305639913234s
iter18		 Improve solution by repack 0.5672346143509809->0.5313894114485354 , unplacedBoxesSize:1
currentRepackCostTime:6.218s , currentRepackMaxTime:236.74305639913234s
Selecting boards with low utilization for repacking...
iter7		 Improve solution by repack 0.8947927304488041->0.8895901639344262 , unplacedBoxesSize:4
currentRepackCostTime:7.539000000000001s , currentRepackMaxTime:236.74305639913234s
iter5		 Improve solution by repack 0.8895901639344262->0.8775419914001613 , unplacedBoxesSize:4
currentRepackCostTime:7.5520000000000005s , currentRepackMaxTime:236.74305639913234s
iter7		 Improve solution by repack 0.8775419914001613->0.8699146734748724 , unplacedBoxesSize:4
currentRepackCostTime:7.572s , currentRepackMaxTime:236.74305639913234s
iter1		 Improve solution by repack 0.8699146734748724->0.8693482934694975 , unplacedBoxesSize:4
currentRepackCostTime:7.5760000000000005s , currentRepackMaxTime:236.74305639913234s
iter9		 Improve solution by repack 0.8693482934694975->0.867965600644988 , unplacedBoxesSize:4
currentRepackCostTime:7.59s , currentRepackMaxTime:236.74305639913234s
iter4		 Improve solution by repack 0.867965600644988->0.8673730180059124 , unplacedBoxesSize:4
currentRepackCostTime:7.598s , currentRepackMaxTime:236.74305639913234s
iter2		 Improve solution by repack 0.8673730180059124->0.6410064498790647 , unplacedBoxesSize:2
currentRepackCostTime:7.602s , currentRepackMaxTime:236.74305639913234s
iter54		 Improve solution by repack 0.6410064498790647->0.5313894114485354 , unplacedBoxesSize:1
currentRepackCostTime:7.687s , currentRepackMaxTime:236.74305639913234s
Selecting boards with low utilization for repacking...
iter1		 Improve solution by repack 0.8783593120128997->0.8504750067186241 , unplacedBoxesSize:4
currentRepackCostTime:8.996s , currentRepackMaxTime:236.74305639913234s
iter14		 Improve solution by repack 0.8504750067186241->0.5313894114485354 , unplacedBoxesSize:1
currentRepackCostTime:9.024000000000001s , currentRepackMaxTime:236.74305639913234s
Selecting boards with low utilization for repacking...
iter17		 Improve solution by repack 0.8504750067186241->0.5313894114485354 , unplacedBoxesSize:1
currentRepackCostTime:10.344s , currentRepackMaxTime:236.74305639913234s
Selecting boards with low utilization for repacking...
iter1		 Improve solution by repack 0.9140298306906746->0.896823434560602 , unplacedBoxesSize:6
currentRepackCostTime:11.632s , currentRepackMaxTime:236.74305639913234s
iter14		 Improve solution by repack 0.896823434560602->0.8750443429185703 , unplacedBoxesSize:6
currentRepackCostTime:11.668000000000001s , currentRepackMaxTime:236.74305639913234s
iter3		 Improve solution by repack 0.8750443429185703->0.8504750067186241 , unplacedBoxesSize:4
currentRepackCostTime:11.675s , currentRepackMaxTime:236.74305639913234s
iter22		 Improve solution by repack 0.8504750067186241->0.8359443026068262 , unplacedBoxesSize:4
currentRepackCostTime:11.719s , currentRepackMaxTime:236.74305639913234s
iter52		 Improve solution by repack 0.8359443026068262->0.8310249260951358 , unplacedBoxesSize:4
currentRepackCostTime:11.814s , currentRepackMaxTime:236.74305639913234s
iter5		 Improve solution by repack 0.8310249260951358->0.8255038968019349 , unplacedBoxesSize:4
currentRepackCostTime:11.825000000000001s , currentRepackMaxTime:236.74305639913234s
iter7		 Improve solution by repack 0.8255038968019349->0.7957000806234883 , unplacedBoxesSize:3
currentRepackCostTime:11.839s , currentRepackMaxTime:236.74305639913234s
iter9		 Improve solution by repack 0.7957000806234883->0.7789398011287287 , unplacedBoxesSize:3
currentRepackCostTime:11.856s , currentRepackMaxTime:236.74305639913234s
iter22		 Improve solution by repack 0.7789398011287287->0.7775571083042192 , unplacedBoxesSize:3
currentRepackCostTime:11.895s , currentRepackMaxTime:236.74305639913234s
iter27		 Improve solution by repack 0.7775571083042192->0.772542999193765 , unplacedBoxesSize:4
currentRepackCostTime:11.94s , currentRepackMaxTime:236.74305639913234s
iter9		 Improve solution by repack 0.772542999193765->0.7537946788497716 , unplacedBoxesSize:3
currentRepackCostTime:11.957s , currentRepackMaxTime:236.74305639913234s
iter34		 Improve solution by repack 0.7537946788497716->0.7487899758129535 , unplacedBoxesSize:3
currentRepackCostTime:12.019s , currentRepackMaxTime:236.74305639913234s
iter29		 Improve solution by repack 0.7487899758129535->0.7400540849234076 , unplacedBoxesSize:3
currentRepackCostTime:12.074s , currentRepackMaxTime:236.74305639913234s
iter5		 Improve solution by repack 0.7400540849234076->0.5313894114485354 , unplacedBoxesSize:1
currentRepackCostTime:12.08s , currentRepackMaxTime:236.74305639913234s
iter349		 Improve solution by repack 0.5313894114485354->0.5007366971244289 , unplacedBoxesSize:4
currentRepackCostTime:12.527000000000001s , currentRepackMaxTime:236.74305639913234s
iter12		 Improve solution by repack 0.5007366971244289->0.49880442085460897 , unplacedBoxesSize:5
currentRepackCostTime:12.557s , currentRepackMaxTime:236.74305639913234s
iter4		 Improve solution by repack 0.49880442085460897->0.4980015452835259 , unplacedBoxesSize:5
currentRepackCostTime:12.572000000000001s , currentRepackMaxTime:236.74305639913234s
iter3		 Improve solution by repack 0.4980015452835259->0.47979407417360925 , unplacedBoxesSize:4
currentRepackCostTime:12.579s , currentRepackMaxTime:236.74305639913234s
iter35		 Improve solution by repack 0.47979407417360925->0.42922903789303946 , unplacedBoxesSize:4
currentRepackCostTime:12.673s , currentRepackMaxTime:236.74305639913234s
iter24		 Improve solution by repack 0.42922903789303946->0.417363276001075 , unplacedBoxesSize:4
currentRepackCostTime:12.738s , currentRepackMaxTime:236.74305639913234s
iter34		 Improve solution by repack 0.417363276001075->0.40757188927707605 , unplacedBoxesSize:4
currentRepackCostTime:12.83s , currentRepackMaxTime:236.74305639913234s
iter8		 Improve solution by repack 0.40757188927707605->0.3943241064230046 , unplacedBoxesSize:3
currentRepackCostTime:12.852s , currentRepackMaxTime:236.74305639913234s
iter3		 Improve solution by repack 0.3943241064230046->0.3855912389142704 , unplacedBoxesSize:3
currentRepackCostTime:12.859s , currentRepackMaxTime:236.74305639913234s
iter24		 Improve solution by repack 0.3855912389142704->0.3837842649825316 , unplacedBoxesSize:3
currentRepackCostTime:12.91s , currentRepackMaxTime:236.74305639913234s
iter16		 Improve solution by repack 0.3837842649825316->0.38288363343187315 , unplacedBoxesSize:3
currentRepackCostTime:12.949s , currentRepackMaxTime:236.74305639913234s
iter22		 Improve solution by repack 0.38288363343187315->0.37468691212039773 , unplacedBoxesSize:3
currentRepackCostTime:12.996s , currentRepackMaxTime:236.74305639913234s
iter6		 Improve solution by repack 0.37468691212039773->0.3719000268744961 , unplacedBoxesSize:3
currentRepackCostTime:13.014000000000001s , currentRepackMaxTime:236.74305639913234s
iter7		 Improve solution by repack 0.3719000268744961->0.36822729105079277 , unplacedBoxesSize:3
currentRepackCostTime:13.028s , currentRepackMaxTime:236.74305639913234s
iter6		 Improve solution by repack 0.36822729105079277->0.36535169712442894 , unplacedBoxesSize:3
currentRepackCostTime:13.039s , currentRepackMaxTime:236.74305639913234s
iter8		 Improve solution by repack 0.36535169712442894->0.35021667562483205 , unplacedBoxesSize:2
currentRepackCostTime:13.06s , currentRepackMaxTime:236.74305639913234s
iter58		 Improve solution by repack 0.35021667562483205->0.34361193227626985 , unplacedBoxesSize:2
currentRepackCostTime:13.157s , currentRepackMaxTime:236.74305639913234s
iter39		 Improve solution by repack 0.34361193227626985->0.33970169309325454 , unplacedBoxesSize:2
currentRepackCostTime:13.23s , currentRepackMaxTime:236.74305639913234s
iter158		 Improve solution by repack 0.33970169309325454->0.338840365493147 , unplacedBoxesSize:2
currentRepackCostTime:13.527000000000001s , currentRepackMaxTime:236.74305639913234s
iter2		 Improve solution by repack 0.338840365493147->0.3362321956463316 , unplacedBoxesSize:3
currentRepackCostTime:13.533s , currentRepackMaxTime:236.74305639913234s
iter39		 Improve solution by repack 0.3362321956463316->0.314563289438323 , unplacedBoxesSize:3
currentRepackCostTime:13.617s , currentRepackMaxTime:236.74305639913234s
iter26		 Improve solution by repack 0.314563289438323->0.2853083848427842 , unplacedBoxesSize:3
currentRepackCostTime:13.676s , currentRepackMaxTime:236.74305639913234s
iter66		 Improve solution by repack 0.2853083848427842->0.2574240795485085 , unplacedBoxesSize:2
currentRepackCostTime:13.847s , currentRepackMaxTime:236.74305639913234s
iter97		 Improve solution by repack 0.2574240795485085->0.2524307981725343 , unplacedBoxesSize:3
currentRepackCostTime:14.045s , currentRepackMaxTime:236.74305639913234s
iter5		 Improve solution by repack 0.2524307981725343->0.23990997043805426 , unplacedBoxesSize:2
currentRepackCostTime:14.057s , currentRepackMaxTime:236.74305639913234s
iter30		 Improve solution by repack 0.23990997043805426->0.23810299650631553 , unplacedBoxesSize:2
currentRepackCostTime:14.107000000000001s , currentRepackMaxTime:236.74305639913234s
iter33		 Improve solution by repack 0.23810299650631553->0.23195646331631284 , unplacedBoxesSize:2
currentRepackCostTime:14.167s , currentRepackMaxTime:236.74305639913234s
iter19		 Improve solution by repack 0.23195646331631284->0.22429420854608978 , unplacedBoxesSize:2
currentRepackCostTime:14.201s , currentRepackMaxTime:236.74305639913234s
iter20		 Improve solution by repack 0.22429420854608978->0.21297803009943564 , unplacedBoxesSize:2
currentRepackCostTime:14.241s , currentRepackMaxTime:236.74305639913234s
iter8		 Improve solution by repack 0.21297803009943564->0.20374697661918842 , unplacedBoxesSize:2
currentRepackCostTime:14.255s , currentRepackMaxTime:236.74305639913234s
iter143		 Improve solution by repack 0.20374697661918842->0.20017334049986563 , unplacedBoxesSize:2
currentRepackCostTime:14.568s , currentRepackMaxTime:236.74305639913234s
iter179		 Improve solution by repack 0.20017334049986563->0.1961972588013975 , unplacedBoxesSize:2
currentRepackCostTime:14.941s , currentRepackMaxTime:236.74305639913234s
iter15		 Improve solution by repack 0.1961972588013975->0.18799415479709755 , unplacedBoxesSize:1
currentRepackCostTime:14.973s , currentRepackMaxTime:236.74305639913234s
iter51		 Improve solution by repack 0.18799415479709755->0.18777479172265518 , unplacedBoxesSize:1
currentRepackCostTime:15.056000000000001s , currentRepackMaxTime:236.74305639913234s
iter14		 Improve solution by repack 0.18777479172265518->0.17285810266057514 , unplacedBoxesSize:1
currentRepackCostTime:15.081s , currentRepackMaxTime:236.74305639913234s
iter51		 Improve solution by repack 0.17285810266057514->0.15644181671593657 , unplacedBoxesSize:1
currentRepackCostTime:15.169s , currentRepackMaxTime:236.74305639913234s
iter71		 Improve solution by repack 0.15644181671593657->0.15565170653050253 , unplacedBoxesSize:1
currentRepackCostTime:15.286s , currentRepackMaxTime:236.74305639913234s
iter695		 Improve solution by repack 0.15565170653050253->0.15298810803547433 , unplacedBoxesSize:1
currentRepackCostTime:16.518s , currentRepackMaxTime:236.74305639913234s
Selecting boards with low utilization for repacking...
iter1		 Improve solution by repack 0.9069221983337812->0.15298810803547433 , unplacedBoxesSize:1
currentRepackCostTime:18.269000000000002s , currentRepackMaxTime:236.74305639913234s
iter281		 Improve solution by repack 0.15298810803547433->0.13337946788497715 , unplacedBoxesSize:1
currentRepackCostTime:18.763s , currentRepackMaxTime:236.74305639913234s
Selecting boards with low utilization for repacking...
iter1		 Improve solution by repack 0.9069221983337812->0.8895397742542328 , unplacedBoxesSize:4
currentRepackCostTime:20.538s , currentRepackMaxTime:236.74305639913234s
iter15		 Improve solution by repack 0.8895397742542328->0.8837033055630208 , unplacedBoxesSize:3
currentRepackCostTime:20.573s , currentRepackMaxTime:236.74305639913234s
iter43		 Improve solution by repack 0.8837033055630208->0.8794020424617038 , unplacedBoxesSize:3
currentRepackCostTime:20.646s , currentRepackMaxTime:236.74305639913234s
iter43		 Improve solution by repack 0.8794020424617038->0.13337946788497715 , unplacedBoxesSize:1
currentRepackCostTime:20.716s , currentRepackMaxTime:236.74305639913234s
Selecting boards with low utilization for repacking...
iter1		 Improve solution by repack 0.9127640190808922->0.8837033055630208 , unplacedBoxesSize:3
currentRepackCostTime:22.459s , currentRepackMaxTime:236.74305639913234s
iter17		 Improve solution by repack 0.8837033055630208->0.8790110185434024 , unplacedBoxesSize:4
currentRepackCostTime:22.484s , currentRepackMaxTime:236.74305639913234s
iter29		 Improve solution by repack 0.8790110185434024->0.8782417360924483 , unplacedBoxesSize:3
currentRepackCostTime:22.543s , currentRepackMaxTime:236.74305639913234s
iter1		 Improve solution by repack 0.8782417360924483->0.8643160440741736 , unplacedBoxesSize:2
currentRepackCostTime:22.546s , currentRepackMaxTime:236.74305639913234s
iter13		 Improve solution by repack 0.8643160440741736->0.43046089760816986 , unplacedBoxesSize:2
currentRepackCostTime:22.561s , currentRepackMaxTime:236.74305639913234s
iter168		 Improve solution by repack 0.43046089760816986->0.370343993550121 , unplacedBoxesSize:2
currentRepackCostTime:22.85s , currentRepackMaxTime:236.74305639913234s
iter4		 Improve solution by repack 0.370343993550121->0.3541816715936576 , unplacedBoxesSize:2
currentRepackCostTime:22.859s , currentRepackMaxTime:236.74305639913234s
iter4		 Improve solution by repack 0.3541816715936576->0.35123757054555227 , unplacedBoxesSize:2
currentRepackCostTime:22.867s , currentRepackMaxTime:236.74305639913234s
iter8		 Improve solution by repack 0.35123757054555227->0.3383646869121204 , unplacedBoxesSize:3
currentRepackCostTime:22.879s , currentRepackMaxTime:236.74305639913234s
iter95		 Improve solution by repack 0.3383646869121204->0.3382635716205321 , unplacedBoxesSize:2
currentRepackCostTime:23.083000000000002s , currentRepackMaxTime:236.74305639913234s
iter6		 Improve solution by repack 0.3382635716205321->0.31209352324643913 , unplacedBoxesSize:2
currentRepackCostTime:23.091s , currentRepackMaxTime:236.74305639913234s
iter28		 Improve solution by repack 0.31209352324643913->0.30673340499865626 , unplacedBoxesSize:2
currentRepackCostTime:23.145s , currentRepackMaxTime:236.74305639913234s
iter24		 Improve solution by repack 0.30673340499865626->0.22526202633700618 , unplacedBoxesSize:1
currentRepackCostTime:23.198s , currentRepackMaxTime:236.74305639913234s
iter267		 Improve solution by repack 0.22526202633700618->0.1953587745229777 , unplacedBoxesSize:1
currentRepackCostTime:23.642s , currentRepackMaxTime:236.74305639913234s
iter15		 Improve solution by repack 0.1953587745229777->0.19342649825315775 , unplacedBoxesSize:2
currentRepackCostTime:23.664s , currentRepackMaxTime:236.74305639913234s
iter31		 Improve solution by repack 0.19342649825315775->0.13555495834453105 , unplacedBoxesSize:1
currentRepackCostTime:23.728s , currentRepackMaxTime:236.74305639913234s
iter62		 Improve solution by repack 0.13555495834453105->0.09671324912657887 , unplacedBoxesSize:1
currentRepackCostTime:23.848s , currentRepackMaxTime:236.74305639913234s
iter952		 Improve solution by repack 0.09671324912657887->0.09271902714324107 , unplacedBoxesSize:1
currentRepackCostTime:25.605s , currentRepackMaxTime:236.74305639913234s
iter569		 Improve solution by repack 0.09271902714324107->0.08738511152915883 , unplacedBoxesSize:1
currentRepackCostTime:26.647000000000002s , currentRepackMaxTime:236.74305639913234s
iter23		 Improve solution by repack 0.08738511152915883->0.08340902983069066 , unplacedBoxesSize:1
currentRepackCostTime:26.697s , currentRepackMaxTime:236.74305639913234s
Selecting boards with low utilization for repacking...
iter6		 Improve solution by repack 0.8943825584520291->0.08340902983069066 , unplacedBoxesSize:1
currentRepackCostTime:28.569s , currentRepackMaxTime:236.74305639913234s
Selecting boards with low utilization for repacking...
iter60		 Improve solution by repack 0.8943825584520291->0.8794020424617038 , unplacedBoxesSize:3
currentRepackCostTime:30.565s , currentRepackMaxTime:236.74305639913234s
iter5		 Improve solution by repack 0.8794020424617038->0.08340902983069066 , unplacedBoxesSize:1
currentRepackCostTime:30.571s , currentRepackMaxTime:236.74305639913234s
iter627		 Improve solution by repack 0.08340902983069066->0.0724697661918839 , unplacedBoxesSize:1
currentRepackCostTime:31.787s , currentRepackMaxTime:236.74305639913234s
iter4		 Improve solution by repack 0.0724697661918839->0.06960225745767266 , unplacedBoxesSize:1
currentRepackCostTime:31.794s , currentRepackMaxTime:236.74305639913234s
iter871		 Improve solution by repack 0.06960225745767266->0.05487368986831497 , unplacedBoxesSize:1
currentRepackCostTime:33.504s , currentRepackMaxTime:236.74305639913234s
Selecting boards with low utilization for repacking...
iter4		 Improve solution by repack 0.8943825584520291->0.8895397742542328 , unplacedBoxesSize:4
currentRepackCostTime:35.480000000000004s , currentRepackMaxTime:236.74305639913234s
iter3		 Improve solution by repack 0.8895397742542328->0.13828271969900566 , unplacedBoxesSize:2
currentRepackCostTime:35.485s , currentRepackMaxTime:236.74305639913234s
iter6		 Improve solution by repack 0.13828271969900566->0.11975309056705186 , unplacedBoxesSize:1
currentRepackCostTime:35.499s , currentRepackMaxTime:236.74305639913234s
iter10		 Improve solution by repack 0.11975309056705186->0.11360655737704918 , unplacedBoxesSize:1
currentRepackCostTime:35.516s , currentRepackMaxTime:236.74305639913234s
iter27		 Improve solution by repack 0.11360655737704918->0.1078688524590164 , unplacedBoxesSize:1
currentRepackCostTime:35.564s , currentRepackMaxTime:236.74305639913234s
iter47		 Improve solution by repack 0.1078688524590164->0.10035407148615964 , unplacedBoxesSize:2
currentRepackCostTime:35.666000000000004s , currentRepackMaxTime:236.74305639913234s
iter10		 Improve solution by repack 0.10035407148615964->0.09671324912657887 , unplacedBoxesSize:1
currentRepackCostTime:35.693s , currentRepackMaxTime:236.74305639913234s
iter245		 Improve solution by repack 0.09671324912657887->0.0724697661918839 , unplacedBoxesSize:1
currentRepackCostTime:36.144s , currentRepackMaxTime:236.74305639913234s
iter22		 Improve solution by repack 0.0724697661918839->0.06960225745767266 , unplacedBoxesSize:1
currentRepackCostTime:36.194s , currentRepackMaxTime:236.74305639913234s
Selecting boards with low utilization for repacking...
iter7		 Improve solution by repack 0.9034654662725073->0.8860830421929589 , unplacedBoxesSize:5
currentRepackCostTime:38.166000000000004s , currentRepackMaxTime:236.74305639913234s
iter9		 Improve solution by repack 0.8860830421929589->0.8721573501746842 , unplacedBoxesSize:4
currentRepackCostTime:38.194s , currentRepackMaxTime:236.74305639913234s
iter4		 Improve solution by repack 0.8721573501746842->0.8668099973125504 , unplacedBoxesSize:4
currentRepackCostTime:38.2s , currentRepackMaxTime:236.74305639913234s
iter32		 Improve solution by repack 0.8668099973125504->0.17747110991668907 , unplacedBoxesSize:2
currentRepackCostTime:38.269s , currentRepackMaxTime:236.74305639913234s
iter24		 Improve solution by repack 0.17747110991668907->0.16833982800322492 , unplacedBoxesSize:2
currentRepackCostTime:38.317s , currentRepackMaxTime:236.74305639913234s
iter7		 Improve solution by repack 0.16833982800322492->0.15441413598495027 , unplacedBoxesSize:1
currentRepackCostTime:38.335s , currentRepackMaxTime:236.74305639913234s
iter79		 Improve solution by repack 0.15441413598495027->0.11377586670249933 , unplacedBoxesSize:1
currentRepackCostTime:38.475s , currentRepackMaxTime:236.74305639913234s
iter9		 Improve solution by repack 0.11377586670249933->0.1127882289707068 , unplacedBoxesSize:1
currentRepackCostTime:38.49s , currentRepackMaxTime:236.74305639913234s
iter111		 Improve solution by repack 0.1127882289707068->0.1070337274926095 , unplacedBoxesSize:1
currentRepackCostTime:38.698s , currentRepackMaxTime:236.74305639913234s
iter515		 Improve solution by repack 0.1070337274926095->0.09671324912657887 , unplacedBoxesSize:1
currentRepackCostTime:39.657000000000004s , currentRepackMaxTime:236.74305639913234s
iter179		 Improve solution by repack 0.09671324912657887->0.08340902983069066 , unplacedBoxesSize:1
currentRepackCostTime:39.977000000000004s , currentRepackMaxTime:236.74305639913234s
iter574		 Improve solution by repack 0.08340902983069066->0.0724697661918839 , unplacedBoxesSize:1
currentRepackCostTime:41.042s , currentRepackMaxTime:236.74305639913234s
iter67		 Improve solution by repack 0.0724697661918839->0.06960225745767266 , unplacedBoxesSize:1
currentRepackCostTime:41.184s , currentRepackMaxTime:236.74305639913234s
Selecting boards with low utilization for repacking...
iter5		 Improve solution by repack 0.8680126310131685->0.06960225745767266 , unplacedBoxesSize:1
currentRepackCostTime:43.173s , currentRepackMaxTime:236.74305639913234s
Selecting boards with low utilization for repacking...
iter1		 Improve solution by repack 0.9127640190808922->0.8794020424617038 , unplacedBoxesSize:3
currentRepackCostTime:45.141s , currentRepackMaxTime:236.74305639913234s
iter3		 Improve solution by repack 0.8794020424617038->0.06960225745767266 , unplacedBoxesSize:1
currentRepackCostTime:45.144s , currentRepackMaxTime:236.74305639913234s
Selecting boards with low utilization for repacking...
iter6		 Improve solution by repack 0.8976289975812953->0.8680126310131685 , unplacedBoxesSize:4
currentRepackCostTime:47.087s , currentRepackMaxTime:236.74305639913234s
iter10		 Improve solution by repack 0.8680126310131685->0.8662056570814297 , unplacedBoxesSize:4
currentRepackCostTime:47.109s , currentRepackMaxTime:236.74305639913234s
iter42		 Improve solution by repack 0.8662056570814297->0.8527922601451222 , unplacedBoxesSize:3
currentRepackCostTime:47.25s , currentRepackMaxTime:236.74305639913234s
iter33		 Improve solution by repack 0.8527922601451222->0.8481107229239452 , unplacedBoxesSize:3
currentRepackCostTime:47.314s , currentRepackMaxTime:236.74305639913234s
iter18		 Improve solution by repack 0.8481107229239452->0.8477156678312282 , unplacedBoxesSize:3
currentRepackCostTime:47.351s , currentRepackMaxTime:236.74305639913234s
iter10		 Improve solution by repack 0.8477156678312282->0.8467280300994356 , unplacedBoxesSize:3
currentRepackCostTime:47.375s , currentRepackMaxTime:236.74305639913234s
iter18		 Improve solution by repack 0.8467280300994356->0.2025503896801935 , unplacedBoxesSize:1
currentRepackCostTime:47.415s , currentRepackMaxTime:236.74305639913234s
iter331		 Improve solution by repack 0.2025503896801935->0.20095807578607902 , unplacedBoxesSize:2
currentRepackCostTime:47.975s , currentRepackMaxTime:236.74305639913234s
iter7		 Improve solution by repack 0.20095807578607902->0.18377317925288902 , unplacedBoxesSize:2
currentRepackCostTime:47.991s , currentRepackMaxTime:236.74305639913234s
iter3		 Improve solution by repack 0.18377317925288902->0.18337812416017202 , unplacedBoxesSize:2
currentRepackCostTime:47.998s , currentRepackMaxTime:236.74305639913234s
iter9		 Improve solution by repack 0.18337812416017202->0.18239048642837946 , unplacedBoxesSize:2
currentRepackCostTime:48.016s , currentRepackMaxTime:236.74305639913234s
iter17		 Improve solution by repack 0.18239048642837946->0.17382424079548509 , unplacedBoxesSize:1
currentRepackCostTime:48.043s , currentRepackMaxTime:236.74305639913234s
iter38		 Improve solution by repack 0.17382424079548509->0.1558787960225746 , unplacedBoxesSize:2
currentRepackCostTime:48.107s , currentRepackMaxTime:236.74305639913234s
iter9		 Improve solution by repack 0.1558787960225746->0.15301128728836333 , unplacedBoxesSize:2
currentRepackCostTime:48.126s , currentRepackMaxTime:236.74305639913234s
iter256		 Improve solution by repack 0.15301128728836333->0.1127882289707068 , unplacedBoxesSize:1
currentRepackCostTime:48.731s , currentRepackMaxTime:236.74305639913234s
iter426		 Improve solution by repack 0.1127882289707068->0.1078688524590164 , unplacedBoxesSize:1
currentRepackCostTime:49.609s , currentRepackMaxTime:236.74305639913234s
iter331		 Improve solution by repack 0.1078688524590164->0.06960225745767266 , unplacedBoxesSize:1
currentRepackCostTime:50.299s , currentRepackMaxTime:236.74305639913234s
Selecting boards with low utilization for repacking...
iter5		 Improve solution by repack 0.8947927304488041->0.8831832840634238 , unplacedBoxesSize:4
currentRepackCostTime:52.267s , currentRepackMaxTime:236.74305639913234s
iter28		 Improve solution by repack 0.8831832840634238->0.8821956463316313 , unplacedBoxesSize:4
currentRepackCostTime:52.321s , currentRepackMaxTime:236.74305639913234s
iter14		 Improve solution by repack 0.8821956463316313->0.8808129535071217 , unplacedBoxesSize:4
currentRepackCostTime:52.343s , currentRepackMaxTime:236.74305639913234s
iter42		 Improve solution by repack 0.8808129535071217->0.19246170384305294 , unplacedBoxesSize:2
currentRepackCostTime:52.435s , currentRepackMaxTime:236.74305639913234s
iter8		 Improve solution by repack 0.19246170384305294->0.17747110991668907 , unplacedBoxesSize:2
currentRepackCostTime:52.45s , currentRepackMaxTime:236.74305639913234s
iter14		 Improve solution by repack 0.17747110991668907->0.1127882289707068 , unplacedBoxesSize:1
currentRepackCostTime:52.482s , currentRepackMaxTime:236.74305639913234s
iter358		 Improve solution by repack 0.1127882289707068->0.1078688524590164 , unplacedBoxesSize:1
currentRepackCostTime:53.151s , currentRepackMaxTime:236.74305639913234s
Selecting boards with low utilization for repacking...
iter4		 Improve solution by repack 0.8858102660575115->0.1078688524590164 , unplacedBoxesSize:1
currentRepackCostTime:54.963s , currentRepackMaxTime:236.74305639913234s
iter414		 Improve solution by repack 0.1078688524590164->0.06960225745767266 , unplacedBoxesSize:1
currentRepackCostTime:55.743s , currentRepackMaxTime:236.74305639913234s
Selecting boards with low utilization for repacking...
iter5		 Improve solution by repack 0.9167999193765117->0.06960225745767266 , unplacedBoxesSize:1
currentRepackCostTime:57.81s , currentRepackMaxTime:236.74305639913234s
Selecting boards with low utilization for repacking...
iter3		 Improve solution by repack 0.919795730986294->0.9161482128460091 , unplacedBoxesSize:5
currentRepackCostTime:59.869s , currentRepackMaxTime:236.74305639913234s
iter8		 Improve solution by repack 0.9161482128460091->0.9012980381617844 , unplacedBoxesSize:4
currentRepackCostTime:59.888s , currentRepackMaxTime:236.74305639913234s
iter10		 Improve solution by repack 0.9012980381617844->0.8973038161784466 , unplacedBoxesSize:4
currentRepackCostTime:59.909s , currentRepackMaxTime:236.74305639913234s
iter31		 Improve solution by repack 0.8973038161784466->0.8952183552808385 , unplacedBoxesSize:4
currentRepackCostTime:59.973s , currentRepackMaxTime:236.74305639913234s
iter23		 Improve solution by repack 0.8952183552808385->0.16232128460091375 , unplacedBoxesSize:2
currentRepackCostTime:60.014s , currentRepackMaxTime:236.74305639913234s
iter378		 Improve solution by repack 0.16232128460091375->0.15441413598495027 , unplacedBoxesSize:1
currentRepackCostTime:60.874s , currentRepackMaxTime:236.74305639913234s
iter1		 Improve solution by repack 0.15441413598495027->0.13555495834453105 , unplacedBoxesSize:1
currentRepackCostTime:60.876000000000005s , currentRepackMaxTime:236.74305639913234s
iter664		 Improve solution by repack 0.13555495834453105->0.12615291588282718 , unplacedBoxesSize:1
currentRepackCostTime:62.065000000000005s , currentRepackMaxTime:236.74305639913234s
iter8		 Improve solution by repack 0.12615291588282718->0.11834990593926363 , unplacedBoxesSize:1
currentRepackCostTime:62.079s , currentRepackMaxTime:236.74305639913234s
Selecting boards with low utilization for repacking...
iter68		 Improve solution by repack 0.8213585057780166->0.8199324778285407 , unplacedBoxesSize:3
currentRepackCostTime:63.994s , currentRepackMaxTime:236.74305639913234s
iter61		 Improve solution by repack 0.8199324778285407->0.11834990593926363 , unplacedBoxesSize:1
currentRepackCostTime:64.104s , currentRepackMaxTime:236.74305639913234s
iter678		 Improve solution by repack 0.11834990593926363->0.10961703843052943 , unplacedBoxesSize:1
currentRepackCostTime:65.319s , currentRepackMaxTime:236.74305639913234s
iter693		 Improve solution by repack 0.10961703843052943->0.09671324912657887 , unplacedBoxesSize:1
currentRepackCostTime:66.59700000000001s , currentRepackMaxTime:236.74305639913234s
iter12		 Improve solution by repack 0.09671324912657887->0.08340902983069066 , unplacedBoxesSize:1
currentRepackCostTime:66.618s , currentRepackMaxTime:236.74305639913234s
Selecting boards with low utilization for repacking...
iter6		 Improve solution by repack 0.9203369389948938->0.08340902983069066 , unplacedBoxesSize:1
currentRepackCostTime:68.491s , currentRepackMaxTime:236.74305639913234s
Selecting boards with low utilization for repacking...
iter1		 Improve solution by repack 0.9218059661381349->0.9059560601988713 , unplacedBoxesSize:4
currentRepackCostTime:70.422s , currentRepackMaxTime:236.74305639913234s
iter2		 Improve solution by repack 0.9059560601988713->0.17285810266057514 , unplacedBoxesSize:1
currentRepackCostTime:70.426s , currentRepackMaxTime:236.74305639913234s
iter13		 Improve solution by repack 0.17285810266057514->0.16681805966138133 , unplacedBoxesSize:2
currentRepackCostTime:70.44500000000001s , currentRepackMaxTime:236.74305639913234s
iter27		 Improve solution by repack 0.16681805966138133->0.15644181671593657 , unplacedBoxesSize:1
currentRepackCostTime:70.498s , currentRepackMaxTime:236.74305639913234s
iter10		 Improve solution by repack 0.15644181671593657->0.15565170653050253 , unplacedBoxesSize:1
currentRepackCostTime:70.517s , currentRepackMaxTime:236.74305639913234s
iter245		 Improve solution by repack 0.15565170653050253->0.15441413598495027 , unplacedBoxesSize:1
currentRepackCostTime:70.909s , currentRepackMaxTime:236.74305639913234s
iter16		 Improve solution by repack 0.15441413598495027->0.15298810803547433 , unplacedBoxesSize:1
currentRepackCostTime:70.937s , currentRepackMaxTime:236.74305639913234s
Selecting boards with low utilization for repacking...
iter13		 Improve solution by repack 0.8853708680462241->0.15298810803547433 , unplacedBoxesSize:1
currentRepackCostTime:72.755s , currentRepackMaxTime:236.74305639913234s
iter741		 Improve solution by repack 0.15298810803547433->0.14439364418167158 , unplacedBoxesSize:1
currentRepackCostTime:74.108s , currentRepackMaxTime:236.74305639913234s
iter975		 Improve solution by repack 0.14439364418167158->0.14415748454716476 , unplacedBoxesSize:1
currentRepackCostTime:75.878s , currentRepackMaxTime:236.74305639913234s
iter15		 Improve solution by repack 0.14415748454716476->0.13660239183015319 , unplacedBoxesSize:1
currentRepackCostTime:75.901s , currentRepackMaxTime:236.74305639913234s
iter15		 Improve solution by repack 0.13660239183015319->0.13337946788497715 , unplacedBoxesSize:1
currentRepackCostTime:75.93s , currentRepackMaxTime:236.74305639913234s
iter63		 Improve solution by repack 0.13337946788497715->0.11975309056705186 , unplacedBoxesSize:1
currentRepackCostTime:76.044s , currentRepackMaxTime:236.74305639913234s
iter9		 Improve solution by repack 0.11975309056705186->0.11885245901639344 , unplacedBoxesSize:1
currentRepackCostTime:76.061s , currentRepackMaxTime:236.74305639913234s
iter855		 Improve solution by repack 0.11885245901639344->0.11377586670249933 , unplacedBoxesSize:1
currentRepackCostTime:77.592s , currentRepackMaxTime:236.74305639913234s
iter33		 Improve solution by repack 0.11377586670249933->0.10923273313625369 , unplacedBoxesSize:1
currentRepackCostTime:77.648s , currentRepackMaxTime:236.74305639913234s
iter17		 Improve solution by repack 0.10923273313625369->0.10778352593388874 , unplacedBoxesSize:1
currentRepackCostTime:77.688s , currentRepackMaxTime:236.74305639913234s
iter86		 Improve solution by repack 0.10778352593388874->0.1070337274926095 , unplacedBoxesSize:1
currentRepackCostTime:77.827s , currentRepackMaxTime:236.74305639913234s
iter393		 Improve solution by repack 0.1070337274926095->0.1023189330825047 , unplacedBoxesSize:1
currentRepackCostTime:78.559s , currentRepackMaxTime:236.74305639913234s
iter4		 Improve solution by repack 0.1023189330825047->0.09904763504434293 , unplacedBoxesSize:1
currentRepackCostTime:78.568s , currentRepackMaxTime:236.74305639913234s
iter11		 Improve solution by repack 0.09904763504434293->0.08340902983069066 , unplacedBoxesSize:1
currentRepackCostTime:78.583s , currentRepackMaxTime:236.74305639913234s
iter208		 Improve solution by repack 0.08340902983069066->0.0724697661918839 , unplacedBoxesSize:1
currentRepackCostTime:78.976s , currentRepackMaxTime:236.74305639913234s
iter141		 Improve solution by repack 0.0724697661918839->0.06960225745767266 , unplacedBoxesSize:1
currentRepackCostTime:79.26s , currentRepackMaxTime:236.74305639913234s
iter983		 Improve solution by repack 0.06960225745767266->0.05487368986831497 , unplacedBoxesSize:1
currentRepackCostTime:81.21600000000001s , currentRepackMaxTime:236.74305639913234s
Selecting boards with low utilization for repacking...
iter7		 Improve solution by repack 0.892262137866165->0.8771271163665681 , unplacedBoxesSize:5
currentRepackCostTime:83.359s , currentRepackMaxTime:236.74305639913234s
iter24		 Improve solution by repack 0.8771271163665681->0.05487368986831497 , unplacedBoxesSize:1
currentRepackCostTime:83.434s , currentRepackMaxTime:236.74305639913234s
Selecting boards with low utilization for repacking...
iter52		 Improve solution by repack 0.8771271163665681->0.8757010884170923 , unplacedBoxesSize:5
currentRepackCostTime:85.674s , currentRepackMaxTime:236.74305639913234s
iter59		 Improve solution by repack 0.8757010884170923->0.8669762832571889 , unplacedBoxesSize:3
currentRepackCostTime:85.836s , currentRepackMaxTime:236.74305639913234s
iter10		 Improve solution by repack 0.8669762832571889->0.15298810803547433 , unplacedBoxesSize:1
currentRepackCostTime:85.85000000000001s , currentRepackMaxTime:236.74305639913234s
iter186		 Improve solution by repack 0.15298810803547433->0.1127882289707068 , unplacedBoxesSize:1
currentRepackCostTime:86.171s , currentRepackMaxTime:236.74305639913234s
iter8		 Improve solution by repack 0.1127882289707068->0.1070337274926095 , unplacedBoxesSize:1
currentRepackCostTime:86.183s , currentRepackMaxTime:236.74305639913234s
Selecting boards with low utilization for repacking...
iter10		 Improve solution by repack 0.8794020424617038->0.1070337274926095 , unplacedBoxesSize:1
currentRepackCostTime:88.10900000000001s , currentRepackMaxTime:236.74305639913234s
Selecting boards with low utilization for repacking...
iter9		 Improve solution by repack 0.8943825584520291->0.8630220370868046 , unplacedBoxesSize:3
currentRepackCostTime:90.004s , currentRepackMaxTime:236.74305639913234s
iter25		 Improve solution by repack 0.8630220370868046->0.8583818194033862 , unplacedBoxesSize:3
currentRepackCostTime:90.044s , currentRepackMaxTime:236.74305639913234s
iter1		 Improve solution by repack 0.8583818194033862->0.1070337274926095 , unplacedBoxesSize:1
currentRepackCostTime:90.046s , currentRepackMaxTime:236.74305639913234s
Selecting boards with low utilization for repacking...
iter4		 Improve solution by repack 0.9224213920988982->0.9183972722386455 , unplacedBoxesSize:8
currentRepackCostTime:91.959s , currentRepackMaxTime:236.74305639913234s
iter2		 Improve solution by repack 0.9183972722386455->0.905941951088417 , unplacedBoxesSize:8
currentRepackCostTime:91.96300000000001s , currentRepackMaxTime:236.74305639913234s
iter20		 Improve solution by repack 0.905941951088417->0.874436979306638 , unplacedBoxesSize:4
currentRepackCostTime:92.033s , currentRepackMaxTime:236.74305639913234s
iter19		 Improve solution by repack 0.874436979306638->0.22080959419510884 , unplacedBoxesSize:2
currentRepackCostTime:92.071s , currentRepackMaxTime:236.74305639913234s
iter30		 Improve solution by repack 0.22080959419510884->0.22061206664875033 , unplacedBoxesSize:2
currentRepackCostTime:92.146s , currentRepackMaxTime:236.74305639913234s
iter27		 Improve solution by repack 0.22061206664875033->0.21982195646331634 , unplacedBoxesSize:2
currentRepackCostTime:92.202s , currentRepackMaxTime:236.74305639913234s
iter227		 Improve solution by repack 0.21982195646331634->0.21626646062886323 , unplacedBoxesSize:2
currentRepackCostTime:92.677s , currentRepackMaxTime:236.74305639913234s
iter17		 Improve solution by repack 0.21626646062886323->0.21500470303681804 , unplacedBoxesSize:2
currentRepackCostTime:92.71600000000001s , currentRepackMaxTime:236.74305639913234s
iter46		 Improve solution by repack 0.21500470303681804->0.21131550658425152 , unplacedBoxesSize:2
currentRepackCostTime:92.819s , currentRepackMaxTime:236.74305639913234s
iter68		 Improve solution by repack 0.21131550658425152->0.19047433485622142 , unplacedBoxesSize:2
currentRepackCostTime:92.971s , currentRepackMaxTime:236.74305639913234s
iter43		 Improve solution by repack 0.19047433485622142->0.1644907282988444 , unplacedBoxesSize:2
currentRepackCostTime:93.074s , currentRepackMaxTime:236.74305639913234s
iter143		 Improve solution by repack 0.1644907282988444->0.13828271969900566 , unplacedBoxesSize:2
currentRepackCostTime:93.407s , currentRepackMaxTime:236.74305639913234s
iter55		 Improve solution by repack 0.13828271969900566->0.11377586670249933 , unplacedBoxesSize:1
currentRepackCostTime:93.54s , currentRepackMaxTime:236.74305639913234s
iter12		 Improve solution by repack 0.11377586670249933->0.1129857565170653 , unplacedBoxesSize:1
currentRepackCostTime:93.56400000000001s , currentRepackMaxTime:236.74305639913234s
iter78		 Improve solution by repack 0.1129857565170653->0.1127882289707068 , unplacedBoxesSize:1
currentRepackCostTime:93.717s , currentRepackMaxTime:236.74305639913234s
iter396		 Improve solution by repack 0.1127882289707068->0.1070337274926095 , unplacedBoxesSize:1
currentRepackCostTime:94.427s , currentRepackMaxTime:236.74305639913234s
Selecting boards with low utilization for repacking...
iter1		 Improve solution by repack 0.8842038430529428->0.8702781510346682 , unplacedBoxesSize:4
currentRepackCostTime:96.293s , currentRepackMaxTime:236.74305639913234s
iter10		 Improve solution by repack 0.8702781510346682->0.8638087879602258 , unplacedBoxesSize:5
currentRepackCostTime:96.31400000000001s , currentRepackMaxTime:236.74305639913234s
iter5		 Improve solution by repack 0.8638087879602258->0.8631590970169309 , unplacedBoxesSize:5
currentRepackCostTime:96.327s , currentRepackMaxTime:236.74305639913234s
iter29		 Improve solution by repack 0.8631590970169309->0.8592770760548241 , unplacedBoxesSize:3
currentRepackCostTime:96.406s , currentRepackMaxTime:236.74305639913234s
iter26		 Improve solution by repack 0.8592770760548241->0.8570558989518946 , unplacedBoxesSize:3
currentRepackCostTime:96.455s , currentRepackMaxTime:236.74305639913234s
iter19		 Improve solution by repack 0.8570558989518946->0.8562657887664605 , unplacedBoxesSize:3
currentRepackCostTime:96.48400000000001s , currentRepackMaxTime:236.74305639913234s
iter71		 Improve solution by repack 0.8562657887664605->0.3960649019080892 , unplacedBoxesSize:3
currentRepackCostTime:96.598s , currentRepackMaxTime:236.74305639913234s
iter80		 Improve solution by repack 0.3960649019080892->0.3349805159903252 , unplacedBoxesSize:3
currentRepackCostTime:96.766s , currentRepackMaxTime:236.74305639913234s
iter14		 Improve solution by repack 0.3349805159903252->0.3345854608976082 , unplacedBoxesSize:3
currentRepackCostTime:96.81s , currentRepackMaxTime:236.74305639913234s
iter9		 Improve solution by repack 0.3345854608976082->0.33438793335124967 , unplacedBoxesSize:3
currentRepackCostTime:96.83s , currentRepackMaxTime:236.74305639913234s
iter43		 Improve solution by repack 0.33438793335124967->0.33340029561945717 , unplacedBoxesSize:3
currentRepackCostTime:96.926s , currentRepackMaxTime:236.74305639913234s
iter2		 Improve solution by repack 0.33340029561945717->0.3326101854340231 , unplacedBoxesSize:3
currentRepackCostTime:96.932s , currentRepackMaxTime:236.74305639913234s
iter23		 Improve solution by repack 0.3326101854340231->0.32750067186240256 , unplacedBoxesSize:1
currentRepackCostTime:96.985s , currentRepackMaxTime:236.74305639913234s
iter23		 Improve solution by repack 0.32750067186240256->0.2970814297231927 , unplacedBoxesSize:1
currentRepackCostTime:97.022s , currentRepackMaxTime:236.74305639913234s
iter2		 Improve solution by repack 0.2970814297231927->0.1953587745229777 , unplacedBoxesSize:1
currentRepackCostTime:97.024s , currentRepackMaxTime:236.74305639913234s
iter44		 Improve solution by repack 0.1953587745229777->0.19342649825315775 , unplacedBoxesSize:2
currentRepackCostTime:97.095s , currentRepackMaxTime:236.74305639913234s
iter81		 Improve solution by repack 0.19342649825315775->0.13537960225745768 , unplacedBoxesSize:2
currentRepackCostTime:97.276s , currentRepackMaxTime:236.74305639913234s
iter39		 Improve solution by repack 0.13537960225745768->0.12285944638538028 , unplacedBoxesSize:1
currentRepackCostTime:97.368s , currentRepackMaxTime:236.74305639913234s
iter15		 Improve solution by repack 0.12285944638538028->0.11834990593926363 , unplacedBoxesSize:1
currentRepackCostTime:97.397s , currentRepackMaxTime:236.74305639913234s
iter50		 Improve solution by repack 0.11834990593926363->0.11515855952700887 , unplacedBoxesSize:1
currentRepackCostTime:97.488s , currentRepackMaxTime:236.74305639913234s
iter2		 Improve solution by repack 0.11515855952700887->0.11417092179521635 , unplacedBoxesSize:1
currentRepackCostTime:97.491s , currentRepackMaxTime:236.74305639913234s
iter11		 Improve solution by repack 0.11417092179521635->0.11377586670249933 , unplacedBoxesSize:1
currentRepackCostTime:97.508s , currentRepackMaxTime:236.74305639913234s
iter8		 Improve solution by repack 0.11377586670249933->0.1070337274926095 , unplacedBoxesSize:1
currentRepackCostTime:97.522s , currentRepackMaxTime:236.74305639913234s
Selecting boards with low utilization for repacking...
iter6		 Improve solution by repack 0.8950765923138941->0.8583818194033862 , unplacedBoxesSize:3
currentRepackCostTime:99.421s , currentRepackMaxTime:236.74305639913234s
iter4		 Improve solution by repack 0.8583818194033862->0.1070337274926095 , unplacedBoxesSize:1
currentRepackCostTime:99.426s , currentRepackMaxTime:236.74305639913234s
iter20		 Improve solution by repack 0.1070337274926095->0.10317287019618382 , unplacedBoxesSize:1
currentRepackCostTime:99.462s , currentRepackMaxTime:236.74305639913234s
iter5		 Improve solution by repack 0.10317287019618382->0.09671324912657887 , unplacedBoxesSize:1
currentRepackCostTime:99.47s , currentRepackMaxTime:236.74305639913234s
Selecting boards with low utilization for repacking...
iter2		 Improve solution by repack 0.924428916957807->0.894237772104273 , unplacedBoxesSize:4
currentRepackCostTime:101.34700000000001s , currentRepackMaxTime:236.74305639913234s
iter4		 Improve solution by repack 0.894237772104273->0.09671324912657887 , unplacedBoxesSize:1
currentRepackCostTime:101.358s , currentRepackMaxTime:236.74305639913234s
Selecting boards with low utilization for repacking...
iter3		 Improve solution by repack 0.924428916957807->0.9070464928782586 , unplacedBoxesSize:4
currentRepackCostTime:103.194s , currentRepackMaxTime:236.74305639913234s
iter7		 Improve solution by repack 0.9070464928782586->0.8953056973931738 , unplacedBoxesSize:2
currentRepackCostTime:103.20700000000001s , currentRepackMaxTime:236.74305639913234s
iter16		 Improve solution by repack 0.8953056973931738->0.2970814297231927 , unplacedBoxesSize:1
currentRepackCostTime:103.226s , currentRepackMaxTime:236.74305639913234s
iter68		 Improve solution by repack 0.2970814297231927->0.2950433351249664 , unplacedBoxesSize:3
currentRepackCostTime:103.34700000000001s , currentRepackMaxTime:236.74305639913234s
iter21		 Improve solution by repack 0.2950433351249664->0.2946482800322494 , unplacedBoxesSize:3
currentRepackCostTime:103.409s , currentRepackMaxTime:236.74305639913234s
iter6		 Improve solution by repack 0.2946482800322494->0.26676397473797364 , unplacedBoxesSize:2
currentRepackCostTime:103.423s , currentRepackMaxTime:236.74305639913234s
iter52		 Improve solution by repack 0.26676397473797364->0.26577633700618114 , unplacedBoxesSize:2
currentRepackCostTime:103.528s , currentRepackMaxTime:236.74305639913234s
iter14		 Improve solution by repack 0.26577633700618114->0.26157753292125774 , unplacedBoxesSize:2
currentRepackCostTime:103.556s , currentRepackMaxTime:236.74305639913234s
iter23		 Improve solution by repack 0.26157753292125774->0.1260225745767267 , unplacedBoxesSize:1
currentRepackCostTime:103.605s , currentRepackMaxTime:236.74305639913234s
iter90		 Improve solution by repack 0.1260225745767267->0.1137704918032787 , unplacedBoxesSize:1
currentRepackCostTime:103.791s , currentRepackMaxTime:236.74305639913234s
iter15		 Improve solution by repack 0.1137704918032787->0.1127882289707068 , unplacedBoxesSize:1
currentRepackCostTime:103.819s , currentRepackMaxTime:236.74305639913234s
iter39		 Improve solution by repack 0.1127882289707068->0.08340902983069066 , unplacedBoxesSize:1
currentRepackCostTime:103.895s , currentRepackMaxTime:236.74305639913234s
Selecting boards with low utilization for repacking...
iter2		 Improve solution by repack 0.9268476216070949->0.894237772104273 , unplacedBoxesSize:4
currentRepackCostTime:105.785s , currentRepackMaxTime:236.74305639913234s
iter15		 Improve solution by repack 0.894237772104273->0.8903890083310938 , unplacedBoxesSize:4
currentRepackCostTime:105.813s , currentRepackMaxTime:236.74305639913234s
iter2		 Improve solution by repack 0.8903890083310938->0.8852129803816179 , unplacedBoxesSize:4
currentRepackCostTime:105.81700000000001s , currentRepackMaxTime:236.74305639913234s
iter26		 Improve solution by repack 0.8852129803816179->0.8764384574039237 , unplacedBoxesSize:4
currentRepackCostTime:105.87s , currentRepackMaxTime:236.74305639913234s
iter10		 Improve solution by repack 0.8764384574039237->0.8590560333243751 , unplacedBoxesSize:4
currentRepackCostTime:105.894s , currentRepackMaxTime:236.74305639913234s
iter19		 Improve solution by repack 0.8590560333243751->0.15644181671593657 , unplacedBoxesSize:1
currentRepackCostTime:105.94200000000001s , currentRepackMaxTime:236.74305639913234s
iter76		 Improve solution by repack 0.15644181671593657->0.14903386186509002 , unplacedBoxesSize:1
currentRepackCostTime:106.072s , currentRepackMaxTime:236.74305639913234s
iter7		 Improve solution by repack 0.14903386186509002->0.14439364418167158 , unplacedBoxesSize:1
currentRepackCostTime:106.083s , currentRepackMaxTime:236.74305639913234s
iter81		 Improve solution by repack 0.14439364418167158->0.13140352055898952 , unplacedBoxesSize:2
currentRepackCostTime:106.23100000000001s , currentRepackMaxTime:236.74305639913234s
iter191		 Improve solution by repack 0.13140352055898952->0.13135581832840634 , unplacedBoxesSize:1
currentRepackCostTime:106.664s , currentRepackMaxTime:236.74305639913234s
iter1		 Improve solution by repack 0.13135581832840634->0.1260225745767267 , unplacedBoxesSize:1
currentRepackCostTime:106.664s , currentRepackMaxTime:236.74305639913234s
iter120		 Improve solution by repack 0.1260225745767267->0.1070337274926095 , unplacedBoxesSize:1
currentRepackCostTime:106.872s , currentRepackMaxTime:236.74305639913234s
iter11		 Improve solution by repack 0.1070337274926095->0.08738511152915883 , unplacedBoxesSize:1
currentRepackCostTime:106.899s , currentRepackMaxTime:236.74305639913234s
iter2		 Improve solution by repack 0.08738511152915883->0.08340902983069066 , unplacedBoxesSize:1
currentRepackCostTime:106.903s , currentRepackMaxTime:236.74305639913234s
iter59		 Improve solution by repack 0.08340902983069066->0.04799449072829884 , unplacedBoxesSize:1
currentRepackCostTime:107.009s , currentRepackMaxTime:236.74305639913234s
Selecting boards with low utilization for repacking...
iter5		 Improve solution by repack 0.8842246707874227->0.8794020424617038 , unplacedBoxesSize:3
currentRepackCostTime:109.07300000000001s , currentRepackMaxTime:236.74305639913234s
iter36		 Improve solution by repack 0.8794020424617038->0.8643160440741736 , unplacedBoxesSize:2
currentRepackCostTime:109.124s , currentRepackMaxTime:236.74305639913234s
iter50		 Improve solution by repack 0.8643160440741736->0.15644181671593657 , unplacedBoxesSize:1
currentRepackCostTime:109.187s , currentRepackMaxTime:236.74305639913234s
iter12		 Improve solution by repack 0.15644181671593657->0.15441413598495027 , unplacedBoxesSize:1
currentRepackCostTime:109.203s , currentRepackMaxTime:236.74305639913234s
iter10		 Improve solution by repack 0.15441413598495027->0.11065573770491803 , unplacedBoxesSize:1
currentRepackCostTime:109.223s , currentRepackMaxTime:236.74305639913234s
iter9		 Improve solution by repack 0.11065573770491803->0.10797097554420855 , unplacedBoxesSize:1
currentRepackCostTime:109.242s , currentRepackMaxTime:236.74305639913234s
iter1		 Improve solution by repack 0.10797097554420855->0.10778352593388874 , unplacedBoxesSize:1
currentRepackCostTime:109.244s , currentRepackMaxTime:236.74305639913234s
iter38		 Improve solution by repack 0.10778352593388874->0.1070337274926095 , unplacedBoxesSize:1
currentRepackCostTime:109.316s , currentRepackMaxTime:236.74305639913234s
iter300		 Improve solution by repack 0.1070337274926095->0.09271902714324107 , unplacedBoxesSize:1
currentRepackCostTime:109.9s , currentRepackMaxTime:236.74305639913234s
iter63		 Improve solution by repack 0.09271902714324107->0.0724697661918839 , unplacedBoxesSize:1
currentRepackCostTime:110.02s , currentRepackMaxTime:236.74305639913234s
iter16		 Improve solution by repack 0.0724697661918839->0.06960225745767266 , unplacedBoxesSize:1
currentRepackCostTime:110.05s , currentRepackMaxTime:236.74305639913234s
Selecting boards with low utilization for repacking...
iter30		 Improve solution by repack 0.8837033055630208->0.8710077936038699 , unplacedBoxesSize:3
currentRepackCostTime:112.187s , currentRepackMaxTime:236.74305639913234s
iter19		 Improve solution by repack 0.8710077936038699->0.8635578473528621 , unplacedBoxesSize:3
currentRepackCostTime:112.21600000000001s , currentRepackMaxTime:236.74305639913234s
iter2		 Improve solution by repack 0.8635578473528621->0.848641158290782 , unplacedBoxesSize:3
currentRepackCostTime:112.218s , currentRepackMaxTime:236.74305639913234s
iter26		 Improve solution by repack 0.848641158290782->0.8446704514915344 , unplacedBoxesSize:3
currentRepackCostTime:112.261s , currentRepackMaxTime:236.74305639913234s
iter47		 Improve solution by repack 0.8446704514915344->0.14439364418167158 , unplacedBoxesSize:1
currentRepackCostTime:112.337s , currentRepackMaxTime:236.74305639913234s
iter38		 Improve solution by repack 0.14439364418167158->0.13555495834453105 , unplacedBoxesSize:1
currentRepackCostTime:112.41s , currentRepackMaxTime:236.74305639913234s
iter35		 Improve solution by repack 0.13555495834453105->0.08738511152915883 , unplacedBoxesSize:1
currentRepackCostTime:112.485s , currentRepackMaxTime:236.74305639913234s
iter147		 Improve solution by repack 0.08738511152915883->0.08340902983069066 , unplacedBoxesSize:1
currentRepackCostTime:112.771s , currentRepackMaxTime:236.74305639913234s
Selecting boards with low utilization for repacking...
iter2		 Improve solution by repack 0.9284762160709487->0.9014095673206127 , unplacedBoxesSize:4
currentRepackCostTime:114.785s , currentRepackMaxTime:236.74305639913234s
iter18		 Improve solution by repack 0.9014095673206127->0.15644181671593657 , unplacedBoxesSize:1
currentRepackCostTime:114.819s , currentRepackMaxTime:236.74305639913234s
iter17		 Improve solution by repack 0.15644181671593657->0.15565170653050253 , unplacedBoxesSize:1
currentRepackCostTime:114.851s , currentRepackMaxTime:236.74305639913234s
iter27		 Improve solution by repack 0.15565170653050253->0.12434560601988713 , unplacedBoxesSize:1
currentRepackCostTime:114.91s , currentRepackMaxTime:236.74305639913234s
iter29		 Improve solution by repack 0.12434560601988713->0.08340902983069066 , unplacedBoxesSize:1
currentRepackCostTime:114.962s , currentRepackMaxTime:236.74305639913234s
iter654		 Improve solution by repack 0.08340902983069066->0.06312951222789573 , unplacedBoxesSize:2
currentRepackCostTime:116.159s , currentRepackMaxTime:236.74305639913234s
iter2		 Improve solution by repack 0.06312951222789573->0.04799449072829884 , unplacedBoxesSize:1
currentRepackCostTime:116.164s , currentRepackMaxTime:236.74305639913234s
Selecting boards with low utilization for repacking...
iter1		 Improve solution by repack 0.9302660575114217->0.04799449072829884 , unplacedBoxesSize:1
currentRepackCostTime:118.196s , currentRepackMaxTime:236.74305639913234s
Selecting boards with low utilization for repacking...
iter6		 Improve solution by repack 0.9303053614619726->0.8794020424617038 , unplacedBoxesSize:3
currentRepackCostTime:120.34100000000001s , currentRepackMaxTime:236.74305639913234s
iter33		 Improve solution by repack 0.8794020424617038->0.8757293066380004 , unplacedBoxesSize:3
currentRepackCostTime:120.391s , currentRepackMaxTime:236.74305639913234s
iter2		 Improve solution by repack 0.8757293066380004->0.8693133566245633 , unplacedBoxesSize:4
currentRepackCostTime:120.394s , currentRepackMaxTime:236.74305639913234s
iter13		 Improve solution by repack 0.8693133566245633->0.04799449072829884 , unplacedBoxesSize:1
currentRepackCostTime:120.416s , currentRepackMaxTime:236.74305639913234s
Selecting boards with low utilization for repacking...
iter8		 Improve solution by repack 0.9317858102660574->0.9295579145391023 , unplacedBoxesSize:4
currentRepackCostTime:122.518s , currentRepackMaxTime:236.74305639913234s
iter5		 Improve solution by repack 0.9295579145391023->0.8698310266057511 , unplacedBoxesSize:5
currentRepackCostTime:122.528s , currentRepackMaxTime:236.74305639913234s
iter19		 Improve solution by repack 0.8698310266057511->0.8559053345874765 , unplacedBoxesSize:4
currentRepackCostTime:122.57600000000001s , currentRepackMaxTime:236.74305639913234s
iter10		 Improve solution by repack 0.8559053345874765->0.8434829346949745 , unplacedBoxesSize:3
currentRepackCostTime:122.59400000000001s , currentRepackMaxTime:236.74305639913234s
iter31		 Improve solution by repack 0.8434829346949745->0.04799449072829884 , unplacedBoxesSize:1
currentRepackCostTime:122.649s , currentRepackMaxTime:236.74305639913234s
Selecting boards with low utilization for repacking...
iter6		 Improve solution by repack 0.8434829346949745->0.8390325181402848 , unplacedBoxesSize:4
currentRepackCostTime:124.812s , currentRepackMaxTime:236.74305639913234s
iter1		 Improve solution by repack 0.8390325181402848->0.8332377049180328 , unplacedBoxesSize:4
currentRepackCostTime:124.81400000000001s , currentRepackMaxTime:236.74305639913234s
iter7		 Improve solution by repack 0.8332377049180328->0.8316618516527815 , unplacedBoxesSize:4
currentRepackCostTime:124.83s , currentRepackMaxTime:236.74305639913234s
iter4		 Improve solution by repack 0.8316618516527815->0.04799449072829884 , unplacedBoxesSize:1
currentRepackCostTime:124.836s , currentRepackMaxTime:236.74305639913234s
Selecting boards with low utilization for repacking...
iter3		 Improve solution by repack 0.8671630610051062->0.04799449072829884 , unplacedBoxesSize:1
currentRepackCostTime:126.93900000000001s , currentRepackMaxTime:236.74305639913234s
Selecting boards with low utilization for repacking...
iter2		 Improve solution by repack 0.872967952163397->0.11377586670249933 , unplacedBoxesSize:1
currentRepackCostTime:128.986s , currentRepackMaxTime:236.74305639913234s
iter6		 Improve solution by repack 0.11377586670249933->0.1127882289707068 , unplacedBoxesSize:1
currentRepackCostTime:128.997s , currentRepackMaxTime:236.74305639913234s
iter2		 Improve solution by repack 0.1127882289707068->0.10797097554420855 , unplacedBoxesSize:1
currentRepackCostTime:129.002s , currentRepackMaxTime:236.74305639913234s
iter3		 Improve solution by repack 0.10797097554420855->0.04799449072829884 , unplacedBoxesSize:1
currentRepackCostTime:129.006s , currentRepackMaxTime:236.74305639913234s
Selecting boards with low utilization for repacking...
iter5		 Improve solution by repack 0.9036136119322763->0.9003782585326525 , unplacedBoxesSize:4
currentRepackCostTime:131.044s , currentRepackMaxTime:236.74305639913234s
iter13		 Improve solution by repack 0.9003782585326525->0.8986838215533458 , unplacedBoxesSize:5
currentRepackCostTime:131.068s , currentRepackMaxTime:236.74305639913234s
iter1		 Improve solution by repack 0.8986838215533458->0.8941306100510616 , unplacedBoxesSize:3
currentRepackCostTime:131.071s , currentRepackMaxTime:236.74305639913234s
iter13		 Improve solution by repack 0.8941306100510616->0.8901666218758398 , unplacedBoxesSize:5
currentRepackCostTime:131.089s , currentRepackMaxTime:236.74305639913234s
iter1		 Improve solution by repack 0.8901666218758398->0.8843415748454717 , unplacedBoxesSize:4
currentRepackCostTime:131.091s , currentRepackMaxTime:236.74305639913234s
iter23		 Improve solution by repack 0.8843415748454717->0.8710991668906207 , unplacedBoxesSize:4
currentRepackCostTime:131.136s , currentRepackMaxTime:236.74305639913234s
iter19		 Improve solution by repack 0.8710991668906207->0.10961703843052943 , unplacedBoxesSize:1
currentRepackCostTime:131.178s , currentRepackMaxTime:236.74305639913234s
iter20		 Improve solution by repack 0.10961703843052943->0.1078688524590164 , unplacedBoxesSize:1
currentRepackCostTime:131.221s , currentRepackMaxTime:236.74305639913234s
iter34		 Improve solution by repack 0.1078688524590164->0.10778352593388874 , unplacedBoxesSize:1
currentRepackCostTime:131.291s , currentRepackMaxTime:236.74305639913234s
iter88		 Improve solution by repack 0.10778352593388874->0.1070337274926095 , unplacedBoxesSize:1
currentRepackCostTime:131.473s , currentRepackMaxTime:236.74305639913234s
iter155		 Improve solution by repack 0.1070337274926095->0.10286818059661382 , unplacedBoxesSize:2
currentRepackCostTime:131.80100000000002s , currentRepackMaxTime:236.74305639913234s
iter28		 Improve solution by repack 0.10286818059661382->0.09671324912657887 , unplacedBoxesSize:1
currentRepackCostTime:131.876s , currentRepackMaxTime:236.74305639913234s
iter245		 Improve solution by repack 0.09671324912657887->0.09598898145659768 , unplacedBoxesSize:2
currentRepackCostTime:132.401s , currentRepackMaxTime:236.74305639913234s
iter11		 Improve solution by repack 0.09598898145659768->0.09271902714324107 , unplacedBoxesSize:1
currentRepackCostTime:132.434s , currentRepackMaxTime:236.74305639913234s
iter395		 Improve solution by repack 0.09271902714324107->0.08340902983069066 , unplacedBoxesSize:1
currentRepackCostTime:133.275s , currentRepackMaxTime:236.74305639913234s
iter173		 Improve solution by repack 0.08340902983069066->0.0724697661918839 , unplacedBoxesSize:1
currentRepackCostTime:133.605s , currentRepackMaxTime:236.74305639913234s
iter53		 Improve solution by repack 0.0724697661918839->0.06960225745767266 , unplacedBoxesSize:1
currentRepackCostTime:133.716s , currentRepackMaxTime:236.74305639913234s
Selecting boards with low utilization for repacking...
iter5		 Improve solution by repack 0.9291786482128459->0.9205499193765116 , unplacedBoxesSize:6
currentRepackCostTime:135.67600000000002s , currentRepackMaxTime:236.74305639913234s
iter6		 Improve solution by repack 0.9205499193765116->0.16232128460091375 , unplacedBoxesSize:2
currentRepackCostTime:135.696s , currentRepackMaxTime:236.74305639913234s
iter92		 Improve solution by repack 0.16232128460091375->0.15301128728836333 , unplacedBoxesSize:2
currentRepackCostTime:135.923s , currentRepackMaxTime:236.74305639913234s
iter86		 Improve solution by repack 0.15301128728836333->0.10778352593388874 , unplacedBoxesSize:1
currentRepackCostTime:136.119s , currentRepackMaxTime:236.74305639913234s
iter13		 Improve solution by repack 0.10778352593388874->0.1070337274926095 , unplacedBoxesSize:1
currentRepackCostTime:136.148s , currentRepackMaxTime:236.74305639913234s
iter271		 Improve solution by repack 0.1070337274926095->0.06960225745767266 , unplacedBoxesSize:1
currentRepackCostTime:136.689s , currentRepackMaxTime:236.74305639913234s
Selecting boards with low utilization for repacking...
iter4		 Improve solution by repack 0.8775419914001613->0.8757293066380004 , unplacedBoxesSize:3
currentRepackCostTime:138.625s , currentRepackMaxTime:236.74305639913234s
iter1		 Improve solution by repack 0.8757293066380004->0.8693133566245633 , unplacedBoxesSize:4
currentRepackCostTime:138.626s , currentRepackMaxTime:236.74305639913234s
iter11		 Improve solution by repack 0.8693133566245633->0.06960225745767266 , unplacedBoxesSize:1
currentRepackCostTime:138.654s , currentRepackMaxTime:236.74305639913234s
Selecting boards with low utilization for repacking...
iter35		 Improve solution by repack 0.8693133566245633->0.8581987368986831 , unplacedBoxesSize:4
currentRepackCostTime:140.665s , currentRepackMaxTime:236.74305639913234s
iter2		 Improve solution by repack 0.8581987368986831->0.8442730448804086 , unplacedBoxesSize:3
currentRepackCostTime:140.669s , currentRepackMaxTime:236.74305639913234s
iter6		 Improve solution by repack 0.8442730448804086->0.8417381080354743 , unplacedBoxesSize:4
currentRepackCostTime:140.67600000000002s , currentRepackMaxTime:236.74305639913234s
iter5		 Improve solution by repack 0.8417381080354743->0.829886455253964 , unplacedBoxesSize:4
currentRepackCostTime:140.69s , currentRepackMaxTime:236.74305639913234s
iter1		 Improve solution by repack 0.829886455253964->0.82909634506853 , unplacedBoxesSize:4
currentRepackCostTime:140.692s , currentRepackMaxTime:236.74305639913234s
iter19		 Improve solution by repack 0.82909634506853->0.8228963988175222 , unplacedBoxesSize:4
currentRepackCostTime:140.738s , currentRepackMaxTime:236.74305639913234s
iter9		 Improve solution by repack 0.8228963988175222->0.06960225745767266 , unplacedBoxesSize:1
currentRepackCostTime:140.75900000000001s , currentRepackMaxTime:236.74305639913234s
Selecting boards with low utilization for repacking...
iter2		 Improve solution by repack 0.9205613181940339->0.905426296694437 , unplacedBoxesSize:5
currentRepackCostTime:142.725s , currentRepackMaxTime:236.74305639913234s
iter9		 Improve solution by repack 0.905426296694437->0.06960225745767266 , unplacedBoxesSize:1
currentRepackCostTime:142.749s , currentRepackMaxTime:236.74305639913234s
iter687		 Improve solution by repack 0.06960225745767266->0.04799449072829884 , unplacedBoxesSize:1
currentRepackCostTime:144.102s , currentRepackMaxTime:236.74305639913234s
Selecting boards with low utilization for repacking...
iter3		 Improve solution by repack 0.9250819672131148->0.8820088685837141 , unplacedBoxesSize:4
currentRepackCostTime:146.101s , currentRepackMaxTime:236.74305639913234s
iter26		 Improve solution by repack 0.8820088685837141->0.8721573501746842 , unplacedBoxesSize:4
currentRepackCostTime:146.15800000000002s , currentRepackMaxTime:236.74305639913234s
iter50		 Improve solution by repack 0.8721573501746842->0.8524832034399356 , unplacedBoxesSize:3
currentRepackCostTime:146.264s , currentRepackMaxTime:236.74305639913234s
iter4		 Improve solution by repack 0.8524832034399356->0.8442730448804086 , unplacedBoxesSize:3
currentRepackCostTime:146.27100000000002s , currentRepackMaxTime:236.74305639913234s
iter7		 Improve solution by repack 0.8442730448804086->0.11885245901639344 , unplacedBoxesSize:1
currentRepackCostTime:146.279s , currentRepackMaxTime:236.74305639913234s
iter22		 Improve solution by repack 0.11885245901639344->0.11834990593926363 , unplacedBoxesSize:1
currentRepackCostTime:146.31300000000002s , currentRepackMaxTime:236.74305639913234s
iter26		 Improve solution by repack 0.11834990593926363->0.10961703843052943 , unplacedBoxesSize:1
currentRepackCostTime:146.358s , currentRepackMaxTime:236.74305639913234s
iter53		 Improve solution by repack 0.10961703843052943->0.10594430260682612 , unplacedBoxesSize:1
currentRepackCostTime:146.45000000000002s , currentRepackMaxTime:236.74305639913234s
iter4		 Improve solution by repack 0.10594430260682612->0.10317287019618382 , unplacedBoxesSize:1
currentRepackCostTime:146.456s , currentRepackMaxTime:236.74305639913234s
iter13		 Improve solution by repack 0.10317287019618382->0.09671324912657887 , unplacedBoxesSize:1
currentRepackCostTime:146.483s , currentRepackMaxTime:236.74305639913234s
iter11		 Improve solution by repack 0.09671324912657887->0.08340902983069066 , unplacedBoxesSize:1
currentRepackCostTime:146.50300000000001s , currentRepackMaxTime:236.74305639913234s
iter1		 Improve solution by repack 0.08340902983069066->0.04799449072829884 , unplacedBoxesSize:1
currentRepackCostTime:146.504s , currentRepackMaxTime:236.74305639913234s
Selecting boards with low utilization for repacking...
iter9		 Improve solution by repack 0.9382907820478366->0.9330767938726149 , unplacedBoxesSize:4
currentRepackCostTime:148.56300000000002s , currentRepackMaxTime:236.74305639913234s
iter2		 Improve solution by repack 0.9330767938726149->0.9251148884708411 , unplacedBoxesSize:6
currentRepackCostTime:148.567s , currentRepackMaxTime:236.74305639913234s
iter4		 Improve solution by repack 0.9251148884708411->0.921441144853534 , unplacedBoxesSize:6
currentRepackCostTime:148.576s , currentRepackMaxTime:236.74305639913234s
iter7		 Improve solution by repack 0.921441144853534->0.871142166084386 , unplacedBoxesSize:3
currentRepackCostTime:148.596s , currentRepackMaxTime:236.74305639913234s
iter19		 Improve solution by repack 0.871142166084386->0.8680139747379737 , unplacedBoxesSize:3
currentRepackCostTime:148.624s , currentRepackMaxTime:236.74305639913234s
iter1		 Improve solution by repack 0.8680139747379737->0.1488497715667831 , unplacedBoxesSize:1
currentRepackCostTime:148.625s , currentRepackMaxTime:236.74305639913234s
iter9		 Improve solution by repack 0.1488497715667831->0.11360655737704918 , unplacedBoxesSize:1
currentRepackCostTime:148.637s , currentRepackMaxTime:236.74305639913234s
iter3		 Improve solution by repack 0.11360655737704918->0.1070337274926095 , unplacedBoxesSize:1
currentRepackCostTime:148.642s , currentRepackMaxTime:236.74305639913234s
iter38		 Improve solution by repack 0.1070337274926095->0.08340902983069066 , unplacedBoxesSize:1
currentRepackCostTime:148.714s , currentRepackMaxTime:236.74305639913234s
iter871		 Improve solution by repack 0.08340902983069066->0.06960225745767266 , unplacedBoxesSize:1
currentRepackCostTime:150.317s , currentRepackMaxTime:236.74305639913234s
Selecting boards with low utilization for repacking...
iter1		 Improve solution by repack 0.9039666756248321->0.8947386455253965 , unplacedBoxesSize:6
currentRepackCostTime:152.256s , currentRepackMaxTime:236.74305639913234s
iter2		 Improve solution by repack 0.8947386455253965->0.8833915614082236 , unplacedBoxesSize:3
currentRepackCostTime:152.261s , currentRepackMaxTime:236.74305639913234s
iter8		 Improve solution by repack 0.8833915614082236->0.11360655737704918 , unplacedBoxesSize:1
currentRepackCostTime:152.273s , currentRepackMaxTime:236.74305639913234s
iter15		 Improve solution by repack 0.11360655737704918->0.10961703843052943 , unplacedBoxesSize:1
currentRepackCostTime:152.304s , currentRepackMaxTime:236.74305639913234s
iter86		 Improve solution by repack 0.10961703843052943->0.10797097554420855 , unplacedBoxesSize:1
currentRepackCostTime:152.457s , currentRepackMaxTime:236.74305639913234s
iter31		 Improve solution by repack 0.10797097554420855->0.10778352593388874 , unplacedBoxesSize:1
currentRepackCostTime:152.511s , currentRepackMaxTime:236.74305639913234s
iter72		 Improve solution by repack 0.10778352593388874->0.1070337274926095 , unplacedBoxesSize:1
currentRepackCostTime:152.663s , currentRepackMaxTime:236.74305639913234s
iter41		 Improve solution by repack 0.1070337274926095->0.09904763504434293 , unplacedBoxesSize:1
currentRepackCostTime:152.745s , currentRepackMaxTime:236.74305639913234s
iter346		 Improve solution by repack 0.09904763504434293->0.06960225745767266 , unplacedBoxesSize:1
currentRepackCostTime:153.367s , currentRepackMaxTime:236.74305639913234s
iter686		 Improve solution by repack 0.06960225745767266->0.015135021499596885 , unplacedBoxesSize:1
currentRepackCostTime:154.736s , currentRepackMaxTime:236.74305639913234s
iter4		 Improve solution by repack 0.015135021499596885->0.0 , unplacedBoxesSize:0
currentRepackCostTime:154.743s , currentRepackMaxTime:236.74305639913234s
Improved success.
Found solution 81
Start improving solution by repacking.
Selecting boards with low utilization for repacking...
iter38		 Improve solution by repack 0.8524832034399356->0.8442730448804086 , unplacedBoxesSize:3
currentRepackCostTime:0.066s , currentRepackMaxTime:82.00005639913235s
iter11		 Improve solution by repack 0.8442730448804086->0.8366809997312551 , unplacedBoxesSize:3
currentRepackCostTime:0.085s , currentRepackMaxTime:82.00005639913235s
iter57		 Improve solution by repack 0.8366809997312551->0.8299032518140285 , unplacedBoxesSize:4
currentRepackCostTime:0.189s , currentRepackMaxTime:82.00005639913235s
iter11		 Improve solution by repack 0.8299032518140285->0.8270357430798173 , unplacedBoxesSize:4
currentRepackCostTime:0.214s , currentRepackMaxTime:82.00005639913235s
iter13		 Improve solution by repack 0.8270357430798173->0.8233861865090031 , unplacedBoxesSize:3
currentRepackCostTime:0.23800000000000002s , currentRepackMaxTime:82.00005639913235s
iter166		 Improve solution by repack 0.8233861865090031->0.8225960763235689 , unplacedBoxesSize:3
currentRepackCostTime:0.529s , currentRepackMaxTime:82.00005639913235s
iter479		 Improve solution by repack 0.8225960763235689->0.8204205858640151 , unplacedBoxesSize:3
currentRepackCostTime:1.338s , currentRepackMaxTime:82.00005639913235s
iter95		 Improve solution by repack 0.8204205858640151->0.8170357430798173 , unplacedBoxesSize:3
currentRepackCostTime:1.499s , currentRepackMaxTime:82.00005639913235s
iter6		 Improve solution by repack 0.8170357430798173->0.7974482665950013 , unplacedBoxesSize:3
currentRepackCostTime:1.51s , currentRepackMaxTime:82.00005639913235s
iter48		 Improve solution by repack 0.7974482665950013->0.7916326256382693 , unplacedBoxesSize:3
currentRepackCostTime:1.601s , currentRepackMaxTime:82.00005639913235s
iter27		 Improve solution by repack 0.7916326256382693->0.7876619188390218 , unplacedBoxesSize:3
currentRepackCostTime:1.6460000000000001s , currentRepackMaxTime:82.00005639913235s
iter29		 Improve solution by repack 0.7876619188390218->0.7752163396936308 , unplacedBoxesSize:3
currentRepackCostTime:1.691s , currentRepackMaxTime:82.00005639913235s
iter56		 Improve solution by repack 0.7752163396936308->0.7712402579951626 , unplacedBoxesSize:3
currentRepackCostTime:1.7890000000000001s , currentRepackMaxTime:82.00005639913235s
iter387		 Improve solution by repack 0.7712402579951626->0.7692125772641764 , unplacedBoxesSize:3
currentRepackCostTime:2.491s , currentRepackMaxTime:82.00005639913235s
iter264		 Improve solution by repack 0.7692125772641764->0.7671768341843591 , unplacedBoxesSize:3
currentRepackCostTime:2.968s , currentRepackMaxTime:82.00005639913235s
iter4		 Improve solution by repack 0.7671768341843591->0.7654823972050524 , unplacedBoxesSize:4
currentRepackCostTime:2.974s , currentRepackMaxTime:82.00005639913235s
iter21		 Improve solution by repack 0.7654823972050524->0.7653520558989519 , unplacedBoxesSize:3
currentRepackCostTime:3.019s , currentRepackMaxTime:82.00005639913235s
iter51		 Improve solution by repack 0.7653520558989519->0.763705993012631 , unplacedBoxesSize:3
currentRepackCostTime:3.103s , currentRepackMaxTime:82.00005639913235s
iter24		 Improve solution by repack 0.763705993012631->0.7635185434023113 , unplacedBoxesSize:3
currentRepackCostTime:3.145s , currentRepackMaxTime:82.00005639913235s
iter73		 Improve solution by repack 0.7635185434023113->0.762768744961032 , unplacedBoxesSize:3
currentRepackCostTime:3.273s , currentRepackMaxTime:82.00005639913235s
iter755		 Improve solution by repack 0.762768744961032->0.7567730448804085 , unplacedBoxesSize:3
currentRepackCostTime:4.66s , currentRepackMaxTime:82.00005639913235s
iter79		 Improve solution by repack 0.7567730448804085->0.7499140016124698 , unplacedBoxesSize:3
currentRepackCostTime:4.805s , currentRepackMaxTime:82.00005639913235s
iter163		 Improve solution by repack 0.7499140016124698->0.7488753023380811 , unplacedBoxesSize:3
currentRepackCostTime:5.085s , currentRepackMaxTime:82.00005639913235s
iter574		 Improve solution by repack 0.7488753023380811->0.7359715130341307 , unplacedBoxesSize:3
currentRepackCostTime:6.106s , currentRepackMaxTime:82.00005639913235s
iter505		 Improve solution by repack 0.7359715130341307->0.7339398011287288 , unplacedBoxesSize:2
currentRepackCostTime:7.018s , currentRepackMaxTime:82.00005639913235s
Selecting boards with low utilization for repacking...
iter26		 Improve solution by repack 0.8933277344799786->0.8794020424617038 , unplacedBoxesSize:3
currentRepackCostTime:8.535s , currentRepackMaxTime:82.00005639913235s
iter5		 Improve solution by repack 0.8794020424617038->0.8524832034399356 , unplacedBoxesSize:3
currentRepackCostTime:8.542s , currentRepackMaxTime:82.00005639913235s
iter1		 Improve solution by repack 0.8524832034399356->0.8442730448804086 , unplacedBoxesSize:3
currentRepackCostTime:8.545s , currentRepackMaxTime:82.00005639913235s
iter13		 Improve solution by repack 0.8442730448804086->0.8434829346949745 , unplacedBoxesSize:3
currentRepackCostTime:8.559000000000001s , currentRepackMaxTime:82.00005639913235s
iter28		 Improve solution by repack 0.8434829346949745->0.8284708411717281 , unplacedBoxesSize:2
currentRepackCostTime:8.604000000000001s , currentRepackMaxTime:82.00005639913235s
Selecting boards with low utilization for repacking...
iter12		 Improve solution by repack 0.9003453372749262->0.8524832034399356 , unplacedBoxesSize:3
currentRepackCostTime:9.989s , currentRepackMaxTime:82.00005639913235s
iter11		 Improve solution by repack 0.8524832034399356->0.8442730448804086 , unplacedBoxesSize:3
currentRepackCostTime:10.015s , currentRepackMaxTime:82.00005639913235s
iter43		 Improve solution by repack 0.8442730448804086->0.8213249126578877 , unplacedBoxesSize:3
currentRepackCostTime:10.081s , currentRepackMaxTime:82.00005639913235s
iter13		 Improve solution by repack 0.8213249126578877->0.8173488309594195 , unplacedBoxesSize:3
currentRepackCostTime:10.104000000000001s , currentRepackMaxTime:82.00005639913235s
iter1		 Improve solution by repack 0.8173488309594195->0.8127452297769416 , unplacedBoxesSize:3
currentRepackCostTime:10.105s , currentRepackMaxTime:82.00005639913235s
iter94		 Improve solution by repack 0.8127452297769416->0.8095095404461167 , unplacedBoxesSize:3
currentRepackCostTime:10.277000000000001s , currentRepackMaxTime:82.00005639913235s
iter75		 Improve solution by repack 0.8095095404461167->0.8080603332437517 , unplacedBoxesSize:3
currentRepackCostTime:10.403s , currentRepackMaxTime:82.00005639913235s
iter56		 Improve solution by repack 0.8080603332437517->0.7956147540983607 , unplacedBoxesSize:3
currentRepackCostTime:10.506s , currentRepackMaxTime:82.00005639913235s
iter19		 Improve solution by repack 0.7956147540983607->0.7747278957269552 , unplacedBoxesSize:3
currentRepackCostTime:10.542s , currentRepackMaxTime:82.00005639913235s
iter120		 Improve solution by repack 0.7747278957269552->0.7731177774791722 , unplacedBoxesSize:4
currentRepackCostTime:10.766s , currentRepackMaxTime:82.00005639913235s
iter1		 Improve solution by repack 0.7731177774791722->0.7591920854608977 , unplacedBoxesSize:3
currentRepackCostTime:10.768s , currentRepackMaxTime:82.00005639913235s
iter248		 Improve solution by repack 0.7591920854608977->0.7525786079011019 , unplacedBoxesSize:4
currentRepackCostTime:11.207s , currentRepackMaxTime:82.00005639913235s
iter9		 Improve solution by repack 0.7525786079011019->0.7464525665143779 , unplacedBoxesSize:3
currentRepackCostTime:11.225s , currentRepackMaxTime:82.00005639913235s
iter128		 Improve solution by repack 0.7464525665143779->0.7339398011287288 , unplacedBoxesSize:2
currentRepackCostTime:11.453s , currentRepackMaxTime:82.00005639913235s
Selecting boards with low utilization for repacking...
iter11		 Improve solution by repack 0.9059288497715667->0.8913487637731793 , unplacedBoxesSize:4
currentRepackCostTime:12.922s , currentRepackMaxTime:82.00005639913235s
iter21		 Improve solution by repack 0.8913487637731793->0.8825100779360386 , unplacedBoxesSize:4
currentRepackCostTime:12.966000000000001s , currentRepackMaxTime:82.00005639913235s
iter190		 Improve solution by repack 0.8825100779360386->0.8779736629938188 , unplacedBoxesSize:4
currentRepackCostTime:13.374s , currentRepackMaxTime:82.00005639913235s
iter153		 Improve solution by repack 0.8779736629938188->0.872647137866165 , unplacedBoxesSize:4
currentRepackCostTime:13.700000000000001s , currentRepackMaxTime:82.00005639913235s
iter96		 Improve solution by repack 0.872647137866165->0.8675705455522709 , unplacedBoxesSize:4
currentRepackCostTime:13.88s , currentRepackMaxTime:82.00005639913235s
iter11		 Improve solution by repack 0.8675705455522709->0.8665829078204784 , unplacedBoxesSize:4
currentRepackCostTime:13.904s , currentRepackMaxTime:82.00005639913235s
iter15		 Improve solution by repack 0.8665829078204784->0.8662684762160711 , unplacedBoxesSize:3
currentRepackCostTime:13.93s , currentRepackMaxTime:82.00005639913235s
Selecting boards with low utilization for repacking...
iter6		 Improve solution by repack 0.9129985219027144->0.9098931738779897 , unplacedBoxesSize:5
currentRepackCostTime:15.599s , currentRepackMaxTime:82.00005639913235s
iter4		 Improve solution by repack 0.9098931738779897->0.8803675087342112 , unplacedBoxesSize:4
currentRepackCostTime:15.608s , currentRepackMaxTime:82.00005639913235s
iter4		 Improve solution by repack 0.8803675087342112->0.8795773985487773 , unplacedBoxesSize:4
currentRepackCostTime:15.616s , currentRepackMaxTime:82.00005639913235s
iter1		 Improve solution by repack 0.8795773985487773->0.8790378930395055 , unplacedBoxesSize:3
currentRepackCostTime:15.617s , currentRepackMaxTime:82.00005639913235s
iter13		 Improve solution by repack 0.8790378930395055->0.8724939532383769 , unplacedBoxesSize:3
currentRepackCostTime:15.639000000000001s , currentRepackMaxTime:82.00005639913235s
iter29		 Improve solution by repack 0.8724939532383769->0.8707995162590701 , unplacedBoxesSize:4
currentRepackCostTime:15.683s , currentRepackMaxTime:82.00005639913235s
iter290		 Improve solution by repack 0.8707995162590701->0.8648038161784466 , unplacedBoxesSize:4
currentRepackCostTime:16.326s , currentRepackMaxTime:82.00005639913235s
iter305		 Improve solution by repack 0.8648038161784466->0.8440792125772643 , unplacedBoxesSize:3
currentRepackCostTime:17.005s , currentRepackMaxTime:82.00005639913235s
iter142		 Improve solution by repack 0.8440792125772643->0.8432891023918302 , unplacedBoxesSize:3
currentRepackCostTime:17.247s , currentRepackMaxTime:82.00005639913235s
iter26		 Improve solution by repack 0.8432891023918302->0.8368059661381348 , unplacedBoxesSize:3
currentRepackCostTime:17.289s , currentRepackMaxTime:82.00005639913235s
iter128		 Improve solution by repack 0.8368059661381348->0.8328352593388875 , unplacedBoxesSize:3
currentRepackCostTime:17.53s , currentRepackMaxTime:82.00005639913235s
iter21		 Improve solution by repack 0.8328352593388875->0.8280193496371943 , unplacedBoxesSize:3
currentRepackCostTime:17.56s , currentRepackMaxTime:82.00005639913235s
iter22		 Improve solution by repack 0.8280193496371943->0.8189639881752216 , unplacedBoxesSize:3
currentRepackCostTime:17.599s , currentRepackMaxTime:82.00005639913235s
iter55		 Improve solution by repack 0.8189639881752216->0.804436979306638 , unplacedBoxesSize:3
currentRepackCostTime:17.698s , currentRepackMaxTime:82.00005639913235s
iter297		 Improve solution by repack 0.804436979306638->0.7991910776672938 , unplacedBoxesSize:3
currentRepackCostTime:18.242s , currentRepackMaxTime:82.00005639913235s
iter37		 Improve solution by repack 0.7991910776672938->0.793453372749261 , unplacedBoxesSize:3
currentRepackCostTime:18.31s , currentRepackMaxTime:82.00005639913235s
iter85		 Improve solution by repack 0.793453372749261->0.792246371943026 , unplacedBoxesSize:3
currentRepackCostTime:18.471s , currentRepackMaxTime:82.00005639913235s
iter279		 Improve solution by repack 0.792246371943026->0.7836519080892234 , unplacedBoxesSize:3
currentRepackCostTime:18.974s , currentRepackMaxTime:82.00005639913235s
iter27		 Improve solution by repack 0.7836519080892234->0.7731886589626444 , unplacedBoxesSize:3
currentRepackCostTime:19.042s , currentRepackMaxTime:82.00005639913235s
iter50		 Improve solution by repack 0.7731886589626444->0.7717626310131686 , unplacedBoxesSize:3
currentRepackCostTime:19.133s , currentRepackMaxTime:82.00005639913235s
iter1		 Improve solution by repack 0.7717626310131686->0.7677865493147004 , unplacedBoxesSize:3
currentRepackCostTime:19.135s , currentRepackMaxTime:82.00005639913235s
iter649		 Improve solution by repack 0.7677865493147004->0.7671768341843591 , unplacedBoxesSize:3
currentRepackCostTime:20.331s , currentRepackMaxTime:82.00005639913235s
iter88		 Improve solution by repack 0.7671768341843591->0.7657430798172533 , unplacedBoxesSize:3
currentRepackCostTime:20.496s , currentRepackMaxTime:82.00005639913235s
iter83		 Improve solution by repack 0.7657430798172533->0.7524482665950013 , unplacedBoxesSize:3
currentRepackCostTime:20.641000000000002s , currentRepackMaxTime:82.00005639913235s
iter12		 Improve solution by repack 0.7524482665950013->0.7431201289975813 , unplacedBoxesSize:3
currentRepackCostTime:20.662s , currentRepackMaxTime:82.00005639913235s
iter234		 Improve solution by repack 0.7431201289975813->0.7369530811609781 , unplacedBoxesSize:4
currentRepackCostTime:21.093s , currentRepackMaxTime:82.00005639913235s
iter2		 Improve solution by repack 0.7369530811609781->0.7274381658156409 , unplacedBoxesSize:3
currentRepackCostTime:21.099s , currentRepackMaxTime:82.00005639913235s
iter13		 Improve solution by repack 0.7274381658156409->0.7123031443160441 , unplacedBoxesSize:2
currentRepackCostTime:21.122s , currentRepackMaxTime:82.00005639913235s
Selecting boards with low utilization for repacking...
iter4		 Improve solution by repack 0.9136945713517871->0.8943825584520291 , unplacedBoxesSize:4
currentRepackCostTime:22.599s , currentRepackMaxTime:82.00005639913235s
iter20		 Improve solution by repack 0.8943825584520291->0.8941306100510616 , unplacedBoxesSize:3
currentRepackCostTime:22.650000000000002s , currentRepackMaxTime:82.00005639913235s
iter287		 Improve solution by repack 0.8941306100510616->0.8895270088685836 , unplacedBoxesSize:3
currentRepackCostTime:23.106s , currentRepackMaxTime:82.00005639913235s
iter21		 Improve solution by repack 0.8895270088685836->0.8783334453104005 , unplacedBoxesSize:3
currentRepackCostTime:23.143s , currentRepackMaxTime:82.00005639913235s
iter145		 Improve solution by repack 0.8783334453104005->0.8780905670518677 , unplacedBoxesSize:3
currentRepackCostTime:23.377s , currentRepackMaxTime:82.00005639913235s
iter11		 Improve solution by repack 0.8780905670518677->0.8773004568664337 , unplacedBoxesSize:3
currentRepackCostTime:23.391000000000002s , currentRepackMaxTime:82.00005639913235s
iter140		 Improve solution by repack 0.8773004568664337->0.8643160440741736 , unplacedBoxesSize:2
currentRepackCostTime:23.631s , currentRepackMaxTime:82.00005639913235s
iter428		 Improve solution by repack 0.8643160440741736->0.8536992743886053 , unplacedBoxesSize:3
currentRepackCostTime:24.26s , currentRepackMaxTime:82.00005639913235s
iter22		 Improve solution by repack 0.8536992743886053->0.8364928782585327 , unplacedBoxesSize:3
currentRepackCostTime:24.297s , currentRepackMaxTime:82.00005639913235s
iter1		 Improve solution by repack 0.8364928782585327->0.8329420854608977 , unplacedBoxesSize:4
currentRepackCostTime:24.299s , currentRepackMaxTime:82.00005639913235s
iter3		 Improve solution by repack 0.8329420854608977->0.8050577801666219 , unplacedBoxesSize:3
currentRepackCostTime:24.307000000000002s , currentRepackMaxTime:82.00005639913235s
iter101		 Improve solution by repack 0.8050577801666219->0.8030220370868046 , unplacedBoxesSize:3
currentRepackCostTime:24.5s , currentRepackMaxTime:82.00005639913235s
iter17		 Improve solution by repack 0.8030220370868046->0.8000241870464929 , unplacedBoxesSize:3
currentRepackCostTime:24.533s , currentRepackMaxTime:82.00005639913235s
iter40		 Improve solution by repack 0.8000241870464929->0.7991910776672938 , unplacedBoxesSize:3
currentRepackCostTime:24.606s , currentRepackMaxTime:82.00005639913235s
iter73		 Improve solution by repack 0.7991910776672938->0.793453372749261 , unplacedBoxesSize:3
currentRepackCostTime:24.746000000000002s , currentRepackMaxTime:82.00005639913235s
iter10		 Improve solution by repack 0.793453372749261->0.785742407954851 , unplacedBoxesSize:4
currentRepackCostTime:24.765s , currentRepackMaxTime:82.00005639913235s
iter2		 Improve solution by repack 0.785742407954851->0.7847205052405267 , unplacedBoxesSize:3
currentRepackCostTime:24.769000000000002s , currentRepackMaxTime:82.00005639913235s
iter96		 Improve solution by repack 0.7847205052405267->0.7843506449879064 , unplacedBoxesSize:3
currentRepackCostTime:24.952s , currentRepackMaxTime:82.00005639913235s
iter26		 Improve solution by repack 0.7843506449879064->0.777554420854609 , unplacedBoxesSize:3
currentRepackCostTime:25.0s , currentRepackMaxTime:82.00005639913235s
iter12		 Improve solution by repack 0.777554420854609->0.7682262832571889 , unplacedBoxesSize:3
currentRepackCostTime:25.022000000000002s , currentRepackMaxTime:82.00005639913235s
iter7		 Improve solution by repack 0.7682262832571889->0.7642502015587208 , unplacedBoxesSize:3
currentRepackCostTime:25.038s , currentRepackMaxTime:82.00005639913235s
iter22		 Improve solution by repack 0.7642502015587208->0.7625933888739587 , unplacedBoxesSize:2
currentRepackCostTime:25.080000000000002s , currentRepackMaxTime:82.00005639913235s
Selecting boards with low utilization for repacking...
iter1		 Improve solution by repack 0.914692958882021->0.8933277344799786 , unplacedBoxesSize:4
currentRepackCostTime:26.516000000000002s , currentRepackMaxTime:82.00005639913235s
iter16		 Improve solution by repack 0.8933277344799786->0.8524832034399356 , unplacedBoxesSize:3
currentRepackCostTime:26.547s , currentRepackMaxTime:82.00005639913235s
iter6		 Improve solution by repack 0.8524832034399356->0.8442730448804086 , unplacedBoxesSize:3
currentRepackCostTime:26.557000000000002s , currentRepackMaxTime:82.00005639913235s
iter10		 Improve solution by repack 0.8442730448804086->0.8434829346949745 , unplacedBoxesSize:3
currentRepackCostTime:26.571s , currentRepackMaxTime:82.00005639913235s
iter26		 Improve solution by repack 0.8434829346949745->0.835890889545821 , unplacedBoxesSize:3
currentRepackCostTime:26.62s , currentRepackMaxTime:82.00005639913235s
iter9		 Improve solution by repack 0.835890889545821->0.8311986025262026 , unplacedBoxesSize:3
currentRepackCostTime:26.632s , currentRepackMaxTime:82.00005639913235s
iter30		 Improve solution by repack 0.8311986025262026->0.8291131416285945 , unplacedBoxesSize:4
currentRepackCostTime:26.689s , currentRepackMaxTime:82.00005639913235s
iter30		 Improve solution by repack 0.8291131416285945->0.8225960763235689 , unplacedBoxesSize:3
currentRepackCostTime:26.758s , currentRepackMaxTime:82.00005639913235s
Selecting boards with low utilization for repacking...
iter30		 Improve solution by repack 0.9267307175490459->0.8865288228970706 , unplacedBoxesSize:7
currentRepackCostTime:28.574s , currentRepackMaxTime:82.00005639913235s
iter9		 Improve solution by repack 0.8865288228970706->0.8857387127116367 , unplacedBoxesSize:7
currentRepackCostTime:28.6s , currentRepackMaxTime:82.00005639913235s
iter7		 Improve solution by repack 0.8857387127116367->0.8818583714055361 , unplacedBoxesSize:4
currentRepackCostTime:28.626s , currentRepackMaxTime:82.00005639913235s
iter16		 Improve solution by repack 0.8818583714055361->0.8787530233808116 , unplacedBoxesSize:5
currentRepackCostTime:28.656000000000002s , currentRepackMaxTime:82.00005639913235s
iter14		 Improve solution by repack 0.8787530233808116->0.8741709217952164 , unplacedBoxesSize:3
currentRepackCostTime:28.688s , currentRepackMaxTime:82.00005639913235s
iter60		 Improve solution by repack 0.8741709217952164->0.8609365761891965 , unplacedBoxesSize:3
currentRepackCostTime:28.784s , currentRepackMaxTime:82.00005639913235s
iter70		 Improve solution by repack 0.8609365761891965->0.8592421392098898 , unplacedBoxesSize:4
currentRepackCostTime:28.911s , currentRepackMaxTime:82.00005639913235s
iter18		 Improve solution by repack 0.8592421392098898->0.8542374361730717 , unplacedBoxesSize:4
currentRepackCostTime:28.955000000000002s , currentRepackMaxTime:82.00005639913235s
iter19		 Improve solution by repack 0.8542374361730717->0.8432891023918302 , unplacedBoxesSize:3
currentRepackCostTime:28.999000000000002s , currentRepackMaxTime:82.00005639913235s
iter325		 Improve solution by repack 0.8432891023918302->0.8274778285407148 , unplacedBoxesSize:3
currentRepackCostTime:29.574s , currentRepackMaxTime:82.00005639913235s
iter40		 Improve solution by repack 0.8274778285407148->0.8235071217414673 , unplacedBoxesSize:3
currentRepackCostTime:29.650000000000002s , currentRepackMaxTime:82.00005639913235s
iter51		 Improve solution by repack 0.8235071217414673->0.8110615425960763 , unplacedBoxesSize:3
currentRepackCostTime:29.754s , currentRepackMaxTime:82.00005639913235s
iter12		 Improve solution by repack 0.8110615425960763->0.8102714324106424 , unplacedBoxesSize:3
currentRepackCostTime:29.782s , currentRepackMaxTime:82.00005639913235s
iter442		 Improve solution by repack 0.8102714324106424->0.7635185434023113 , unplacedBoxesSize:3
currentRepackCostTime:30.589000000000002s , currentRepackMaxTime:82.00005639913235s
iter97		 Improve solution by repack 0.7635185434023113->0.7620323837678044 , unplacedBoxesSize:3
currentRepackCostTime:30.759s , currentRepackMaxTime:82.00005639913235s
iter72		 Improve solution by repack 0.7620323837678044->0.7487899758129535 , unplacedBoxesSize:3
currentRepackCostTime:30.892s , currentRepackMaxTime:82.00005639913235s
iter270		 Improve solution by repack 0.7487899758129535->0.7480401773716743 , unplacedBoxesSize:3
currentRepackCostTime:31.394000000000002s , currentRepackMaxTime:82.00005639913235s
iter84		 Improve solution by repack 0.7480401773716743->0.7351363880677237 , unplacedBoxesSize:3
currentRepackCostTime:31.556s , currentRepackMaxTime:82.00005639913235s
iter286		 Improve solution by repack 0.7351363880677237->0.7219510884170922 , unplacedBoxesSize:4
currentRepackCostTime:32.108000000000004s , currentRepackMaxTime:82.00005639913235s
iter67		 Improve solution by repack 0.7219510884170922->0.7147675356087073 , unplacedBoxesSize:3
currentRepackCostTime:32.272s , currentRepackMaxTime:82.00005639913235s
iter7		 Improve solution by repack 0.7147675356087073->0.7137798978769148 , unplacedBoxesSize:3
currentRepackCostTime:32.285000000000004s , currentRepackMaxTime:82.00005639913235s
iter265		 Improve solution by repack 0.7137798978769148->0.7087751948400968 , unplacedBoxesSize:3
currentRepackCostTime:32.789s , currentRepackMaxTime:82.00005639913235s
iter70		 Improve solution by repack 0.7087751948400968->0.7080253963988175 , unplacedBoxesSize:3
currentRepackCostTime:32.937s , currentRepackMaxTime:82.00005639913235s
iter64		 Improve solution by repack 0.7080253963988175->0.6858035474334857 , unplacedBoxesSize:2
currentRepackCostTime:33.058s , currentRepackMaxTime:82.00005639913235s
Selecting boards with low utilization for repacking...
iter23		 Improve solution by repack 0.8933277344799786->0.8794020424617038 , unplacedBoxesSize:3
currentRepackCostTime:34.623s , currentRepackMaxTime:82.00005639913235s
iter97		 Improve solution by repack 0.8794020424617038->0.6858035474334857 , unplacedBoxesSize:2
currentRepackCostTime:34.786s , currentRepackMaxTime:82.00005639913235s
iter532		 Improve solution by repack 0.6858035474334857->0.6843775194840096 , unplacedBoxesSize:2
currentRepackCostTime:35.596000000000004s , currentRepackMaxTime:82.00005639913235s
Selecting boards with low utilization for repacking...
iter69		 Improve solution by repack 0.8794020424617038->0.6843775194840096 , unplacedBoxesSize:2
currentRepackCostTime:37.24s , currentRepackMaxTime:82.00005639913235s
Selecting boards with low utilization for repacking...
iter18		 Improve solution by repack 0.8794020424617038->0.8780445444772911 , unplacedBoxesSize:4
currentRepackCostTime:38.842s , currentRepackMaxTime:82.00005639913235s
iter5		 Improve solution by repack 0.8780445444772911->0.8714310669174953 , unplacedBoxesSize:5
currentRepackCostTime:38.854s , currentRepackMaxTime:82.00005639913235s
iter6		 Improve solution by repack 0.8714310669174953->0.8713007256113947 , unplacedBoxesSize:4
currentRepackCostTime:38.87s , currentRepackMaxTime:82.00005639913235s
iter42		 Improve solution by repack 0.8713007256113947->0.7469551195915077 , unplacedBoxesSize:3
currentRepackCostTime:38.957s , currentRepackMaxTime:82.00005639913235s
iter137		 Improve solution by repack 0.7469551195915077->0.7417092179521635 , unplacedBoxesSize:3
currentRepackCostTime:39.208s , currentRepackMaxTime:82.00005639913235s
iter35		 Improve solution by repack 0.7417092179521635->0.7145982262832572 , unplacedBoxesSize:3
currentRepackCostTime:39.274s , currentRepackMaxTime:82.00005639913235s
iter8		 Improve solution by repack 0.7145982262832572->0.6843775194840096 , unplacedBoxesSize:2
currentRepackCostTime:39.291000000000004s , currentRepackMaxTime:82.00005639913235s
Selecting boards with low utilization for repacking...
iter11		 Improve solution by repack 0.8976212711636656->0.8911616500940608 , unplacedBoxesSize:5
currentRepackCostTime:40.83s , currentRepackMaxTime:82.00005639913235s
iter20		 Improve solution by repack 0.8911616500940608->0.8794020424617038 , unplacedBoxesSize:3
currentRepackCostTime:40.88s , currentRepackMaxTime:82.00005639913235s
iter24		 Improve solution by repack 0.8794020424617038->0.6843775194840096 , unplacedBoxesSize:2
currentRepackCostTime:40.921s , currentRepackMaxTime:82.00005639913235s
Selecting boards with low utilization for repacking...
iter131		 Improve solution by repack 0.8794020424617038->0.6843775194840096 , unplacedBoxesSize:2
currentRepackCostTime:42.682s , currentRepackMaxTime:82.00005639913235s
Selecting boards with low utilization for repacking...
iter11		 Improve solution by repack 0.9103916957807041->0.9072863477559796 , unplacedBoxesSize:4
currentRepackCostTime:44.244s , currentRepackMaxTime:82.00005639913235s
iter19		 Improve solution by repack 0.9072863477559796->0.8941306100510616 , unplacedBoxesSize:3
currentRepackCostTime:44.281s , currentRepackMaxTime:82.00005639913235s
iter30		 Improve solution by repack 0.8941306100510616->0.8714727223864552 , unplacedBoxesSize:4
currentRepackCostTime:44.335s , currentRepackMaxTime:82.00005639913235s
iter18		 Improve solution by repack 0.8714727223864552->0.8654770223058317 , unplacedBoxesSize:4
currentRepackCostTime:44.37s , currentRepackMaxTime:82.00005639913235s
iter16		 Improve solution by repack 0.8654770223058317->0.8550980919107767 , unplacedBoxesSize:4
currentRepackCostTime:44.398s , currentRepackMaxTime:82.00005639913235s
iter29		 Improve solution by repack 0.8550980919107767->0.8532541655468959 , unplacedBoxesSize:4
currentRepackCostTime:44.466s , currentRepackMaxTime:82.00005639913235s
iter11		 Improve solution by repack 0.8532541655468959->0.848641158290782 , unplacedBoxesSize:3
currentRepackCostTime:44.482s , currentRepackMaxTime:82.00005639913235s
iter3		 Improve solution by repack 0.848641158290782->0.8422453641494223 , unplacedBoxesSize:3
currentRepackCostTime:44.488s , currentRepackMaxTime:82.00005639913235s
iter25		 Improve solution by repack 0.8422453641494223->0.8408193361999462 , unplacedBoxesSize:3
currentRepackCostTime:44.531s , currentRepackMaxTime:82.00005639913235s
iter160		 Improve solution by repack 0.8408193361999462->0.8233955925826391 , unplacedBoxesSize:3
currentRepackCostTime:44.802s , currentRepackMaxTime:82.00005639913235s
iter3		 Improve solution by repack 0.8233955925826391->0.8169359715130341 , unplacedBoxesSize:3
currentRepackCostTime:44.807s , currentRepackMaxTime:82.00005639913235s
iter189		 Improve solution by repack 0.8169359715130341->0.792246371943026 , unplacedBoxesSize:3
currentRepackCostTime:45.168s , currentRepackMaxTime:82.00005639913235s
iter734		 Improve solution by repack 0.792246371943026->0.7836519080892234 , unplacedBoxesSize:3
currentRepackCostTime:46.489000000000004s , currentRepackMaxTime:82.00005639913235s
iter144		 Improve solution by repack 0.7836519080892234->0.7576081698468153 , unplacedBoxesSize:3
currentRepackCostTime:46.743s , currentRepackMaxTime:82.00005639913235s
iter36		 Improve solution by repack 0.7576081698468153->0.7575228433216876 , unplacedBoxesSize:3
currentRepackCostTime:46.814s , currentRepackMaxTime:82.00005639913235s
iter222		 Improve solution by repack 0.7575228433216876->0.7567730448804085 , unplacedBoxesSize:3
currentRepackCostTime:47.235s , currentRepackMaxTime:82.00005639913235s
iter14		 Improve solution by repack 0.7567730448804085->0.7480401773716743 , unplacedBoxesSize:3
currentRepackCostTime:47.264s , currentRepackMaxTime:82.00005639913235s
iter10		 Improve solution by repack 0.7480401773716743->0.7476558720773985 , unplacedBoxesSize:3
currentRepackCostTime:47.29s , currentRepackMaxTime:82.00005639913235s
iter10		 Improve solution by repack 0.7476558720773985->0.7463941144853534 , unplacedBoxesSize:3
currentRepackCostTime:47.305s , currentRepackMaxTime:82.00005639913235s
iter41		 Improve solution by repack 0.7463941144853534->0.7462919914001613 , unplacedBoxesSize:3
currentRepackCostTime:47.386s , currentRepackMaxTime:82.00005639913235s
iter64		 Improve solution by repack 0.7462919914001613->0.7351363880677237 , unplacedBoxesSize:3
currentRepackCostTime:47.498s , currentRepackMaxTime:82.00005639913235s
iter481		 Improve solution by repack 0.7351363880677237->0.7304215936576189 , unplacedBoxesSize:3
currentRepackCostTime:48.421s , currentRepackMaxTime:82.00005639913235s
iter12		 Improve solution by repack 0.7304215936576189->0.7271502956194571 , unplacedBoxesSize:3
currentRepackCostTime:48.44s , currentRepackMaxTime:82.00005639913235s
iter143		 Improve solution by repack 0.7271502956194571->0.7174657350174685 , unplacedBoxesSize:3
currentRepackCostTime:48.711s , currentRepackMaxTime:82.00005639913235s
iter2		 Improve solution by repack 0.7174657350174685->0.7145982262832572 , unplacedBoxesSize:3
currentRepackCostTime:48.714s , currentRepackMaxTime:82.00005639913235s
iter36		 Improve solution by repack 0.7145982262832572->0.7088605213652245 , unplacedBoxesSize:3
currentRepackCostTime:48.798s , currentRepackMaxTime:82.00005639913235s
Selecting boards with low utilization for repacking...
iter4		 Improve solution by repack 0.9129360386992743->0.8926457941413598 , unplacedBoxesSize:4
currentRepackCostTime:50.737s , currentRepackMaxTime:82.00005639913235s
iter31		 Improve solution by repack 0.8926457941413598->0.8857665950013438 , unplacedBoxesSize:4
currentRepackCostTime:50.803000000000004s , currentRepackMaxTime:82.00005639913235s
iter22		 Improve solution by repack 0.8857665950013438->0.8786992743886053 , unplacedBoxesSize:3
currentRepackCostTime:50.855000000000004s , currentRepackMaxTime:82.00005639913235s
iter19		 Improve solution by repack 0.8786992743886053->0.7923048239720505 , unplacedBoxesSize:3
currentRepackCostTime:50.882s , currentRepackMaxTime:82.00005639913235s
iter11		 Improve solution by repack 0.7923048239720505->0.7638165143778555 , unplacedBoxesSize:3
currentRepackCostTime:50.912s , currentRepackMaxTime:82.00005639913235s
iter6		 Improve solution by repack 0.7638165143778555->0.738220572426767 , unplacedBoxesSize:3
currentRepackCostTime:50.923s , currentRepackMaxTime:82.00005639913235s
iter47		 Improve solution by repack 0.738220572426767->0.7372386455253964 , unplacedBoxesSize:3
currentRepackCostTime:51.01s , currentRepackMaxTime:82.00005639913235s
iter3		 Improve solution by repack 0.7372386455253964->0.7343711367911852 , unplacedBoxesSize:3
currentRepackCostTime:51.014s , currentRepackMaxTime:82.00005639913235s
iter97		 Improve solution by repack 0.7343711367911852->0.7145982262832572 , unplacedBoxesSize:3
currentRepackCostTime:51.193s , currentRepackMaxTime:82.00005639913235s
iter34		 Improve solution by repack 0.7145982262832572->0.7088605213652245 , unplacedBoxesSize:3
currentRepackCostTime:51.259s , currentRepackMaxTime:82.00005639913235s
iter595		 Improve solution by repack 0.7088605213652245->0.7042475141091104 , unplacedBoxesSize:2
currentRepackCostTime:52.442s , currentRepackMaxTime:82.00005639913235s
iter28		 Improve solution by repack 0.7042475141091104->0.700276807309863 , unplacedBoxesSize:2
currentRepackCostTime:52.481s , currentRepackMaxTime:82.00005639913235s
Selecting boards with low utilization for repacking...
iter5		 Improve solution by repack 0.914692958882021->0.7154118288094597 , unplacedBoxesSize:3
currentRepackCostTime:53.980000000000004s , currentRepackMaxTime:82.00005639913235s
iter18		 Improve solution by repack 0.7154118288094597->0.7142024993281376 , unplacedBoxesSize:3
currentRepackCostTime:54.016s , currentRepackMaxTime:82.00005639913235s
iter48		 Improve solution by repack 0.7142024993281376->0.700276807309863 , unplacedBoxesSize:2
currentRepackCostTime:54.113s , currentRepackMaxTime:82.00005639913235s
iter793		 Improve solution by repack 0.700276807309863->0.6870411179790379 , unplacedBoxesSize:2
currentRepackCostTime:55.31s , currentRepackMaxTime:82.00005639913235s
Selecting boards with low utilization for repacking...
iter3		 Improve solution by repack 0.9268476216070949->0.6870411179790379 , unplacedBoxesSize:2
currentRepackCostTime:56.841s , currentRepackMaxTime:82.00005639913235s
iter802		 Improve solution by repack 0.6870411179790379->0.6858035474334857 , unplacedBoxesSize:2
currentRepackCostTime:58.082s , currentRepackMaxTime:82.00005639913235s
iter62		 Improve solution by repack 0.6858035474334857->0.6843775194840096 , unplacedBoxesSize:2
currentRepackCostTime:58.172000000000004s , currentRepackMaxTime:82.00005639913235s
Selecting boards with low utilization for repacking...
iter15		 Improve solution by repack 0.8851162321956464->0.8816332746573502 , unplacedBoxesSize:4
currentRepackCostTime:59.79s , currentRepackMaxTime:82.00005639913235s
iter14		 Improve solution by repack 0.8816332746573502->0.8664982531577532 , unplacedBoxesSize:3
currentRepackCostTime:59.816s , currentRepackMaxTime:82.00005639913235s
iter13		 Improve solution by repack 0.8664982531577532->0.6843775194840096 , unplacedBoxesSize:2
currentRepackCostTime:59.84s , currentRepackMaxTime:82.00005639913235s
Selecting boards with low utilization for repacking...
iter7		 Improve solution by repack 0.915214324106423->0.9121089760816984 , unplacedBoxesSize:4
currentRepackCostTime:61.421s , currentRepackMaxTime:82.00005639913235s
iter4		 Improve solution by repack 0.9121089760816984->0.8993596922870196 , unplacedBoxesSize:4
currentRepackCostTime:61.427s , currentRepackMaxTime:82.00005639913235s
iter5		 Improve solution by repack 0.8993596922870196->0.8664982531577532 , unplacedBoxesSize:3
currentRepackCostTime:61.438s , currentRepackMaxTime:82.00005639913235s
iter60		 Improve solution by repack 0.8664982531577532->0.7566514377855414 , unplacedBoxesSize:2
currentRepackCostTime:61.533s , currentRepackMaxTime:82.00005639913235s
iter42		 Improve solution by repack 0.7566514377855414->0.7471509674818597 , unplacedBoxesSize:3
currentRepackCostTime:61.595s , currentRepackMaxTime:82.00005639913235s
iter21		 Improve solution by repack 0.7471509674818597->0.6843775194840096 , unplacedBoxesSize:2
currentRepackCostTime:61.626000000000005s , currentRepackMaxTime:82.00005639913235s
Selecting boards with low utilization for repacking...
iter11		 Improve solution by repack 0.8664982531577532->0.866185165278151 , unplacedBoxesSize:5
currentRepackCostTime:63.155s , currentRepackMaxTime:82.00005639913235s
iter2		 Improve solution by repack 0.866185165278151->0.8661643375436711 , unplacedBoxesSize:5
currentRepackCostTime:63.162s , currentRepackMaxTime:82.00005639913235s
iter7		 Improve solution by repack 0.8661643375436711->0.8522386455253965 , unplacedBoxesSize:4
currentRepackCostTime:63.183s , currentRepackMaxTime:82.00005639913235s
iter11		 Improve solution by repack 0.8522386455253965->0.847546358505778 , unplacedBoxesSize:3
currentRepackCostTime:63.21s , currentRepackMaxTime:82.00005639913235s
iter210		 Improve solution by repack 0.847546358505778->0.837365627519484 , unplacedBoxesSize:3
currentRepackCostTime:63.552s , currentRepackMaxTime:82.00005639913235s
iter3		 Improve solution by repack 0.837365627519484->0.8201766998118785 , unplacedBoxesSize:3
currentRepackCostTime:63.556000000000004s , currentRepackMaxTime:82.00005639913235s
iter17		 Improve solution by repack 0.8201766998118785->0.7339398011287288 , unplacedBoxesSize:2
currentRepackCostTime:63.584s , currentRepackMaxTime:82.00005639913235s
Selecting boards with low utilization for repacking...
iter5		 Improve solution by repack 0.9268476216070949->0.8993596922870196 , unplacedBoxesSize:4
currentRepackCostTime:64.992s , currentRepackMaxTime:82.00005639913235s
iter2		 Improve solution by repack 0.8993596922870196->0.8664982531577532 , unplacedBoxesSize:3
currentRepackCostTime:64.994s , currentRepackMaxTime:82.00005639913235s
iter8		 Improve solution by repack 0.8664982531577532->0.866185165278151 , unplacedBoxesSize:5
currentRepackCostTime:65.012s , currentRepackMaxTime:82.00005639913235s
iter23		 Improve solution by repack 0.866185165278151->0.8600591238914271 , unplacedBoxesSize:4
currentRepackCostTime:65.08s , currentRepackMaxTime:82.00005639913235s
iter6		 Improve solution by repack 0.8600591238914271->0.6843775194840096 , unplacedBoxesSize:2
currentRepackCostTime:65.09100000000001s , currentRepackMaxTime:82.00005639913235s
Selecting boards with low utilization for repacking...
iter21		 Improve solution by repack 0.9268476216070949->0.9129387261488848 , unplacedBoxesSize:5
currentRepackCostTime:66.645s , currentRepackMaxTime:82.00005639913235s
iter1		 Improve solution by repack 0.9129387261488848->0.8600591238914271 , unplacedBoxesSize:4
currentRepackCostTime:66.647s , currentRepackMaxTime:82.00005639913235s
iter168		 Improve solution by repack 0.8600591238914271->0.7417092179521635 , unplacedBoxesSize:3
currentRepackCostTime:66.976s , currentRepackMaxTime:82.00005639913235s
iter294		 Improve solution by repack 0.7417092179521635->0.7122618247782855 , unplacedBoxesSize:3
currentRepackCostTime:67.508s , currentRepackMaxTime:82.00005639913235s
iter43		 Improve solution by repack 0.7122618247782855->0.6843775194840096 , unplacedBoxesSize:2
currentRepackCostTime:67.595s , currentRepackMaxTime:82.00005639913235s
Selecting boards with low utilization for repacking...
iter4		 Improve solution by repack 0.905426296694437->0.9051904729911314 , unplacedBoxesSize:5
currentRepackCostTime:69.126s , currentRepackMaxTime:82.00005639913235s
iter22		 Improve solution by repack 0.9051904729911314->0.7888134909970438 , unplacedBoxesSize:3
currentRepackCostTime:69.179s , currentRepackMaxTime:82.00005639913235s
iter75		 Improve solution by repack 0.7888134909970438->0.7671768341843591 , unplacedBoxesSize:3
currentRepackCostTime:69.31700000000001s , currentRepackMaxTime:82.00005639913235s
iter202		 Improve solution by repack 0.7671768341843591->0.7653520558989519 , unplacedBoxesSize:3
currentRepackCostTime:69.696s , currentRepackMaxTime:82.00005639913235s
iter270		 Improve solution by repack 0.7653520558989519->0.7616793200752485 , unplacedBoxesSize:3
currentRepackCostTime:70.17s , currentRepackMaxTime:82.00005639913235s
iter16		 Improve solution by repack 0.7616793200752485->0.7602976350443429 , unplacedBoxesSize:3
currentRepackCostTime:70.203s , currentRepackMaxTime:82.00005639913235s
iter37		 Improve solution by repack 0.7602976350443429->0.7525577801666219 , unplacedBoxesSize:4
currentRepackCostTime:70.269s , currentRepackMaxTime:82.00005639913235s
iter19		 Improve solution by repack 0.7525577801666219->0.7386320881483472 , unplacedBoxesSize:3
currentRepackCostTime:70.311s , currentRepackMaxTime:82.00005639913235s
iter33		 Improve solution by repack 0.7386320881483472->0.7339398011287288 , unplacedBoxesSize:2
currentRepackCostTime:70.364s , currentRepackMaxTime:82.00005639913235s
Selecting boards with low utilization for repacking...
iter17		 Improve solution by repack 0.9129387261488848->0.6843775194840096 , unplacedBoxesSize:2
currentRepackCostTime:71.856s , currentRepackMaxTime:82.00005639913235s
iter53		 Improve solution by repack 0.6843775194840096->0.675783055630207 , unplacedBoxesSize:2
currentRepackCostTime:71.935s , currentRepackMaxTime:82.00005639913235s
iter231		 Improve solution by repack 0.675783055630207->0.6574119860252621 , unplacedBoxesSize:2
currentRepackCostTime:72.291s , currentRepackMaxTime:82.00005639913235s
iter249		 Improve solution by repack 0.6574119860252621->0.6511425020155872 , unplacedBoxesSize:2
currentRepackCostTime:72.675s , currentRepackMaxTime:82.00005639913235s
iter5		 Improve solution by repack 0.6511425020155872->0.649739317387799 , unplacedBoxesSize:2
currentRepackCostTime:72.683s , currentRepackMaxTime:82.00005639913235s
Selecting boards with low utilization for repacking...
iter4		 Improve solution by repack 0.9320619457135179->0.8993596922870196 , unplacedBoxesSize:4
currentRepackCostTime:74.237s , currentRepackMaxTime:82.00005639913235s
iter4		 Improve solution by repack 0.8993596922870196->0.8842246707874227 , unplacedBoxesSize:3
currentRepackCostTime:74.247s , currentRepackMaxTime:82.00005639913235s
iter8		 Improve solution by repack 0.8842246707874227->0.8837033055630208 , unplacedBoxesSize:3
currentRepackCostTime:74.263s , currentRepackMaxTime:82.00005639913235s
iter44		 Improve solution by repack 0.8837033055630208->0.649739317387799 , unplacedBoxesSize:2
currentRepackCostTime:74.334s , currentRepackMaxTime:82.00005639913235s
iter10		 Improve solution by repack 0.649739317387799->0.6449959688255845 , unplacedBoxesSize:2
currentRepackCostTime:74.35000000000001s , currentRepackMaxTime:82.00005639913235s
Selecting boards with low utilization for repacking...
iter42		 Improve solution by repack 0.8837033055630208->0.6449959688255845 , unplacedBoxesSize:2
currentRepackCostTime:75.967s , currentRepackMaxTime:82.00005639913235s
Selecting boards with low utilization for repacking...
iter24		 Improve solution by repack 0.915214324106423->0.9068294813222252 , unplacedBoxesSize:5
currentRepackCostTime:77.519s , currentRepackMaxTime:82.00005639913235s
iter1		 Improve solution by repack 0.9068294813222252->0.900846882558452 , unplacedBoxesSize:5
currentRepackCostTime:77.522s , currentRepackMaxTime:82.00005639913235s
iter5		 Improve solution by repack 0.900846882558452->0.8914676834184359 , unplacedBoxesSize:5
currentRepackCostTime:77.537s , currentRepackMaxTime:82.00005639913235s
iter5		 Improve solution by repack 0.8914676834184359->0.8908462106960494 , unplacedBoxesSize:4
currentRepackCostTime:77.552s , currentRepackMaxTime:82.00005639913235s
iter80		 Improve solution by repack 0.8908462106960494->0.675783055630207 , unplacedBoxesSize:2
currentRepackCostTime:77.709s , currentRepackMaxTime:82.00005639913235s
iter998		 Improve solution by repack 0.675783055630207->0.6449959688255845 , unplacedBoxesSize:2
currentRepackCostTime:79.226s , currentRepackMaxTime:82.00005639913235s
Selecting boards with low utilization for repacking...
iter1		 Improve solution by repack 0.8914676834184359->0.7139881752217145 , unplacedBoxesSize:2
currentRepackCostTime:80.801s , currentRepackMaxTime:82.00005639913235s
iter9		 Improve solution by repack 0.7139881752217145->0.7042475141091104 , unplacedBoxesSize:2
currentRepackCostTime:80.812s , currentRepackMaxTime:82.00005639913235s
iter82		 Improve solution by repack 0.7042475141091104->0.6809157484547165 , unplacedBoxesSize:3
currentRepackCostTime:80.946s , currentRepackMaxTime:82.00005639913235s
iter25		 Improve solution by repack 0.6809157484547165->0.6786945713517871 , unplacedBoxesSize:3
currentRepackCostTime:80.996s , currentRepackMaxTime:82.00005639913235s
iter46		 Improve solution by repack 0.6786945713517871->0.6647688793335125 , unplacedBoxesSize:2
currentRepackCostTime:81.098s , currentRepackMaxTime:82.00005639913235s
