total number of nestable workpieces：278
Start priority-first combined packing.
Start nesting on the 1th large board, remaining blocks count: 121
Utilization of the 1th large board: 98.59647944101049, Time taken for this board: 0.985s
-------------------------------------------------------------------
Start nesting on the 2th large board, remaining blocks count: 119
Utilization of the 2th large board: 97.58546089760819, Time taken for this board: 1.823s
-------------------------------------------------------------------
Start nesting on the 3th large board, remaining blocks count: 113
Utilization of the 3th large board: 98.3319000268745, Time taken for this board: 2.582s
-------------------------------------------------------------------
Start nesting on the 4th large board, remaining blocks count: 104
Utilization of the 4th large board: 96.70558989518946, Time taken for this board: 3.226s
-------------------------------------------------------------------
Start nesting on the 5th large board, remaining blocks count: 99
Utilization of the 5th large board: 96.05300994356355, Time taken for this board: 3.819s
-------------------------------------------------------------------
Start nesting on the 6th large board, remaining blocks count: 93
Utilization of the 6th large board: 95.45498521902715, Time taken for this board: 4.259s
-------------------------------------------------------------------
Start nesting on the 7th large board, remaining blocks count: 89
Utilization of the 7th large board: 95.10399892502016, Time taken for this board: 4.679s
-------------------------------------------------------------------
Start nesting on the 8th large board, remaining blocks count: 85
Utilization of the 8th large board: 95.11818059661381, Time taken for this board: 5.08s
-------------------------------------------------------------------
Start nesting on the 9th large board, remaining blocks count: 78
Utilization of the 9th large board: 92.20465466272508, Time taken for this board: 5.344s
-------------------------------------------------------------------
Start nesting on the 10th large board, remaining blocks count: 74
Utilization of the 10th large board: 99.13685837140552, Time taken for this board: 5.6290000000000004s
-------------------------------------------------------------------
Start nesting on the 11th large board, remaining blocks count: 68
Utilization of the 11th large board: 99.07393845740393, Time taken for this board: 5.884s
-------------------------------------------------------------------
Start nesting on the 12th large board, remaining blocks count: 60
Utilization of the 12th large board: 97.80751142166083, Time taken for this board: 5.976s
-------------------------------------------------------------------
Start nesting on the 13th large board, remaining blocks count: 52
Utilization of the 13th large board: 96.59312012899758, Time taken for this board: 6.053s
-------------------------------------------------------------------
Start nesting on the 14th large board, remaining blocks count: 45
Utilization of the 14th large board: 94.75819672131148, Time taken for this board: 6.112s
-------------------------------------------------------------------
Start nesting on the 15th large board, remaining blocks count: 41
Utilization of the 15th large board: 92.75120935232465, Time taken for this board: 6.163s
-------------------------------------------------------------------
Start nesting on the 16th large board, remaining blocks count: 37
Utilization of the 16th large board: 92.5679924751411, Time taken for this board: 6.211s
-------------------------------------------------------------------
Start nesting on the 17th large board, remaining blocks count: 33
Utilization of the 17th large board: 91.87033055630206, Time taken for this board: 6.251s
-------------------------------------------------------------------
Start nesting on the 18th large board, remaining blocks count: 27
Utilization of the 18th large board: 91.76740123622682, Time taken for this board: 6.266s
-------------------------------------------------------------------
Start nesting on the 19th large board, remaining blocks count: 25
Utilization of the 19th large board: 91.61791185165278, Time taken for this board: 6.28s
-------------------------------------------------------------------
Start nesting on the 20th large board, remaining blocks count: 23
Utilization of the 20th large board: 90.35366836871809, Time taken for this board: 6.293s
-------------------------------------------------------------------
Start nesting on the 21th large board, remaining blocks count: 17
Utilization of the 21th large board: 89.7109647944101, Time taken for this board: 6.3s
-------------------------------------------------------------------
Start nesting on the 22th large board, remaining blocks count: 15
Utilization of the 22th large board: 86.59681537221176, Time taken for this board: 6.303s
-------------------------------------------------------------------
Start nesting on the 23th large board, remaining blocks count: 11
Utilization of the 23th large board: 87.32712980381618, Time taken for this board: 6.306s
-------------------------------------------------------------------
Start nesting on the 24th large board, remaining blocks count: 7
Utilization of the 24th large board: 85.62321956463316, Time taken for this board: 6.307s
-------------------------------------------------------------------
Start nesting on the 25th large board, remaining blocks count: 7
Utilization of the 25th large board: 81.91910776672937, Time taken for this board: 6.307s
-------------------------------------------------------------------
Start nesting on the 26th large board, remaining blocks count: 3
Utilization of the 26th large board: 42.56839559258264, Time taken for this board: 6.307s
-------------------------------------------------------------------
Start global repack optimization for 26 boards, time=430.463s.
Start improving solution by repacking.
Selecting boards with low utilization for repacking...
iter2		 Improve solution by repack 0.42568395592582636->0.41388873958613276 , unplacedBoxesSize:1
currentRepackCostTime:0.016s , currentRepackMaxTime:430.463s
iter28		 Improve solution by repack 0.41388873958613276->0.40839895189465203 , unplacedBoxesSize:3
currentRepackCostTime:0.12s , currentRepackMaxTime:430.463s
iter96		 Improve solution by repack 0.40839895189465203->0.39326122010212305 , unplacedBoxesSize:1
currentRepackCostTime:0.467s , currentRepackMaxTime:430.463s
Selecting boards with low utilization for repacking...
iter5		 Improve solution by repack 0.8562321956463316->0.848529965063155 , unplacedBoxesSize:3
currentRepackCostTime:2.853s , currentRepackMaxTime:430.463s
iter6		 Improve solution by repack 0.848529965063155->0.8222876914807847 , unplacedBoxesSize:4
currentRepackCostTime:2.858s , currentRepackMaxTime:430.463s
iter9		 Improve solution by repack 0.8222876914807847->0.39326122010212305 , unplacedBoxesSize:1
currentRepackCostTime:2.873s , currentRepackMaxTime:430.463s
iter32		 Improve solution by repack 0.39326122010212305->0.3900859983875303 , unplacedBoxesSize:3
currentRepackCostTime:3.017s , currentRepackMaxTime:430.463s
iter33		 Improve solution by repack 0.3900859983875303->0.38628325718892775 , unplacedBoxesSize:4
currentRepackCostTime:3.027s , currentRepackMaxTime:430.463s
iter37		 Improve solution by repack 0.38628325718892775->0.3829142031711905 , unplacedBoxesSize:4
currentRepackCostTime:3.047s , currentRepackMaxTime:430.463s
iter39		 Improve solution by repack 0.3829142031711905->0.37121808653587746 , unplacedBoxesSize:3
currentRepackCostTime:3.055s , currentRepackMaxTime:430.463s
iter40		 Improve solution by repack 0.37121808653587746->0.3559822628325719 , unplacedBoxesSize:3
currentRepackCostTime:3.06s , currentRepackMaxTime:430.463s
iter50		 Improve solution by repack 0.3559822628325719->0.355235151840903 , unplacedBoxesSize:3
currentRepackCostTime:3.125s , currentRepackMaxTime:430.463s
iter52		 Improve solution by repack 0.355235151840903->0.3505213652244021 , unplacedBoxesSize:3
currentRepackCostTime:3.14s , currentRepackMaxTime:430.463s
iter66		 Improve solution by repack 0.3505213652244021->0.31865493147003493 , unplacedBoxesSize:3
currentRepackCostTime:3.211s , currentRepackMaxTime:430.463s
iter88		 Improve solution by repack 0.31865493147003493->0.31147944101048103 , unplacedBoxesSize:3
currentRepackCostTime:3.333s , currentRepackMaxTime:430.463s
iter95		 Improve solution by repack 0.31147944101048103->0.30904729911314166 , unplacedBoxesSize:3
currentRepackCostTime:3.386s , currentRepackMaxTime:430.463s
iter97		 Improve solution by repack 0.30904729911314166->0.2999435635581833 , unplacedBoxesSize:3
currentRepackCostTime:3.4s , currentRepackMaxTime:430.463s
iter121		 Improve solution by repack 0.2999435635581833->0.29550389680193495 , unplacedBoxesSize:3
currentRepackCostTime:3.54s , currentRepackMaxTime:430.463s
iter134		 Improve solution by repack 0.29550389680193495->0.24844665412523514 , unplacedBoxesSize:2
currentRepackCostTime:3.602s , currentRepackMaxTime:430.463s
Selecting boards with low utilization for repacking...
iter2		 Improve solution by repack 0.8402069336199945->0.8277774791722655 , unplacedBoxesSize:2
currentRepackCostTime:6.356s , currentRepackMaxTime:430.463s
iter47		 Improve solution by repack 0.8277774791722655->0.24844665412523514 , unplacedBoxesSize:2
currentRepackCostTime:6.5200000000000005s , currentRepackMaxTime:430.463s
iter253		 Improve solution by repack 0.24844665412523514->0.217176834184359 , unplacedBoxesSize:2
currentRepackCostTime:7.678s , currentRepackMaxTime:430.463s
iter254		 Improve solution by repack 0.217176834184359->0.1884748723461435 , unplacedBoxesSize:2
currentRepackCostTime:7.682s , currentRepackMaxTime:430.463s
iter257		 Improve solution by repack 0.1884748723461435->0.1867824509540446 , unplacedBoxesSize:2
currentRepackCostTime:7.702s , currentRepackMaxTime:430.463s
iter268		 Improve solution by repack 0.1867824509540446->0.17700920451491536 , unplacedBoxesSize:2
currentRepackCostTime:7.759s , currentRepackMaxTime:430.463s
iter290		 Improve solution by repack 0.17700920451491536->0.17667125772641765 , unplacedBoxesSize:2
currentRepackCostTime:7.881s , currentRepackMaxTime:430.463s
iter331		 Improve solution by repack 0.17667125772641765->0.17605280838484277 , unplacedBoxesSize:2
currentRepackCostTime:8.109s , currentRepackMaxTime:430.463s
iter343		 Improve solution by repack 0.17605280838484277->0.17143912926632623 , unplacedBoxesSize:4
currentRepackCostTime:8.184000000000001s , currentRepackMaxTime:430.463s
iter344		 Improve solution by repack 0.17143912926632623->0.16676766998118783 , unplacedBoxesSize:1
currentRepackCostTime:8.192s , currentRepackMaxTime:430.463s
iter591		 Improve solution by repack 0.16676766998118783->0.16456866433754366 , unplacedBoxesSize:1
currentRepackCostTime:9.414s , currentRepackMaxTime:430.463s
iter627		 Improve solution by repack 0.16456866433754366->0.16363343187315238 , unplacedBoxesSize:3
currentRepackCostTime:9.598s , currentRepackMaxTime:430.463s
iter630		 Improve solution by repack 0.16363343187315238->0.13646331631281913 , unplacedBoxesSize:1
currentRepackCostTime:9.625s , currentRepackMaxTime:430.463s
Selecting boards with low utilization for repacking...
iter1		 Improve solution by repack 0.9119840096748186->0.9113511152915882 , unplacedBoxesSize:8
currentRepackCostTime:11.405s , currentRepackMaxTime:430.463s
iter2		 Improve solution by repack 0.9113511152915882->0.8837489922063961 , unplacedBoxesSize:5
currentRepackCostTime:11.414s , currentRepackMaxTime:430.463s
iter11		 Improve solution by repack 0.8837489922063961->0.19826256382692825 , unplacedBoxesSize:2
currentRepackCostTime:11.459s , currentRepackMaxTime:430.463s
iter13		 Improve solution by repack 0.19826256382692825->0.17603164471916152 , unplacedBoxesSize:2
currentRepackCostTime:11.468s , currentRepackMaxTime:430.463s
iter16		 Improve solution by repack 0.17603164471916152->0.13646331631281913 , unplacedBoxesSize:1
currentRepackCostTime:11.482000000000001s , currentRepackMaxTime:430.463s
Selecting boards with low utilization for repacking...
iter1		 Improve solution by repack 0.9100641628594464->0.9009957000806235 , unplacedBoxesSize:6
currentRepackCostTime:14.747s , currentRepackMaxTime:430.463s
iter2		 Improve solution by repack 0.9009957000806235->0.8696089760816984 , unplacedBoxesSize:5
currentRepackCostTime:14.753s , currentRepackMaxTime:430.463s
iter4		 Improve solution by repack 0.8696089760816984->0.8639807847352862 , unplacedBoxesSize:5
currentRepackCostTime:14.763s , currentRepackMaxTime:430.463s
iter17		 Improve solution by repack 0.8639807847352862->0.1796069604944907 , unplacedBoxesSize:2
currentRepackCostTime:14.824s , currentRepackMaxTime:430.463s
iter19		 Improve solution by repack 0.1796069604944907->0.17626108572964258 , unplacedBoxesSize:1
currentRepackCostTime:14.833s , currentRepackMaxTime:430.463s
iter22		 Improve solution by repack 0.17626108572964258->0.16345606019887127 , unplacedBoxesSize:1
currentRepackCostTime:14.844000000000001s , currentRepackMaxTime:430.463s
iter23		 Improve solution by repack 0.16345606019887127->0.15721580220370868 , unplacedBoxesSize:2
currentRepackCostTime:14.848s , currentRepackMaxTime:430.463s
iter24		 Improve solution by repack 0.15721580220370868->0.13646331631281913 , unplacedBoxesSize:1
currentRepackCostTime:14.853s , currentRepackMaxTime:430.463s
Selecting boards with low utilization for repacking...
iter1		 Improve solution by repack 0.8714391292663263->0.13646331631281913 , unplacedBoxesSize:1
currentRepackCostTime:18.204s , currentRepackMaxTime:430.463s
Selecting boards with low utilization for repacking...
iter7		 Improve solution by repack 0.9176740123622682->0.8955925826390755 , unplacedBoxesSize:5
currentRepackCostTime:21.748s , currentRepackMaxTime:430.463s
iter11		 Improve solution by repack 0.8955925826390755->0.1796069604944907 , unplacedBoxesSize:2
currentRepackCostTime:21.763s , currentRepackMaxTime:430.463s
iter22		 Improve solution by repack 0.1796069604944907->0.1705032249395324 , unplacedBoxesSize:2
currentRepackCostTime:21.812s , currentRepackMaxTime:430.463s
iter32		 Improve solution by repack 0.1705032249395324->0.16676766998118783 , unplacedBoxesSize:1
currentRepackCostTime:21.876s , currentRepackMaxTime:430.463s
iter41		 Improve solution by repack 0.16676766998118783->0.15039774254232732 , unplacedBoxesSize:1
currentRepackCostTime:21.917s , currentRepackMaxTime:430.463s
iter52		 Improve solution by repack 0.15039774254232732->0.14839760816984682 , unplacedBoxesSize:3
currentRepackCostTime:21.982s , currentRepackMaxTime:430.463s
iter61		 Improve solution by repack 0.14839760816984682->0.13607699543133567 , unplacedBoxesSize:2
currentRepackCostTime:22.047s , currentRepackMaxTime:430.463s
iter104		 Improve solution by repack 0.13607699543133567->0.13177506046761622 , unplacedBoxesSize:2
currentRepackCostTime:22.317s , currentRepackMaxTime:430.463s
iter117		 Improve solution by repack 0.13177506046761622->0.12684493415748455 , unplacedBoxesSize:3
currentRepackCostTime:22.393s , currentRepackMaxTime:430.463s
iter121		 Improve solution by repack 0.12684493415748455->0.11524254232733136 , unplacedBoxesSize:2
currentRepackCostTime:22.419s , currentRepackMaxTime:430.463s
iter216		 Improve solution by repack 0.11524254232733136->0.10702902445579145 , unplacedBoxesSize:1
currentRepackCostTime:23.006s , currentRepackMaxTime:430.463s
iter262		 Improve solution by repack 0.10702902445579145->0.10459688255845202 , unplacedBoxesSize:1
currentRepackCostTime:23.285s , currentRepackMaxTime:430.463s
iter350		 Improve solution by repack 0.10459688255845202->0.09742139209889815 , unplacedBoxesSize:1
currentRepackCostTime:23.751s , currentRepackMaxTime:430.463s
iter399		 Improve solution by repack 0.09742139209889815->0.08387798978769148 , unplacedBoxesSize:1
currentRepackCostTime:24.018s , currentRepackMaxTime:430.463s
iter427		 Improve solution by repack 0.08387798978769148->0.08218556839559259 , unplacedBoxesSize:1
currentRepackCostTime:24.177s , currentRepackMaxTime:430.463s
Selecting boards with low utilization for repacking...
iter3		 Improve solution by repack 0.9119195108841709->0.8959849502821823 , unplacedBoxesSize:7
currentRepackCostTime:27.29s , currentRepackMaxTime:430.463s
iter20		 Improve solution by repack 0.8959849502821823->0.16456866433754366 , unplacedBoxesSize:1
currentRepackCostTime:27.412s , currentRepackMaxTime:430.463s
iter61		 Improve solution by repack 0.16456866433754366->0.16345606019887127 , unplacedBoxesSize:1
currentRepackCostTime:27.644000000000002s , currentRepackMaxTime:430.463s
iter151		 Improve solution by repack 0.16345606019887127->0.10459688255845202 , unplacedBoxesSize:1
currentRepackCostTime:28.072s , currentRepackMaxTime:430.463s
iter208		 Improve solution by repack 0.10459688255845202->0.10302002149959688 , unplacedBoxesSize:1
currentRepackCostTime:28.369s , currentRepackMaxTime:430.463s
iter211		 Improve solution by repack 0.10302002149959688->0.08218556839559259 , unplacedBoxesSize:1
currentRepackCostTime:28.383s , currentRepackMaxTime:430.463s
Selecting boards with low utilization for repacking...
iter2		 Improve solution by repack 0.9183149690943294->0.8966447191615157 , unplacedBoxesSize:8
currentRepackCostTime:30.878s , currentRepackMaxTime:430.463s
iter12		 Improve solution by repack 0.8966447191615157->0.08218556839559259 , unplacedBoxesSize:1
currentRepackCostTime:30.949s , currentRepackMaxTime:430.463s
Selecting boards with low utilization for repacking...
iter2		 Improve solution by repack 0.9187033055630207->0.14991400161246976 , unplacedBoxesSize:2
currentRepackCostTime:34.606s , currentRepackMaxTime:430.463s
iter42		 Improve solution by repack 0.14991400161246976->0.14905401773716742 , unplacedBoxesSize:2
currentRepackCostTime:34.883s , currentRepackMaxTime:430.463s
iter48		 Improve solution by repack 0.14905401773716742->0.12907954850846545 , unplacedBoxesSize:2
currentRepackCostTime:34.925000000000004s , currentRepackMaxTime:430.463s
iter242		 Improve solution by repack 0.12907954850846545->0.10702902445579145 , unplacedBoxesSize:1
currentRepackCostTime:36.094s , currentRepackMaxTime:430.463s
iter287		 Improve solution by repack 0.10702902445579145->0.10459688255845202 , unplacedBoxesSize:1
currentRepackCostTime:36.362s , currentRepackMaxTime:430.463s
iter369		 Improve solution by repack 0.10459688255845202->0.09742139209889815 , unplacedBoxesSize:1
currentRepackCostTime:36.851s , currentRepackMaxTime:430.463s
iter422		 Improve solution by repack 0.09742139209889815->0.07995095404461167 , unplacedBoxesSize:2
currentRepackCostTime:37.131s , currentRepackMaxTime:430.463s
iter518		 Improve solution by repack 0.07995095404461167->0.07122278957269551 , unplacedBoxesSize:1
currentRepackCostTime:37.761s , currentRepackMaxTime:430.463s
Selecting boards with low utilization for repacking...
iter1		 Improve solution by repack 0.9140069873689869->0.9047399892502015 , unplacedBoxesSize:10
currentRepackCostTime:40.56s , currentRepackMaxTime:430.463s
iter5		 Improve solution by repack 0.9047399892502015->0.9021284600913733 , unplacedBoxesSize:11
currentRepackCostTime:40.594s , currentRepackMaxTime:430.463s
iter6		 Improve solution by repack 0.9021284600913733->0.9019510884170923 , unplacedBoxesSize:9
currentRepackCostTime:40.6s , currentRepackMaxTime:430.463s
iter12		 Improve solution by repack 0.9019510884170923->0.9003937113679119 , unplacedBoxesSize:9
currentRepackCostTime:40.641s , currentRepackMaxTime:430.463s
iter19		 Improve solution by repack 0.9003937113679119->0.8934560601988712 , unplacedBoxesSize:9
currentRepackCostTime:40.69s , currentRepackMaxTime:430.463s
iter28		 Improve solution by repack 0.8934560601988712->0.12907954850846545 , unplacedBoxesSize:2
currentRepackCostTime:40.757s , currentRepackMaxTime:430.463s
iter59		 Improve solution by repack 0.12907954850846545->0.11022037086804623 , unplacedBoxesSize:1
currentRepackCostTime:40.981s , currentRepackMaxTime:430.463s
iter76		 Improve solution by repack 0.11022037086804623->0.10216003762429454 , unplacedBoxesSize:1
currentRepackCostTime:41.082s , currentRepackMaxTime:430.463s
iter83		 Improve solution by repack 0.10216003762429454->0.09742139209889815 , unplacedBoxesSize:1
currentRepackCostTime:41.118s , currentRepackMaxTime:430.463s
iter108		 Improve solution by repack 0.09742139209889815->0.08218556839559259 , unplacedBoxesSize:1
currentRepackCostTime:41.244s , currentRepackMaxTime:430.463s
iter204		 Improve solution by repack 0.08218556839559259->0.07480381617844666 , unplacedBoxesSize:1
currentRepackCostTime:41.789s , currentRepackMaxTime:430.463s
iter257		 Improve solution by repack 0.07480381617844666->0.07122278957269551 , unplacedBoxesSize:1
currentRepackCostTime:42.083s , currentRepackMaxTime:430.463s
iter268		 Improve solution by repack 0.07122278957269551->0.06621203977425423 , unplacedBoxesSize:2
currentRepackCostTime:42.167s , currentRepackMaxTime:430.463s
Selecting boards with low utilization for repacking...
iter1		 Improve solution by repack 0.9043637463047567->0.8742575920451491 , unplacedBoxesSize:3
currentRepackCostTime:44.82s , currentRepackMaxTime:430.463s
iter7		 Improve solution by repack 0.8742575920451491->0.8621694436979307 , unplacedBoxesSize:5
currentRepackCostTime:44.848s , currentRepackMaxTime:430.463s
iter14		 Improve solution by repack 0.8621694436979307->0.8617145928513841 , unplacedBoxesSize:5
currentRepackCostTime:44.885s , currentRepackMaxTime:430.463s
iter31		 Improve solution by repack 0.8617145928513841->0.08773515184090298 , unplacedBoxesSize:1
currentRepackCostTime:44.991s , currentRepackMaxTime:430.463s
iter163		 Improve solution by repack 0.08773515184090298->0.07480381617844666 , unplacedBoxesSize:1
currentRepackCostTime:45.678000000000004s , currentRepackMaxTime:430.463s
iter287		 Improve solution by repack 0.07480381617844666->0.07267199677506046 , unplacedBoxesSize:2
currentRepackCostTime:46.432s , currentRepackMaxTime:430.463s
iter289		 Improve solution by repack 0.07267199677506046->0.06764646600376244 , unplacedBoxesSize:2
currentRepackCostTime:46.447s , currentRepackMaxTime:430.463s
iter295		 Improve solution by repack 0.06764646600376244->0.04689398011287288 , unplacedBoxesSize:1
currentRepackCostTime:46.480000000000004s , currentRepackMaxTime:430.463s
Selecting boards with low utilization for repacking...
iter2		 Improve solution by repack 0.9266265788766461->0.9139639881752216 , unplacedBoxesSize:7
currentRepackCostTime:48.796s , currentRepackMaxTime:430.463s
iter5		 Improve solution by repack 0.9139639881752216->0.9074140016124698 , unplacedBoxesSize:7
currentRepackCostTime:48.822s , currentRepackMaxTime:430.463s
iter10		 Improve solution by repack 0.9074140016124698->0.10216003762429454 , unplacedBoxesSize:1
currentRepackCostTime:48.857s , currentRepackMaxTime:430.463s
iter17		 Improve solution by repack 0.10216003762429454->0.09742139209889815 , unplacedBoxesSize:1
currentRepackCostTime:48.9s , currentRepackMaxTime:430.463s
iter47		 Improve solution by repack 0.09742139209889815->0.04689398011287288 , unplacedBoxesSize:1
currentRepackCostTime:49.089s , currentRepackMaxTime:430.463s
Selecting boards with low utilization for repacking...
iter2		 Improve solution by repack 0.9339680193496371->0.907234614350981 , unplacedBoxesSize:9
currentRepackCostTime:53.174s , currentRepackMaxTime:430.463s
iter9		 Improve solution by repack 0.907234614350981->0.8747970975544208 , unplacedBoxesSize:6
currentRepackCostTime:53.236000000000004s , currentRepackMaxTime:430.463s
iter10		 Improve solution by repack 0.8747970975544208->0.09742139209889815 , unplacedBoxesSize:1
currentRepackCostTime:53.239000000000004s , currentRepackMaxTime:430.463s
iter70		 Improve solution by repack 0.09742139209889815->0.08004904595538834 , unplacedBoxesSize:2
currentRepackCostTime:53.591s , currentRepackMaxTime:430.463s
iter77		 Improve solution by repack 0.08004904595538834->0.04689398011287288 , unplacedBoxesSize:1
currentRepackCostTime:53.639s , currentRepackMaxTime:430.463s
Selecting boards with low utilization for repacking...
iter2		 Improve solution by repack 0.9411367911851652->0.8808022037086805 , unplacedBoxesSize:5
currentRepackCostTime:57.881s , currentRepackMaxTime:430.463s
iter9		 Improve solution by repack 0.8808022037086805->0.09742139209889815 , unplacedBoxesSize:1
currentRepackCostTime:57.913000000000004s , currentRepackMaxTime:430.463s
iter29		 Improve solution by repack 0.09742139209889815->0.08387798978769148 , unplacedBoxesSize:1
currentRepackCostTime:58.053000000000004s , currentRepackMaxTime:430.463s
iter31		 Improve solution by repack 0.08387798978769148->0.04689398011287288 , unplacedBoxesSize:1
currentRepackCostTime:58.06s , currentRepackMaxTime:430.463s
Selecting boards with low utilization for repacking...
iter2		 Improve solution by repack 0.9419813222252083->0.9404743348562214 , unplacedBoxesSize:8
currentRepackCostTime:62.347s , currentRepackMaxTime:430.463s
iter3		 Improve solution by repack 0.9404743348562214->0.10702902445579145 , unplacedBoxesSize:1
currentRepackCostTime:62.352000000000004s , currentRepackMaxTime:430.463s
iter5		 Improve solution by repack 0.10702902445579145->0.08387798978769148 , unplacedBoxesSize:1
currentRepackCostTime:62.361000000000004s , currentRepackMaxTime:430.463s
iter73		 Improve solution by repack 0.08387798978769148->0.08218556839559259 , unplacedBoxesSize:1
currentRepackCostTime:62.849000000000004s , currentRepackMaxTime:430.463s
iter204		 Improve solution by repack 0.08218556839559259->0.07122278957269551 , unplacedBoxesSize:1
currentRepackCostTime:63.751000000000005s , currentRepackMaxTime:430.463s
iter258		 Improve solution by repack 0.07122278957269551->0.04689398011287288 , unplacedBoxesSize:1
currentRepackCostTime:64.089s , currentRepackMaxTime:430.463s
Selecting boards with low utilization for repacking...
iter2		 Improve solution by repack 0.9448804084923408->0.9263779897876916 , unplacedBoxesSize:9
currentRepackCostTime:66.69800000000001s , currentRepackMaxTime:430.463s
iter9		 Improve solution by repack 0.9263779897876916->0.9067589357699544 , unplacedBoxesSize:6
currentRepackCostTime:66.751s , currentRepackMaxTime:430.463s
iter22		 Improve solution by repack 0.9067589357699544->0.1285255979575383 , unplacedBoxesSize:2
currentRepackCostTime:66.84400000000001s , currentRepackMaxTime:430.463s
iter28		 Improve solution by repack 0.1285255979575383->0.08218556839559259 , unplacedBoxesSize:1
currentRepackCostTime:66.887s , currentRepackMaxTime:430.463s
Selecting boards with low utilization for repacking...
iter1		 Improve solution by repack 0.9485225208277345->0.08218556839559259 , unplacedBoxesSize:1
currentRepackCostTime:70.55s , currentRepackMaxTime:430.463s
Selecting boards with low utilization for repacking...
iter1		 Improve solution by repack 0.9497883633431873->0.9443308250470304 , unplacedBoxesSize:7
currentRepackCostTime:74.449s , currentRepackMaxTime:430.463s
iter3		 Improve solution by repack 0.9443308250470304->0.13646331631281913 , unplacedBoxesSize:1
currentRepackCostTime:74.46300000000001s , currentRepackMaxTime:430.463s
iter41		 Improve solution by repack 0.13646331631281913->0.12907954850846545 , unplacedBoxesSize:2
currentRepackCostTime:74.676s , currentRepackMaxTime:430.463s
iter57		 Improve solution by repack 0.12907954850846545->0.11534063423810803 , unplacedBoxesSize:2
currentRepackCostTime:74.775s , currentRepackMaxTime:430.463s
iter64		 Improve solution by repack 0.11534063423810803->0.10702902445579145 , unplacedBoxesSize:1
currentRepackCostTime:74.82600000000001s , currentRepackMaxTime:430.463s
iter68		 Improve solution by repack 0.10702902445579145->0.09742139209889815 , unplacedBoxesSize:1
currentRepackCostTime:74.846s , currentRepackMaxTime:430.463s
iter198		 Improve solution by repack 0.09742139209889815->0.08218556839559259 , unplacedBoxesSize:1
currentRepackCostTime:75.595s , currentRepackMaxTime:430.463s
Selecting boards with low utilization for repacking...
iter2		 Improve solution by repack 0.9541380005374899->0.9533371405536146 , unplacedBoxesSize:6
currentRepackCostTime:78.215s , currentRepackMaxTime:430.463s
iter12		 Improve solution by repack 0.9533371405536146->0.938907551733405 , unplacedBoxesSize:4
currentRepackCostTime:78.263s , currentRepackMaxTime:430.463s
iter14		 Improve solution by repack 0.938907551733405->0.3243241064230046 , unplacedBoxesSize:1
currentRepackCostTime:78.269s , currentRepackMaxTime:430.463s
iter51		 Improve solution by repack 0.3243241064230046->0.2866359849502822 , unplacedBoxesSize:3
currentRepackCostTime:78.429s , currentRepackMaxTime:430.463s
iter53		 Improve solution by repack 0.2866359849502822->0.28329011018543404 , unplacedBoxesSize:2
currentRepackCostTime:78.44500000000001s , currentRepackMaxTime:430.463s
iter64		 Improve solution by repack 0.28329011018543404->0.2615506584251545 , unplacedBoxesSize:2
currentRepackCostTime:78.513s , currentRepackMaxTime:430.463s
iter95		 Improve solution by repack 0.2615506584251545->0.25174012362268205 , unplacedBoxesSize:2
currentRepackCostTime:78.718s , currentRepackMaxTime:430.463s
iter98		 Improve solution by repack 0.25174012362268205->0.2513443966675625 , unplacedBoxesSize:3
currentRepackCostTime:78.735s , currentRepackMaxTime:430.463s
iter103		 Improve solution by repack 0.2513443966675625->0.24173676431066918 , unplacedBoxesSize:3
currentRepackCostTime:78.779s , currentRepackMaxTime:430.463s
iter114		 Improve solution by repack 0.24173676431066918->0.2350507256113948 , unplacedBoxesSize:3
currentRepackCostTime:78.85300000000001s , currentRepackMaxTime:430.463s
iter193		 Improve solution by repack 0.2350507256113948->0.22942253426498252 , unplacedBoxesSize:3
currentRepackCostTime:79.37s , currentRepackMaxTime:430.463s
iter203		 Improve solution by repack 0.22942253426498252->0.22699039236764312 , unplacedBoxesSize:3
currentRepackCostTime:79.435s , currentRepackMaxTime:430.463s
iter222		 Improve solution by repack 0.22699039236764312->0.22111159634506852 , unplacedBoxesSize:3
currentRepackCostTime:79.57300000000001s , currentRepackMaxTime:430.463s
iter225		 Improve solution by repack 0.22111159634506852->0.18090365493147004 , unplacedBoxesSize:2
currentRepackCostTime:79.59400000000001s , currentRepackMaxTime:430.463s
iter369		 Improve solution by repack 0.18090365493147004->0.15433552808384843 , unplacedBoxesSize:2
currentRepackCostTime:80.501s , currentRepackMaxTime:430.463s
iter380		 Improve solution by repack 0.15433552808384843->0.14214391292663262 , unplacedBoxesSize:3
currentRepackCostTime:80.581s , currentRepackMaxTime:430.463s
iter381		 Improve solution by repack 0.14214391292663262->0.14008599838753025 , unplacedBoxesSize:2
currentRepackCostTime:80.593s , currentRepackMaxTime:430.463s
iter385		 Improve solution by repack 0.14008599838753025->0.13765385649019082 , unplacedBoxesSize:2
currentRepackCostTime:80.611s , currentRepackMaxTime:430.463s
iter386		 Improve solution by repack 0.13765385649019082->0.13047836603063692 , unplacedBoxesSize:2
currentRepackCostTime:80.618s , currentRepackMaxTime:430.463s
iter408		 Improve solution by repack 0.13047836603063692->0.09742139209889815 , unplacedBoxesSize:1
currentRepackCostTime:80.756s , currentRepackMaxTime:430.463s
Selecting boards with low utilization for repacking...
iter3		 Improve solution by repack 0.93836406879871->0.8836381349099705 , unplacedBoxesSize:3
currentRepackCostTime:84.117s , currentRepackMaxTime:430.463s
iter8		 Improve solution by repack 0.8836381349099705->0.8742575920451491 , unplacedBoxesSize:3
currentRepackCostTime:84.133s , currentRepackMaxTime:430.463s
iter9		 Improve solution by repack 0.8742575920451491->0.8579572023649557 , unplacedBoxesSize:3
currentRepackCostTime:84.139s , currentRepackMaxTime:430.463s
iter11		 Improve solution by repack 0.8579572023649557->0.8577452297769417 , unplacedBoxesSize:3
currentRepackCostTime:84.146s , currentRepackMaxTime:430.463s
iter35		 Improve solution by repack 0.8577452297769417->0.16864418167159367 , unplacedBoxesSize:2
currentRepackCostTime:84.263s , currentRepackMaxTime:430.463s
iter43		 Improve solution by repack 0.16864418167159367->0.16676766998118783 , unplacedBoxesSize:1
currentRepackCostTime:84.312s , currentRepackMaxTime:430.463s
iter67		 Improve solution by repack 0.16676766998118783->0.14471109916689062 , unplacedBoxesSize:1
currentRepackCostTime:84.436s , currentRepackMaxTime:430.463s
iter87		 Improve solution by repack 0.14471109916689062->0.13646331631281913 , unplacedBoxesSize:1
currentRepackCostTime:84.552s , currentRepackMaxTime:430.463s
iter147		 Improve solution by repack 0.13646331631281913->0.09742139209889815 , unplacedBoxesSize:1
currentRepackCostTime:84.86s , currentRepackMaxTime:430.463s
iter345		 Improve solution by repack 0.09742139209889815->0.08773515184090298 , unplacedBoxesSize:1
currentRepackCostTime:86.10600000000001s , currentRepackMaxTime:430.463s
iter360		 Improve solution by repack 0.08773515184090298->0.03305697393173878 , unplacedBoxesSize:1
currentRepackCostTime:86.19s , currentRepackMaxTime:430.463s
Selecting boards with low utilization for repacking...
iter2		 Improve solution by repack 0.9452761354474604->0.9068845740392367 , unplacedBoxesSize:7
currentRepackCostTime:90.395s , currentRepackMaxTime:430.463s
iter3		 Improve solution by repack 0.9068845740392367->0.09742139209889815 , unplacedBoxesSize:1
currentRepackCostTime:90.403s , currentRepackMaxTime:430.463s
iter105		 Improve solution by repack 0.09742139209889815->0.0883176565439398 , unplacedBoxesSize:1
currentRepackCostTime:91.047s , currentRepackMaxTime:430.463s
iter125		 Improve solution by repack 0.0883176565439398->0.08218556839559259 , unplacedBoxesSize:1
currentRepackCostTime:91.152s , currentRepackMaxTime:430.463s
Selecting boards with low utilization for repacking...
iter1		 Improve solution by repack 0.9190210964794411->0.8865862671324913 , unplacedBoxesSize:7
currentRepackCostTime:94.993s , currentRepackMaxTime:430.463s
iter10		 Improve solution by repack 0.8865862671324913->0.08218556839559259 , unplacedBoxesSize:1
currentRepackCostTime:95.053s , currentRepackMaxTime:430.463s
Selecting boards with low utilization for repacking...
iter1		 Improve solution by repack 0.9598790647675356->0.9403271969900564 , unplacedBoxesSize:9
currentRepackCostTime:99.208s , currentRepackMaxTime:430.463s
iter3		 Improve solution by repack 0.9403271969900564->0.9230677237301801 , unplacedBoxesSize:6
currentRepackCostTime:99.22500000000001s , currentRepackMaxTime:430.463s
iter7		 Improve solution by repack 0.9230677237301801->0.9153292125772642 , unplacedBoxesSize:3
currentRepackCostTime:99.256s , currentRepackMaxTime:430.463s
iter11		 Improve solution by repack 0.9153292125772642->0.9099630475678582 , unplacedBoxesSize:3
currentRepackCostTime:99.27s , currentRepackMaxTime:430.463s
iter13		 Improve solution by repack 0.9099630475678582->0.8990002687449611 , unplacedBoxesSize:3
currentRepackCostTime:99.277s , currentRepackMaxTime:430.463s
iter16		 Improve solution by repack 0.8990002687449611->0.14595404461166353 , unplacedBoxesSize:1
currentRepackCostTime:99.289s , currentRepackMaxTime:430.463s
iter38		 Improve solution by repack 0.14595404461166353->0.12955455522708947 , unplacedBoxesSize:2
currentRepackCostTime:99.428s , currentRepackMaxTime:430.463s
iter44		 Improve solution by repack 0.12955455522708947->0.07995095404461167 , unplacedBoxesSize:2
currentRepackCostTime:99.464s , currentRepackMaxTime:430.463s
iter58		 Improve solution by repack 0.07995095404461167->0.07480381617844666 , unplacedBoxesSize:1
currentRepackCostTime:99.566s , currentRepackMaxTime:430.463s
iter70		 Improve solution by repack 0.07480381617844666->0.07336300725611394 , unplacedBoxesSize:2
currentRepackCostTime:99.646s , currentRepackMaxTime:430.463s
iter116		 Improve solution by repack 0.07336300725611394->0.07122278957269551 , unplacedBoxesSize:1
currentRepackCostTime:99.96600000000001s , currentRepackMaxTime:430.463s
Selecting boards with low utilization for repacking...
iter1		 Improve solution by repack 0.9560219027143242->0.9421479441010481 , unplacedBoxesSize:9
currentRepackCostTime:103.625s , currentRepackMaxTime:430.463s
iter2		 Improve solution by repack 0.9421479441010481->0.9044611663531309 , unplacedBoxesSize:9
currentRepackCostTime:103.633s , currentRepackMaxTime:430.463s
iter8		 Improve solution by repack 0.9044611663531309->0.895953372749261 , unplacedBoxesSize:8
currentRepackCostTime:103.69200000000001s , currentRepackMaxTime:430.463s
iter11		 Improve solution by repack 0.895953372749261->0.08218556839559259 , unplacedBoxesSize:1
currentRepackCostTime:103.711s , currentRepackMaxTime:430.463s
iter59		 Improve solution by repack 0.08218556839559259->0.07480381617844666 , unplacedBoxesSize:1
currentRepackCostTime:104.071s , currentRepackMaxTime:430.463s
iter61		 Improve solution by repack 0.07480381617844666->0.07122278957269551 , unplacedBoxesSize:1
currentRepackCostTime:104.09100000000001s , currentRepackMaxTime:430.463s
Selecting boards with low utilization for repacking...
iter1		 Improve solution by repack 0.9907393845740393->0.9795501881214728 , unplacedBoxesSize:9
currentRepackCostTime:108.066s , currentRepackMaxTime:430.463s
iter4		 Improve solution by repack 0.9795501881214728->0.9733055630206934 , unplacedBoxesSize:9
currentRepackCostTime:108.099s , currentRepackMaxTime:430.463s
iter6		 Improve solution by repack 0.9733055630206934->0.9545666487503359 , unplacedBoxesSize:8
currentRepackCostTime:108.119s , currentRepackMaxTime:430.463s
iter8		 Improve solution by repack 0.9545666487503359->0.940996371943026 , unplacedBoxesSize:9
currentRepackCostTime:108.134s , currentRepackMaxTime:430.463s
iter12		 Improve solution by repack 0.940996371943026->0.15340835796828808 , unplacedBoxesSize:2
currentRepackCostTime:108.167s , currentRepackMaxTime:430.463s
iter20		 Improve solution by repack 0.15340835796828808->0.10459688255845202 , unplacedBoxesSize:1
currentRepackCostTime:108.23400000000001s , currentRepackMaxTime:430.463s
iter26		 Improve solution by repack 0.10459688255845202->0.08218556839559259 , unplacedBoxesSize:1
currentRepackCostTime:108.27s , currentRepackMaxTime:430.463s
iter58		 Improve solution by repack 0.08218556839559259->0.07853063692555765 , unplacedBoxesSize:2
currentRepackCostTime:108.611s , currentRepackMaxTime:430.463s
iter59		 Improve solution by repack 0.07853063692555765->0.04689398011287288 , unplacedBoxesSize:1
currentRepackCostTime:108.617s , currentRepackMaxTime:430.463s
iter64		 Improve solution by repack 0.04689398011287288->0.03305697393173878 , unplacedBoxesSize:1
currentRepackCostTime:108.645s , currentRepackMaxTime:430.463s
Selecting boards with low utilization for repacking...
Completed repack sweep without reducing board count. No-reduction sweeps: 1/3
Selecting boards with low utilization for repacking...
Selecting boards with low utilization for repacking...
iter4		 Improve solution by repack 0.8999274388605213->0.03305697393173878 , unplacedBoxesSize:1
currentRepackCostTime:115.021s , currentRepackMaxTime:430.463s
Selecting boards with low utilization for repacking...
iter7		 Improve solution by repack 0.9005475678581027->0.8836381349099705 , unplacedBoxesSize:3
currentRepackCostTime:119.20100000000001s , currentRepackMaxTime:430.463s
iter13		 Improve solution by repack 0.8836381349099705->0.8735064498790647 , unplacedBoxesSize:7
currentRepackCostTime:119.22500000000001s , currentRepackMaxTime:430.463s
iter26		 Improve solution by repack 0.8735064498790647->0.08218556839559259 , unplacedBoxesSize:1
currentRepackCostTime:119.316s , currentRepackMaxTime:430.463s
iter172		 Improve solution by repack 0.08218556839559259->0.07480381617844666 , unplacedBoxesSize:1
currentRepackCostTime:120.159s , currentRepackMaxTime:430.463s
iter173		 Improve solution by repack 0.07480381617844666->0.07143476216070949 , unplacedBoxesSize:1
currentRepackCostTime:120.168s , currentRepackMaxTime:430.463s
iter205		 Improve solution by repack 0.07143476216070949->0.07122278957269551 , unplacedBoxesSize:1
currentRepackCostTime:120.37s , currentRepackMaxTime:430.463s
iter277		 Improve solution by repack 0.07122278957269551->0.0 , unplacedBoxesSize:0
currentRepackCostTime:120.851s , currentRepackMaxTime:430.463s
Improved success. Continue searching for another removable board.
Selecting boards with low utilization for repacking...
iter1		 Improve solution by repack 0.8983122816447191->0.8883902176834184 , unplacedBoxesSize:7
currentRepackCostTime:120.86800000000001s , currentRepackMaxTime:430.463s
iter22		 Improve solution by repack 0.8883902176834184->0.8850786079011018 , unplacedBoxesSize:7
currentRepackCostTime:121.006s , currentRepackMaxTime:430.463s
iter51		 Improve solution by repack 0.8850786079011018->0.8825181402848697 , unplacedBoxesSize:8
currentRepackCostTime:121.22s , currentRepackMaxTime:430.463s
iter55		 Improve solution by repack 0.8825181402848697->0.8696788497715667 , unplacedBoxesSize:7
currentRepackCostTime:121.242s , currentRepackMaxTime:430.463s
iter148		 Improve solution by repack 0.8696788497715667->0.8679165546895996 , unplacedBoxesSize:6
currentRepackCostTime:121.879s , currentRepackMaxTime:430.463s
iter173		 Improve solution by repack 0.8679165546895996->0.8591057511421661 , unplacedBoxesSize:6
currentRepackCostTime:122.041s , currentRepackMaxTime:430.463s
iter196		 Improve solution by repack 0.8591057511421661->0.8507074711099167 , unplacedBoxesSize:6
currentRepackCostTime:122.173s , currentRepackMaxTime:430.463s
iter210		 Improve solution by repack 0.8507074711099167->0.8473958613276 , unplacedBoxesSize:6
currentRepackCostTime:122.267s , currentRepackMaxTime:430.463s
iter250		 Improve solution by repack 0.8473958613276->0.8384614350980918 , unplacedBoxesSize:6
currentRepackCostTime:122.503s , currentRepackMaxTime:430.463s
Selecting boards with low utilization for repacking...
iter4		 Improve solution by repack 0.9137409298575653->0.8759419510884171 , unplacedBoxesSize:8
currentRepackCostTime:124.706s , currentRepackMaxTime:430.463s
iter178		 Improve solution by repack 0.8759419510884171->0.8713222252082774 , unplacedBoxesSize:5
currentRepackCostTime:125.97s , currentRepackMaxTime:430.463s
iter328		 Improve solution by repack 0.8713222252082774->0.8702821822090835 , unplacedBoxesSize:5
currentRepackCostTime:126.791s , currentRepackMaxTime:430.463s
iter583		 Improve solution by repack 0.8702821822090835->0.8600759204514916 , unplacedBoxesSize:6
currentRepackCostTime:128.184s , currentRepackMaxTime:430.463s
iter645		 Improve solution by repack 0.8600759204514916->0.8511018543402311 , unplacedBoxesSize:5
currentRepackCostTime:128.555s , currentRepackMaxTime:430.463s
iter648		 Improve solution by repack 0.8511018543402311->0.8495296963181941 , unplacedBoxesSize:5
currentRepackCostTime:128.57s , currentRepackMaxTime:430.463s
iter650		 Improve solution by repack 0.8495296963181941->0.8393073098629401 , unplacedBoxesSize:4
currentRepackCostTime:128.595s , currentRepackMaxTime:430.463s
iter659		 Improve solution by repack 0.8393073098629401->0.834416151572158 , unplacedBoxesSize:4
currentRepackCostTime:128.633s , currentRepackMaxTime:430.463s
iter660		 Improve solution by repack 0.834416151572158->0.8278856490190809 , unplacedBoxesSize:4
currentRepackCostTime:128.642s , currentRepackMaxTime:430.463s
iter693		 Improve solution by repack 0.8278856490190809->0.8184574039236765 , unplacedBoxesSize:5
currentRepackCostTime:128.8s , currentRepackMaxTime:430.463s
iter726		 Improve solution by repack 0.8184574039236765->0.8167649825315775 , unplacedBoxesSize:5
currentRepackCostTime:129.002s , currentRepackMaxTime:430.463s
iter765		 Improve solution by repack 0.8167649825315775->0.8118959957000806 , unplacedBoxesSize:5
currentRepackCostTime:129.224s , currentRepackMaxTime:430.463s
Selecting boards with low utilization for repacking...
iter13		 Improve solution by repack 0.9205489115829077->0.8503547433485622 , unplacedBoxesSize:5
currentRepackCostTime:131.931s , currentRepackMaxTime:430.463s
iter26		 Improve solution by repack 0.8503547433485622->0.8222923945176028 , unplacedBoxesSize:7
currentRepackCostTime:132.012s , currentRepackMaxTime:430.463s
iter29		 Improve solution by repack 0.8222923945176028->0.8198602526202634 , unplacedBoxesSize:7
currentRepackCostTime:132.037s , currentRepackMaxTime:430.463s
iter30		 Improve solution by repack 0.8198602526202634->0.8165143778554153 , unplacedBoxesSize:6
currentRepackCostTime:132.043s , currentRepackMaxTime:430.463s
iter49		 Improve solution by repack 0.8165143778554153->0.8070209621069605 , unplacedBoxesSize:6
currentRepackCostTime:132.155s , currentRepackMaxTime:430.463s
iter149		 Improve solution by repack 0.8070209621069605->0.8056795888202096 , unplacedBoxesSize:5
currentRepackCostTime:132.742s , currentRepackMaxTime:430.463s
iter156		 Improve solution by repack 0.8056795888202096->0.8024882424079548 , unplacedBoxesSize:5
currentRepackCostTime:132.786s , currentRepackMaxTime:430.463s
iter194		 Improve solution by repack 0.8024882424079548->0.8000561005106155 , unplacedBoxesSize:5
currentRepackCostTime:133.007s , currentRepackMaxTime:430.463s
Selecting boards with low utilization for repacking...
iter3		 Improve solution by repack 0.9393947057242676->0.9244033861865091 , unplacedBoxesSize:7
currentRepackCostTime:135.40200000000002s , currentRepackMaxTime:430.463s
iter4		 Improve solution by repack 0.9244033861865091->0.8367394517602795 , unplacedBoxesSize:5
currentRepackCostTime:135.406s , currentRepackMaxTime:430.463s
iter197		 Improve solution by repack 0.8367394517602795->0.8363323031443161 , unplacedBoxesSize:5
currentRepackCostTime:136.549s , currentRepackMaxTime:430.463s
iter219		 Improve solution by repack 0.8363323031443161->0.832000806234883 , unplacedBoxesSize:5
currentRepackCostTime:136.669s , currentRepackMaxTime:430.463s
iter224		 Improve solution by repack 0.832000806234883->0.8295686643375436 , unplacedBoxesSize:5
currentRepackCostTime:136.69400000000002s , currentRepackMaxTime:430.463s
iter284		 Improve solution by repack 0.8295686643375436->0.8273696586938994 , unplacedBoxesSize:5
currentRepackCostTime:137.067s , currentRepackMaxTime:430.463s
Selecting boards with low utilization for repacking...
iter23		 Improve solution by repack 0.9401615829078205->0.8704871002418704 , unplacedBoxesSize:6
currentRepackCostTime:139.076s , currentRepackMaxTime:430.463s
iter24		 Improve solution by repack 0.8704871002418704->0.849533055630207 , unplacedBoxesSize:8
currentRepackCostTime:139.083s , currentRepackMaxTime:430.463s
iter69		 Improve solution by repack 0.849533055630207->0.8387308519215265 , unplacedBoxesSize:7
currentRepackCostTime:139.437s , currentRepackMaxTime:430.463s
iter84		 Improve solution by repack 0.8387308519215265->0.8324845471647407 , unplacedBoxesSize:7
currentRepackCostTime:139.55100000000002s , currentRepackMaxTime:430.463s
iter94		 Improve solution by repack 0.8324845471647407->0.8277774791722655 , unplacedBoxesSize:2
currentRepackCostTime:139.62800000000001s , currentRepackMaxTime:430.463s
iter169		 Improve solution by repack 0.8277774791722655->0.8236240257995163 , unplacedBoxesSize:7
currentRepackCostTime:139.941s , currentRepackMaxTime:430.463s
iter390		 Improve solution by repack 0.8236240257995163->0.81716406879871 , unplacedBoxesSize:6
currentRepackCostTime:141.593s , currentRepackMaxTime:430.463s
iter458		 Improve solution by repack 0.81716406879871->0.8158048911582907 , unplacedBoxesSize:7
currentRepackCostTime:142.004s , currentRepackMaxTime:430.463s
iter620		 Improve solution by repack 0.8158048911582907->0.8127277613544746 , unplacedBoxesSize:7
currentRepackCostTime:143.137s , currentRepackMaxTime:430.463s
iter845		 Improve solution by repack 0.8127277613544746->0.8061972588013974 , unplacedBoxesSize:7
currentRepackCostTime:144.958s , currentRepackMaxTime:430.463s
Selecting boards with low utilization for repacking...
iter2		 Improve solution by repack 0.942436173071755->0.9157625638269283 , unplacedBoxesSize:5
currentRepackCostTime:147.587s , currentRepackMaxTime:430.463s
iter3		 Improve solution by repack 0.9157625638269283->0.8225601316850308 , unplacedBoxesSize:9
currentRepackCostTime:147.594s , currentRepackMaxTime:430.463s
iter6		 Improve solution by repack 0.8225601316850308->0.8068563558183284 , unplacedBoxesSize:8
currentRepackCostTime:147.626s , currentRepackMaxTime:430.463s
iter10		 Improve solution by repack 0.8068563558183284->0.7865224402042461 , unplacedBoxesSize:2
currentRepackCostTime:147.653s , currentRepackMaxTime:430.463s
Selecting boards with low utilization for repacking...
iter1		 Improve solution by repack 0.9424637194302607->0.9354689599570009 , unplacedBoxesSize:7
currentRepackCostTime:150.388s , currentRepackMaxTime:430.463s
iter5		 Improve solution by repack 0.9354689599570009->0.9301639344262295 , unplacedBoxesSize:7
currentRepackCostTime:150.41400000000002s , currentRepackMaxTime:430.463s
iter7		 Improve solution by repack 0.9301639344262295->0.8681967213114754 , unplacedBoxesSize:5
currentRepackCostTime:150.425s , currentRepackMaxTime:430.463s
iter13		 Improve solution by repack 0.8681967213114754->0.866639344262295 , unplacedBoxesSize:5
currentRepackCostTime:150.463s , currentRepackMaxTime:430.463s
iter14		 Improve solution by repack 0.866639344262295->0.8522930663800055 , unplacedBoxesSize:5
currentRepackCostTime:150.465s , currentRepackMaxTime:430.463s
iter85		 Improve solution by repack 0.8522930663800055->0.8518126847621607 , unplacedBoxesSize:7
currentRepackCostTime:150.885s , currentRepackMaxTime:430.463s
iter87		 Improve solution by repack 0.8518126847621607->0.8208566245632894 , unplacedBoxesSize:7
currentRepackCostTime:150.897s , currentRepackMaxTime:430.463s
iter93		 Improve solution by repack 0.8208566245632894->0.8058028755710831 , unplacedBoxesSize:8
currentRepackCostTime:150.931s , currentRepackMaxTime:430.463s
iter107		 Improve solution by repack 0.8058028755710831->0.7999408761085729 , unplacedBoxesSize:6
currentRepackCostTime:151.014s , currentRepackMaxTime:430.463s
iter111		 Improve solution by repack 0.7999408761085729->0.7978970706799248 , unplacedBoxesSize:5
currentRepackCostTime:151.03300000000002s , currentRepackMaxTime:430.463s
iter172		 Improve solution by repack 0.7978970706799248->0.7935319806503628 , unplacedBoxesSize:5
currentRepackCostTime:151.35s , currentRepackMaxTime:430.463s
iter173		 Improve solution by repack 0.7935319806503628->0.7887933351249664 , unplacedBoxesSize:5
currentRepackCostTime:151.366s , currentRepackMaxTime:430.463s
iter176		 Improve solution by repack 0.7887933351249664->0.7885232464391292 , unplacedBoxesSize:7
currentRepackCostTime:151.388s , currentRepackMaxTime:430.463s
iter234		 Improve solution by repack 0.7885232464391292->0.7865224402042461 , unplacedBoxesSize:2
currentRepackCostTime:151.862s , currentRepackMaxTime:430.463s
iter446		 Improve solution by repack 0.7865224402042461->0.7811475409836065 , unplacedBoxesSize:6
currentRepackCostTime:152.81s , currentRepackMaxTime:430.463s
iter460		 Improve solution by repack 0.7811475409836065->0.7778016662187585 , unplacedBoxesSize:5
currentRepackCostTime:152.909s , currentRepackMaxTime:430.463s
iter517		 Improve solution by repack 0.7778016662187585->0.7716541252351519 , unplacedBoxesSize:6
currentRepackCostTime:153.288s , currentRepackMaxTime:430.463s
iter594		 Improve solution by repack 0.7716541252351519->0.7683082504703036 , unplacedBoxesSize:5
currentRepackCostTime:153.84s , currentRepackMaxTime:430.463s
iter725		 Improve solution by repack 0.7683082504703036->0.758814834721849 , unplacedBoxesSize:5
currentRepackCostTime:154.577s , currentRepackMaxTime:430.463s
iter916		 Improve solution by repack 0.758814834721849->0.756588282719699 , unplacedBoxesSize:6
currentRepackCostTime:155.725s , currentRepackMaxTime:430.463s
Selecting boards with low utilization for repacking...
iter6		 Improve solution by repack 0.9094618382155335->0.8060004031174416 , unplacedBoxesSize:7
currentRepackCostTime:159.79500000000002s , currentRepackMaxTime:430.463s
iter15		 Improve solution by repack 0.8060004031174416->0.7981658156409567 , unplacedBoxesSize:6
currentRepackCostTime:159.855s , currentRepackMaxTime:430.463s
iter34		 Improve solution by repack 0.7981658156409567->0.7868899489384574 , unplacedBoxesSize:6
currentRepackCostTime:159.976s , currentRepackMaxTime:430.463s
iter62		 Improve solution by repack 0.7868899489384574->0.7834634506852997 , unplacedBoxesSize:6
currentRepackCostTime:160.156s , currentRepackMaxTime:430.463s
iter121		 Improve solution by repack 0.7834634506852997->0.7773313625369523 , unplacedBoxesSize:6
currentRepackCostTime:160.574s , currentRepackMaxTime:430.463s
iter265		 Improve solution by repack 0.7773313625369523->0.7740197527546359 , unplacedBoxesSize:6
currentRepackCostTime:161.496s , currentRepackMaxTime:430.463s
iter283		 Improve solution by repack 0.7740197527546359->0.7650853265251276 , unplacedBoxesSize:6
currentRepackCostTime:161.655s , currentRepackMaxTime:430.463s
iter376		 Improve solution by repack 0.7650853265251276->0.761180462241333 , unplacedBoxesSize:5
currentRepackCostTime:162.25300000000001s , currentRepackMaxTime:430.463s
Selecting boards with low utilization for repacking...
iter9		 Improve solution by repack 0.9444369793066381->0.9382115022843323 , unplacedBoxesSize:6
currentRepackCostTime:165.53300000000002s , currentRepackMaxTime:430.463s
iter13		 Improve solution by repack 0.9382115022843323->0.8273710024187046 , unplacedBoxesSize:5
currentRepackCostTime:165.56s , currentRepackMaxTime:430.463s
iter14		 Improve solution by repack 0.8273710024187046->0.7964149422198334 , unplacedBoxesSize:5
currentRepackCostTime:165.565s , currentRepackMaxTime:430.463s
iter24		 Improve solution by repack 0.7964149422198334->0.7933203439935501 , unplacedBoxesSize:5
currentRepackCostTime:165.619s , currentRepackMaxTime:430.463s
iter59		 Improve solution by repack 0.7933203439935501->0.7804810534802472 , unplacedBoxesSize:4
currentRepackCostTime:165.863s , currentRepackMaxTime:430.463s
Selecting boards with low utilization for repacking...
iter2		 Improve solution by repack 0.9460991668906208->0.9192622950819672 , unplacedBoxesSize:9
currentRepackCostTime:169.227s , currentRepackMaxTime:430.463s
iter44		 Improve solution by repack 0.9192622950819672->0.8157672668637462 , unplacedBoxesSize:6
currentRepackCostTime:169.632s , currentRepackMaxTime:430.463s
iter60		 Improve solution by repack 0.8157672668637462->0.8071499596882558 , unplacedBoxesSize:2
currentRepackCostTime:169.748s , currentRepackMaxTime:430.463s
Selecting boards with low utilization for repacking...
iter7		 Improve solution by repack 0.9086529158828272->0.901772373018006 , unplacedBoxesSize:7
currentRepackCostTime:172.226s , currentRepackMaxTime:430.463s
iter10		 Improve solution by repack 0.901772373018006->0.8540439398011287 , unplacedBoxesSize:3
currentRepackCostTime:172.239s , currentRepackMaxTime:430.463s
iter219		 Improve solution by repack 0.8540439398011287->0.8334164203171192 , unplacedBoxesSize:3
currentRepackCostTime:173.31s , currentRepackMaxTime:430.463s
iter340		 Improve solution by repack 0.8334164203171192->0.8312966944369793 , unplacedBoxesSize:6
currentRepackCostTime:173.947s , currentRepackMaxTime:430.463s
iter343		 Improve solution by repack 0.8312966944369793->0.8286891964525666 , unplacedBoxesSize:5
currentRepackCostTime:173.957s , currentRepackMaxTime:430.463s
iter351		 Improve solution by repack 0.8286891964525666->0.821689062080086 , unplacedBoxesSize:6
currentRepackCostTime:173.998s , currentRepackMaxTime:430.463s
iter359		 Improve solution by repack 0.821689062080086->0.819996640687987 , unplacedBoxesSize:6
currentRepackCostTime:174.05s , currentRepackMaxTime:430.463s
iter392		 Improve solution by repack 0.819996640687987->0.8071573501746842 , unplacedBoxesSize:5
currentRepackCostTime:174.3s , currentRepackMaxTime:430.463s
iter596		 Improve solution by repack 0.8071573501746842->0.7949113141628594 , unplacedBoxesSize:5
currentRepackCostTime:175.556s , currentRepackMaxTime:430.463s
iter629		 Improve solution by repack 0.7949113141628594->0.7915654393980114 , unplacedBoxesSize:4
currentRepackCostTime:175.755s , currentRepackMaxTime:430.463s
iter631		 Improve solution by repack 0.7915654393980114->0.7909325450147809 , unplacedBoxesSize:4
currentRepackCostTime:175.767s , currentRepackMaxTime:430.463s
iter633		 Improve solution by repack 0.7909325450147809->0.7754991937651169 , unplacedBoxesSize:4
currentRepackCostTime:175.784s , currentRepackMaxTime:430.463s
Selecting boards with low utilization for repacking...
iter7		 Improve solution by repack 0.8970794141359849->0.8290728298844396 , unplacedBoxesSize:5
currentRepackCostTime:179.373s , currentRepackMaxTime:430.463s
iter17		 Improve solution by repack 0.8290728298844396->0.828773179252889 , unplacedBoxesSize:4
currentRepackCostTime:179.439s , currentRepackMaxTime:430.463s
iter20		 Improve solution by repack 0.828773179252889->0.8192797635044343 , unplacedBoxesSize:4
currentRepackCostTime:179.446s , currentRepackMaxTime:430.463s
iter22		 Improve solution by repack 0.8192797635044343->0.8145411179790378 , unplacedBoxesSize:4
currentRepackCostTime:179.452s , currentRepackMaxTime:430.463s
iter48		 Improve solution by repack 0.8145411179790378->0.797946116635313 , unplacedBoxesSize:5
currentRepackCostTime:179.612s , currentRepackMaxTime:430.463s
iter69		 Improve solution by repack 0.797946116635313->0.7939673474872345 , unplacedBoxesSize:4
currentRepackCostTime:179.736s , currentRepackMaxTime:430.463s
iter72		 Improve solution by repack 0.7939673474872345->0.7851068261220102 , unplacedBoxesSize:4
currentRepackCostTime:179.751s , currentRepackMaxTime:430.463s
Selecting boards with low utilization for repacking...
iter1		 Improve solution by repack 0.9280912389142704->0.8911670249932814 , unplacedBoxesSize:4
currentRepackCostTime:182.858s , currentRepackMaxTime:430.463s
iter21		 Improve solution by repack 0.8911670249932814->0.7851068261220102 , unplacedBoxesSize:4
currentRepackCostTime:182.97s , currentRepackMaxTime:430.463s
Selecting boards with low utilization for repacking...
iter9		 Improve solution by repack 0.9410739720505241->0.8259694974469228 , unplacedBoxesSize:5
currentRepackCostTime:186.236s , currentRepackMaxTime:430.463s
iter33		 Improve solution by repack 0.8259694974469228->0.8207592045149154 , unplacedBoxesSize:6
currentRepackCostTime:186.38s , currentRepackMaxTime:430.463s
iter42		 Improve solution by repack 0.8207592045149154->0.81615627519484 , unplacedBoxesSize:6
currentRepackCostTime:186.445s , currentRepackMaxTime:430.463s
iter46		 Improve solution by repack 0.81615627519484->0.8128984144047299 , unplacedBoxesSize:7
currentRepackCostTime:186.464s , currentRepackMaxTime:430.463s
iter58		 Improve solution by repack 0.8128984144047299->0.8126800591238914 , unplacedBoxesSize:4
currentRepackCostTime:186.56900000000002s , currentRepackMaxTime:430.463s
iter130		 Improve solution by repack 0.8126800591238914->0.8050262026337006 , unplacedBoxesSize:7
currentRepackCostTime:186.97s , currentRepackMaxTime:430.463s
iter175		 Improve solution by repack 0.8050262026337006->0.8002875571083042 , unplacedBoxesSize:7
currentRepackCostTime:187.291s , currentRepackMaxTime:430.463s
iter274		 Improve solution by repack 0.8002875571083042->0.7980885514646601 , unplacedBoxesSize:7
currentRepackCostTime:188.06300000000002s , currentRepackMaxTime:430.463s
iter331		 Improve solution by repack 0.7980885514646601->0.7943889411448536 , unplacedBoxesSize:8
currentRepackCostTime:188.522s , currentRepackMaxTime:430.463s
iter332		 Improve solution by repack 0.7943889411448536->0.7919356355818328 , unplacedBoxesSize:6
currentRepackCostTime:188.53s , currentRepackMaxTime:430.463s
iter335		 Improve solution by repack 0.7919356355818328->0.7824092985756518 , unplacedBoxesSize:7
currentRepackCostTime:188.55s , currentRepackMaxTime:430.463s
iter430		 Improve solution by repack 0.7824092985756518->0.7738417092179521 , unplacedBoxesSize:7
currentRepackCostTime:189.22400000000002s , currentRepackMaxTime:430.463s
iter511		 Improve solution by repack 0.7738417092179521->0.7602983069067456 , unplacedBoxesSize:7
currentRepackCostTime:189.787s , currentRepackMaxTime:430.463s
iter555		 Improve solution by repack 0.7602983069067456->0.7563188658962645 , unplacedBoxesSize:7
currentRepackCostTime:190.131s , currentRepackMaxTime:430.463s
iter565		 Improve solution by repack 0.7563188658962645->0.751394786347756 , unplacedBoxesSize:6
currentRepackCostTime:190.217s , currentRepackMaxTime:430.463s
Selecting boards with low utilization for repacking...
iter4		 Improve solution by repack 0.9411797903789305->0.9345511959150765 , unplacedBoxesSize:9
currentRepackCostTime:192.62s , currentRepackMaxTime:430.463s
iter10		 Improve solution by repack 0.9345511959150765->0.9253557511421661 , unplacedBoxesSize:11
currentRepackCostTime:192.674s , currentRepackMaxTime:430.463s
iter11		 Improve solution by repack 0.9253557511421661->0.8087190943294813 , unplacedBoxesSize:10
currentRepackCostTime:192.683s , currentRepackMaxTime:430.463s
iter14		 Improve solution by repack 0.8087190943294813->0.8086210024187047 , unplacedBoxesSize:10
currentRepackCostTime:192.71200000000002s , currentRepackMaxTime:430.463s
iter33		 Improve solution by repack 0.8086210024187047->0.806790849234077 , unplacedBoxesSize:9
currentRepackCostTime:192.898s , currentRepackMaxTime:430.463s
iter35		 Improve solution by repack 0.806790849234077->0.806578876646063 , unplacedBoxesSize:9
currentRepackCostTime:192.915s , currentRepackMaxTime:430.463s
iter49		 Improve solution by repack 0.806578876646063->0.8013907551733406 , unplacedBoxesSize:8
currentRepackCostTime:193.011s , currentRepackMaxTime:430.463s
iter50		 Improve solution by repack 0.8013907551733406->0.7957108304219296 , unplacedBoxesSize:6
currentRepackCostTime:193.023s , currentRepackMaxTime:430.463s
iter53		 Improve solution by repack 0.7957108304219296->0.7850423273313626 , unplacedBoxesSize:7
currentRepackCostTime:193.047s , currentRepackMaxTime:430.463s
iter71		 Improve solution by repack 0.7850423273313626->0.7783532652512765 , unplacedBoxesSize:6
currentRepackCostTime:193.16s , currentRepackMaxTime:430.463s
iter127		 Improve solution by repack 0.7783532652512765->0.776882558452029 , unplacedBoxesSize:7
currentRepackCostTime:193.554s , currentRepackMaxTime:430.463s
iter226		 Improve solution by repack 0.776882558452029->0.7738417092179521 , unplacedBoxesSize:7
currentRepackCostTime:194.256s , currentRepackMaxTime:430.463s
iter353		 Improve solution by repack 0.7738417092179521->0.7642340768610588 , unplacedBoxesSize:7
currentRepackCostTime:195.167s , currentRepackMaxTime:430.463s
iter397		 Improve solution by repack 0.7642340768610588->0.7546855683955925 , unplacedBoxesSize:4
currentRepackCostTime:195.455s , currentRepackMaxTime:430.463s
iter404		 Improve solution by repack 0.7546855683955925->0.7474240795485084 , unplacedBoxesSize:3
currentRepackCostTime:195.491s , currentRepackMaxTime:430.463s
iter515		 Improve solution by repack 0.7474240795485084->0.7441332975006719 , unplacedBoxesSize:5
currentRepackCostTime:196.06900000000002s , currentRepackMaxTime:430.463s
Selecting boards with low utilization for repacking...
iter3		 Improve solution by repack 0.9501176296694437->0.9481631281913464 , unplacedBoxesSize:9
currentRepackCostTime:198.455s , currentRepackMaxTime:430.463s
iter7		 Improve solution by repack 0.9481631281913464->0.7805287557108304 , unplacedBoxesSize:7
currentRepackCostTime:198.489s , currentRepackMaxTime:430.463s
iter12		 Improve solution by repack 0.7805287557108304->0.7725987637731793 , unplacedBoxesSize:7
currentRepackCostTime:198.532s , currentRepackMaxTime:430.463s
iter60		 Improve solution by repack 0.7725987637731793->0.759760145122279 , unplacedBoxesSize:7
currentRepackCostTime:198.871s , currentRepackMaxTime:430.463s
Selecting boards with low utilization for repacking...
iter10		 Improve solution by repack 0.9613214995968825->0.9513914270357431 , unplacedBoxesSize:8
currentRepackCostTime:203.329s , currentRepackMaxTime:430.463s
iter11		 Improve solution by repack 0.9513914270357431->0.9403466809997312 , unplacedBoxesSize:8
currentRepackCostTime:203.33s , currentRepackMaxTime:430.463s
iter16		 Improve solution by repack 0.9403466809997312->0.8142965600644988 , unplacedBoxesSize:8
currentRepackCostTime:203.368s , currentRepackMaxTime:430.463s
iter25		 Improve solution by repack 0.8142965600644988->0.8099946251007795 , unplacedBoxesSize:8
currentRepackCostTime:203.44s , currentRepackMaxTime:430.463s
iter35		 Improve solution by repack 0.8099946251007795->0.7710151840902983 , unplacedBoxesSize:7
currentRepackCostTime:203.506s , currentRepackMaxTime:430.463s
iter62		 Improve solution by repack 0.7710151840902983->0.761537221177103 , unplacedBoxesSize:6
currentRepackCostTime:203.692s , currentRepackMaxTime:430.463s
iter96		 Improve solution by repack 0.761537221177103->0.7609043267938725 , unplacedBoxesSize:6
currentRepackCostTime:203.886s , currentRepackMaxTime:430.463s
iter159		 Improve solution by repack 0.7609043267938725->0.7607813759742005 , unplacedBoxesSize:6
currentRepackCostTime:204.34s , currentRepackMaxTime:430.463s
Selecting boards with low utilization for repacking...
iter12		 Improve solution by repack 0.9673021365224402->0.9585447460360118 , unplacedBoxesSize:7
currentRepackCostTime:207.589s , currentRepackMaxTime:430.463s
iter27		 Improve solution by repack 0.9585447460360118->0.9538061005106155 , unplacedBoxesSize:7
currentRepackCostTime:207.70000000000002s , currentRepackMaxTime:430.463s
iter29		 Improve solution by repack 0.9538061005106155->0.8270673206127386 , unplacedBoxesSize:6
currentRepackCostTime:207.708s , currentRepackMaxTime:430.463s
iter45		 Improve solution by repack 0.8270673206127386->0.8071499596882558 , unplacedBoxesSize:2
currentRepackCostTime:207.835s , currentRepackMaxTime:430.463s
iter207		 Improve solution by repack 0.8071499596882558->0.7676625907014243 , unplacedBoxesSize:4
currentRepackCostTime:208.576s , currentRepackMaxTime:430.463s
iter231		 Improve solution by repack 0.7676625907014243->0.7580979575382961 , unplacedBoxesSize:5
currentRepackCostTime:208.702s , currentRepackMaxTime:430.463s
iter256		 Improve solution by repack 0.7580979575382961->0.7556658156409567 , unplacedBoxesSize:5
currentRepackCostTime:208.853s , currentRepackMaxTime:430.463s
iter272		 Improve solution by repack 0.7556658156409567->0.7541709217952164 , unplacedBoxesSize:4
currentRepackCostTime:208.996s , currentRepackMaxTime:430.463s
Selecting boards with low utilization for repacking...
iter2		 Improve solution by repack 0.9619400026874496->0.9341836871808653 , unplacedBoxesSize:9
currentRepackCostTime:210.97400000000002s , currentRepackMaxTime:430.463s
iter6		 Improve solution by repack 0.9341836871808653->0.9227472453641494 , unplacedBoxesSize:6
currentRepackCostTime:211.006s , currentRepackMaxTime:430.463s
iter12		 Improve solution by repack 0.9227472453641494->0.8071499596882558 , unplacedBoxesSize:2
currentRepackCostTime:211.046s , currentRepackMaxTime:430.463s
iter30		 Improve solution by repack 0.8071499596882558->0.8067461703843053 , unplacedBoxesSize:5
currentRepackCostTime:211.119s , currentRepackMaxTime:430.463s
iter65		 Improve solution by repack 0.8067461703843053->0.8000601316850309 , unplacedBoxesSize:5
currentRepackCostTime:211.33100000000002s , currentRepackMaxTime:430.463s
iter131		 Improve solution by repack 0.8000601316850309->0.7943788632088149 , unplacedBoxesSize:5
currentRepackCostTime:211.781s , currentRepackMaxTime:430.463s
iter170		 Improve solution by repack 0.7943788632088149->0.7829488040849235 , unplacedBoxesSize:4
currentRepackCostTime:212.018s , currentRepackMaxTime:430.463s
iter324		 Improve solution by repack 0.7829488040849235->0.7778231658156409 , unplacedBoxesSize:5
currentRepackCostTime:212.959s , currentRepackMaxTime:430.463s
iter330		 Improve solution by repack 0.7778231658156409->0.7764787691480785 , unplacedBoxesSize:4
currentRepackCostTime:213.004s , currentRepackMaxTime:430.463s
iter424		 Improve solution by repack 0.7764787691480785->0.7750792797635044 , unplacedBoxesSize:4
currentRepackCostTime:213.641s , currentRepackMaxTime:430.463s
iter431		 Improve solution by repack 0.7750792797635044->0.7718879333512496 , unplacedBoxesSize:4
currentRepackCostTime:213.687s , currentRepackMaxTime:430.463s
iter561		 Improve solution by repack 0.7718879333512496->0.7622843321687718 , unplacedBoxesSize:4
currentRepackCostTime:214.401s , currentRepackMaxTime:430.463s
iter704		 Improve solution by repack 0.7622843321687718->0.757415345337275 , unplacedBoxesSize:4
currentRepackCostTime:215.213s , currentRepackMaxTime:430.463s
iter833		 Improve solution by repack 0.757415345337275->0.7526766998118785 , unplacedBoxesSize:4
currentRepackCostTime:215.972s , currentRepackMaxTime:430.463s
Selecting boards with low utilization for repacking...
iter2		 Improve solution by repack 0.9676639344262296->0.9308579682880946 , unplacedBoxesSize:9
currentRepackCostTime:218.276s , currentRepackMaxTime:430.463s
iter10		 Improve solution by repack 0.9308579682880946->0.7939223327062618 , unplacedBoxesSize:5
currentRepackCostTime:218.327s , currentRepackMaxTime:430.463s
iter42		 Improve solution by repack 0.7939223327062618->0.7891836871808654 , unplacedBoxesSize:5
currentRepackCostTime:218.489s , currentRepackMaxTime:430.463s
iter44		 Improve solution by repack 0.7891836871808654->0.7796251007793604 , unplacedBoxesSize:5
currentRepackCostTime:218.502s , currentRepackMaxTime:430.463s
iter59		 Improve solution by repack 0.7796251007793604->0.7785816984681537 , unplacedBoxesSize:5
currentRepackCostTime:218.591s , currentRepackMaxTime:430.463s
iter63		 Improve solution by repack 0.7785816984681537->0.7773185971513034 , unplacedBoxesSize:5
currentRepackCostTime:218.613s , currentRepackMaxTime:430.463s
iter88		 Improve solution by repack 0.7773185971513034->0.76771096479441 , unplacedBoxesSize:5
currentRepackCostTime:218.75900000000001s , currentRepackMaxTime:430.463s
iter154		 Improve solution by repack 0.76771096479441->0.7637751948400968 , unplacedBoxesSize:5
currentRepackCostTime:219.21s , currentRepackMaxTime:430.463s
iter307		 Improve solution by repack 0.7637751948400968->0.7535749798441279 , unplacedBoxesSize:4
currentRepackCostTime:220.125s , currentRepackMaxTime:430.463s
iter364		 Improve solution by repack 0.7535749798441279->0.752672668637463 , unplacedBoxesSize:4
currentRepackCostTime:220.423s , currentRepackMaxTime:430.463s
Selecting boards with low utilization for repacking...
iter1		 Improve solution by repack 0.9694181671593657->0.9581423004568664 , unplacedBoxesSize:6
currentRepackCostTime:223.66400000000002s , currentRepackMaxTime:430.463s
iter4		 Improve solution by repack 0.9581423004568664->0.9254864283794679 , unplacedBoxesSize:8
currentRepackCostTime:223.678s , currentRepackMaxTime:430.463s
iter17		 Improve solution by repack 0.9254864283794679->0.8021620532115022 , unplacedBoxesSize:5
currentRepackCostTime:223.798s , currentRepackMaxTime:430.463s
iter89		 Improve solution by repack 0.8021620532115022->0.7622803009943563 , unplacedBoxesSize:4
currentRepackCostTime:224.199s , currentRepackMaxTime:430.463s
Selecting boards with low utilization for repacking...
iter1		 Improve solution by repack 0.9716292663262563->0.9688853802741199 , unplacedBoxesSize:8
currentRepackCostTime:227.189s , currentRepackMaxTime:430.463s
iter3		 Improve solution by repack 0.9688853802741199->0.9640341977962914 , unplacedBoxesSize:10
currentRepackCostTime:227.201s , currentRepackMaxTime:430.463s
iter4		 Improve solution by repack 0.9640341977962914->0.9511522440204246 , unplacedBoxesSize:7
currentRepackCostTime:227.213s , currentRepackMaxTime:430.463s
iter8		 Improve solution by repack 0.9511522440204246->0.8391749529696318 , unplacedBoxesSize:8
currentRepackCostTime:227.239s , currentRepackMaxTime:430.463s
iter25		 Improve solution by repack 0.8391749529696318->0.8369873689868315 , unplacedBoxesSize:5
currentRepackCostTime:227.37300000000002s , currentRepackMaxTime:430.463s
iter65		 Improve solution by repack 0.8369873689868315->0.8278856490190809 , unplacedBoxesSize:4
currentRepackCostTime:227.633s , currentRepackMaxTime:430.463s
iter96		 Improve solution by repack 0.8278856490190809->0.8255203574307982 , unplacedBoxesSize:4
currentRepackCostTime:227.854s , currentRepackMaxTime:430.463s
iter101		 Improve solution by repack 0.8255203574307982->0.8253083848427842 , unplacedBoxesSize:4
currentRepackCostTime:227.881s , currentRepackMaxTime:430.463s
iter123		 Improve solution by repack 0.8253083848427842->0.8207793603869927 , unplacedBoxesSize:4
currentRepackCostTime:228.029s , currentRepackMaxTime:430.463s
iter213		 Improve solution by repack 0.8207793603869927->0.8147144584789036 , unplacedBoxesSize:7
currentRepackCostTime:228.547s , currentRepackMaxTime:430.463s
iter217		 Improve solution by repack 0.8147144584789036->0.8113685837140553 , unplacedBoxesSize:6
currentRepackCostTime:228.567s , currentRepackMaxTime:430.463s
iter229		 Improve solution by repack 0.8113685837140553->0.8109768879333512 , unplacedBoxesSize:7
currentRepackCostTime:228.637s , currentRepackMaxTime:430.463s
iter231		 Improve solution by repack 0.8109768879333512->0.8065372211771029 , unplacedBoxesSize:7
currentRepackCostTime:228.645s , currentRepackMaxTime:430.463s
iter446		 Improve solution by repack 0.8065372211771029->0.8041003762429454 , unplacedBoxesSize:7
currentRepackCostTime:230.368s , currentRepackMaxTime:430.463s
iter510		 Improve solution by repack 0.8041003762429454->0.799361730717549 , unplacedBoxesSize:7
currentRepackCostTime:230.854s , currentRepackMaxTime:430.463s
iter512		 Improve solution by repack 0.799361730717549->0.797117710292932 , unplacedBoxesSize:7
currentRepackCostTime:230.865s , currentRepackMaxTime:430.463s
iter514		 Improve solution by repack 0.797117710292932->0.7920794141359849 , unplacedBoxesSize:6
currentRepackCostTime:230.874s , currentRepackMaxTime:430.463s
iter550		 Improve solution by repack 0.7920794141359849->0.7914465197527546 , unplacedBoxesSize:6
currentRepackCostTime:231.097s , currentRepackMaxTime:430.463s
iter662		 Improve solution by repack 0.7914465197527546->0.7831987368986831 , unplacedBoxesSize:6
currentRepackCostTime:231.993s , currentRepackMaxTime:430.463s
iter698		 Improve solution by repack 0.7831987368986831->0.7821828809459823 , unplacedBoxesSize:4
currentRepackCostTime:232.3s , currentRepackMaxTime:430.463s
Selecting boards with low utilization for repacking...
iter1		 Improve solution by repack 0.9764169578070411->0.9605193496371943 , unplacedBoxesSize:9
currentRepackCostTime:235.466s , currentRepackMaxTime:430.463s
iter5		 Improve solution by repack 0.9605193496371943->0.7714915345337274 , unplacedBoxesSize:4
currentRepackCostTime:235.506s , currentRepackMaxTime:430.463s
iter21		 Improve solution by repack 0.7714915345337274->0.7648054958344531 , unplacedBoxesSize:4
currentRepackCostTime:235.607s , currentRepackMaxTime:430.463s
Selecting boards with low utilization for repacking...
iter2		 Improve solution by repack 0.9765231120666488->0.9515916420317119 , unplacedBoxesSize:9
currentRepackCostTime:239.238s , currentRepackMaxTime:430.463s
iter3		 Improve solution by repack 0.9515916420317119->0.8652233942488579 , unplacedBoxesSize:8
currentRepackCostTime:239.243s , currentRepackMaxTime:430.463s
iter18		 Improve solution by repack 0.8652233942488579->0.8630038968019349 , unplacedBoxesSize:6
currentRepackCostTime:239.36100000000002s , currentRepackMaxTime:430.463s
iter26		 Improve solution by repack 0.8630038968019349->0.8602506046761624 , unplacedBoxesSize:5
currentRepackCostTime:239.406s , currentRepackMaxTime:430.463s
iter31		 Improve solution by repack 0.8602506046761624->0.8302022305831765 , unplacedBoxesSize:5
currentRepackCostTime:239.43800000000002s , currentRepackMaxTime:430.463s
iter40		 Improve solution by repack 0.8302022305831765->0.8297524187046492 , unplacedBoxesSize:6
currentRepackCostTime:239.499s , currentRepackMaxTime:430.463s
iter51		 Improve solution by repack 0.8297524187046492->0.8071499596882558 , unplacedBoxesSize:2
currentRepackCostTime:239.58100000000002s , currentRepackMaxTime:430.463s
Selecting boards with low utilization for repacking...
iter1		 Improve solution by repack 0.9790735017468422->0.949627116366568 , unplacedBoxesSize:10
currentRepackCostTime:242.37300000000002s , currentRepackMaxTime:430.463s
iter2		 Improve solution by repack 0.949627116366568->0.9437839290513302 , unplacedBoxesSize:9
currentRepackCostTime:242.415s , currentRepackMaxTime:430.463s
iter11		 Improve solution by repack 0.9437839290513302->0.8947016930932544 , unplacedBoxesSize:3
currentRepackCostTime:242.507s , currentRepackMaxTime:430.463s
iter52		 Improve solution by repack 0.8947016930932544->0.8893355280838485 , unplacedBoxesSize:3
currentRepackCostTime:242.766s , currentRepackMaxTime:430.463s
iter99		 Improve solution by repack 0.8893355280838485->0.8819537758667025 , unplacedBoxesSize:3
currentRepackCostTime:243.056s , currentRepackMaxTime:430.463s
iter138		 Improve solution by repack 0.8819537758667025->0.8783727492609513 , unplacedBoxesSize:3
currentRepackCostTime:243.299s , currentRepackMaxTime:430.463s
iter186		 Improve solution by repack 0.8783727492609513->0.8540439398011287 , unplacedBoxesSize:3
currentRepackCostTime:243.586s , currentRepackMaxTime:430.463s
Selecting boards with low utilization for repacking...
Completed repack sweep without reducing board count. No-reduction sweeps: 1/3
Selecting boards with low utilization for repacking...
Selecting boards with low utilization for repacking...
iter3		 Improve solution by repack 0.9247211771029293->0.8071499596882558 , unplacedBoxesSize:2
currentRepackCostTime:247.451s , currentRepackMaxTime:430.463s
Selecting boards with low utilization for repacking...
iter5		 Improve solution by repack 0.9291111260413867->0.9248589088954582 , unplacedBoxesSize:8
currentRepackCostTime:250.31s , currentRepackMaxTime:430.463s
iter11		 Improve solution by repack 0.9248589088954582->0.8947016930932544 , unplacedBoxesSize:3
currentRepackCostTime:250.359s , currentRepackMaxTime:430.463s
iter37		 Improve solution by repack 0.8947016930932544->0.8511495565708143 , unplacedBoxesSize:5
currentRepackCostTime:250.46800000000002s , currentRepackMaxTime:430.463s
iter70		 Improve solution by repack 0.8511495565708143->0.848717414673475 , unplacedBoxesSize:5
currentRepackCostTime:250.654s , currentRepackMaxTime:430.463s
iter92		 Improve solution by repack 0.848717414673475->0.8300060467616232 , unplacedBoxesSize:5
currentRepackCostTime:250.78300000000002s , currentRepackMaxTime:430.463s
iter94		 Improve solution by repack 0.8300060467616232->0.8071499596882558 , unplacedBoxesSize:2
currentRepackCostTime:250.799s , currentRepackMaxTime:430.463s
Selecting boards with low utilization for repacking...
iter3		 Improve solution by repack 0.9230025530771299->0.8942952163396936 , unplacedBoxesSize:8
currentRepackCostTime:253.303s , currentRepackMaxTime:430.463s
iter14		 Improve solution by repack 0.8942952163396936->0.8811193227626981 , unplacedBoxesSize:8
currentRepackCostTime:253.37900000000002s , currentRepackMaxTime:430.463s
iter15		 Improve solution by repack 0.8811193227626981->0.8071499596882558 , unplacedBoxesSize:2
currentRepackCostTime:253.383s , currentRepackMaxTime:430.463s
iter150		 Improve solution by repack 0.8071499596882558->0.8033270626175759 , unplacedBoxesSize:4
currentRepackCostTime:254.066s , currentRepackMaxTime:430.463s
iter177		 Improve solution by repack 0.8033270626175759->0.7982450954044612 , unplacedBoxesSize:4
currentRepackCostTime:254.237s , currentRepackMaxTime:430.463s
iter180		 Improve solution by repack 0.7982450954044612->0.7939135984950282 , unplacedBoxesSize:4
currentRepackCostTime:254.249s , currentRepackMaxTime:430.463s
iter279		 Improve solution by repack 0.7939135984950282->0.7912751948400968 , unplacedBoxesSize:4
currentRepackCostTime:254.758s , currentRepackMaxTime:430.463s
iter326		 Improve solution by repack 0.7912751948400968->0.7888430529427574 , unplacedBoxesSize:4
currentRepackCostTime:255.00400000000002s , currentRepackMaxTime:430.463s
iter524		 Improve solution by repack 0.7888430529427574->0.7849690943294814 , unplacedBoxesSize:5
currentRepackCostTime:256.318s , currentRepackMaxTime:430.463s
iter557		 Improve solution by repack 0.7849690943294814->0.7829467884977156 , unplacedBoxesSize:5
currentRepackCostTime:256.58s , currentRepackMaxTime:430.463s
Selecting boards with low utilization for repacking...
iter2		 Improve solution by repack 0.9305096076323569->0.9248639478634776 , unplacedBoxesSize:8
currentRepackCostTime:258.605s , currentRepackMaxTime:430.463s
iter8		 Improve solution by repack 0.9248639478634776->0.9204195780704112 , unplacedBoxesSize:8
currentRepackCostTime:258.64s , currentRepackMaxTime:430.463s
iter14		 Improve solution by repack 0.9204195780704112->0.9100513974737974 , unplacedBoxesSize:8
currentRepackCostTime:258.696s , currentRepackMaxTime:430.463s
iter32		 Improve solution by repack 0.9100513974737974->0.901190876108573 , unplacedBoxesSize:8
currentRepackCostTime:258.848s , currentRepackMaxTime:430.463s
iter36		 Improve solution by repack 0.901190876108573->0.877224200483741 , unplacedBoxesSize:7
currentRepackCostTime:258.87s , currentRepackMaxTime:430.463s
iter47		 Improve solution by repack 0.877224200483741->0.8683290782047837 , unplacedBoxesSize:5
currentRepackCostTime:258.928s , currentRepackMaxTime:430.463s
iter49		 Improve solution by repack 0.8683290782047837->0.8594685568395594 , unplacedBoxesSize:5
currentRepackCostTime:258.938s , currentRepackMaxTime:430.463s
iter63		 Improve solution by repack 0.8594685568395594->0.7997299113141628 , unplacedBoxesSize:5
currentRepackCostTime:259.01s , currentRepackMaxTime:430.463s
iter112		 Improve solution by repack 0.7997299113141628->0.7988900833109379 , unplacedBoxesSize:4
currentRepackCostTime:259.293s , currentRepackMaxTime:430.463s
iter234		 Improve solution by repack 0.7988900833109379->0.791714592851384 , unplacedBoxesSize:4
currentRepackCostTime:259.95s , currentRepackMaxTime:430.463s
Selecting boards with low utilization for repacking...
iter1		 Improve solution by repack 0.913179924751411->0.9036139478634776 , unplacedBoxesSize:7
currentRepackCostTime:261.986s , currentRepackMaxTime:430.463s
iter6		 Improve solution by repack 0.9036139478634776->0.8548854474603602 , unplacedBoxesSize:6
currentRepackCostTime:262.015s , currentRepackMaxTime:430.463s
iter41		 Improve solution by repack 0.8548854474603602->0.8519269013705993 , unplacedBoxesSize:5
currentRepackCostTime:262.279s , currentRepackMaxTime:430.463s
iter43		 Improve solution by repack 0.8519269013705993->0.8429602257457672 , unplacedBoxesSize:6
currentRepackCostTime:262.291s , currentRepackMaxTime:430.463s
iter46		 Improve solution by repack 0.8429602257457672->0.8368281375974201 , unplacedBoxesSize:6
currentRepackCostTime:262.303s , currentRepackMaxTime:430.463s
iter56		 Improve solution by repack 0.8368281375974201->0.8089821284600913 , unplacedBoxesSize:4
currentRepackCostTime:262.36400000000003s , currentRepackMaxTime:430.463s
iter63		 Improve solution by repack 0.8089821284600913->0.8067831228164472 , unplacedBoxesSize:4
currentRepackCostTime:262.398s , currentRepackMaxTime:430.463s
Selecting boards with low utilization for repacking...
iter5		 Improve solution by repack 0.9071506315506583->0.902932007524859 , unplacedBoxesSize:3
currentRepackCostTime:265.419s , currentRepackMaxTime:430.463s
iter7		 Improve solution by repack 0.902932007524859->0.8979259607632356 , unplacedBoxesSize:7
currentRepackCostTime:265.427s , currentRepackMaxTime:430.463s
iter17		 Improve solution by repack 0.8979259607632356->0.880563020693362 , unplacedBoxesSize:7
currentRepackCostTime:265.466s , currentRepackMaxTime:430.463s
iter30		 Improve solution by repack 0.880563020693362->0.8664814565976887 , unplacedBoxesSize:7
currentRepackCostTime:265.574s , currentRepackMaxTime:430.463s
iter37		 Improve solution by repack 0.8664814565976887->0.8213773179252889 , unplacedBoxesSize:5
currentRepackCostTime:265.628s , currentRepackMaxTime:430.463s
iter58		 Improve solution by repack 0.8213773179252889->0.7960323165815641 , unplacedBoxesSize:4
currentRepackCostTime:265.787s , currentRepackMaxTime:430.463s
iter205		 Improve solution by repack 0.7960323165815641->0.7951068261220102 , unplacedBoxesSize:6
currentRepackCostTime:266.611s , currentRepackMaxTime:430.463s
iter234		 Improve solution by repack 0.7951068261220102->0.7905778016662188 , unplacedBoxesSize:6
currentRepackCostTime:266.814s , currentRepackMaxTime:430.463s
Selecting boards with low utilization for repacking...
iter5		 Improve solution by repack 0.9257054555227089->0.8999274388605213 , unplacedBoxesSize:3
currentRepackCostTime:269.81s , currentRepackMaxTime:430.463s
iter8		 Improve solution by repack 0.8999274388605213->0.7905778016662188 , unplacedBoxesSize:6
currentRepackCostTime:269.823s , currentRepackMaxTime:430.463s
iter162		 Improve solution by repack 0.7905778016662188->0.7874355012093524 , unplacedBoxesSize:6
currentRepackCostTime:271.2s , currentRepackMaxTime:430.463s
Selecting boards with low utilization for repacking...
iter3		 Improve solution by repack 0.9326719967750605->0.9156375974200484 , unplacedBoxesSize:4
currentRepackCostTime:275.09000000000003s , currentRepackMaxTime:430.463s
iter17		 Improve solution by repack 0.9156375974200484->0.8207141897339425 , unplacedBoxesSize:4
currentRepackCostTime:275.162s , currentRepackMaxTime:430.463s
iter85		 Improve solution by repack 0.8207141897339425->0.8205898951894651 , unplacedBoxesSize:4
currentRepackCostTime:275.547s , currentRepackMaxTime:430.463s
iter155		 Improve solution by repack 0.8205898951894651->0.8071499596882558 , unplacedBoxesSize:2
currentRepackCostTime:275.979s , currentRepackMaxTime:430.463s
iter339		 Improve solution by repack 0.8071499596882558->0.7999623757054555 , unplacedBoxesSize:4
currentRepackCostTime:276.896s , currentRepackMaxTime:430.463s
iter368		 Improve solution by repack 0.7999623757054555->0.7988900833109379 , unplacedBoxesSize:4
currentRepackCostTime:277.087s , currentRepackMaxTime:430.463s
iter379		 Improve solution by repack 0.7988900833109379->0.7966951088417092 , unplacedBoxesSize:5
currentRepackCostTime:277.15500000000003s , currentRepackMaxTime:430.463s
iter381		 Improve solution by repack 0.7966951088417092->0.7865224402042461 , unplacedBoxesSize:2
currentRepackCostTime:277.16700000000003s , currentRepackMaxTime:430.463s
Selecting boards with low utilization for repacking...
iter1		 Improve solution by repack 0.9376303413061006->0.928230986294007 , unplacedBoxesSize:9
currentRepackCostTime:279.6s , currentRepackMaxTime:430.463s
iter4		 Improve solution by repack 0.928230986294007->0.9036871808653587 , unplacedBoxesSize:9
currentRepackCostTime:279.63s , currentRepackMaxTime:430.463s
iter17		 Improve solution by repack 0.9036871808653587->0.8712644450416555 , unplacedBoxesSize:6
currentRepackCostTime:279.75100000000003s , currentRepackMaxTime:430.463s
iter25		 Improve solution by repack 0.8712644450416555->0.7865224402042461 , unplacedBoxesSize:2
currentRepackCostTime:279.796s , currentRepackMaxTime:430.463s
Selecting boards with low utilization for repacking...
iter3		 Improve solution by repack 0.932986428379468->0.928198400967482 , unplacedBoxesSize:9
currentRepackCostTime:282.475s , currentRepackMaxTime:430.463s
iter5		 Improve solution by repack 0.928198400967482->0.9174570008062349 , unplacedBoxesSize:5
currentRepackCostTime:282.502s , currentRepackMaxTime:430.463s
iter7		 Improve solution by repack 0.9174570008062349->0.9103137597420048 , unplacedBoxesSize:9
currentRepackCostTime:282.512s , currentRepackMaxTime:430.463s
iter31		 Improve solution by repack 0.9103137597420048->0.8995908357968289 , unplacedBoxesSize:9
currentRepackCostTime:282.69100000000003s , currentRepackMaxTime:430.463s
iter65		 Improve solution by repack 0.8995908357968289->0.8651323568933083 , unplacedBoxesSize:6
currentRepackCostTime:282.94s , currentRepackMaxTime:430.463s
iter107		 Improve solution by repack 0.8651323568933083->0.8611535877452298 , unplacedBoxesSize:5
currentRepackCostTime:283.196s , currentRepackMaxTime:430.463s
iter133		 Improve solution by repack 0.8611535877452298->0.8490560333243751 , unplacedBoxesSize:6
currentRepackCostTime:283.354s , currentRepackMaxTime:430.463s
iter164		 Improve solution by repack 0.8490560333243751->0.8334164203171192 , unplacedBoxesSize:3
currentRepackCostTime:283.575s , currentRepackMaxTime:430.463s
iter165		 Improve solution by repack 0.8334164203171192->0.8196775060467616 , unplacedBoxesSize:3
currentRepackCostTime:283.583s , currentRepackMaxTime:430.463s
iter179		 Improve solution by repack 0.8196775060467616->0.8195794141359849 , unplacedBoxesSize:3
currentRepackCostTime:283.672s , currentRepackMaxTime:430.463s
iter197		 Improve solution by repack 0.8195794141359849->0.8071499596882558 , unplacedBoxesSize:2
currentRepackCostTime:283.76300000000003s , currentRepackMaxTime:430.463s
iter331		 Improve solution by repack 0.8071499596882558->0.8021620532115022 , unplacedBoxesSize:5
currentRepackCostTime:284.36400000000003s , currentRepackMaxTime:430.463s
iter443		 Improve solution by repack 0.8021620532115022->0.7997299113141628 , unplacedBoxesSize:5
currentRepackCostTime:284.982s , currentRepackMaxTime:430.463s
Selecting boards with low utilization for repacking...
iter9		 Improve solution by repack 0.9501176296694437->0.8520639613007257 , unplacedBoxesSize:6
currentRepackCostTime:287.677s , currentRepackMaxTime:430.463s
iter85		 Improve solution by repack 0.8520639613007257->0.8518946519752755 , unplacedBoxesSize:5
currentRepackCostTime:288.14s , currentRepackMaxTime:430.463s
iter92		 Improve solution by repack 0.8518946519752755->0.8496271163665681 , unplacedBoxesSize:6
currentRepackCostTime:288.187s , currentRepackMaxTime:430.463s
iter101		 Improve solution by repack 0.8496271163665681->0.844588820209621 , unplacedBoxesSize:5
currentRepackCostTime:288.236s , currentRepackMaxTime:430.463s
iter120		 Improve solution by repack 0.844588820209621->0.8403319000268745 , unplacedBoxesSize:4
currentRepackCostTime:288.35s , currentRepackMaxTime:430.463s
iter127		 Improve solution by repack 0.8403319000268745->0.7997299113141628 , unplacedBoxesSize:5
currentRepackCostTime:288.391s , currentRepackMaxTime:430.463s
iter270		 Improve solution by repack 0.7997299113141628->0.7865224402042461 , unplacedBoxesSize:2
currentRepackCostTime:289.327s , currentRepackMaxTime:430.463s
Selecting boards with low utilization for repacking...
iter6		 Improve solution by repack 0.9088779897876915->0.7865224402042461 , unplacedBoxesSize:2
currentRepackCostTime:290.93s , currentRepackMaxTime:430.463s
Selecting boards with low utilization for repacking...
iter3		 Improve solution by repack 0.9362106960494492->0.9261314162859446 , unplacedBoxesSize:9
currentRepackCostTime:293.656s , currentRepackMaxTime:430.463s
iter6		 Improve solution by repack 0.9261314162859446->0.8948854474603601 , unplacedBoxesSize:10
currentRepackCostTime:293.687s , currentRepackMaxTime:430.463s
iter7		 Improve solution by repack 0.8948854474603601->0.8267303816178446 , unplacedBoxesSize:3
currentRepackCostTime:293.694s , currentRepackMaxTime:430.463s
iter221		 Improve solution by repack 0.8267303816178446->0.7865224402042461 , unplacedBoxesSize:2
currentRepackCostTime:294.855s , currentRepackMaxTime:430.463s
Selecting boards with low utilization for repacking...
iter2		 Improve solution by repack 0.9460037624294544->0.9018919645256651 , unplacedBoxesSize:8
currentRepackCostTime:296.721s , currentRepackMaxTime:430.463s
iter4		 Improve solution by repack 0.9018919645256651->0.8967300456866433 , unplacedBoxesSize:8
currentRepackCostTime:296.736s , currentRepackMaxTime:430.463s
iter8		 Improve solution by repack 0.8967300456866433->0.8901995431335663 , unplacedBoxesSize:8
currentRepackCostTime:296.766s , currentRepackMaxTime:430.463s
iter13		 Improve solution by repack 0.8901995431335663->0.8297050524052674 , unplacedBoxesSize:5
currentRepackCostTime:296.808s , currentRepackMaxTime:430.463s
iter15		 Improve solution by repack 0.8297050524052674->0.7865224402042461 , unplacedBoxesSize:2
currentRepackCostTime:296.817s , currentRepackMaxTime:430.463s
iter180		 Improve solution by repack 0.7865224402042461->0.7854676162321956 , unplacedBoxesSize:5
currentRepackCostTime:297.704s , currentRepackMaxTime:430.463s
iter185		 Improve solution by repack 0.7854676162321956->0.7799979844127923 , unplacedBoxesSize:5
currentRepackCostTime:297.736s , currentRepackMaxTime:430.463s
iter223		 Improve solution by repack 0.7799979844127923->0.776154931470035 , unplacedBoxesSize:5
currentRepackCostTime:298.016s , currentRepackMaxTime:430.463s
iter235		 Improve solution by repack 0.776154931470035->0.7592454985219027 , unplacedBoxesSize:4
currentRepackCostTime:298.096s , currentRepackMaxTime:430.463s
Selecting boards with low utilization for repacking...
iter7		 Improve solution by repack 0.9062570545552271->0.7781711905401772 , unplacedBoxesSize:4
currentRepackCostTime:300.124s , currentRepackMaxTime:430.463s
iter16		 Improve solution by repack 0.7781711905401772->0.7592454985219027 , unplacedBoxesSize:4
currentRepackCostTime:300.166s , currentRepackMaxTime:430.463s
Selecting boards with low utilization for repacking...
iter1		 Improve solution by repack 0.9490916420317119->0.944915345337275 , unplacedBoxesSize:6
currentRepackCostTime:303.375s , currentRepackMaxTime:430.463s
iter2		 Improve solution by repack 0.944915345337275->0.8526518409029832 , unplacedBoxesSize:5
currentRepackCostTime:303.378s , currentRepackMaxTime:430.463s
iter17		 Improve solution by repack 0.8526518409029832->0.8412039774254232 , unplacedBoxesSize:5
currentRepackCostTime:303.471s , currentRepackMaxTime:430.463s
iter66		 Improve solution by repack 0.8412039774254232->0.8251605751142166 , unplacedBoxesSize:6
currentRepackCostTime:303.752s , currentRepackMaxTime:430.463s
iter73		 Improve solution by repack 0.8251605751142166->0.8219692287019618 , unplacedBoxesSize:6
currentRepackCostTime:303.797s , currentRepackMaxTime:430.463s
iter137		 Improve solution by repack 0.8219692287019618->0.816801263101317 , unplacedBoxesSize:6
currentRepackCostTime:304.211s , currentRepackMaxTime:430.463s
iter170		 Improve solution by repack 0.816801263101317->0.8066904058048912 , unplacedBoxesSize:5
currentRepackCostTime:304.42s , currentRepackMaxTime:430.463s
iter195		 Improve solution by repack 0.8066904058048912->0.7956308787960226 , unplacedBoxesSize:5
currentRepackCostTime:304.576s , currentRepackMaxTime:430.463s
iter238		 Improve solution by repack 0.7956308787960226->0.7939384574039237 , unplacedBoxesSize:5
currentRepackCostTime:304.859s , currentRepackMaxTime:430.463s
iter379		 Improve solution by repack 0.7939384574039237->0.7915063155065842 , unplacedBoxesSize:5
currentRepackCostTime:305.709s , currentRepackMaxTime:430.463s
iter522		 Improve solution by repack 0.7915063155065842->0.7848202768073099 , unplacedBoxesSize:5
currentRepackCostTime:306.523s , currentRepackMaxTime:430.463s
Selecting boards with low utilization for repacking...
iter4		 Improve solution by repack 0.9490829615694706->0.8633905536146197 , unplacedBoxesSize:7
currentRepackCostTime:308.753s , currentRepackMaxTime:430.463s
iter14		 Improve solution by repack 0.8633905536146197->0.8441222117710293 , unplacedBoxesSize:8
currentRepackCostTime:308.803s , currentRepackMaxTime:430.463s
iter17		 Improve solution by repack 0.8441222117710293->0.8392532249395325 , unplacedBoxesSize:8
currentRepackCostTime:308.824s , currentRepackMaxTime:430.463s
iter25		 Improve solution by repack 0.8392532249395325->0.8299650631550658 , unplacedBoxesSize:5
currentRepackCostTime:308.909s , currentRepackMaxTime:430.463s
iter34		 Improve solution by repack 0.8299650631550658->0.8051216070948669 , unplacedBoxesSize:5
currentRepackCostTime:308.949s , currentRepackMaxTime:430.463s
iter47		 Improve solution by repack 0.8051216070948669->0.8009342246707873 , unplacedBoxesSize:6
currentRepackCostTime:309.017s , currentRepackMaxTime:430.463s
iter50		 Improve solution by repack 0.8009342246707873->0.7948021365224403 , unplacedBoxesSize:6
currentRepackCostTime:309.03700000000003s , currentRepackMaxTime:430.463s
iter120		 Improve solution by repack 0.7948021365224403->0.7883384842784197 , unplacedBoxesSize:5
currentRepackCostTime:309.504s , currentRepackMaxTime:430.463s
iter121		 Improve solution by repack 0.7883384842784197->0.7747950819672131 , unplacedBoxesSize:5
currentRepackCostTime:309.51s , currentRepackMaxTime:430.463s
iter127		 Improve solution by repack 0.7747950819672131->0.7734399355012094 , unplacedBoxesSize:5
currentRepackCostTime:309.543s , currentRepackMaxTime:430.463s
iter165		 Improve solution by repack 0.7734399355012094->0.7708163128191347 , unplacedBoxesSize:4
currentRepackCostTime:309.777s , currentRepackMaxTime:430.463s
iter231		 Improve solution by repack 0.7708163128191347->0.7686757592045149 , unplacedBoxesSize:5
currentRepackCostTime:310.133s , currentRepackMaxTime:430.463s
iter269		 Improve solution by repack 0.7686757592045149->0.765583848427842 , unplacedBoxesSize:5
currentRepackCostTime:310.383s , currentRepackMaxTime:430.463s
iter275		 Improve solution by repack 0.765583848427842->0.7623925020155872 , unplacedBoxesSize:5
currentRepackCostTime:310.41700000000003s , currentRepackMaxTime:430.463s
iter316		 Improve solution by repack 0.7623925020155872->0.7575235151840903 , unplacedBoxesSize:5
currentRepackCostTime:310.66200000000003s , currentRepackMaxTime:430.463s
iter325		 Improve solution by repack 0.7575235151840903->0.752784869658694 , unplacedBoxesSize:5
currentRepackCostTime:310.729s , currentRepackMaxTime:430.463s
iter348		 Improve solution by repack 0.752784869658694->0.7503527277613545 , unplacedBoxesSize:5
currentRepackCostTime:310.869s , currentRepackMaxTime:430.463s
iter366		 Improve solution by repack 0.7503527277613545->0.74366668906208 , unplacedBoxesSize:5
currentRepackCostTime:310.987s , currentRepackMaxTime:430.463s
iter578		 Improve solution by repack 0.74366668906208->0.7436045417898415 , unplacedBoxesSize:4
currentRepackCostTime:312.38s , currentRepackMaxTime:430.463s
iter695		 Improve solution by repack 0.7436045417898415->0.7391648750335932 , unplacedBoxesSize:4
currentRepackCostTime:312.975s , currentRepackMaxTime:430.463s
Selecting boards with low utilization for repacking...
iter3		 Improve solution by repack 0.9511334318731524->0.9481335662456328 , unplacedBoxesSize:9
currentRepackCostTime:315.625s , currentRepackMaxTime:430.463s
iter5		 Improve solution by repack 0.9481335662456328->0.9420404461166354 , unplacedBoxesSize:7
currentRepackCostTime:315.645s , currentRepackMaxTime:430.463s
iter8		 Improve solution by repack 0.9420404461166354->0.8068140284869659 , unplacedBoxesSize:5
currentRepackCostTime:315.663s , currentRepackMaxTime:430.463s
iter17		 Improve solution by repack 0.8068140284869659->0.7972063961300726 , unplacedBoxesSize:5
currentRepackCostTime:315.717s , currentRepackMaxTime:430.463s
iter80		 Improve solution by repack 0.7972063961300726->0.796613813490997 , unplacedBoxesSize:4
currentRepackCostTime:316.07s , currentRepackMaxTime:430.463s
iter361		 Improve solution by repack 0.796613813490997->0.7965929857565172 , unplacedBoxesSize:4
currentRepackCostTime:317.479s , currentRepackMaxTime:430.463s
iter609		 Improve solution by repack 0.7965929857565172->0.7870061811341038 , unplacedBoxesSize:4
currentRepackCostTime:318.883s , currentRepackMaxTime:430.463s
iter657		 Improve solution by repack 0.7870061811341038->0.7857652512765386 , unplacedBoxesSize:5
currentRepackCostTime:319.14300000000003s , currentRepackMaxTime:430.463s
iter667		 Improve solution by repack 0.7857652512765386->0.7656006449879065 , unplacedBoxesSize:5
currentRepackCostTime:319.213s , currentRepackMaxTime:430.463s
iter744		 Improve solution by repack 0.7656006449879065->0.7463853802741198 , unplacedBoxesSize:5
currentRepackCostTime:319.659s , currentRepackMaxTime:430.463s
iter765		 Improve solution by repack 0.7463853802741198->0.7328419779629132 , unplacedBoxesSize:5
currentRepackCostTime:319.805s , currentRepackMaxTime:430.463s
iter857		 Improve solution by repack 0.7328419779629132->0.7278036818059661 , unplacedBoxesSize:4
currentRepackCostTime:320.42s , currentRepackMaxTime:430.463s
iter864		 Improve solution by repack 0.7278036818059661->0.7271707874227358 , unplacedBoxesSize:4
currentRepackCostTime:320.46s , currentRepackMaxTime:430.463s
iter905		 Improve solution by repack 0.7271707874227358->0.7226417629669443 , unplacedBoxesSize:4
currentRepackCostTime:320.697s , currentRepackMaxTime:430.463s
Selecting boards with low utilization for repacking...
iter1		 Improve solution by repack 0.9538988175221714->0.940370868046224 , unplacedBoxesSize:9
currentRepackCostTime:323.994s , currentRepackMaxTime:430.463s
iter2		 Improve solution by repack 0.940370868046224->0.7803224939532385 , unplacedBoxesSize:8
currentRepackCostTime:324.00100000000003s , currentRepackMaxTime:430.463s
iter127		 Improve solution by repack 0.7803224939532385->0.777037758667025 , unplacedBoxesSize:7
currentRepackCostTime:325.07s , currentRepackMaxTime:430.463s
iter152		 Improve solution by repack 0.777037758667025->0.7687130475678581 , unplacedBoxesSize:8
currentRepackCostTime:325.258s , currentRepackMaxTime:430.463s
Selecting boards with low utilization for repacking...
iter1		 Improve solution by repack 0.9581423004568664->0.8126404192421393 , unplacedBoxesSize:5
currentRepackCostTime:329.071s , currentRepackMaxTime:430.463s
iter7		 Improve solution by repack 0.8126404192421393->0.7687130475678581 , unplacedBoxesSize:8
currentRepackCostTime:329.107s , currentRepackMaxTime:430.463s
iter172		 Improve solution by repack 0.7687130475678581->0.7549942891695781 , unplacedBoxesSize:7
currentRepackCostTime:330.557s , currentRepackMaxTime:430.463s
iter268		 Improve solution by repack 0.7549942891695781->0.7504619054017737 , unplacedBoxesSize:6
currentRepackCostTime:331.279s , currentRepackMaxTime:430.463s
iter363		 Improve solution by repack 0.7504619054017737->0.7464266998118785 , unplacedBoxesSize:7
currentRepackCostTime:331.902s , currentRepackMaxTime:430.463s
iter585		 Improve solution by repack 0.7464266998118785->0.7444494087610857 , unplacedBoxesSize:7
currentRepackCostTime:333.532s , currentRepackMaxTime:430.463s
iter685		 Improve solution by repack 0.7444494087610857->0.743070075248589 , unplacedBoxesSize:7
currentRepackCostTime:334.218s , currentRepackMaxTime:430.463s
iter702		 Improve solution by repack 0.743070075248589->0.7426152244020424 , unplacedBoxesSize:7
currentRepackCostTime:334.336s , currentRepackMaxTime:430.463s
Selecting boards with low utilization for repacking...
iter2		 Improve solution by repack 0.9648656275194839->0.9570599301263102 , unplacedBoxesSize:6
currentRepackCostTime:338.014s , currentRepackMaxTime:430.463s
iter5		 Improve solution by repack 0.9570599301263102->0.794893509809191 , unplacedBoxesSize:5
currentRepackCostTime:338.033s , currentRepackMaxTime:430.463s
iter26		 Improve solution by repack 0.794893509809191->0.7941595001343724 , unplacedBoxesSize:8
currentRepackCostTime:338.165s , currentRepackMaxTime:430.463s
iter73		 Improve solution by repack 0.7941595001343724->0.79252082773448 , unplacedBoxesSize:9
currentRepackCostTime:338.527s , currentRepackMaxTime:430.463s
iter97		 Improve solution by repack 0.79252082773448->0.7923985487772105 , unplacedBoxesSize:8
currentRepackCostTime:338.741s , currentRepackMaxTime:430.463s
iter110		 Improve solution by repack 0.7923985487772105->0.7841097823165816 , unplacedBoxesSize:8
currentRepackCostTime:338.85200000000003s , currentRepackMaxTime:430.463s
iter122		 Improve solution by repack 0.7841097823165816->0.7809184359043267 , unplacedBoxesSize:8
currentRepackCostTime:338.93s , currentRepackMaxTime:430.463s
iter162		 Improve solution by repack 0.7809184359043267->0.7748864552539639 , unplacedBoxesSize:5
currentRepackCostTime:339.17400000000004s , currentRepackMaxTime:430.463s
iter254		 Improve solution by repack 0.7748864552539639->0.7506228164471916 , unplacedBoxesSize:4
currentRepackCostTime:339.69100000000003s , currentRepackMaxTime:430.463s
iter262		 Improve solution by repack 0.7506228164471916->0.7468113410373556 , unplacedBoxesSize:4
currentRepackCostTime:339.736s , currentRepackMaxTime:430.463s
iter272		 Improve solution by repack 0.7468113410373556->0.7443744961031981 , unplacedBoxesSize:4
currentRepackCostTime:339.781s , currentRepackMaxTime:430.463s
iter429		 Improve solution by repack 0.7443744961031981->0.7396358505778017 , unplacedBoxesSize:4
currentRepackCostTime:340.67900000000003s , currentRepackMaxTime:430.463s
iter476		 Improve solution by repack 0.7396358505778017->0.7362899758129534 , unplacedBoxesSize:3
currentRepackCostTime:340.92s , currentRepackMaxTime:430.463s
iter499		 Improve solution by repack 0.7362899758129534->0.7356570814297233 , unplacedBoxesSize:3
currentRepackCostTime:341.021s , currentRepackMaxTime:430.463s
iter562		 Improve solution by repack 0.7356570814297233->0.7267965600644988 , unplacedBoxesSize:3
currentRepackCostTime:341.31s , currentRepackMaxTime:430.463s
Selecting boards with low utilization for repacking...
iter2		 Improve solution by repack 0.9692797635044343->0.8017696855683956 , unplacedBoxesSize:5
currentRepackCostTime:342.939s , currentRepackMaxTime:430.463s
iter8		 Improve solution by repack 0.8017696855683956->0.7981940338618652 , unplacedBoxesSize:8
currentRepackCostTime:342.968s , currentRepackMaxTime:430.463s
iter16		 Improve solution by repack 0.7981940338618652->0.7967125772641763 , unplacedBoxesSize:8
currentRepackCostTime:343.04200000000003s , currentRepackMaxTime:430.463s
iter24		 Improve solution by repack 0.7967125772641763->0.7892024993281377 , unplacedBoxesSize:6
currentRepackCostTime:343.10200000000003s , currentRepackMaxTime:430.463s
iter33		 Improve solution by repack 0.7892024993281377->0.7775275463585057 , unplacedBoxesSize:7
currentRepackCostTime:343.157s , currentRepackMaxTime:430.463s
iter40		 Improve solution by repack 0.7775275463585057->0.7767804353668369 , unplacedBoxesSize:7
currentRepackCostTime:343.207s , currentRepackMaxTime:430.463s
iter45		 Improve solution by repack 0.7767804353668369->0.7679199140016124 , unplacedBoxesSize:7
currentRepackCostTime:343.249s , currentRepackMaxTime:430.463s
iter124		 Improve solution by repack 0.7679199140016124->0.7476662859446385 , unplacedBoxesSize:7
currentRepackCostTime:343.862s , currentRepackMaxTime:430.463s
iter125		 Improve solution by repack 0.7476662859446385->0.7376615829078206 , unplacedBoxesSize:7
currentRepackCostTime:343.871s , currentRepackMaxTime:430.463s
iter160		 Improve solution by repack 0.7376615829078206->0.7326353802741198 , unplacedBoxesSize:7
currentRepackCostTime:344.125s , currentRepackMaxTime:430.463s
iter261		 Improve solution by repack 0.7326353802741198->0.7268587073367375 , unplacedBoxesSize:6
currentRepackCostTime:344.829s , currentRepackMaxTime:430.463s
iter276		 Improve solution by repack 0.7268587073367375->0.722879938188659 , unplacedBoxesSize:5
currentRepackCostTime:344.925s , currentRepackMaxTime:430.463s
iter289		 Improve solution by repack 0.722879938188659->0.7218499731255038 , unplacedBoxesSize:6
currentRepackCostTime:344.98900000000003s , currentRepackMaxTime:430.463s
iter333		 Improve solution by repack 0.7218499731255038->0.7070804219295889 , unplacedBoxesSize:6
currentRepackCostTime:345.254s , currentRepackMaxTime:430.463s
Selecting boards with low utilization for repacking...
iter5		 Improve solution by repack 0.9709943563558183->0.759266662187584 , unplacedBoxesSize:8
currentRepackCostTime:349.246s , currentRepackMaxTime:430.463s
iter7		 Improve solution by repack 0.759266662187584->0.7560753157753292 , unplacedBoxesSize:8
currentRepackCostTime:349.259s , currentRepackMaxTime:430.463s
iter16		 Improve solution by repack 0.7560753157753292->0.7536431738779897 , unplacedBoxesSize:8
currentRepackCostTime:349.353s , currentRepackMaxTime:430.463s
iter117		 Improve solution by repack 0.7536431738779897->0.7390032921257726 , unplacedBoxesSize:7
currentRepackCostTime:350.187s , currentRepackMaxTime:430.463s
iter126		 Improve solution by repack 0.7390032921257726->0.7311250335931202 , unplacedBoxesSize:5
currentRepackCostTime:350.254s , currentRepackMaxTime:430.463s
iter128		 Improve solution by repack 0.7311250335931202->0.7297866836871808 , unplacedBoxesSize:7
currentRepackCostTime:350.265s , currentRepackMaxTime:430.463s
Selecting boards with low utilization for repacking...
iter1		 Improve solution by repack 0.9861384708411718->0.9676132088148347 , unplacedBoxesSize:9
currentRepackCostTime:353.911s , currentRepackMaxTime:430.463s
iter7		 Improve solution by repack 0.9676132088148347->0.9628745632894383 , unplacedBoxesSize:9
currentRepackCostTime:353.959s , currentRepackMaxTime:430.463s
iter18		 Improve solution by repack 0.9628745632894383->0.9527076054823972 , unplacedBoxesSize:9
currentRepackCostTime:354.051s , currentRepackMaxTime:430.463s
iter20		 Improve solution by repack 0.9527076054823972->0.94779427573233 , unplacedBoxesSize:9
currentRepackCostTime:354.063s , currentRepackMaxTime:430.463s
iter30		 Improve solution by repack 0.94779427573233->0.9446029293200752 , unplacedBoxesSize:9
currentRepackCostTime:354.14300000000003s , currentRepackMaxTime:430.463s
iter48		 Improve solution by repack 0.9446029293200752->0.782810400429992 , unplacedBoxesSize:8
currentRepackCostTime:354.27500000000003s , currentRepackMaxTime:430.463s
iter50		 Improve solution by repack 0.782810400429992->0.7794329481322225 , unplacedBoxesSize:8
currentRepackCostTime:354.295s , currentRepackMaxTime:430.463s
iter55		 Improve solution by repack 0.7794329481322225->0.7757534936844933 , unplacedBoxesSize:8
currentRepackCostTime:354.323s , currentRepackMaxTime:430.463s
iter62		 Improve solution by repack 0.7757534936844933->0.771014848159097 , unplacedBoxesSize:8
currentRepackCostTime:354.38s , currentRepackMaxTime:430.463s
Selecting boards with low utilization for repacking...
Completed repack sweep without reducing board count. No-reduction sweeps: 2/3
Selecting boards with low utilization for repacking...
iter291		 Improve solution by repack 0.771014848159097->0.7662762026337006 , unplacedBoxesSize:8
currentRepackCostTime:360.92900000000003s , currentRepackMaxTime:430.463s
Selecting boards with low utilization for repacking...
iter6		 Improve solution by repack 0.8952586670249932->0.7875295619457134 , unplacedBoxesSize:8
currentRepackCostTime:363.469s , currentRepackMaxTime:430.463s
iter18		 Improve solution by repack 0.7875295619457134->0.7834097016930933 , unplacedBoxesSize:8
currentRepackCostTime:363.547s , currentRepackMaxTime:430.463s
iter36		 Improve solution by repack 0.7834097016930933->0.770710158559527 , unplacedBoxesSize:8
currentRepackCostTime:363.688s , currentRepackMaxTime:430.463s
iter41		 Improve solution by repack 0.770710158559527->0.7702674012362268 , unplacedBoxesSize:8
currentRepackCostTime:363.741s , currentRepackMaxTime:430.463s
iter45		 Improve solution by repack 0.7702674012362268->0.7556275194840096 , unplacedBoxesSize:7
currentRepackCostTime:363.786s , currentRepackMaxTime:430.463s
iter50		 Improve solution by repack 0.7556275194840096->0.7512960225745768 , unplacedBoxesSize:7
currentRepackCostTime:363.818s , currentRepackMaxTime:430.463s
Selecting boards with low utilization for repacking...
iter4		 Improve solution by repack 0.9099045955388336->0.7512960225745768 , unplacedBoxesSize:7
currentRepackCostTime:367.672s , currentRepackMaxTime:430.463s
Selecting boards with low utilization for repacking...
iter4		 Improve solution by repack 0.9346828809459823->0.8145767266863746 , unplacedBoxesSize:8
currentRepackCostTime:371.868s , currentRepackMaxTime:430.463s
iter5		 Improve solution by repack 0.8145767266863746->0.8081940338618652 , unplacedBoxesSize:8
currentRepackCostTime:371.871s , currentRepackMaxTime:430.463s
iter9		 Improve solution by repack 0.8081940338618652->0.7896338349905939 , unplacedBoxesSize:8
currentRepackCostTime:371.903s , currentRepackMaxTime:430.463s
iter21		 Improve solution by repack 0.7896338349905939->0.7865419242139211 , unplacedBoxesSize:8
currentRepackCostTime:372.01s , currentRepackMaxTime:430.463s
iter22		 Improve solution by repack 0.7865419242139211->0.7784815909701693 , unplacedBoxesSize:8
currentRepackCostTime:372.01800000000003s , currentRepackMaxTime:430.463s
iter38		 Improve solution by repack 0.7784815909701693->0.7736126041386724 , unplacedBoxesSize:8
currentRepackCostTime:372.123s , currentRepackMaxTime:430.463s
iter71		 Improve solution by repack 0.7736126041386724->0.768873958613276 , unplacedBoxesSize:8
currentRepackCostTime:372.389s , currentRepackMaxTime:430.463s
iter94		 Improve solution by repack 0.768873958613276->0.7662762026337006 , unplacedBoxesSize:8
currentRepackCostTime:372.548s , currentRepackMaxTime:430.463s
Selecting boards with low utilization for repacking...
iter1		 Improve solution by repack 0.9303332437516796->0.9119457135178715 , unplacedBoxesSize:7
currentRepackCostTime:376.713s , currentRepackMaxTime:430.463s
iter3		 Improve solution by repack 0.9119457135178715->0.8950100779360387 , unplacedBoxesSize:4
currentRepackCostTime:376.728s , currentRepackMaxTime:430.463s
iter21		 Improve solution by repack 0.8950100779360387->0.8126404192421393 , unplacedBoxesSize:5
currentRepackCostTime:376.826s , currentRepackMaxTime:430.463s
iter46		 Improve solution by repack 0.8126404192421393->0.8070908357968288 , unplacedBoxesSize:5
currentRepackCostTime:376.975s , currentRepackMaxTime:430.463s
iter95		 Improve solution by repack 0.8070908357968288->0.7980492475141091 , unplacedBoxesSize:6
currentRepackCostTime:377.273s , currentRepackMaxTime:430.463s
iter103		 Improve solution by repack 0.7980492475141091->0.7865224402042461 , unplacedBoxesSize:2
currentRepackCostTime:377.325s , currentRepackMaxTime:430.463s
Selecting boards with low utilization for repacking...
iter3		 Improve solution by repack 0.9107615560333244->0.8989972453641495 , unplacedBoxesSize:4
currentRepackCostTime:379.745s , currentRepackMaxTime:430.463s
iter5		 Improve solution by repack 0.8989972453641495->0.8267303816178446 , unplacedBoxesSize:3
currentRepackCostTime:379.759s , currentRepackMaxTime:430.463s
iter157		 Improve solution by repack 0.8267303816178446->0.7865224402042461 , unplacedBoxesSize:2
currentRepackCostTime:380.562s , currentRepackMaxTime:430.463s
Selecting boards with low utilization for repacking...
iter1		 Improve solution by repack 0.9257054555227089->0.9227492609513571 , unplacedBoxesSize:4
currentRepackCostTime:382.689s , currentRepackMaxTime:430.463s
iter2		 Improve solution by repack 0.9227492609513571->0.7865224402042461 , unplacedBoxesSize:2
currentRepackCostTime:382.69s , currentRepackMaxTime:430.463s
Selecting boards with low utilization for repacking...
iter1		 Improve solution by repack 0.9227492609513571->0.9155126310131685 , unplacedBoxesSize:3
currentRepackCostTime:385.482s , currentRepackMaxTime:430.463s
iter26		 Improve solution by repack 0.9155126310131685->0.9138265923138942 , unplacedBoxesSize:7
currentRepackCostTime:385.633s , currentRepackMaxTime:430.463s
iter28		 Improve solution by repack 0.9138265923138942->0.8267303816178446 , unplacedBoxesSize:3
currentRepackCostTime:385.645s , currentRepackMaxTime:430.463s
iter79		 Improve solution by repack 0.8267303816178446->0.8149076189196452 , unplacedBoxesSize:5
currentRepackCostTime:385.918s , currentRepackMaxTime:430.463s
iter91		 Improve solution by repack 0.8149076189196452->0.8100164606288632 , unplacedBoxesSize:5
currentRepackCostTime:385.971s , currentRepackMaxTime:430.463s
iter132		 Improve solution by repack 0.8100164606288632->0.7992092179521635 , unplacedBoxesSize:5
currentRepackCostTime:386.226s , currentRepackMaxTime:430.463s
iter163		 Improve solution by repack 0.7992092179521635->0.797946116635313 , unplacedBoxesSize:5
currentRepackCostTime:386.38100000000003s , currentRepackMaxTime:430.463s
iter188		 Improve solution by repack 0.797946116635313->0.7939673474872345 , unplacedBoxesSize:4
currentRepackCostTime:386.56600000000003s , currentRepackMaxTime:430.463s
iter206		 Improve solution by repack 0.7939673474872345->0.7915352055898951 , unplacedBoxesSize:4
currentRepackCostTime:386.685s , currentRepackMaxTime:430.463s
iter288		 Improve solution by repack 0.7915352055898951->0.7826746842246708 , unplacedBoxesSize:4
currentRepackCostTime:387.121s , currentRepackMaxTime:430.463s
iter367		 Improve solution by repack 0.7826746842246708->0.7779024455791453 , unplacedBoxesSize:4
currentRepackCostTime:387.55400000000003s , currentRepackMaxTime:430.463s
iter398		 Improve solution by repack 0.7779024455791453->0.7572749260951357 , unplacedBoxesSize:4
currentRepackCostTime:387.695s , currentRepackMaxTime:430.463s
iter403		 Improve solution by repack 0.7572749260951357->0.7529434291857028 , unplacedBoxesSize:4
currentRepackCostTime:387.721s , currentRepackMaxTime:430.463s
iter424		 Improve solution by repack 0.7529434291857028->0.7468113410373556 , unplacedBoxesSize:4
currentRepackCostTime:387.837s , currentRepackMaxTime:430.463s
Selecting boards with low utilization for repacking...
iter2		 Improve solution by repack 0.9331335662456328->0.9314995968825585 , unplacedBoxesSize:6
currentRepackCostTime:390.474s , currentRepackMaxTime:430.463s
iter7		 Improve solution by repack 0.9314995968825585->0.8370572426766999 , unplacedBoxesSize:5
currentRepackCostTime:390.495s , currentRepackMaxTime:430.463s
iter27		 Improve solution by repack 0.8370572426766999->0.8285494490728299 , unplacedBoxesSize:4
currentRepackCostTime:390.612s , currentRepackMaxTime:430.463s
iter31		 Improve solution by repack 0.8285494490728299->0.7972722386455254 , unplacedBoxesSize:6
currentRepackCostTime:390.629s , currentRepackMaxTime:430.463s
iter33		 Improve solution by repack 0.7972722386455254->0.7852317925288901 , unplacedBoxesSize:5
currentRepackCostTime:390.648s , currentRepackMaxTime:430.463s
iter43		 Improve solution by repack 0.7852317925288901->0.7644793066380005 , unplacedBoxesSize:4
currentRepackCostTime:390.71000000000004s , currentRepackMaxTime:430.463s
iter45		 Improve solution by repack 0.7644793066380005->0.7548716742811072 , unplacedBoxesSize:4
currentRepackCostTime:390.723s , currentRepackMaxTime:430.463s
Selecting boards with low utilization for repacking...
iter4		 Improve solution by repack 0.9198313625369524->0.9146808653587745 , unplacedBoxesSize:6
currentRepackCostTime:393.74s , currentRepackMaxTime:430.463s
iter8		 Improve solution by repack 0.9146808653587745->0.9119850174684225 , unplacedBoxesSize:6
currentRepackCostTime:393.76s , currentRepackMaxTime:430.463s
iter10		 Improve solution by repack 0.9119850174684225->0.8071499596882558 , unplacedBoxesSize:2
currentRepackCostTime:393.779s , currentRepackMaxTime:430.463s
iter79		 Improve solution by repack 0.8071499596882558->0.7865224402042461 , unplacedBoxesSize:2
currentRepackCostTime:394.117s , currentRepackMaxTime:430.463s
Selecting boards with low utilization for repacking...
iter1		 Improve solution by repack 0.8911821418973395->0.8884513571620531 , unplacedBoxesSize:9
currentRepackCostTime:396.493s , currentRepackMaxTime:430.463s
iter24		 Improve solution by repack 0.8884513571620531->0.8782175490459554 , unplacedBoxesSize:8
currentRepackCostTime:396.673s , currentRepackMaxTime:430.463s
iter39		 Improve solution by repack 0.8782175490459554->0.7865224402042461 , unplacedBoxesSize:2
currentRepackCostTime:396.797s , currentRepackMaxTime:430.463s
Selecting boards with low utilization for repacking...
iter1		 Improve solution by repack 0.9497635044342918->0.9487758667024992 , unplacedBoxesSize:5
currentRepackCostTime:399.39300000000003s , currentRepackMaxTime:430.463s
iter2		 Improve solution by repack 0.9487758667024992->0.9154662725073904 , unplacedBoxesSize:4
currentRepackCostTime:399.398s , currentRepackMaxTime:430.463s
iter5		 Improve solution by repack 0.9154662725073904->0.8999274388605213 , unplacedBoxesSize:3
currentRepackCostTime:399.419s , currentRepackMaxTime:430.463s
iter17		 Improve solution by repack 0.8999274388605213->0.8337113679118516 , unplacedBoxesSize:4
currentRepackCostTime:399.476s , currentRepackMaxTime:430.463s
iter29		 Improve solution by repack 0.8337113679118516->0.8072749260951357 , unplacedBoxesSize:3
currentRepackCostTime:399.527s , currentRepackMaxTime:430.463s
iter47		 Improve solution by repack 0.8072749260951357->0.8049099704380542 , unplacedBoxesSize:3
currentRepackCostTime:399.63800000000003s , currentRepackMaxTime:430.463s
iter48		 Improve solution by repack 0.8049099704380542->0.7865224402042461 , unplacedBoxesSize:2
currentRepackCostTime:399.647s , currentRepackMaxTime:430.463s
Selecting boards with low utilization for repacking...
iter5		 Improve solution by repack 0.9526068261220103->0.9403554152109648 , unplacedBoxesSize:10
currentRepackCostTime:402.308s , currentRepackMaxTime:430.463s
iter6		 Improve solution by repack 0.9403554152109648->0.9234459822628326 , unplacedBoxesSize:9
currentRepackCostTime:402.313s , currentRepackMaxTime:430.463s
iter7		 Improve solution by repack 0.9234459822628326->0.9047258801397473 , unplacedBoxesSize:9
currentRepackCostTime:402.322s , currentRepackMaxTime:430.463s
iter12		 Improve solution by repack 0.9047258801397473->0.8678426498253158 , unplacedBoxesSize:9
currentRepackCostTime:402.35200000000003s , currentRepackMaxTime:430.463s
iter14		 Improve solution by repack 0.8678426498253158->0.8407927976350443 , unplacedBoxesSize:6
currentRepackCostTime:402.362s , currentRepackMaxTime:430.463s
iter21		 Improve solution by repack 0.8407927976350443->0.836353130878796 , unplacedBoxesSize:6
currentRepackCostTime:402.396s , currentRepackMaxTime:430.463s
iter43		 Improve solution by repack 0.836353130878796->0.8306819403386186 , unplacedBoxesSize:5
currentRepackCostTime:402.55s , currentRepackMaxTime:430.463s
iter54		 Improve solution by repack 0.8306819403386186->0.7865224402042461 , unplacedBoxesSize:2
currentRepackCostTime:402.611s , currentRepackMaxTime:430.463s
Selecting boards with low utilization for repacking...
iter1		 Improve solution by repack 0.9358257188927708->0.7865224402042461 , unplacedBoxesSize:2
currentRepackCostTime:405.163s , currentRepackMaxTime:430.463s
Selecting boards with low utilization for repacking...
iter2		 Improve solution by repack 0.9344551195915077->0.8908613276001075 , unplacedBoxesSize:8
currentRepackCostTime:407.91200000000003s , currentRepackMaxTime:430.463s
iter11		 Improve solution by repack 0.8908613276001075->0.8904985219027143 , unplacedBoxesSize:6
currentRepackCostTime:407.986s , currentRepackMaxTime:430.463s
iter16		 Improve solution by repack 0.8904985219027143->0.8715634238108035 , unplacedBoxesSize:6
currentRepackCostTime:408.012s , currentRepackMaxTime:430.463s
iter19		 Improve solution by repack 0.8715634238108035->0.8668247782854072 , unplacedBoxesSize:6
currentRepackCostTime:408.034s , currentRepackMaxTime:430.463s
iter26		 Improve solution by repack 0.8668247782854072->0.8651323568933083 , unplacedBoxesSize:6
currentRepackCostTime:408.072s , currentRepackMaxTime:430.463s
iter32		 Improve solution by repack 0.8651323568933083->0.859504165546896 , unplacedBoxesSize:6
currentRepackCostTime:408.106s , currentRepackMaxTime:430.463s
iter71		 Improve solution by repack 0.859504165546896->0.8546351787153991 , unplacedBoxesSize:6
currentRepackCostTime:408.336s , currentRepackMaxTime:430.463s
iter72		 Improve solution by repack 0.8546351787153991->0.8498965331900027 , unplacedBoxesSize:6
currentRepackCostTime:408.342s , currentRepackMaxTime:430.463s
iter102		 Improve solution by repack 0.8498965331900027->0.8465506584251545 , unplacedBoxesSize:5
currentRepackCostTime:408.526s , currentRepackMaxTime:430.463s
iter119		 Improve solution by repack 0.8465506584251545->0.8417958882020962 , unplacedBoxesSize:5
currentRepackCostTime:408.61s , currentRepackMaxTime:430.463s
iter173		 Improve solution by repack 0.8417958882020962->0.8384500134372481 , unplacedBoxesSize:4
currentRepackCostTime:408.889s , currentRepackMaxTime:430.463s
iter178		 Improve solution by repack 0.8384500134372481->0.8071499596882558 , unplacedBoxesSize:2
currentRepackCostTime:408.915s , currentRepackMaxTime:430.463s
iter200		 Improve solution by repack 0.8071499596882558->0.7865224402042461 , unplacedBoxesSize:2
currentRepackCostTime:409.01s , currentRepackMaxTime:430.463s
Selecting boards with low utilization for repacking...
iter2		 Improve solution by repack 0.9405814969094329->0.9260450819672131 , unplacedBoxesSize:9
currentRepackCostTime:410.81600000000003s , currentRepackMaxTime:430.463s
iter7		 Improve solution by repack 0.9260450819672131->0.9250181402848697 , unplacedBoxesSize:9
currentRepackCostTime:410.86s , currentRepackMaxTime:430.463s
iter8		 Improve solution by repack 0.9250181402848697->0.9149952969631819 , unplacedBoxesSize:10
currentRepackCostTime:410.871s , currentRepackMaxTime:430.463s
iter22		 Improve solution by repack 0.9149952969631819->0.8560286213383499 , unplacedBoxesSize:6
currentRepackCostTime:411.014s , currentRepackMaxTime:430.463s
iter24		 Improve solution by repack 0.8560286213383499->0.8424852190271432 , unplacedBoxesSize:6
currentRepackCostTime:411.024s , currentRepackMaxTime:430.463s
iter38		 Improve solution by repack 0.8424852190271432->0.836353130878796 , unplacedBoxesSize:6
currentRepackCostTime:411.10200000000003s , currentRepackMaxTime:430.463s
iter41		 Improve solution by repack 0.836353130878796->0.8218214189733943 , unplacedBoxesSize:5
currentRepackCostTime:411.124s , currentRepackMaxTime:430.463s
iter137		 Improve solution by repack 0.8218214189733943->0.8178426498253158 , unplacedBoxesSize:4
currentRepackCostTime:411.665s , currentRepackMaxTime:430.463s
iter147		 Improve solution by repack 0.8178426498253158->0.8089821284600913 , unplacedBoxesSize:4
currentRepackCostTime:411.713s , currentRepackMaxTime:430.463s
iter188		 Improve solution by repack 0.8089821284600913->0.7865224402042461 , unplacedBoxesSize:2
currentRepackCostTime:411.91s , currentRepackMaxTime:430.463s
Selecting boards with low utilization for repacking...
iter1		 Improve solution by repack 0.9322816447191615->0.9222319269013706 , unplacedBoxesSize:9
currentRepackCostTime:413.84700000000004s , currentRepackMaxTime:430.463s
iter2		 Improve solution by repack 0.9222319269013706->0.8790876108572964 , unplacedBoxesSize:8
currentRepackCostTime:413.854s , currentRepackMaxTime:430.463s
iter5		 Improve solution by repack 0.8790876108572964->0.8687080085998387 , unplacedBoxesSize:3
currentRepackCostTime:413.874s , currentRepackMaxTime:430.463s
iter54		 Improve solution by repack 0.8687080085998387->0.8613262563826929 , unplacedBoxesSize:3
currentRepackCostTime:414.119s , currentRepackMaxTime:430.463s
iter93		 Improve solution by repack 0.8613262563826929->0.8577452297769417 , unplacedBoxesSize:3
currentRepackCostTime:414.334s , currentRepackMaxTime:430.463s
iter286		 Improve solution by repack 0.8577452297769417->0.8560286213383499 , unplacedBoxesSize:6
currentRepackCostTime:415.339s , currentRepackMaxTime:430.463s
iter302		 Improve solution by repack 0.8560286213383499->0.8465506584251545 , unplacedBoxesSize:5
currentRepackCostTime:415.45s , currentRepackMaxTime:430.463s
iter305		 Improve solution by repack 0.8465506584251545->0.8067528890083311 , unplacedBoxesSize:5
currentRepackCostTime:415.468s , currentRepackMaxTime:430.463s
iter309		 Improve solution by repack 0.8067528890083311->0.8021620532115022 , unplacedBoxesSize:5
currentRepackCostTime:415.491s , currentRepackMaxTime:430.463s
iter315		 Improve solution by repack 0.8021620532115022->0.7865224402042461 , unplacedBoxesSize:2
currentRepackCostTime:415.526s , currentRepackMaxTime:430.463s
Selecting boards with low utilization for repacking...
iter21		 Improve solution by repack 0.9073313625369523->0.8604568664337543 , unplacedBoxesSize:6
currentRepackCostTime:418.44s , currentRepackMaxTime:430.463s
iter34		 Improve solution by repack 0.8604568664337543->0.8515889545821016 , unplacedBoxesSize:6
currentRepackCostTime:418.519s , currentRepackMaxTime:430.463s
iter45		 Improve solution by repack 0.8515889545821016->0.8496902714324107 , unplacedBoxesSize:6
currentRepackCostTime:418.583s , currentRepackMaxTime:430.463s
iter60		 Improve solution by repack 0.8496902714324107->0.8461092448266595 , unplacedBoxesSize:6
currentRepackCostTime:418.67400000000004s , currentRepackMaxTime:430.463s
iter70		 Improve solution by repack 0.8461092448266595->0.8351289975812953 , unplacedBoxesSize:5
currentRepackCostTime:418.747s , currentRepackMaxTime:430.463s
iter72		 Improve solution by repack 0.8351289975812953->0.8289969094329481 , unplacedBoxesSize:5
currentRepackCostTime:418.75600000000003s , currentRepackMaxTime:430.463s
iter90		 Improve solution by repack 0.8289969094329481->0.7865224402042461 , unplacedBoxesSize:2
currentRepackCostTime:418.87s , currentRepackMaxTime:430.463s
Selecting boards with low utilization for repacking...
iter1		 Improve solution by repack 0.9477115829078204->0.8704004299919377 , unplacedBoxesSize:3
currentRepackCostTime:421.236s , currentRepackMaxTime:430.463s
iter3		 Improve solution by repack 0.8704004299919377->0.7865224402042461 , unplacedBoxesSize:2
currentRepackCostTime:421.247s , currentRepackMaxTime:430.463s
Selecting boards with low utilization for repacking...
iter2		 Improve solution by repack 0.9533270626175759->0.9433210158559527 , unplacedBoxesSize:9
currentRepackCostTime:423.983s , currentRepackMaxTime:430.463s
iter19		 Improve solution by repack 0.9433210158559527->0.910139075517334 , unplacedBoxesSize:6
currentRepackCostTime:424.10200000000003s , currentRepackMaxTime:430.463s
iter27		 Improve solution by repack 0.910139075517334->0.9041742811072293 , unplacedBoxesSize:6
currentRepackCostTime:424.14300000000003s , currentRepackMaxTime:430.463s
iter31		 Improve solution by repack 0.9041742811072293->0.900828406342381 , unplacedBoxesSize:5
currentRepackCostTime:424.16s , currentRepackMaxTime:430.463s
iter37		 Improve solution by repack 0.900828406342381->0.8913349905939264 , unplacedBoxesSize:5
currentRepackCostTime:424.193s , currentRepackMaxTime:430.463s
iter47		 Improve solution by repack 0.8913349905939264->0.8687080085998387 , unplacedBoxesSize:3
currentRepackCostTime:424.25s , currentRepackMaxTime:430.463s
iter105		 Improve solution by repack 0.8687080085998387->0.8613262563826929 , unplacedBoxesSize:3
currentRepackCostTime:424.52s , currentRepackMaxTime:430.463s
iter182		 Improve solution by repack 0.8613262563826929->0.8612422735823703 , unplacedBoxesSize:5
currentRepackCostTime:424.942s , currentRepackMaxTime:430.463s
iter349		 Improve solution by repack 0.8612422735823703->0.8384876377317926 , unplacedBoxesSize:5
currentRepackCostTime:425.879s , currentRepackMaxTime:430.463s
iter351		 Improve solution by repack 0.8384876377317926->0.8195794141359849 , unplacedBoxesSize:3
currentRepackCostTime:425.88800000000003s , currentRepackMaxTime:430.463s
Selecting boards with low utilization for repacking...
iter1		 Improve solution by repack 0.9649311341037355->0.9154850846546627 , unplacedBoxesSize:8
currentRepackCostTime:428.877s , currentRepackMaxTime:430.463s
iter6		 Improve solution by repack 0.9154850846546627->0.9137342112335394 , unplacedBoxesSize:7
currentRepackCostTime:428.919s , currentRepackMaxTime:430.463s
iter13		 Improve solution by repack 0.9137342112335394->0.9119746036011825 , unplacedBoxesSize:9
currentRepackCostTime:428.98s , currentRepackMaxTime:430.463s
iter20		 Improve solution by repack 0.9119746036011825->0.8569551195915077 , unplacedBoxesSize:6
currentRepackCostTime:429.023s , currentRepackMaxTime:430.463s
iter43		 Improve solution by repack 0.8569551195915077->0.8558425154528352 , unplacedBoxesSize:5
currentRepackCostTime:429.17900000000003s , currentRepackMaxTime:430.463s
iter75		 Improve solution by repack 0.8558425154528352->0.8520310400429991 , unplacedBoxesSize:5
currentRepackCostTime:429.363s , currentRepackMaxTime:430.463s
iter166		 Improve solution by repack 0.8520310400429991->0.8424234076861058 , unplacedBoxesSize:5
currentRepackCostTime:429.902s , currentRepackMaxTime:430.463s
iter193		 Improve solution by repack 0.8424234076861058->0.8400268744961031 , unplacedBoxesSize:6
currentRepackCostTime:430.07300000000004s , currentRepackMaxTime:430.463s
iter194		 Improve solution by repack 0.8400268744961031->0.8222964256920183 , unplacedBoxesSize:5
currentRepackCostTime:430.082s , currentRepackMaxTime:430.463s
iter196		 Improve solution by repack 0.8222964256920183->0.8195794141359849 , unplacedBoxesSize:3
currentRepackCostTime:430.091s , currentRepackMaxTime:430.463s
Global repack result: 26 -> 25 boards.
Start nesting on the 1th large board, remaining blocks count: 46
Utilization of the 1th large board: 97.1298710024187, Time taken for this board: 0.10300000000000001s
-------------------------------------------------------------------
Start nesting on the 2th large board, remaining blocks count: 46
Utilization of the 2th large board: 97.1298710024187, Time taken for this board: 0.214s
-------------------------------------------------------------------
Start nesting on the 3th large board, remaining blocks count: 43
Utilization of the 3th large board: 95.1190876108573, Time taken for this board: 0.318s
-------------------------------------------------------------------
Start nesting on the 4th large board, remaining blocks count: 41
Utilization of the 4th large board: 94.24106423004568, Time taken for this board: 0.423s
-------------------------------------------------------------------
Start nesting on the 5th large board, remaining blocks count: 37
Utilization of the 5th large board: 96.18630744423541, Time taken for this board: 0.513s
-------------------------------------------------------------------
Start nesting on the 6th large board, remaining blocks count: 34
Utilization of the 6th large board: 97.35880811609782, Time taken for this board: 0.644s
-------------------------------------------------------------------
Start nesting on the 7th large board, remaining blocks count: 27
Utilization of the 7th large board: 97.02438860521366, Time taken for this board: 0.7030000000000001s
-------------------------------------------------------------------
Start nesting on the 8th large board, remaining blocks count: 24
Utilization of the 8th large board: 97.85376914807847, Time taken for this board: 0.745s
-------------------------------------------------------------------
Start nesting on the 9th large board, remaining blocks count: 18
Utilization of the 9th large board: 92.81580892233272, Time taken for this board: 0.764s
-------------------------------------------------------------------
Start nesting on the 10th large board, remaining blocks count: 10
Utilization of the 10th large board: 44.890587207739856, Time taken for this board: 0.766s
-------------------------------------------------------------------
Start global repack optimization for 10 boards, time=162.461s.
Start improving solution by repacking.
Selecting boards with low utilization for repacking...
iter43		 Improve solution by repack 0.44890587207739857->0.4360766595001344 , unplacedBoxesSize:5
currentRepackCostTime:0.323s , currentRepackMaxTime:162.461s
iter48		 Improve solution by repack 0.4360766595001344->0.4347010212308519 , unplacedBoxesSize:3
currentRepackCostTime:0.368s , currentRepackMaxTime:162.461s
Selecting boards with low utilization for repacking...
iter3		 Improve solution by repack 0.9379867643106691->0.44633566245632894 , unplacedBoxesSize:3
currentRepackCostTime:0.966s , currentRepackMaxTime:162.461s
iter33		 Improve solution by repack 0.44633566245632894->0.4347010212308519 , unplacedBoxesSize:3
currentRepackCostTime:1.167s , currentRepackMaxTime:162.461s
Selecting boards with low utilization for repacking...
iter1		 Improve solution by repack 0.9424106423004568->0.4700927170115561 , unplacedBoxesSize:4
currentRepackCostTime:1.558s , currentRepackMaxTime:162.461s
iter30		 Improve solution by repack 0.4700927170115561->0.46209688255845205 , unplacedBoxesSize:6
currentRepackCostTime:1.76s , currentRepackMaxTime:162.461s
iter54		 Improve solution by repack 0.46209688255845205->0.46044006987368985 , unplacedBoxesSize:6
currentRepackCostTime:1.951s , currentRepackMaxTime:162.461s
iter57		 Improve solution by repack 0.46044006987368985->0.43367911851652785 , unplacedBoxesSize:5
currentRepackCostTime:2.001s , currentRepackMaxTime:162.461s
Selecting boards with low utilization for repacking...
iter5		 Improve solution by repack 0.9511908761085729->0.43367911851652785 , unplacedBoxesSize:5
currentRepackCostTime:2.674s , currentRepackMaxTime:162.461s
Selecting boards with low utilization for repacking...
iter2		 Improve solution by repack 0.9575611394786347->0.4639626444504165 , unplacedBoxesSize:7
currentRepackCostTime:3.4s , currentRepackMaxTime:162.461s
iter5		 Improve solution by repack 0.4639626444504165->0.4544917360924483 , unplacedBoxesSize:7
currentRepackCostTime:3.4210000000000003s , currentRepackMaxTime:162.461s
iter13		 Improve solution by repack 0.4544917360924483->0.42871371943026065 , unplacedBoxesSize:6
currentRepackCostTime:3.499s , currentRepackMaxTime:162.461s
Selecting boards with low utilization for repacking...
iter1		 Improve solution by repack 0.948254165546896->0.941505979575383 , unplacedBoxesSize:7
currentRepackCostTime:4.188s , currentRepackMaxTime:162.461s
iter8		 Improve solution by repack 0.941505979575383->0.47735790110185433 , unplacedBoxesSize:3
currentRepackCostTime:4.257s , currentRepackMaxTime:162.461s
iter22		 Improve solution by repack 0.47735790110185433->0.4759217952163397 , unplacedBoxesSize:2
currentRepackCostTime:4.359s , currentRepackMaxTime:162.461s
iter53		 Improve solution by repack 0.4759217952163397->0.4659332168771836 , unplacedBoxesSize:3
currentRepackCostTime:4.569s , currentRepackMaxTime:162.461s
Selecting boards with low utilization for repacking...
iter1		 Improve solution by repack 0.9712987100241871->0.9506006449879064 , unplacedBoxesSize:12
currentRepackCostTime:5.174s , currentRepackMaxTime:162.461s
iter4		 Improve solution by repack 0.9506006449879064->0.9038789975812953 , unplacedBoxesSize:8
currentRepackCostTime:5.208s , currentRepackMaxTime:162.461s
iter10		 Improve solution by repack 0.9038789975812953->0.48098427841977964 , unplacedBoxesSize:6
currentRepackCostTime:5.274s , currentRepackMaxTime:162.461s
iter13		 Improve solution by repack 0.48098427841977964->0.47333075786079015 , unplacedBoxesSize:6
currentRepackCostTime:5.307s , currentRepackMaxTime:162.461s
iter14		 Improve solution by repack 0.47333075786079015->0.46571284600913737 , unplacedBoxesSize:3
currentRepackCostTime:5.319s , currentRepackMaxTime:162.461s
iter15		 Improve solution by repack 0.46571284600913737->0.45624193765116905 , unplacedBoxesSize:3
currentRepackCostTime:5.325s , currentRepackMaxTime:162.461s
iter25		 Improve solution by repack 0.45624193765116905->0.4453184627788229 , unplacedBoxesSize:7
currentRepackCostTime:5.413s , currentRepackMaxTime:162.461s
iter27		 Improve solution by repack 0.4453184627788229->0.42178715399086264 , unplacedBoxesSize:4
currentRepackCostTime:5.429s , currentRepackMaxTime:162.461s
Selecting boards with low utilization for repacking...
iter1		 Improve solution by repack 0.9642918570276807->0.5374180327868853 , unplacedBoxesSize:5
currentRepackCostTime:5.925s , currentRepackMaxTime:162.461s
iter5		 Improve solution by repack 0.5374180327868853->0.5122745901639344 , unplacedBoxesSize:6
currentRepackCostTime:5.9670000000000005s , currentRepackMaxTime:162.461s
iter6		 Improve solution by repack 0.5122745901639344->0.5065449475947326 , unplacedBoxesSize:3
currentRepackCostTime:5.979s , currentRepackMaxTime:162.461s
iter9		 Improve solution by repack 0.5065449475947326->0.4749375167965601 , unplacedBoxesSize:5
currentRepackCostTime:5.993s , currentRepackMaxTime:162.461s
iter10		 Improve solution by repack 0.4749375167965601->0.466619524321419 , unplacedBoxesSize:4
currentRepackCostTime:5.998s , currentRepackMaxTime:162.461s
iter20		 Improve solution by repack 0.466619524321419->0.4504907954850847 , unplacedBoxesSize:2
currentRepackCostTime:6.078s , currentRepackMaxTime:162.461s
Selecting boards with low utilization for repacking...
iter1		 Improve solution by repack 0.9373844396667562->0.9268486294006988 , unplacedBoxesSize:7
currentRepackCostTime:6.549s , currentRepackMaxTime:162.461s
iter3		 Improve solution by repack 0.9268486294006988->0.5057400564364418 , unplacedBoxesSize:5
currentRepackCostTime:6.564s , currentRepackMaxTime:162.461s
iter12		 Improve solution by repack 0.5057400564364418->0.5037600779360387 , unplacedBoxesSize:8
currentRepackCostTime:6.639s , currentRepackMaxTime:162.461s
iter13		 Improve solution by repack 0.5037600779360387->0.4759127250739049 , unplacedBoxesSize:7
currentRepackCostTime:6.643s , currentRepackMaxTime:162.461s
iter22		 Improve solution by repack 0.4759127250739049->0.4754629131953776 , unplacedBoxesSize:8
currentRepackCostTime:6.746s , currentRepackMaxTime:162.461s
iter31		 Improve solution by repack 0.4754629131953776->0.4628722117710293 , unplacedBoxesSize:7
currentRepackCostTime:6.848s , currentRepackMaxTime:162.461s
iter47		 Improve solution by repack 0.4628722117710293->0.46275295619457135 , unplacedBoxesSize:6
currentRepackCostTime:6.986s , currentRepackMaxTime:162.461s
iter52		 Improve solution by repack 0.46275295619457135->0.4491329615694706 , unplacedBoxesSize:5
currentRepackCostTime:7.017s , currentRepackMaxTime:162.461s
iter56		 Improve solution by repack 0.4491329615694706->0.43755005374899225 , unplacedBoxesSize:6
currentRepackCostTime:7.045s , currentRepackMaxTime:162.461s
iter61		 Improve solution by repack 0.43755005374899225->0.43548071754904594 , unplacedBoxesSize:6
currentRepackCostTime:7.086s , currentRepackMaxTime:162.461s
iter84		 Improve solution by repack 0.43548071754904594->0.43346916151572157 , unplacedBoxesSize:2
currentRepackCostTime:7.315s , currentRepackMaxTime:162.461s
Selecting boards with low utilization for repacking...
iter1		 Improve solution by repack 0.9621462644450417->0.9331500268744961 , unplacedBoxesSize:10
currentRepackCostTime:7.654s , currentRepackMaxTime:162.461s
iter4		 Improve solution by repack 0.9331500268744961->0.4190392367643107 , unplacedBoxesSize:2
currentRepackCostTime:7.6850000000000005s , currentRepackMaxTime:162.461s
Selecting boards with low utilization for repacking...
Completed repack sweep without reducing board count. No-reduction sweeps: 1/3
Selecting boards with low utilization for repacking...
Selecting boards with low utilization for repacking...
iter3		 Improve solution by repack 0.9548995565708143->0.48692690137059935 , unplacedBoxesSize:2
currentRepackCostTime:8.599s , currentRepackMaxTime:162.461s
iter16		 Improve solution by repack 0.48692690137059935->0.47681268476216065 , unplacedBoxesSize:4
currentRepackCostTime:8.695s , currentRepackMaxTime:162.461s
iter35		 Improve solution by repack 0.47681268476216065->0.4741255710830422 , unplacedBoxesSize:5
currentRepackCostTime:8.826s , currentRepackMaxTime:162.461s
iter37		 Improve solution by repack 0.4741255710830422->0.4619668771835528 , unplacedBoxesSize:7
currentRepackCostTime:8.833s , currentRepackMaxTime:162.461s
iter38		 Improve solution by repack 0.4619668771835528->0.45629333512496645 , unplacedBoxesSize:8
currentRepackCostTime:8.846s , currentRepackMaxTime:162.461s
iter43		 Improve solution by repack 0.45629333512496645->0.44851787153990863 , unplacedBoxesSize:6
currentRepackCostTime:8.922s , currentRepackMaxTime:162.461s
iter49		 Improve solution by repack 0.44851787153990863->0.4399348293469497 , unplacedBoxesSize:2
currentRepackCostTime:8.96s , currentRepackMaxTime:162.461s
iter69		 Improve solution by repack 0.4399348293469497->0.43046392098898145 , unplacedBoxesSize:2
currentRepackCostTime:9.127s , currentRepackMaxTime:162.461s
Selecting boards with low utilization for repacking...
iter5		 Improve solution by repack 0.9452889008331093->0.9439989250201558 , unplacedBoxesSize:6
currentRepackCostTime:9.631s , currentRepackMaxTime:162.461s
iter8		 Improve solution by repack 0.9439989250201558->0.9346183821553347 , unplacedBoxesSize:6
currentRepackCostTime:9.642s , currentRepackMaxTime:162.461s
iter9		 Improve solution by repack 0.9346183821553347->0.4808129535071217 , unplacedBoxesSize:2
currentRepackCostTime:9.649000000000001s , currentRepackMaxTime:162.461s
iter13		 Improve solution by repack 0.4808129535071217->0.4399348293469497 , unplacedBoxesSize:2
currentRepackCostTime:9.676s , currentRepackMaxTime:162.461s
iter21		 Improve solution by repack 0.4399348293469497->0.43046392098898145 , unplacedBoxesSize:2
currentRepackCostTime:9.738s , currentRepackMaxTime:162.461s
Selecting boards with low utilization for repacking...
iter3		 Improve solution by repack 0.9487157350174684->0.5374180327868853 , unplacedBoxesSize:5
currentRepackCostTime:10.232000000000001s , currentRepackMaxTime:162.461s
iter7		 Improve solution by repack 0.5374180327868853->0.5043335124966407 , unplacedBoxesSize:5
currentRepackCostTime:10.271s , currentRepackMaxTime:162.461s
iter13		 Improve solution by repack 0.5043335124966407->0.49888336468691213 , unplacedBoxesSize:7
currentRepackCostTime:10.315s , currentRepackMaxTime:162.461s
iter14		 Improve solution by repack 0.49888336468691213->0.4908230314431604 , unplacedBoxesSize:7
currentRepackCostTime:10.325000000000001s , currentRepackMaxTime:162.461s
iter15		 Improve solution by repack 0.4908230314431604->0.46908693899489384 , unplacedBoxesSize:6
currentRepackCostTime:10.336s , currentRepackMaxTime:162.461s
iter19		 Improve solution by repack 0.46908693899489384->0.4689169578070411 , unplacedBoxesSize:5
currentRepackCostTime:10.394s , currentRepackMaxTime:162.461s
iter29		 Improve solution by repack 0.4689169578070411->0.4682766729373824 , unplacedBoxesSize:5
currentRepackCostTime:10.484s , currentRepackMaxTime:162.461s
iter48		 Improve solution by repack 0.4682766729373824->0.4678268610588552 , unplacedBoxesSize:6
currentRepackCostTime:10.621s , currentRepackMaxTime:162.461s
iter90		 Improve solution by repack 0.4678268610588552->0.45387664606288636 , unplacedBoxesSize:6
currentRepackCostTime:11.025s , currentRepackMaxTime:162.461s
iter121		 Improve solution by repack 0.45387664606288636->0.4504907954850847 , unplacedBoxesSize:2
currentRepackCostTime:11.352s , currentRepackMaxTime:162.461s
Selecting boards with low utilization for repacking...
iter2		 Improve solution by repack 0.9536821418973395->0.951972923945176 , unplacedBoxesSize:8
currentRepackCostTime:11.749s , currentRepackMaxTime:162.461s
iter4		 Improve solution by repack 0.951972923945176->0.5298958613276001 , unplacedBoxesSize:6
currentRepackCostTime:11.759s , currentRepackMaxTime:162.461s
iter10		 Improve solution by repack 0.5298958613276001->0.5228157753292125 , unplacedBoxesSize:3
currentRepackCostTime:11.798s , currentRepackMaxTime:162.461s
iter33		 Improve solution by repack 0.5228157753292125->0.5004236092448267 , unplacedBoxesSize:6
currentRepackCostTime:11.96s , currentRepackMaxTime:162.461s
iter46		 Improve solution by repack 0.5004236092448267->0.4954212577264176 , unplacedBoxesSize:2
currentRepackCostTime:12.073s , currentRepackMaxTime:162.461s
iter50		 Improve solution by repack 0.4954212577264176->0.4867397876914808 , unplacedBoxesSize:6
currentRepackCostTime:12.086s , currentRepackMaxTime:162.461s
iter68		 Improve solution by repack 0.4867397876914808->0.482298441279226 , unplacedBoxesSize:5
currentRepackCostTime:12.247s , currentRepackMaxTime:162.461s
iter72		 Improve solution by repack 0.482298441279226->0.4759217952163397 , unplacedBoxesSize:2
currentRepackCostTime:12.279s , currentRepackMaxTime:162.461s
Selecting boards with low utilization for repacking...
iter1		 Improve solution by repack 0.9418506449879065->0.5016998118785273 , unplacedBoxesSize:3
currentRepackCostTime:12.696s , currentRepackMaxTime:162.461s
iter6		 Improve solution by repack 0.5016998118785273->0.4896553345874765 , unplacedBoxesSize:4
currentRepackCostTime:12.729000000000001s , currentRepackMaxTime:162.461s
iter9		 Improve solution by repack 0.4896553345874765->0.4815950013437248 , unplacedBoxesSize:4
currentRepackCostTime:12.75s , currentRepackMaxTime:162.461s
iter11		 Improve solution by repack 0.4815950013437248->0.4738870599301263 , unplacedBoxesSize:6
currentRepackCostTime:12.778s , currentRepackMaxTime:162.461s
iter21		 Improve solution by repack 0.4738870599301263->0.4512184224670787 , unplacedBoxesSize:6
currentRepackCostTime:12.893s , currentRepackMaxTime:162.461s
iter49		 Improve solution by repack 0.4512184224670787->0.44702600107497986 , unplacedBoxesSize:6
currentRepackCostTime:13.125s , currentRepackMaxTime:162.461s
iter52		 Improve solution by repack 0.44702600107497986->0.44080253963988175 , unplacedBoxesSize:6
currentRepackCostTime:13.15s , currentRepackMaxTime:162.461s
iter66		 Improve solution by repack 0.44080253963988175->0.43274086267132494 , unplacedBoxesSize:4
currentRepackCostTime:13.268s , currentRepackMaxTime:162.461s
Selecting boards with low utilization for repacking...
iter1		 Improve solution by repack 0.9387950147809729->0.9325490459553883 , unplacedBoxesSize:6
currentRepackCostTime:13.813s , currentRepackMaxTime:162.461s
iter3		 Improve solution by repack 0.9325490459553883->0.4794144719161516 , unplacedBoxesSize:5
currentRepackCostTime:13.82s , currentRepackMaxTime:162.461s
iter11		 Improve solution by repack 0.4794144719161516->0.4369332840634238 , unplacedBoxesSize:4
currentRepackCostTime:13.885s , currentRepackMaxTime:162.461s
iter30		 Improve solution by repack 0.4369332840634238->0.43274086267132494 , unplacedBoxesSize:4
currentRepackCostTime:14.015s , currentRepackMaxTime:162.461s
Selecting boards with low utilization for repacking...
iter2		 Improve solution by repack 0.9624378527277613->0.48008465466272504 , unplacedBoxesSize:4
currentRepackCostTime:14.564s , currentRepackMaxTime:162.461s
iter14		 Improve solution by repack 0.48008465466272504->0.46881315506584254 , unplacedBoxesSize:4
currentRepackCostTime:14.681000000000001s , currentRepackMaxTime:162.461s
iter15		 Improve solution by repack 0.46881315506584254->0.43748387530233807 , unplacedBoxesSize:5
currentRepackCostTime:14.683s , currentRepackMaxTime:162.461s
iter40		 Improve solution by repack 0.43748387530233807->0.4292663262563827 , unplacedBoxesSize:5
currentRepackCostTime:14.89s , currentRepackMaxTime:162.461s
Selecting boards with low utilization for repacking...
iter1		 Improve solution by repack 0.9497420048374093->0.4539559258263907 , unplacedBoxesSize:5
currentRepackCostTime:15.327s , currentRepackMaxTime:162.461s
iter2		 Improve solution by repack 0.4539559258263907->0.4292663262563827 , unplacedBoxesSize:5
currentRepackCostTime:15.331s , currentRepackMaxTime:162.461s
Selecting boards with low utilization for repacking...
iter1		 Improve solution by repack 0.97627082773448->0.9712987100241871 , unplacedBoxesSize:6
currentRepackCostTime:16.081s , currentRepackMaxTime:162.461s
iter3		 Improve solution by repack 0.9712987100241871->0.9446516393442623 , unplacedBoxesSize:6
currentRepackCostTime:16.104s , currentRepackMaxTime:162.461s
iter4		 Improve solution by repack 0.9446516393442623->0.942582303144316 , unplacedBoxesSize:6
currentRepackCostTime:16.112000000000002s , currentRepackMaxTime:162.461s
iter5		 Improve solution by repack 0.942582303144316->0.4292663262563827 , unplacedBoxesSize:5
currentRepackCostTime:16.117s , currentRepackMaxTime:162.461s
iter22		 Improve solution by repack 0.4292663262563827->0.4259090298306907 , unplacedBoxesSize:5
currentRepackCostTime:16.265s , currentRepackMaxTime:162.461s
Selecting boards with low utilization for repacking...
Completed repack sweep without reducing board count. No-reduction sweeps: 2/3
Selecting boards with low utilization for repacking...
Selecting boards with low utilization for repacking...
iter2		 Improve solution by repack 0.9446516393442623->0.9403413061005106 , unplacedBoxesSize:8
currentRepackCostTime:17.181s , currentRepackMaxTime:162.461s
iter3		 Improve solution by repack 0.9403413061005106->0.4644205186777748 , unplacedBoxesSize:6
currentRepackCostTime:17.189s , currentRepackMaxTime:162.461s
iter13		 Improve solution by repack 0.4644205186777748->0.4601185837140554 , unplacedBoxesSize:6
currentRepackCostTime:17.285s , currentRepackMaxTime:162.461s
iter21		 Improve solution by repack 0.4601185837140554->0.4483878661650094 , unplacedBoxesSize:6
currentRepackCostTime:17.362000000000002s , currentRepackMaxTime:162.461s
iter23		 Improve solution by repack 0.4483878661650094->0.4312120397742542 , unplacedBoxesSize:5
currentRepackCostTime:17.381s , currentRepackMaxTime:162.461s
iter51		 Improve solution by repack 0.4312120397742542->0.43046392098898145 , unplacedBoxesSize:2
currentRepackCostTime:17.584s , currentRepackMaxTime:162.461s
Selecting boards with low utilization for repacking...
iter1		 Improve solution by repack 0.9474690943294813->0.9385756517065305 , unplacedBoxesSize:11
currentRepackCostTime:18.215s , currentRepackMaxTime:162.461s
iter5		 Improve solution by repack 0.9385756517065305->0.5137426095135716 , unplacedBoxesSize:5
currentRepackCostTime:18.247s , currentRepackMaxTime:162.461s
iter18		 Improve solution by repack 0.5137426095135716->0.5011519080892233 , unplacedBoxesSize:4
currentRepackCostTime:18.338s , currentRepackMaxTime:162.461s
iter27		 Improve solution by repack 0.5011519080892233->0.49255945982262833 , unplacedBoxesSize:5
currentRepackCostTime:18.389s , currentRepackMaxTime:162.461s
iter29		 Improve solution by repack 0.49255945982262833->0.4848491668906208 , unplacedBoxesSize:3
currentRepackCostTime:18.400000000000002s , currentRepackMaxTime:162.461s
iter33		 Improve solution by repack 0.4848491668906208->0.48105348024724537 , unplacedBoxesSize:6
currentRepackCostTime:18.423000000000002s , currentRepackMaxTime:162.461s
iter34		 Improve solution by repack 0.48105348024724537->0.4539347621607095 , unplacedBoxesSize:5
currentRepackCostTime:18.434s , currentRepackMaxTime:162.461s
Selecting boards with low utilization for repacking...
iter6		 Improve solution by repack 0.9422194974469229->0.9411092448266595 , unplacedBoxesSize:8
currentRepackCostTime:19.001s , currentRepackMaxTime:162.461s
iter7		 Improve solution by repack 0.9411092448266595->0.582157014243483 , unplacedBoxesSize:7
currentRepackCostTime:19.009s , currentRepackMaxTime:162.461s
iter11		 Improve solution by repack 0.582157014243483->0.5517169443697931 , unplacedBoxesSize:10
currentRepackCostTime:19.046s , currentRepackMaxTime:162.461s
iter13		 Improve solution by repack 0.5517169443697931->0.5322006852996506 , unplacedBoxesSize:9
currentRepackCostTime:19.065s , currentRepackMaxTime:162.461s
iter15		 Improve solution by repack 0.5322006852996506->0.5301313490997044 , unplacedBoxesSize:9
currentRepackCostTime:19.081s , currentRepackMaxTime:162.461s
iter17		 Improve solution by repack 0.5301313490997044->0.45571586938994896 , unplacedBoxesSize:6
currentRepackCostTime:19.106s , currentRepackMaxTime:162.461s
iter24		 Improve solution by repack 0.45571586938994896->0.439201827465735 , unplacedBoxesSize:5
currentRepackCostTime:19.17s , currentRepackMaxTime:162.461s
Selecting boards with low utilization for repacking...
iter3		 Improve solution by repack 0.9579823972050524->0.9331113947863477 , unplacedBoxesSize:6
currentRepackCostTime:19.804000000000002s , currentRepackMaxTime:162.461s
iter4		 Improve solution by repack 0.9331113947863477->0.9219547836603065 , unplacedBoxesSize:6
currentRepackCostTime:19.811s , currentRepackMaxTime:162.461s
iter6		 Improve solution by repack 0.9219547836603065->0.4723958613276001 , unplacedBoxesSize:7
currentRepackCostTime:19.821s , currentRepackMaxTime:162.461s
iter8		 Improve solution by repack 0.4723958613276001->0.4701501612469766 , unplacedBoxesSize:6
currentRepackCostTime:19.847s , currentRepackMaxTime:162.461s
iter9		 Improve solution by repack 0.4701501612469766->0.4552052539639882 , unplacedBoxesSize:3
currentRepackCostTime:19.854s , currentRepackMaxTime:162.461s
iter13		 Improve solution by repack 0.4552052539639882->0.4507501343724805 , unplacedBoxesSize:6
currentRepackCostTime:19.877s , currentRepackMaxTime:162.461s
iter15		 Improve solution by repack 0.4507501343724805->0.4290140419242139 , unplacedBoxesSize:5
currentRepackCostTime:19.888s , currentRepackMaxTime:162.461s
iter24		 Improve solution by repack 0.4290140419242139->0.4269447057242677 , unplacedBoxesSize:5
currentRepackCostTime:19.961000000000002s , currentRepackMaxTime:162.461s
Selecting boards with low utilization for repacking...
iter1		 Improve solution by repack 0.9463705993012631->0.501466675624832 , unplacedBoxesSize:4
currentRepackCostTime:20.573s , currentRepackMaxTime:162.461s
iter18		 Improve solution by repack 0.501466675624832->0.4763061005106154 , unplacedBoxesSize:4
currentRepackCostTime:20.706s , currentRepackMaxTime:162.461s
iter20		 Improve solution by repack 0.4763061005106154->0.45643274657350175 , unplacedBoxesSize:4
currentRepackCostTime:20.719s , currentRepackMaxTime:162.461s
iter47		 Improve solution by repack 0.45643274657350175->0.4269447057242677 , unplacedBoxesSize:5
currentRepackCostTime:20.943s , currentRepackMaxTime:162.461s
Selecting boards with low utilization for repacking...
iter4		 Improve solution by repack 0.9578775866702499->0.4269447057242677 , unplacedBoxesSize:5
currentRepackCostTime:21.765s , currentRepackMaxTime:162.461s
Selecting boards with low utilization for repacking...
iter1		 Improve solution by repack 0.9624378527277613->0.9514303950550926 , unplacedBoxesSize:9
currentRepackCostTime:22.588s , currentRepackMaxTime:162.461s
iter3		 Improve solution by repack 0.9514303950550926->0.9287184224670787 , unplacedBoxesSize:6
currentRepackCostTime:22.595s , currentRepackMaxTime:162.461s
iter10		 Improve solution by repack 0.9287184224670787->0.4504907954850847 , unplacedBoxesSize:2
currentRepackCostTime:22.662s , currentRepackMaxTime:162.461s
Selecting boards with low utilization for repacking...
iter2		 Improve solution by repack 0.9529051330287557->0.5289680193496372 , unplacedBoxesSize:6
currentRepackCostTime:23.245s , currentRepackMaxTime:162.461s
iter4		 Improve solution by repack 0.5289680193496372->0.527957538296157 , unplacedBoxesSize:6
currentRepackCostTime:23.268s , currentRepackMaxTime:162.461s
iter10		 Improve solution by repack 0.527957538296157->0.5258882020962107 , unplacedBoxesSize:6
currentRepackCostTime:23.32s , currentRepackMaxTime:162.461s
iter14		 Improve solution by repack 0.5258882020962107->0.5241050792797635 , unplacedBoxesSize:4
currentRepackCostTime:23.349s , currentRepackMaxTime:162.461s
iter25		 Improve solution by repack 0.5241050792797635->0.5233321015855953 , unplacedBoxesSize:7
currentRepackCostTime:23.443s , currentRepackMaxTime:162.461s
iter26		 Improve solution by repack 0.5233321015855953->0.5105845202902446 , unplacedBoxesSize:9
currentRepackCostTime:23.459s , currentRepackMaxTime:162.461s
iter27		 Improve solution by repack 0.5105845202902446->0.46571284600913737 , unplacedBoxesSize:3
currentRepackCostTime:23.474s , currentRepackMaxTime:162.461s
iter30		 Improve solution by repack 0.46571284600913737->0.45624193765116905 , unplacedBoxesSize:3
currentRepackCostTime:23.5s , currentRepackMaxTime:162.461s
iter48		 Improve solution by repack 0.45624193765116905->0.43046392098898145 , unplacedBoxesSize:2
currentRepackCostTime:23.632s , currentRepackMaxTime:162.461s
iter53		 Improve solution by repack 0.43046392098898145->0.4212671324912658 , unplacedBoxesSize:3
currentRepackCostTime:23.671s , currentRepackMaxTime:162.461s
iter58		 Improve solution by repack 0.4212671324912658->0.41919779629131954 , unplacedBoxesSize:3
currentRepackCostTime:23.705000000000002s , currentRepackMaxTime:162.461s
Selecting boards with low utilization for repacking...
iter1		 Improve solution by repack 0.9622836603063692->0.4504907954850847 , unplacedBoxesSize:2
currentRepackCostTime:24.282s , currentRepackMaxTime:162.461s
iter2		 Improve solution by repack 0.4504907954850847->0.4449331496909433 , unplacedBoxesSize:4
currentRepackCostTime:24.291s , currentRepackMaxTime:162.461s
iter3		 Improve solution by repack 0.4449331496909433->0.43849099704380545 , unplacedBoxesSize:4
currentRepackCostTime:24.298000000000002s , currentRepackMaxTime:162.461s
iter8		 Improve solution by repack 0.43849099704380545->0.43427506046761627 , unplacedBoxesSize:5
currentRepackCostTime:24.334s , currentRepackMaxTime:162.461s
iter28		 Improve solution by repack 0.43427506046761627->0.43158693899489387 , unplacedBoxesSize:4
currentRepackCostTime:24.532s , currentRepackMaxTime:162.461s
iter33		 Improve solution by repack 0.43158693899489387->0.4255384977156679 , unplacedBoxesSize:6
currentRepackCostTime:24.568s , currentRepackMaxTime:162.461s
iter48		 Improve solution by repack 0.4255384977156679->0.4244090970169309 , unplacedBoxesSize:6
currentRepackCostTime:24.71s , currentRepackMaxTime:162.461s
Selecting boards with low utilization for repacking...
Completed repack sweep without reducing board count. No-reduction sweeps: 3/3
Global repack result: 10 -> 10 boards.
