total number of nestable workpieces：366
Processing color group: 0 (1/2), boxes: 167
Allocated time: 273.8s
searchTime: 1000
Start nesting on the 1th large board, remaining blocks count: 175
Utilization of the 1th large board: 97.95646331631282, Time taken for this board: 1.0s
-------------------------------------------------------------------
Start nesting on the 2th large board, remaining blocks count: 174
Utilization of the 2th large board: 98.59312012899758, Time taken for this board: 2.0s
-------------------------------------------------------------------
Start nesting on the 3th large board, remaining blocks count: 164
Utilization of the 3th large board: 99.14041924213922, Time taken for this board: 3.001s
-------------------------------------------------------------------
Start nesting on the 4th large board, remaining blocks count: 153
Utilization of the 4th large board: 98.53859849502821, Time taken for this board: 4.002s
-------------------------------------------------------------------
Start nesting on the 5th large board, remaining blocks count: 144
Utilization of the 5th large board: 97.89562617575919, Time taken for this board: 5.005s
-------------------------------------------------------------------
Start nesting on the 6th large board, remaining blocks count: 134
Utilization of the 6th large board: 98.70834453104004, Time taken for this board: 6.005s
-------------------------------------------------------------------
Start nesting on the 7th large board, remaining blocks count: 115
Utilization of the 7th large board: 98.8616131416286, Time taken for this board: 6.812s
-------------------------------------------------------------------
Start nesting on the 8th large board, remaining blocks count: 102
Utilization of the 8th large board: 98.10255979575383, Time taken for this board: 7.813s
-------------------------------------------------------------------
Start nesting on the 9th large board, remaining blocks count: 90
Utilization of the 9th large board: 97.69917360924482, Time taken for this board: 8.725s
-------------------------------------------------------------------
Start nesting on the 10th large board, remaining blocks count: 81
Utilization of the 10th large board: 98.68630744423541, Time taken for this board: 9.435s
-------------------------------------------------------------------
Start nesting on the 11th large board, remaining blocks count: 77
Utilization of the 11th large board: 97.62678043536684, Time taken for this board: 10.261000000000001s
-------------------------------------------------------------------
Start nesting on the 12th large board, remaining blocks count: 68
Utilization of the 12th large board: 96.89223327062618, Time taken for this board: 10.827s
-------------------------------------------------------------------
Start nesting on the 13th large board, remaining blocks count: 50
Utilization of the 13th large board: 95.34049986562752, Time taken for this board: 10.892s
-------------------------------------------------------------------
Start nesting on the 14th large board, remaining blocks count: 42
Utilization of the 14th large board: 98.57146936307444, Time taken for this board: 10.93s
-------------------------------------------------------------------
Start nesting on the 15th large board, remaining blocks count: 36
Utilization of the 15th large board: 97.79226014512228, Time taken for this board: 10.968s
-------------------------------------------------------------------
Start nesting on the 16th large board, remaining blocks count: 22
Utilization of the 16th large board: 95.97174818597152, Time taken for this board: 10.978s
-------------------------------------------------------------------
Start nesting on the 17th large board, remaining blocks count: 14
Utilization of the 17th large board: 93.74852190271432, Time taken for this board: 10.98s
-------------------------------------------------------------------
Start nesting on the 18th large board, remaining blocks count: 6
Utilization of the 18th large board: 71.75730650362806, Time taken for this board: 10.98s
-------------------------------------------------------------------
Start nesting on the 19th large board, remaining blocks count: 2
Utilization of the 19th large board: 23.586367911851653, Time taken for this board: 10.98s
-------------------------------------------------------------------
Found solution: 19


Start improving solution by repacking.
Selecting boards with low utilization for repacking...
iter43		 Improve solution by repack 0.23586367911851652->0.1194840096748186 , unplacedBoxesSize:1
currentRepackCostTime:0.373s , currentRepackMaxTime:262.79049180327866s
iter13		 Improve solution by repack 0.1194840096748186->0.09837274926095137 , unplacedBoxesSize:2
currentRepackCostTime:0.489s , currentRepackMaxTime:262.79049180327866s
iter40		 Improve solution by repack 0.09837274926095137->0.09608640150497177 , unplacedBoxesSize:2
currentRepackCostTime:0.912s , currentRepackMaxTime:262.79049180327866s
iter7		 Improve solution by repack 0.09608640150497177->0.09505845202902445 , unplacedBoxesSize:2
currentRepackCostTime:0.99s , currentRepackMaxTime:262.79049180327866s
iter31		 Improve solution by repack 0.09505845202902445->0.08631281913464123 , unplacedBoxesSize:2
currentRepackCostTime:1.336s , currentRepackMaxTime:262.79049180327866s
iter14		 Improve solution by repack 0.08631281913464123->0.04671459285138403 , unplacedBoxesSize:1
currentRepackCostTime:1.468s , currentRepackMaxTime:262.79049180327866s
iter44		 Improve solution by repack 0.04671459285138403->0.03959822628325719 , unplacedBoxesSize:1
currentRepackCostTime:1.871s , currentRepackMaxTime:262.79049180327866s
iter149		 Improve solution by repack 0.03959822628325719->0.026746170384305296 , unplacedBoxesSize:2
currentRepackCostTime:3.327s , currentRepackMaxTime:262.79049180327866s
iter1		 Improve solution by repack 0.026746170384305296->0.025436374630475676 , unplacedBoxesSize:2
currentRepackCostTime:3.331s , currentRepackMaxTime:262.79049180327866s
iter3		 Improve solution by repack 0.025436374630475676->0.02043872614888471 , unplacedBoxesSize:2
currentRepackCostTime:3.358s , currentRepackMaxTime:262.79049180327866s
iter10		 Improve solution by repack 0.02043872614888471->0.015217011556033324 , unplacedBoxesSize:1
currentRepackCostTime:3.471s , currentRepackMaxTime:262.79049180327866s
iter7		 Improve solution by repack 0.015217011556033324->0.009683552808384843 , unplacedBoxesSize:1
currentRepackCostTime:3.532s , currentRepackMaxTime:262.79049180327866s
iter14		 Improve solution by repack 0.009683552808384843->0.0 , unplacedBoxesSize:0
currentRepackCostTime:3.7s , currentRepackMaxTime:262.79049180327866s
Improved success.
Found solution 18
Start improving solution by repacking.
Selecting boards with low utilization for repacking...
iter1		 Improve solution by repack 0.9597174818597152->0.9591642031711906 , unplacedBoxesSize:9
currentRepackCostTime:0.005s , currentRepackMaxTime:259.09049180327867s
iter4		 Improve solution by repack 0.9591642031711906->0.9472547702230584 , unplacedBoxesSize:8
currentRepackCostTime:0.045s , currentRepackMaxTime:259.09049180327867s
iter19		 Improve solution by repack 0.9472547702230584->0.9466393442622951 , unplacedBoxesSize:11
currentRepackCostTime:0.292s , currentRepackMaxTime:259.09049180327867s
iter9		 Improve solution by repack 0.9466393442622951->0.9368101652781511 , unplacedBoxesSize:8
currentRepackCostTime:0.47300000000000003s , currentRepackMaxTime:259.09049180327867s
iter11		 Improve solution by repack 0.9368101652781511->0.9346146869121205 , unplacedBoxesSize:8
currentRepackCostTime:0.635s , currentRepackMaxTime:259.09049180327867s
iter3		 Improve solution by repack 0.9346146869121205->0.9264297231926901 , unplacedBoxesSize:9
currentRepackCostTime:0.6960000000000001s , currentRepackMaxTime:259.09049180327867s
iter10		 Improve solution by repack 0.9264297231926901->0.9237422735823703 , unplacedBoxesSize:7
currentRepackCostTime:0.868s , currentRepackMaxTime:259.09049180327867s
iter2		 Improve solution by repack 0.9237422735823703->0.9232477828540715 , unplacedBoxesSize:6
currentRepackCostTime:0.884s , currentRepackMaxTime:259.09049180327867s
iter16		 Improve solution by repack 0.9232477828540715->0.9226437785541521 , unplacedBoxesSize:8
currentRepackCostTime:1.091s , currentRepackMaxTime:259.09049180327867s
iter5		 Improve solution by repack 0.9226437785541521->0.9178026740123623 , unplacedBoxesSize:11
currentRepackCostTime:1.1440000000000001s , currentRepackMaxTime:259.09049180327867s
iter12		 Improve solution by repack 0.9178026740123623->0.9166991400161246 , unplacedBoxesSize:12
currentRepackCostTime:1.346s , currentRepackMaxTime:259.09049180327867s
iter5		 Improve solution by repack 0.9166991400161246->0.9164381214727224 , unplacedBoxesSize:12
currentRepackCostTime:1.434s , currentRepackMaxTime:259.09049180327867s
iter4		 Improve solution by repack 0.9164381214727224->0.9035350040311744 , unplacedBoxesSize:11
currentRepackCostTime:1.514s , currentRepackMaxTime:259.09049180327867s
iter12		 Improve solution by repack 0.9035350040311744->0.8944917360924483 , unplacedBoxesSize:14
currentRepackCostTime:1.727s , currentRepackMaxTime:259.09049180327867s
iter1		 Improve solution by repack 0.8944917360924483->0.8926444504165547 , unplacedBoxesSize:10
currentRepackCostTime:1.739s , currentRepackMaxTime:259.09049180327867s
iter6		 Improve solution by repack 0.8926444504165547->0.89128124160172 , unplacedBoxesSize:11
currentRepackCostTime:1.832s , currentRepackMaxTime:259.09049180327867s
iter12		 Improve solution by repack 0.89128124160172->0.8870485084654662 , unplacedBoxesSize:11
currentRepackCostTime:2.0140000000000002s , currentRepackMaxTime:259.09049180327867s
iter2		 Improve solution by repack 0.8870485084654662->0.8861287288363344 , unplacedBoxesSize:10
currentRepackCostTime:2.039s , currentRepackMaxTime:259.09049180327867s
iter3		 Improve solution by repack 0.8861287288363344->0.8811592985756518 , unplacedBoxesSize:13
currentRepackCostTime:2.085s , currentRepackMaxTime:259.09049180327867s
iter1		 Improve solution by repack 0.8811592985756518->0.8720076928245095 , unplacedBoxesSize:17
currentRepackCostTime:2.105s , currentRepackMaxTime:259.09049180327867s
iter2		 Improve solution by repack 0.8720076928245095->0.8669678849771567 , unplacedBoxesSize:13
currentRepackCostTime:2.138s , currentRepackMaxTime:259.09049180327867s
iter28		 Improve solution by repack 0.8669678849771567->0.866050288900833 , unplacedBoxesSize:15
currentRepackCostTime:2.637s , currentRepackMaxTime:259.09049180327867s
iter4		 Improve solution by repack 0.866050288900833->0.8653448333781242 , unplacedBoxesSize:17
currentRepackCostTime:2.716s , currentRepackMaxTime:259.09049180327867s
iter4		 Improve solution by repack 0.8653448333781242->0.8574643912926632 , unplacedBoxesSize:15
currentRepackCostTime:2.845s , currentRepackMaxTime:259.09049180327867s
iter4		 Improve solution by repack 0.8574643912926632->0.8559338887395862 , unplacedBoxesSize:14
currentRepackCostTime:2.931s , currentRepackMaxTime:259.09049180327867s
iter2		 Improve solution by repack 0.8559338887395862->0.8542710292932006 , unplacedBoxesSize:15
currentRepackCostTime:2.962s , currentRepackMaxTime:259.09049180327867s
iter8		 Improve solution by repack 0.8542710292932006->0.8533583042192959 , unplacedBoxesSize:13
currentRepackCostTime:3.125s , currentRepackMaxTime:259.09049180327867s
iter69		 Improve solution by repack 0.8533583042192959->0.8529918032786885 , unplacedBoxesSize:13
currentRepackCostTime:4.301s , currentRepackMaxTime:259.09049180327867s
iter15		 Improve solution by repack 0.8529918032786885->0.8502102929320074 , unplacedBoxesSize:12
currentRepackCostTime:4.583s , currentRepackMaxTime:259.09049180327867s
iter3		 Improve solution by repack 0.8502102929320074->0.8476975275463585 , unplacedBoxesSize:13
currentRepackCostTime:4.623s , currentRepackMaxTime:259.09049180327867s
iter14		 Improve solution by repack 0.8476975275463585->0.8469316044074173 , unplacedBoxesSize:13
currentRepackCostTime:4.899s , currentRepackMaxTime:259.09049180327867s
iter20		 Improve solution by repack 0.8469316044074173->0.8435655737704918 , unplacedBoxesSize:13
currentRepackCostTime:5.296s , currentRepackMaxTime:259.09049180327867s
iter20		 Improve solution by repack 0.8435655737704918->0.841345068529965 , unplacedBoxesSize:12
currentRepackCostTime:5.6450000000000005s , currentRepackMaxTime:259.09049180327867s
iter29		 Improve solution by repack 0.841345068529965->0.8409889814565976 , unplacedBoxesSize:11
currentRepackCostTime:6.140000000000001s , currentRepackMaxTime:259.09049180327867s
iter2		 Improve solution by repack 0.8409889814565976->0.8389969094329481 , unplacedBoxesSize:12
currentRepackCostTime:6.167s , currentRepackMaxTime:259.09049180327867s
iter2		 Improve solution by repack 0.8389969094329481->0.8335615425960763 , unplacedBoxesSize:12
currentRepackCostTime:6.213s , currentRepackMaxTime:259.09049180327867s
iter14		 Improve solution by repack 0.8335615425960763->0.8305079279763504 , unplacedBoxesSize:12
currentRepackCostTime:6.449s , currentRepackMaxTime:259.09049180327867s
iter5		 Improve solution by repack 0.8305079279763504->0.8295881483472185 , unplacedBoxesSize:11
currentRepackCostTime:6.549s , currentRepackMaxTime:259.09049180327867s
iter24		 Improve solution by repack 0.8295881483472185->0.8258754367105617 , unplacedBoxesSize:11
currentRepackCostTime:6.9590000000000005s , currentRepackMaxTime:259.09049180327867s
iter2		 Improve solution by repack 0.8258754367105617->0.8237422735823703 , unplacedBoxesSize:12
currentRepackCostTime:6.987s , currentRepackMaxTime:259.09049180327867s
iter1		 Improve solution by repack 0.8237422735823703->0.8174585124966407 , unplacedBoxesSize:13
currentRepackCostTime:7.008s , currentRepackMaxTime:259.09049180327867s
iter11		 Improve solution by repack 0.8174585124966407->0.8158732531577533 , unplacedBoxesSize:13
currentRepackCostTime:7.224s , currentRepackMaxTime:259.09049180327867s
iter38		 Improve solution by repack 0.8158732531577533->0.8132798642837947 , unplacedBoxesSize:14
currentRepackCostTime:7.890000000000001s , currentRepackMaxTime:259.09049180327867s
iter3		 Improve solution by repack 0.8132798642837947->0.8123926699811878 , unplacedBoxesSize:13
currentRepackCostTime:7.979s , currentRepackMaxTime:259.09049180327867s
iter11		 Improve solution by repack 0.8123926699811878->0.8036732397205052 , unplacedBoxesSize:13
currentRepackCostTime:8.169s , currentRepackMaxTime:259.09049180327867s
iter26		 Improve solution by repack 0.8036732397205052->0.7978078809459823 , unplacedBoxesSize:14
currentRepackCostTime:8.620000000000001s , currentRepackMaxTime:259.09049180327867s
iter15		 Improve solution by repack 0.7978078809459823->0.7970419578070411 , unplacedBoxesSize:14
currentRepackCostTime:8.915000000000001s , currentRepackMaxTime:259.09049180327867s
iter3		 Improve solution by repack 0.7970419578070411->0.7961777747917226 , unplacedBoxesSize:14
currentRepackCostTime:8.97s , currentRepackMaxTime:259.09049180327867s
iter8		 Improve solution by repack 0.7961777747917226->0.7953594463853804 , unplacedBoxesSize:14
currentRepackCostTime:9.156s , currentRepackMaxTime:259.09049180327867s
iter6		 Improve solution by repack 0.7953594463853804->0.7932632356893309 , unplacedBoxesSize:14
currentRepackCostTime:9.27s , currentRepackMaxTime:259.09049180327867s
iter9		 Improve solution by repack 0.7932632356893309->0.7929266326256382 , unplacedBoxesSize:13
currentRepackCostTime:9.472s , currentRepackMaxTime:259.09049180327867s
iter12		 Improve solution by repack 0.7929266326256382->0.7910709486697124 , unplacedBoxesSize:12
currentRepackCostTime:9.654s , currentRepackMaxTime:259.09049180327867s
iter5		 Improve solution by repack 0.7910709486697124->0.7889518946519752 , unplacedBoxesSize:15
currentRepackCostTime:9.749s , currentRepackMaxTime:259.09049180327867s
iter14		 Improve solution by repack 0.7889518946519752->0.7879037893039506 , unplacedBoxesSize:14
currentRepackCostTime:10.09s , currentRepackMaxTime:259.09049180327867s
iter5		 Improve solution by repack 0.7879037893039506->0.7878191346412255 , unplacedBoxesSize:14
currentRepackCostTime:10.217s , currentRepackMaxTime:259.09049180327867s
iter10		 Improve solution by repack 0.7878191346412255->0.7871190540177372 , unplacedBoxesSize:12
currentRepackCostTime:10.421s , currentRepackMaxTime:259.09049180327867s
iter8		 Improve solution by repack 0.7871190540177372->0.7866494221983338 , unplacedBoxesSize:13
currentRepackCostTime:10.545s , currentRepackMaxTime:259.09049180327867s
iter29		 Improve solution by repack 0.7866494221983338->0.7843489653319001 , unplacedBoxesSize:13
currentRepackCostTime:11.114s , currentRepackMaxTime:259.09049180327867s
iter22		 Improve solution by repack 0.7843489653319001->0.782228903520559 , unplacedBoxesSize:9
currentRepackCostTime:11.531s , currentRepackMaxTime:259.09049180327867s
iter90		 Improve solution by repack 0.782228903520559->0.781770021499597 , unplacedBoxesSize:8
currentRepackCostTime:12.976s , currentRepackMaxTime:259.09049180327867s
Selecting boards with low utilization for repacking...
iter3		 Improve solution by repack 0.9795646331631281->0.7846027613544746 , unplacedBoxesSize:7
currentRepackCostTime:16.354s , currentRepackMaxTime:259.09049180327867s
iter55		 Improve solution by repack 0.7846027613544746->0.7839942219833378 , unplacedBoxesSize:7
currentRepackCostTime:17.13s , currentRepackMaxTime:259.09049180327867s
iter120		 Improve solution by repack 0.7839942219833378->0.7831977291050793 , unplacedBoxesSize:7
currentRepackCostTime:18.751s , currentRepackMaxTime:259.09049180327867s
iter3		 Improve solution by repack 0.7831977291050793->0.7822754299919377 , unplacedBoxesSize:6
currentRepackCostTime:18.784s , currentRepackMaxTime:259.09049180327867s
Selecting boards with low utilization for repacking...
iter3		 Improve solution by repack 0.983239048642838->0.7822754299919377 , unplacedBoxesSize:6
currentRepackCostTime:21.687s , currentRepackMaxTime:259.09049180327867s
Selecting boards with low utilization for repacking...
iter4		 Improve solution by repack 0.9837933351249664->0.9806211367911851 , unplacedBoxesSize:12
currentRepackCostTime:25.216s , currentRepackMaxTime:259.09049180327867s
iter1		 Improve solution by repack 0.9806211367911851->0.8075393039505508 , unplacedBoxesSize:6
currentRepackCostTime:25.221s , currentRepackMaxTime:259.09049180327867s
iter42		 Improve solution by repack 0.8075393039505508->0.8037795619457134 , unplacedBoxesSize:10
currentRepackCostTime:25.712s , currentRepackMaxTime:259.09049180327867s
iter5		 Improve solution by repack 0.8037795619457134->0.795831765654394 , unplacedBoxesSize:10
currentRepackCostTime:25.759s , currentRepackMaxTime:259.09049180327867s
iter22		 Improve solution by repack 0.795831765654394->0.7958183284063424 , unplacedBoxesSize:9
currentRepackCostTime:26.139s , currentRepackMaxTime:259.09049180327867s
iter64		 Improve solution by repack 0.7958183284063424->0.7936055495834453 , unplacedBoxesSize:13
currentRepackCostTime:27.143s , currentRepackMaxTime:259.09049180327867s
iter7		 Improve solution by repack 0.7936055495834453->0.7868388873958614 , unplacedBoxesSize:14
currentRepackCostTime:27.301000000000002s , currentRepackMaxTime:259.09049180327867s
iter12		 Improve solution by repack 0.7868388873958614->0.783778890083311 , unplacedBoxesSize:13
currentRepackCostTime:27.54s , currentRepackMaxTime:259.09049180327867s
Selecting boards with low utilization for repacking...
iter6		 Improve solution by repack 0.979650295619457->0.7931433082504703 , unplacedBoxesSize:13
currentRepackCostTime:32.374s , currentRepackMaxTime:259.09049180327867s
iter17		 Improve solution by repack 0.7931433082504703->0.7926142166084387 , unplacedBoxesSize:14
currentRepackCostTime:32.67s , currentRepackMaxTime:259.09049180327867s
iter7		 Improve solution by repack 0.7926142166084387->0.7893462778822896 , unplacedBoxesSize:13
currentRepackCostTime:32.804s , currentRepackMaxTime:259.09049180327867s
iter13		 Improve solution by repack 0.7893462778822896->0.7882380408492341 , unplacedBoxesSize:10
currentRepackCostTime:33.047000000000004s , currentRepackMaxTime:259.09049180327867s
iter2		 Improve solution by repack 0.7882380408492341->0.7870454850846547 , unplacedBoxesSize:14
currentRepackCostTime:33.075s , currentRepackMaxTime:259.09049180327867s
iter4		 Improve solution by repack 0.7870454850846547->0.7841433754367106 , unplacedBoxesSize:12
currentRepackCostTime:33.155s , currentRepackMaxTime:259.09049180327867s
iter19		 Improve solution by repack 0.7841433754367106->0.7828628056973932 , unplacedBoxesSize:11
currentRepackCostTime:33.489s , currentRepackMaxTime:259.09049180327867s
iter23		 Improve solution by repack 0.7828628056973932->0.7827700886858372 , unplacedBoxesSize:8
currentRepackCostTime:33.93s , currentRepackMaxTime:259.09049180327867s
iter19		 Improve solution by repack 0.7827700886858372->0.7760286213383499 , unplacedBoxesSize:12
currentRepackCostTime:34.179s , currentRepackMaxTime:259.09049180327867s
iter12		 Improve solution by repack 0.7760286213383499->0.7734251545283526 , unplacedBoxesSize:13
currentRepackCostTime:34.431s , currentRepackMaxTime:259.09049180327867s
iter14		 Improve solution by repack 0.7734251545283526->0.770689330825047 , unplacedBoxesSize:10
currentRepackCostTime:34.703s , currentRepackMaxTime:259.09049180327867s
iter38		 Improve solution by repack 0.770689330825047->0.7693660978231659 , unplacedBoxesSize:7
currentRepackCostTime:35.322s , currentRepackMaxTime:259.09049180327867s
Selecting boards with low utilization for repacking...
iter10		 Improve solution by repack 0.9795646331631281->0.7796412254770223 , unplacedBoxesSize:9
currentRepackCostTime:38.737s , currentRepackMaxTime:259.09049180327867s
iter1		 Improve solution by repack 0.7796412254770223->0.7747692152647139 , unplacedBoxesSize:7
currentRepackCostTime:38.744s , currentRepackMaxTime:259.09049180327867s
iter55		 Improve solution by repack 0.7747692152647139->0.7699072829884439 , unplacedBoxesSize:10
currentRepackCostTime:39.518s , currentRepackMaxTime:259.09049180327867s
iter2		 Improve solution by repack 0.7699072829884439->0.7689183015318464 , unplacedBoxesSize:8
currentRepackCostTime:39.565s , currentRepackMaxTime:259.09049180327867s
iter68		 Improve solution by repack 0.7689183015318464->0.7672315909701694 , unplacedBoxesSize:7
currentRepackCostTime:40.597s , currentRepackMaxTime:259.09049180327867s
Selecting boards with low utilization for repacking...
iter14		 Improve solution by repack 0.9795646331631281->0.7961912120397743 , unplacedBoxesSize:8
currentRepackCostTime:42.617000000000004s , currentRepackMaxTime:259.09049180327867s
iter56		 Improve solution by repack 0.7961912120397743->0.7892868180596614 , unplacedBoxesSize:9
currentRepackCostTime:43.459s , currentRepackMaxTime:259.09049180327867s
iter13		 Improve solution by repack 0.7892868180596614->0.7874244154797098 , unplacedBoxesSize:9
currentRepackCostTime:43.687s , currentRepackMaxTime:259.09049180327867s
iter7		 Improve solution by repack 0.7874244154797098->0.7788675759204515 , unplacedBoxesSize:11
currentRepackCostTime:43.78s , currentRepackMaxTime:259.09049180327867s
iter55		 Improve solution by repack 0.7788675759204515->0.777753628056974 , unplacedBoxesSize:11
currentRepackCostTime:44.792s , currentRepackMaxTime:259.09049180327867s
Selecting boards with low utilization for repacking...
iter2		 Improve solution by repack 0.9801148884708412->0.7981295350712174 , unplacedBoxesSize:9
currentRepackCostTime:49.931000000000004s , currentRepackMaxTime:259.09049180327867s
iter71		 Improve solution by repack 0.7981295350712174->0.7975564364418166 , unplacedBoxesSize:9
currentRepackCostTime:50.955s , currentRepackMaxTime:259.09049180327867s
iter3		 Improve solution by repack 0.7975564364418166->0.7887342112335394 , unplacedBoxesSize:10
currentRepackCostTime:51.005s , currentRepackMaxTime:259.09049180327867s
iter86		 Improve solution by repack 0.7887342112335394->0.7860333243751679 , unplacedBoxesSize:10
currentRepackCostTime:52.468s , currentRepackMaxTime:259.09049180327867s
iter18		 Improve solution by repack 0.7860333243751679->0.7849690943294814 , unplacedBoxesSize:11
currentRepackCostTime:52.762s , currentRepackMaxTime:259.09049180327867s
iter63		 Improve solution by repack 0.7849690943294814->0.7814518946519753 , unplacedBoxesSize:11
currentRepackCostTime:53.906s , currentRepackMaxTime:259.09049180327867s
iter25		 Improve solution by repack 0.7814518946519753->0.7777269215264715 , unplacedBoxesSize:14
currentRepackCostTime:54.408s , currentRepackMaxTime:259.09049180327867s
iter131		 Improve solution by repack 0.7777269215264715->0.7767191279226016 , unplacedBoxesSize:14
currentRepackCostTime:56.749s , currentRepackMaxTime:259.09049180327867s
iter95		 Improve solution by repack 0.7767191279226016->0.7762085124966407 , unplacedBoxesSize:14
currentRepackCostTime:58.604s , currentRepackMaxTime:259.09049180327867s
iter10		 Improve solution by repack 0.7762085124966407->0.7750655065842516 , unplacedBoxesSize:14
currentRepackCostTime:58.774s , currentRepackMaxTime:259.09049180327867s
iter29		 Improve solution by repack 0.7750655065842516->0.7722991131416286 , unplacedBoxesSize:16
currentRepackCostTime:59.368s , currentRepackMaxTime:259.09049180327867s
iter1		 Improve solution by repack 0.7722991131416286->0.7687662926632626 , unplacedBoxesSize:16
currentRepackCostTime:59.399s , currentRepackMaxTime:259.09049180327867s
iter32		 Improve solution by repack 0.7687662926632626->0.7675399758129534 , unplacedBoxesSize:17
currentRepackCostTime:60.022s , currentRepackMaxTime:259.09049180327867s
iter7		 Improve solution by repack 0.7675399758129534->0.7674862268207471 , unplacedBoxesSize:16
currentRepackCostTime:60.143s , currentRepackMaxTime:259.09049180327867s
iter26		 Improve solution by repack 0.7674862268207471->0.7657141897339425 , unplacedBoxesSize:17
currentRepackCostTime:60.686s , currentRepackMaxTime:259.09049180327867s
Selecting boards with low utilization for repacking...
iter3		 Improve solution by repack 0.9823703305563021->0.980596613813491 , unplacedBoxesSize:13
currentRepackCostTime:65.312s , currentRepackMaxTime:259.09049180327867s
iter1		 Improve solution by repack 0.980596613813491->0.9785576793872615 , unplacedBoxesSize:9
currentRepackCostTime:65.337s , currentRepackMaxTime:259.09049180327867s
iter2		 Improve solution by repack 0.9785576793872615->0.976887261488847 , unplacedBoxesSize:8
currentRepackCostTime:65.366s , currentRepackMaxTime:259.09049180327867s
iter1		 Improve solution by repack 0.976887261488847->0.9736263773179252 , unplacedBoxesSize:10
currentRepackCostTime:65.381s , currentRepackMaxTime:259.09049180327867s
iter3		 Improve solution by repack 0.9736263773179252->0.7607894383230315 , unplacedBoxesSize:18
currentRepackCostTime:65.431s , currentRepackMaxTime:259.09049180327867s
iter27		 Improve solution by repack 0.7607894383230315->0.7586168032786885 , unplacedBoxesSize:18
currentRepackCostTime:66.055s , currentRepackMaxTime:259.09049180327867s
iter2		 Improve solution by repack 0.7586168032786885->0.7586060534802472 , unplacedBoxesSize:16
currentRepackCostTime:66.111s , currentRepackMaxTime:259.09049180327867s
iter14		 Improve solution by repack 0.7586060534802472->0.7561433418435904 , unplacedBoxesSize:16
currentRepackCostTime:66.356s , currentRepackMaxTime:259.09049180327867s
Selecting boards with low utilization for repacking...
iter4		 Improve solution by repack 0.9852045821015856->0.9851619188390218 , unplacedBoxesSize:11
currentRepackCostTime:71.005s , currentRepackMaxTime:259.09049180327867s
iter10		 Improve solution by repack 0.9851619188390218->0.7561433418435904 , unplacedBoxesSize:16
currentRepackCostTime:71.144s , currentRepackMaxTime:259.09049180327867s
Selecting boards with low utilization for repacking...
iter2		 Improve solution by repack 0.9853053614619727->0.9795646331631281 , unplacedBoxesSize:2
currentRepackCostTime:76.435s , currentRepackMaxTime:259.09049180327867s
iter6		 Improve solution by repack 0.9795646331631281->0.7561433418435904 , unplacedBoxesSize:16
currentRepackCostTime:76.46600000000001s , currentRepackMaxTime:259.09049180327867s
Selecting boards with low utilization for repacking...
iter1		 Improve solution by repack 0.9857146936307445->0.9839250201558721 , unplacedBoxesSize:13
currentRepackCostTime:81.868s , currentRepackMaxTime:259.09049180327867s
iter15		 Improve solution by repack 0.9839250201558721->0.7723442958882022 , unplacedBoxesSize:15
currentRepackCostTime:82.22500000000001s , currentRepackMaxTime:259.09049180327867s
iter5		 Improve solution by repack 0.7723442958882022->0.7678008263907552 , unplacedBoxesSize:15
currentRepackCostTime:82.295s , currentRepackMaxTime:259.09049180327867s
iter57		 Improve solution by repack 0.7678008263907552->0.7653421459285139 , unplacedBoxesSize:16
currentRepackCostTime:83.26s , currentRepackMaxTime:259.09049180327867s
iter14		 Improve solution by repack 0.7653421459285139->0.7628105683955926 , unplacedBoxesSize:16
currentRepackCostTime:83.537s , currentRepackMaxTime:259.09049180327867s
iter35		 Improve solution by repack 0.7628105683955926->0.7593335124966407 , unplacedBoxesSize:18
currentRepackCostTime:84.294s , currentRepackMaxTime:259.09049180327867s
iter25		 Improve solution by repack 0.7593335124966407->0.7583203439935502 , unplacedBoxesSize:17
currentRepackCostTime:84.927s , currentRepackMaxTime:259.09049180327867s
iter3		 Improve solution by repack 0.7583203439935502->0.7564995968825584 , unplacedBoxesSize:15
currentRepackCostTime:84.979s , currentRepackMaxTime:259.09049180327867s
Selecting boards with low utilization for repacking...
iter4		 Improve solution by repack 0.9874452432141897->0.7614068798710024 , unplacedBoxesSize:16
currentRepackCostTime:89.94800000000001s , currentRepackMaxTime:259.09049180327867s
iter7		 Improve solution by repack 0.7614068798710024->0.7583324375167966 , unplacedBoxesSize:17
currentRepackCostTime:90.09700000000001s , currentRepackMaxTime:259.09049180327867s
iter1		 Improve solution by repack 0.7583324375167966->0.7575794477291051 , unplacedBoxesSize:13
currentRepackCostTime:90.105s , currentRepackMaxTime:259.09049180327867s
iter14		 Improve solution by repack 0.7575794477291051->0.7566571486159634 , unplacedBoxesSize:12
currentRepackCostTime:90.346s , currentRepackMaxTime:259.09049180327867s
iter29		 Improve solution by repack 0.7566571486159634->0.7564090634238108 , unplacedBoxesSize:15
currentRepackCostTime:90.877s , currentRepackMaxTime:259.09049180327867s
iter2		 Improve solution by repack 0.7564090634238108->0.7526948400967481 , unplacedBoxesSize:14
currentRepackCostTime:90.9s , currentRepackMaxTime:259.09049180327867s
iter113		 Improve solution by repack 0.7526948400967481->0.7519302606826123 , unplacedBoxesSize:15
currentRepackCostTime:93.086s , currentRepackMaxTime:259.09049180327867s
iter62		 Improve solution by repack 0.7519302606826123->0.7505369860252621 , unplacedBoxesSize:10
currentRepackCostTime:94.376s , currentRepackMaxTime:259.09049180327867s
Selecting boards with low utilization for repacking...
iter4		 Improve solution by repack 0.9879165546895996->0.7739693630744424 , unplacedBoxesSize:10
currentRepackCostTime:96.961s , currentRepackMaxTime:259.09049180327867s
iter47		 Improve solution by repack 0.7739693630744424->0.7698516863746304 , unplacedBoxesSize:8
currentRepackCostTime:97.702s , currentRepackMaxTime:259.09049180327867s
iter36		 Improve solution by repack 0.7698516863746304->0.7654694638538028 , unplacedBoxesSize:10
currentRepackCostTime:98.118s , currentRepackMaxTime:259.09049180327867s
Selecting boards with low utilization for repacking...
iter1		 Improve solution by repack 0.9902324643912926->0.9792152647137866 , unplacedBoxesSize:9
currentRepackCostTime:100.922s , currentRepackMaxTime:259.09049180327867s
iter15		 Improve solution by repack 0.9792152647137866->0.7851701491534534 , unplacedBoxesSize:9
currentRepackCostTime:101.122s , currentRepackMaxTime:259.09049180327867s
Selecting boards with low utilization for repacking...
iter1		 Improve solution by repack 0.9917080421929589->0.9902017266863746 , unplacedBoxesSize:7
currentRepackCostTime:105.105s , currentRepackMaxTime:259.09049180327867s
iter7		 Improve solution by repack 0.9902017266863746->0.7909520290244557 , unplacedBoxesSize:9
currentRepackCostTime:105.18900000000001s , currentRepackMaxTime:259.09049180327867s
iter46		 Improve solution by repack 0.7909520290244557->0.7879884439666757 , unplacedBoxesSize:7
currentRepackCostTime:105.851s , currentRepackMaxTime:259.09049180327867s
iter11		 Improve solution by repack 0.7879884439666757->0.7710447460360118 , unplacedBoxesSize:10
currentRepackCostTime:105.962s , currentRepackMaxTime:259.09049180327867s
Selecting boards with low utilization for repacking...
iter3		 Improve solution by repack 0.9931332303144317->0.9907709621069605 , unplacedBoxesSize:9
currentRepackCostTime:109.065s , currentRepackMaxTime:259.09049180327867s
iter4		 Improve solution by repack 0.9907709621069605->0.8098357296425692 , unplacedBoxesSize:11
currentRepackCostTime:109.108s , currentRepackMaxTime:259.09049180327867s
iter3		 Improve solution by repack 0.8098357296425692->0.8028559191077668 , unplacedBoxesSize:15
currentRepackCostTime:109.148s , currentRepackMaxTime:259.09049180327867s
iter8		 Improve solution by repack 0.8028559191077668->0.7982627317925289 , unplacedBoxesSize:16
currentRepackCostTime:109.351s , currentRepackMaxTime:259.09049180327867s
iter3		 Improve solution by repack 0.7982627317925289->0.7926123689868315 , unplacedBoxesSize:15
currentRepackCostTime:109.421s , currentRepackMaxTime:259.09049180327867s
iter8		 Improve solution by repack 0.7926123689868315->0.7912048172534265 , unplacedBoxesSize:13
currentRepackCostTime:109.584s , currentRepackMaxTime:259.09049180327867s
iter17		 Improve solution by repack 0.7912048172534265->0.786019551195915 , unplacedBoxesSize:14
currentRepackCostTime:109.872s , currentRepackMaxTime:259.09049180327867s
iter6		 Improve solution by repack 0.786019551195915->0.7825540849234076 , unplacedBoxesSize:12
currentRepackCostTime:109.998s , currentRepackMaxTime:259.09049180327867s
iter19		 Improve solution by repack 0.7825540849234076->0.7736472050524053 , unplacedBoxesSize:14
currentRepackCostTime:110.361s , currentRepackMaxTime:259.09049180327867s
iter22		 Improve solution by repack 0.7736472050524053->0.7718654259607632 , unplacedBoxesSize:14
currentRepackCostTime:110.715s , currentRepackMaxTime:259.09049180327867s
iter1		 Improve solution by repack 0.7718654259607632->0.771309123891427 , unplacedBoxesSize:14
currentRepackCostTime:110.72500000000001s , currentRepackMaxTime:259.09049180327867s
iter45		 Improve solution by repack 0.771309123891427->0.7707383767804354 , unplacedBoxesSize:13
currentRepackCostTime:111.592s , currentRepackMaxTime:259.09049180327867s
iter7		 Improve solution by repack 0.7707383767804354->0.7697487234614352 , unplacedBoxesSize:12
currentRepackCostTime:111.688s , currentRepackMaxTime:259.09049180327867s
iter129		 Improve solution by repack 0.7697487234614352->0.7655126310131685 , unplacedBoxesSize:15
currentRepackCostTime:114.077s , currentRepackMaxTime:259.09049180327867s
iter7		 Improve solution by repack 0.7655126310131685->0.7582076390755174 , unplacedBoxesSize:14
currentRepackCostTime:114.187s , currentRepackMaxTime:259.09049180327867s
iter13		 Improve solution by repack 0.7582076390755174->0.7568706328943832 , unplacedBoxesSize:16
currentRepackCostTime:114.49000000000001s , currentRepackMaxTime:259.09049180327867s
iter19		 Improve solution by repack 0.7568706328943832->0.7531564095673207 , unplacedBoxesSize:15
currentRepackCostTime:114.926s , currentRepackMaxTime:259.09049180327867s
iter95		 Improve solution by repack 0.7531564095673207->0.7525651706530503 , unplacedBoxesSize:14
currentRepackCostTime:116.833s , currentRepackMaxTime:259.09049180327867s
Selecting boards with low utilization for repacking...
iter13		 Improve solution by repack 0.9944309325450148->0.7747420048374094 , unplacedBoxesSize:13
currentRepackCostTime:122.239s , currentRepackMaxTime:259.09049180327867s
iter16		 Improve solution by repack 0.7747420048374094->0.7702603466809997 , unplacedBoxesSize:13
currentRepackCostTime:122.517s , currentRepackMaxTime:259.09049180327867s
iter1		 Improve solution by repack 0.7702603466809997->0.7615785407148616 , unplacedBoxesSize:13
currentRepackCostTime:122.533s , currentRepackMaxTime:259.09049180327867s
iter68		 Improve solution by repack 0.7615785407148616->0.7525651706530503 , unplacedBoxesSize:14
currentRepackCostTime:123.73100000000001s , currentRepackMaxTime:259.09049180327867s
Selecting boards with low utilization for repacking...
All low-utilization boards have been repacked once. Restarting repacking process...
Selecting boards with low utilization for repacking...
Selecting boards with low utilization for repacking...
iter1		 Improve solution by repack 0.9795646331631281->0.7525651706530503 , unplacedBoxesSize:14
currentRepackCostTime:129.466s , currentRepackMaxTime:259.09049180327867s
Selecting boards with low utilization for repacking...
iter1		 Improve solution by repack 0.9795646331631281->0.7525651706530503 , unplacedBoxesSize:14
currentRepackCostTime:134.546s , currentRepackMaxTime:259.09049180327867s
Selecting boards with low utilization for repacking...
iter2		 Improve solution by repack 0.9795646331631281->0.7525651706530503 , unplacedBoxesSize:14
currentRepackCostTime:139.65800000000002s , currentRepackMaxTime:259.09049180327867s
Selecting boards with low utilization for repacking...
iter2		 Improve solution by repack 0.9838574979844129->0.7738937785541521 , unplacedBoxesSize:14
currentRepackCostTime:144.723s , currentRepackMaxTime:259.09049180327867s
iter51		 Improve solution by repack 0.7738937785541521->0.772235958075786 , unplacedBoxesSize:7
currentRepackCostTime:145.529s , currentRepackMaxTime:259.09049180327867s
iter6		 Improve solution by repack 0.772235958075786->0.7595995700080623 , unplacedBoxesSize:12
currentRepackCostTime:145.593s , currentRepackMaxTime:259.09049180327867s
iter122		 Improve solution by repack 0.7595995700080623->0.757067992475141 , unplacedBoxesSize:12
currentRepackCostTime:147.901s , currentRepackMaxTime:259.09049180327867s
Selecting boards with low utilization for repacking...
iter1		 Improve solution by repack 0.9789571015855952->0.7696378661650094 , unplacedBoxesSize:7
currentRepackCostTime:152.266s , currentRepackMaxTime:259.09049180327867s
iter5		 Improve solution by repack 0.7696378661650094->0.7677252418704649 , unplacedBoxesSize:11
currentRepackCostTime:152.335s , currentRepackMaxTime:259.09049180327867s
iter41		 Improve solution by repack 0.7677252418704649->0.7668029427573233 , unplacedBoxesSize:10
currentRepackCostTime:153.067s , currentRepackMaxTime:259.09049180327867s
iter10		 Improve solution by repack 0.7668029427573233->0.7570263370061812 , unplacedBoxesSize:12
currentRepackCostTime:153.233s , currentRepackMaxTime:259.09049180327867s
Selecting boards with low utilization for repacking...
iter1		 Improve solution by repack 0.9795646331631281->0.7570263370061812 , unplacedBoxesSize:12
currentRepackCostTime:156.564s , currentRepackMaxTime:259.09049180327867s
Selecting boards with low utilization for repacking...
iter5		 Improve solution by repack 0.9852045821015856->0.7722724066111261 , unplacedBoxesSize:10
currentRepackCostTime:160.92600000000002s , currentRepackMaxTime:259.09049180327867s
Selecting boards with low utilization for repacking...
iter6		 Improve solution by repack 0.9857403923676431->0.7781456597688794 , unplacedBoxesSize:14
currentRepackCostTime:165.268s , currentRepackMaxTime:259.09049180327867s
iter16		 Improve solution by repack 0.7781456597688794->0.7781355818328406 , unplacedBoxesSize:14
currentRepackCostTime:165.543s , currentRepackMaxTime:259.09049180327867s
iter18		 Improve solution by repack 0.7781355818328406->0.776399489384574 , unplacedBoxesSize:13
currentRepackCostTime:165.851s , currentRepackMaxTime:259.09049180327867s
iter36		 Improve solution by repack 0.776399489384574->0.7727949475947327 , unplacedBoxesSize:12
currentRepackCostTime:166.48s , currentRepackMaxTime:259.09049180327867s
Selecting boards with low utilization for repacking...
iter1		 Improve solution by repack 0.986384372480516->0.7860670854608977 , unplacedBoxesSize:13
currentRepackCostTime:170.046s , currentRepackMaxTime:259.09049180327867s
iter19		 Improve solution by repack 0.7860670854608977->0.7829294880408492 , unplacedBoxesSize:10
currentRepackCostTime:170.367s , currentRepackMaxTime:259.09049180327867s
iter10		 Improve solution by repack 0.7829294880408492->0.7818753359312013 , unplacedBoxesSize:15
currentRepackCostTime:170.53300000000002s , currentRepackMaxTime:259.09049180327867s
iter3		 Improve solution by repack 0.7818753359312013->0.7805384977156677 , unplacedBoxesSize:15
currentRepackCostTime:170.599s , currentRepackMaxTime:259.09049180327867s
iter6		 Improve solution by repack 0.7805384977156677->0.7738514512227895 , unplacedBoxesSize:14
currentRepackCostTime:170.703s , currentRepackMaxTime:259.09049180327867s
iter23		 Improve solution by repack 0.7738514512227895->0.7738413732867508 , unplacedBoxesSize:14
currentRepackCostTime:171.142s , currentRepackMaxTime:259.09049180327867s
iter8		 Improve solution by repack 0.7738413732867508->0.7736640016124697 , unplacedBoxesSize:11
currentRepackCostTime:171.263s , currentRepackMaxTime:259.09049180327867s
iter1		 Improve solution by repack 0.7736640016124697->0.7727595068529965 , unplacedBoxesSize:10
currentRepackCostTime:171.274s , currentRepackMaxTime:259.09049180327867s
iter32		 Improve solution by repack 0.7727595068529965->0.7719935837140554 , unplacedBoxesSize:10
currentRepackCostTime:171.773s , currentRepackMaxTime:259.09049180327867s
iter27		 Improve solution by repack 0.7719935837140554->0.768938793335125 , unplacedBoxesSize:11
currentRepackCostTime:172.166s , currentRepackMaxTime:259.09049180327867s
iter38		 Improve solution by repack 0.768938793335125->0.7684029830690675 , unplacedBoxesSize:11
currentRepackCostTime:172.906s , currentRepackMaxTime:259.09049180327867s
iter8		 Improve solution by repack 0.7684029830690675->0.7664058720773985 , unplacedBoxesSize:10
currentRepackCostTime:173.046s , currentRepackMaxTime:259.09049180327867s
iter23		 Improve solution by repack 0.7664058720773985->0.7663591776404193 , unplacedBoxesSize:10
currentRepackCostTime:173.37800000000001s , currentRepackMaxTime:259.09049180327867s
iter8		 Improve solution by repack 0.7663591776404193->0.7640676229508196 , unplacedBoxesSize:9
currentRepackCostTime:173.486s , currentRepackMaxTime:259.09049180327867s
iter14		 Improve solution by repack 0.7640676229508196->0.7631631281913465 , unplacedBoxesSize:8
currentRepackCostTime:173.717s , currentRepackMaxTime:259.09049180327867s
iter5		 Improve solution by repack 0.7631631281913465->0.7619752754635851 , unplacedBoxesSize:8
currentRepackCostTime:173.782s , currentRepackMaxTime:259.09049180327867s
iter133		 Improve solution by repack 0.7619752754635851->0.7606745498521902 , unplacedBoxesSize:8
currentRepackCostTime:175.782s , currentRepackMaxTime:259.09049180327867s
iter7		 Improve solution by repack 0.7606745498521902->0.7600833109379199 , unplacedBoxesSize:8
currentRepackCostTime:175.893s , currentRepackMaxTime:259.09049180327867s
Selecting boards with low utilization for repacking...
iter14		 Improve solution by repack 0.9824921056167696->0.7924415479709755 , unplacedBoxesSize:8
currentRepackCostTime:178.806s , currentRepackMaxTime:259.09049180327867s
iter3		 Improve solution by repack 0.7924415479709755->0.7906092112335394 , unplacedBoxesSize:11
currentRepackCostTime:178.862s , currentRepackMaxTime:259.09049180327867s
iter18		 Improve solution by repack 0.7906092112335394->0.7830312751948401 , unplacedBoxesSize:8
currentRepackCostTime:179.216s , currentRepackMaxTime:259.09049180327867s
iter47		 Improve solution by repack 0.7830312751948401->0.7780433687180865 , unplacedBoxesSize:9
currentRepackCostTime:179.866s , currentRepackMaxTime:259.09049180327867s
iter3		 Improve solution by repack 0.7780433687180865->0.7706958814834721 , unplacedBoxesSize:8
currentRepackCostTime:179.921s , currentRepackMaxTime:259.09049180327867s
iter57		 Improve solution by repack 0.7706958814834721->0.7687814095673207 , unplacedBoxesSize:7
currentRepackCostTime:180.832s , currentRepackMaxTime:259.09049180327867s
iter7		 Improve solution by repack 0.7687814095673207->0.7642984076861058 , unplacedBoxesSize:8
currentRepackCostTime:180.93200000000002s , currentRepackMaxTime:259.09049180327867s
iter136		 Improve solution by repack 0.7642984076861058->0.7566996439129265 , unplacedBoxesSize:7
currentRepackCostTime:183.07s , currentRepackMaxTime:259.09049180327867s
Selecting boards with low utilization for repacking...
iter2		 Improve solution by repack 0.9861760951357162->0.7817428110722925 , unplacedBoxesSize:7
currentRepackCostTime:186.822s , currentRepackMaxTime:259.09049180327867s
iter23		 Improve solution by repack 0.7817428110722925->0.7808102660575115 , unplacedBoxesSize:11
currentRepackCostTime:187.159s , currentRepackMaxTime:259.09049180327867s
iter26		 Improve solution by repack 0.7808102660575115->0.7805499193765117 , unplacedBoxesSize:9
currentRepackCostTime:187.582s , currentRepackMaxTime:259.09049180327867s
iter26		 Improve solution by repack 0.7805499193765117->0.7788974737973663 , unplacedBoxesSize:10
currentRepackCostTime:188.094s , currentRepackMaxTime:259.09049180327867s
iter39		 Improve solution by repack 0.7788974737973663->0.7788410373555495 , unplacedBoxesSize:10
currentRepackCostTime:188.775s , currentRepackMaxTime:259.09049180327867s
iter5		 Improve solution by repack 0.7788410373555495->0.7696639008331093 , unplacedBoxesSize:12
currentRepackCostTime:188.85s , currentRepackMaxTime:259.09049180327867s
iter5		 Improve solution by repack 0.7696639008331093->0.7644675490459554 , unplacedBoxesSize:17
currentRepackCostTime:188.92600000000002s , currentRepackMaxTime:259.09049180327867s
iter38		 Improve solution by repack 0.7644675490459554->0.7626024590163935 , unplacedBoxesSize:16
currentRepackCostTime:189.798s , currentRepackMaxTime:259.09049180327867s
iter1		 Improve solution by repack 0.7626024590163935->0.7605217011556032 , unplacedBoxesSize:13
currentRepackCostTime:189.81s , currentRepackMaxTime:259.09049180327867s
iter18		 Improve solution by repack 0.7605217011556032->0.760107833915614 , unplacedBoxesSize:12
currentRepackCostTime:190.175s , currentRepackMaxTime:259.09049180327867s
iter16		 Improve solution by repack 0.760107833915614->0.7569823300188122 , unplacedBoxesSize:12
currentRepackCostTime:190.46200000000002s , currentRepackMaxTime:259.09049180327867s
Selecting boards with low utilization for repacking...
iter7		 Improve solution by repack 0.9879165546895996->0.7943375436710561 , unplacedBoxesSize:11
currentRepackCostTime:194.247s , currentRepackMaxTime:259.09049180327867s
iter3		 Improve solution by repack 0.7943375436710561->0.786459621069605 , unplacedBoxesSize:14
currentRepackCostTime:194.291s , currentRepackMaxTime:259.09049180327867s
iter3		 Improve solution by repack 0.786459621069605->0.7581664875033594 , unplacedBoxesSize:13
currentRepackCostTime:194.35s , currentRepackMaxTime:259.09049180327867s
iter18		 Improve solution by repack 0.7581664875033594->0.7576306772373018 , unplacedBoxesSize:13
currentRepackCostTime:194.703s , currentRepackMaxTime:259.09049180327867s
iter5		 Improve solution by repack 0.7576306772373018->0.7556795888202096 , unplacedBoxesSize:12
currentRepackCostTime:194.803s , currentRepackMaxTime:259.09049180327867s
iter61		 Improve solution by repack 0.7556795888202096->0.7545884842784197 , unplacedBoxesSize:11
currentRepackCostTime:195.88400000000001s , currentRepackMaxTime:259.09049180327867s
Selecting boards with low utilization for repacking...
iter1		 Improve solution by repack 0.9884016393442623->0.9867149287825854 , unplacedBoxesSize:12
currentRepackCostTime:198.952s , currentRepackMaxTime:259.09049180327867s
iter3		 Improve solution by repack 0.9867149287825854->0.7859362402579951 , unplacedBoxesSize:9
currentRepackCostTime:198.999s , currentRepackMaxTime:259.09049180327867s
iter1		 Improve solution by repack 0.7859362402579951->0.7764955657081429 , unplacedBoxesSize:7
currentRepackCostTime:199.01s , currentRepackMaxTime:259.09049180327867s
iter11		 Improve solution by repack 0.7764955657081429->0.7697248723461436 , unplacedBoxesSize:13
currentRepackCostTime:199.16400000000002s , currentRepackMaxTime:259.09049180327867s
iter3		 Improve solution by repack 0.7697248723461436->0.7668274657350175 , unplacedBoxesSize:11
currentRepackCostTime:199.251s , currentRepackMaxTime:259.09049180327867s
iter1		 Improve solution by repack 0.7668274657350175->0.7620333915614083 , unplacedBoxesSize:10
currentRepackCostTime:199.26s , currentRepackMaxTime:259.09049180327867s
iter11		 Improve solution by repack 0.7620333915614083->0.761887261488847 , unplacedBoxesSize:9
currentRepackCostTime:199.43200000000002s , currentRepackMaxTime:259.09049180327867s
iter105		 Improve solution by repack 0.761887261488847->0.7614975812953508 , unplacedBoxesSize:10
currentRepackCostTime:201.029s , currentRepackMaxTime:259.09049180327867s
iter9		 Improve solution by repack 0.7614975812953508->0.7611033660306369 , unplacedBoxesSize:8
currentRepackCostTime:201.163s , currentRepackMaxTime:259.09049180327867s
Selecting boards with low utilization for repacking...
iter1		 Improve solution by repack 0.9890027882289707->0.9873898145659769 , unplacedBoxesSize:12
currentRepackCostTime:205.02700000000002s , currentRepackMaxTime:259.09049180327867s
iter6		 Improve solution by repack 0.9873898145659769->0.782275262026337 , unplacedBoxesSize:12
currentRepackCostTime:205.119s , currentRepackMaxTime:259.09049180327867s
iter8		 Improve solution by repack 0.782275262026337->0.7776548642837947 , unplacedBoxesSize:12
currentRepackCostTime:205.258s , currentRepackMaxTime:259.09049180327867s
iter104		 Improve solution by repack 0.7776548642837947->0.7772507390486428 , unplacedBoxesSize:13
currentRepackCostTime:207.202s , currentRepackMaxTime:259.09049180327867s
iter17		 Improve solution by repack 0.7772507390486428->0.7747050524052673 , unplacedBoxesSize:11
currentRepackCostTime:207.55s , currentRepackMaxTime:259.09049180327867s
iter15		 Improve solution by repack 0.7747050524052673->0.7743335124966406 , unplacedBoxesSize:10
currentRepackCostTime:207.809s , currentRepackMaxTime:259.09049180327867s
iter28		 Improve solution by repack 0.7743335124966406->0.7713165143778555 , unplacedBoxesSize:12
currentRepackCostTime:208.354s , currentRepackMaxTime:259.09049180327867s
iter23		 Improve solution by repack 0.7713165143778555->0.765 , unplacedBoxesSize:12
currentRepackCostTime:208.739s , currentRepackMaxTime:259.09049180327867s
iter53		 Improve solution by repack 0.765->0.7614938860521366 , unplacedBoxesSize:13
currentRepackCostTime:209.668s , currentRepackMaxTime:259.09049180327867s
iter30		 Improve solution by repack 0.7614938860521366->0.7605425288900833 , unplacedBoxesSize:12
currentRepackCostTime:210.187s , currentRepackMaxTime:259.09049180327867s
iter9		 Improve solution by repack 0.7605425288900833->0.7599701021230852 , unplacedBoxesSize:11
currentRepackCostTime:210.334s , currentRepackMaxTime:259.09049180327867s
iter30		 Improve solution by repack 0.7599701021230852->0.7584920048374094 , unplacedBoxesSize:11
currentRepackCostTime:210.852s , currentRepackMaxTime:259.09049180327867s
Selecting boards with low utilization for repacking...
iter2		 Improve solution by repack 0.9912221177102929->0.9877502687449611 , unplacedBoxesSize:15
currentRepackCostTime:214.629s , currentRepackMaxTime:259.09049180327867s
iter5		 Improve solution by repack 0.9877502687449611->0.9862449610319806 , unplacedBoxesSize:8
currentRepackCostTime:214.71s , currentRepackMaxTime:259.09049180327867s
iter10		 Improve solution by repack 0.9862449610319806->0.7849821956463316 , unplacedBoxesSize:13
currentRepackCostTime:214.835s , currentRepackMaxTime:259.09049180327867s
iter4		 Improve solution by repack 0.7849821956463316->0.784659365761892 , unplacedBoxesSize:10
currentRepackCostTime:214.921s , currentRepackMaxTime:259.09049180327867s
iter4		 Improve solution by repack 0.784659365761892->0.7709392636388068 , unplacedBoxesSize:12
currentRepackCostTime:214.97s , currentRepackMaxTime:259.09049180327867s
iter8		 Improve solution by repack 0.7709392636388068->0.7666534533727493 , unplacedBoxesSize:11
currentRepackCostTime:215.09s , currentRepackMaxTime:259.09049180327867s
iter11		 Improve solution by repack 0.7666534533727493->0.7664858237033055 , unplacedBoxesSize:9
currentRepackCostTime:215.28300000000002s , currentRepackMaxTime:259.09049180327867s
Selecting boards with low utilization for repacking...
iter12		 Improve solution by repack 0.9785884170921795->0.7737117038430529 , unplacedBoxesSize:9
currentRepackCostTime:218.657s , currentRepackMaxTime:259.09049180327867s
iter2		 Improve solution by repack 0.7737117038430529->0.7664858237033055 , unplacedBoxesSize:9
currentRepackCostTime:218.68800000000002s , currentRepackMaxTime:259.09049180327867s
Selecting boards with low utilization for repacking...
iter1		 Improve solution by repack 0.9914458478903521->0.9859043267938726 , unplacedBoxesSize:8
currentRepackCostTime:222.364s , currentRepackMaxTime:259.09049180327867s
iter6		 Improve solution by repack 0.9859043267938726->0.9820612738511152 , unplacedBoxesSize:7
currentRepackCostTime:222.447s , currentRepackMaxTime:259.09049180327867s
iter3		 Improve solution by repack 0.9820612738511152->0.9810850577801665 , unplacedBoxesSize:11
currentRepackCostTime:222.47s , currentRepackMaxTime:259.09049180327867s
iter3		 Improve solution by repack 0.9810850577801665->0.9762506718624027 , unplacedBoxesSize:12
currentRepackCostTime:222.529s , currentRepackMaxTime:259.09049180327867s
iter4		 Improve solution by repack 0.9762506718624027->0.8115825718892772 , unplacedBoxesSize:9
currentRepackCostTime:222.619s , currentRepackMaxTime:259.09049180327867s
iter5		 Improve solution by repack 0.8115825718892772->0.7980102794947596 , unplacedBoxesSize:16
currentRepackCostTime:222.717s , currentRepackMaxTime:259.09049180327867s
iter6		 Improve solution by repack 0.7980102794947596->0.7957921257726418 , unplacedBoxesSize:13
currentRepackCostTime:222.854s , currentRepackMaxTime:259.09049180327867s
iter6		 Improve solution by repack 0.7957921257726418->0.7942653184627788 , unplacedBoxesSize:11
currentRepackCostTime:222.96s , currentRepackMaxTime:259.09049180327867s
iter92		 Improve solution by repack 0.7942653184627788->0.7903675087342111 , unplacedBoxesSize:16
currentRepackCostTime:224.541s , currentRepackMaxTime:259.09049180327867s
iter1		 Improve solution by repack 0.7903675087342111->0.7884372480515991 , unplacedBoxesSize:14
currentRepackCostTime:224.558s , currentRepackMaxTime:259.09049180327867s
iter7		 Improve solution by repack 0.7884372480515991->0.7860937919914002 , unplacedBoxesSize:14
currentRepackCostTime:224.689s , currentRepackMaxTime:259.09049180327867s
iter1		 Improve solution by repack 0.7860937919914002->0.7797406611126041 , unplacedBoxesSize:12
currentRepackCostTime:224.70000000000002s , currentRepackMaxTime:259.09049180327867s
iter50		 Improve solution by repack 0.7797406611126041->0.7773938457403924 , unplacedBoxesSize:12
currentRepackCostTime:225.61s , currentRepackMaxTime:259.09049180327867s
iter78		 Improve solution by repack 0.7773938457403924->0.7749066111260413 , unplacedBoxesSize:12
currentRepackCostTime:226.9s , currentRepackMaxTime:259.09049180327867s
Selecting boards with low utilization for repacking...
All low-utilization boards have been repacked once. Restarting repacking process...
Selecting boards with low utilization for repacking...
Selecting boards with low utilization for repacking...
iter1		 Improve solution by repack 0.9776716608438593->0.7805539505509272 , unplacedBoxesSize:13
currentRepackCostTime:231.609s , currentRepackMaxTime:259.09049180327867s
iter4		 Improve solution by repack 0.7805539505509272->0.780291924213921 , unplacedBoxesSize:12
currentRepackCostTime:231.673s , currentRepackMaxTime:259.09049180327867s
iter22		 Improve solution by repack 0.780291924213921->0.7801457941413598 , unplacedBoxesSize:11
currentRepackCostTime:232.07500000000002s , currentRepackMaxTime:259.09049180327867s
iter35		 Improve solution by repack 0.7801457941413598->0.7789256920182748 , unplacedBoxesSize:13
currentRepackCostTime:232.636s , currentRepackMaxTime:259.09049180327867s
iter3		 Improve solution by repack 0.7789256920182748->0.7727727761354475 , unplacedBoxesSize:14
currentRepackCostTime:232.67600000000002s , currentRepackMaxTime:259.09049180327867s
iter28		 Improve solution by repack 0.7727727761354475->0.7720753829615694 , unplacedBoxesSize:12
currentRepackCostTime:233.267s , currentRepackMaxTime:259.09049180327867s
iter62		 Improve solution by repack 0.7720753829615694->0.7699428916957808 , unplacedBoxesSize:15
currentRepackCostTime:234.358s , currentRepackMaxTime:259.09049180327867s
iter38		 Improve solution by repack 0.7699428916957808->0.7674516259070142 , unplacedBoxesSize:14
currentRepackCostTime:235.17600000000002s , currentRepackMaxTime:259.09049180327867s
iter21		 Improve solution by repack 0.7674516259070142->0.7624727895726955 , unplacedBoxesSize:12
currentRepackCostTime:235.579s , currentRepackMaxTime:259.09049180327867s
iter11		 Improve solution by repack 0.7624727895726955->0.761170048374093 , unplacedBoxesSize:10
currentRepackCostTime:235.797s , currentRepackMaxTime:259.09049180327867s
Selecting boards with low utilization for repacking...
iter4		 Improve solution by repack 0.9795646331631281->0.9732444235420585 , unplacedBoxesSize:10
currentRepackCostTime:238.758s , currentRepackMaxTime:259.09049180327867s
iter4		 Improve solution by repack 0.9732444235420585->0.7843204111797903 , unplacedBoxesSize:11
currentRepackCostTime:238.812s , currentRepackMaxTime:259.09049180327867s
iter23		 Improve solution by repack 0.7843204111797903->0.7730771298038162 , unplacedBoxesSize:9
currentRepackCostTime:239.20000000000002s , currentRepackMaxTime:259.09049180327867s
iter1		 Improve solution by repack 0.7730771298038162->0.7694191749529696 , unplacedBoxesSize:10
currentRepackCostTime:239.217s , currentRepackMaxTime:259.09049180327867s
iter6		 Improve solution by repack 0.7694191749529696->0.7622386455253964 , unplacedBoxesSize:7
currentRepackCostTime:239.33s , currentRepackMaxTime:259.09049180327867s
iter78		 Improve solution by repack 0.7622386455253964->0.7591292663262564 , unplacedBoxesSize:7
currentRepackCostTime:240.446s , currentRepackMaxTime:259.09049180327867s
iter46		 Improve solution by repack 0.7591292663262564->0.7547063961300726 , unplacedBoxesSize:8
currentRepackCostTime:241.136s , currentRepackMaxTime:259.09049180327867s
iter58		 Improve solution by repack 0.7547063961300726->0.7545115560333244 , unplacedBoxesSize:7
currentRepackCostTime:242.097s , currentRepackMaxTime:259.09049180327867s
Selecting boards with low utilization for repacking...
iter5		 Improve solution by repack 0.9795646331631281->0.7545115560333244 , unplacedBoxesSize:7
currentRepackCostTime:244.979s , currentRepackMaxTime:259.09049180327867s
Selecting boards with low utilization for repacking...
iter9		 Improve solution by repack 0.9841951088417092->0.7545115560333244 , unplacedBoxesSize:7
currentRepackCostTime:249.107s , currentRepackMaxTime:259.09049180327867s
Selecting boards with low utilization for repacking...
iter2		 Improve solution by repack 0.9854729911314164->0.9795646331631281 , unplacedBoxesSize:2
currentRepackCostTime:252.985s , currentRepackMaxTime:259.09049180327867s
iter10		 Improve solution by repack 0.9795646331631281->0.7625120935232463 , unplacedBoxesSize:6
currentRepackCostTime:253.083s , currentRepackMaxTime:259.09049180327867s
iter3		 Improve solution by repack 0.7625120935232463->0.7545115560333244 , unplacedBoxesSize:7
currentRepackCostTime:253.125s , currentRepackMaxTime:259.09049180327867s
Selecting boards with low utilization for repacking...
iter5		 Improve solution by repack 0.9866188524590164->0.7747090835796828 , unplacedBoxesSize:8
currentRepackCostTime:256.94s , currentRepackMaxTime:259.09049180327867s
iter44		 Improve solution by repack 0.7747090835796828->0.7693140284869658 , unplacedBoxesSize:8
currentRepackCostTime:257.5s , currentRepackMaxTime:259.09049180327867s
Processing color group: 1 (2/2), boxes: 199
Allocated time: 326.2s
searchTime: 1000
Start nesting on the 1th large board, remaining blocks count: 191
Utilization of the 1th large board: 99.15909701693093, Time taken for this board: 1.0010000000000001s
-------------------------------------------------------------------
Start nesting on the 2th large board, remaining blocks count: 184
Utilization of the 2th large board: 98.46513034130611, Time taken for this board: 2.001s
-------------------------------------------------------------------
Start nesting on the 3th large board, remaining blocks count: 174
Utilization of the 3th large board: 97.32737715990325, Time taken for this board: 3.001s
-------------------------------------------------------------------
Start nesting on the 4th large board, remaining blocks count: 165
Utilization of the 4th large board: 98.42026672937382, Time taken for this board: 4.001s
-------------------------------------------------------------------
Start nesting on the 5th large board, remaining blocks count: 154
Utilization of the 5th large board: 99.475779360387, Time taken for this board: 5.001s
-------------------------------------------------------------------
Start nesting on the 6th large board, remaining blocks count: 143
Utilization of the 6th large board: 99.04904595538835, Time taken for this board: 6.003s
-------------------------------------------------------------------
Start nesting on the 7th large board, remaining blocks count: 133
Utilization of the 7th large board: 97.91939330825048, Time taken for this board: 7.0040000000000004s
-------------------------------------------------------------------
Start nesting on the 8th large board, remaining blocks count: 127
Utilization of the 8th large board: 99.40049717817791, Time taken for this board: 8.004s
-------------------------------------------------------------------
Start nesting on the 9th large board, remaining blocks count: 119
Utilization of the 9th large board: 97.39485353399624, Time taken for this board: 9.004s
-------------------------------------------------------------------
Start nesting on the 10th large board, remaining blocks count: 115
Utilization of the 10th large board: 99.67916890620802, Time taken for this board: 10.005s
-------------------------------------------------------------------
Start nesting on the 11th large board, remaining blocks count: 105
Utilization of the 11th large board: 98.74133297500671, Time taken for this board: 11.005s
-------------------------------------------------------------------
Start nesting on the 12th large board, remaining blocks count: 96
Utilization of the 12th large board: 98.83364686912121, Time taken for this board: 11.91s
-------------------------------------------------------------------
Start nesting on the 13th large board, remaining blocks count: 86
Utilization of the 13th large board: 98.30243886052136, Time taken for this board: 12.763s
-------------------------------------------------------------------
Start nesting on the 14th large board, remaining blocks count: 74
Utilization of the 14th large board: 98.92896734748723, Time taken for this board: 13.306000000000001s
-------------------------------------------------------------------
Start nesting on the 15th large board, remaining blocks count: 71
Utilization of the 15th large board: 97.57605482397206, Time taken for this board: 13.681000000000001s
-------------------------------------------------------------------
Start nesting on the 16th large board, remaining blocks count: 63
Utilization of the 16th large board: 97.8863544746036, Time taken for this board: 13.802s
-------------------------------------------------------------------
Start nesting on the 17th large board, remaining blocks count: 58
Utilization of the 17th large board: 97.41509338887396, Time taken for this board: 13.933s
-------------------------------------------------------------------
Start nesting on the 18th large board, remaining blocks count: 48
Utilization of the 18th large board: 96.36374630475679, Time taken for this board: 14.022s
-------------------------------------------------------------------
Start nesting on the 19th large board, remaining blocks count: 40
Utilization of the 19th large board: 98.39863276001076, Time taken for this board: 14.085s
-------------------------------------------------------------------
Start nesting on the 20th large board, remaining blocks count: 24
Utilization of the 20th large board: 96.14663396936307, Time taken for this board: 14.095s
-------------------------------------------------------------------
Start nesting on the 21th large board, remaining blocks count: 10
Utilization of the 21th large board: 69.93029427573232, Time taken for this board: 14.096s
-------------------------------------------------------------------
Found solution: 21


Start improving solution by repacking.
Selecting boards with low utilization for repacking...
iter30		 Improve solution by repack 0.6993029427573233->0.6899707739854878 , unplacedBoxesSize:7
currentRepackCostTime:0.354s , currentRepackMaxTime:312.1335081967213s
Selecting boards with low utilization for repacking...
iter3		 Improve solution by repack 0.9614663396936308->0.7574408761085729 , unplacedBoxesSize:6
currentRepackCostTime:4.8580000000000005s , currentRepackMaxTime:312.1335081967213s
iter1		 Improve solution by repack 0.7574408761085729->0.7559575718892771 , unplacedBoxesSize:9
currentRepackCostTime:4.871s , currentRepackMaxTime:312.1335081967213s
iter9		 Improve solution by repack 0.7559575718892771->0.7528063692555764 , unplacedBoxesSize:12
currentRepackCostTime:5.001s , currentRepackMaxTime:312.1335081967213s
iter19		 Improve solution by repack 0.7528063692555764->0.7407995162590701 , unplacedBoxesSize:11
currentRepackCostTime:5.313s , currentRepackMaxTime:312.1335081967213s
iter11		 Improve solution by repack 0.7407995162590701->0.7336453574307982 , unplacedBoxesSize:10
currentRepackCostTime:5.4830000000000005s , currentRepackMaxTime:312.1335081967213s
iter4		 Improve solution by repack 0.7336453574307982->0.729026303413061 , unplacedBoxesSize:13
currentRepackCostTime:5.542s , currentRepackMaxTime:312.1335081967213s
iter2		 Improve solution by repack 0.729026303413061->0.7279217616232196 , unplacedBoxesSize:13
currentRepackCostTime:5.58s , currentRepackMaxTime:312.1335081967213s
iter15		 Improve solution by repack 0.7279217616232196->0.7091480784735286 , unplacedBoxesSize:11
currentRepackCostTime:5.8660000000000005s , currentRepackMaxTime:312.1335081967213s
iter56		 Improve solution by repack 0.7091480784735286->0.7083418435904327 , unplacedBoxesSize:11
currentRepackCostTime:6.715s , currentRepackMaxTime:312.1335081967213s
iter15		 Improve solution by repack 0.7083418435904327->0.7062295081967213 , unplacedBoxesSize:11
currentRepackCostTime:6.97s , currentRepackMaxTime:312.1335081967213s
iter17		 Improve solution by repack 0.7062295081967213->0.7059876377317925 , unplacedBoxesSize:8
currentRepackCostTime:7.232s , currentRepackMaxTime:312.1335081967213s
iter89		 Improve solution by repack 0.7059876377317925->0.7053597823165816 , unplacedBoxesSize:12
currentRepackCostTime:8.525s , currentRepackMaxTime:312.1335081967213s
iter10		 Improve solution by repack 0.7053597823165816->0.7042849704380543 , unplacedBoxesSize:15
currentRepackCostTime:8.687s , currentRepackMaxTime:312.1335081967213s
iter54		 Improve solution by repack 0.7042849704380543->0.7020829414135985 , unplacedBoxesSize:17
currentRepackCostTime:9.713000000000001s , currentRepackMaxTime:312.1335081967213s
iter8		 Improve solution by repack 0.7020829414135985->0.7012787221177104 , unplacedBoxesSize:17
currentRepackCostTime:9.878s , currentRepackMaxTime:312.1335081967213s
iter3		 Improve solution by repack 0.7012787221177104->0.7003559191077667 , unplacedBoxesSize:10
currentRepackCostTime:9.943s , currentRepackMaxTime:312.1335081967213s
iter14		 Improve solution by repack 0.7003559191077667->0.6984926766998119 , unplacedBoxesSize:7
currentRepackCostTime:10.154s , currentRepackMaxTime:312.1335081967213s
iter54		 Improve solution by repack 0.6984926766998119->0.6950638269282451 , unplacedBoxesSize:7
currentRepackCostTime:10.883000000000001s , currentRepackMaxTime:312.1335081967213s
iter40		 Improve solution by repack 0.6950638269282451->0.6925403117441548 , unplacedBoxesSize:8
currentRepackCostTime:11.444s , currentRepackMaxTime:312.1335081967213s
iter2		 Improve solution by repack 0.6925403117441548->0.6913144987906477 , unplacedBoxesSize:9
currentRepackCostTime:11.472s , currentRepackMaxTime:312.1335081967213s
iter22		 Improve solution by repack 0.6913144987906477->0.6908368046224134 , unplacedBoxesSize:9
currentRepackCostTime:11.821s , currentRepackMaxTime:312.1335081967213s
iter21		 Improve solution by repack 0.6908368046224134->0.6875178043536684 , unplacedBoxesSize:9
currentRepackCostTime:12.104000000000001s , currentRepackMaxTime:312.1335081967213s
iter63		 Improve solution by repack 0.6875178043536684->0.6706386052136523 , unplacedBoxesSize:10
currentRepackCostTime:13.082s , currentRepackMaxTime:312.1335081967213s
iter20		 Improve solution by repack 0.6706386052136523->0.6693748320343994 , unplacedBoxesSize:9
currentRepackCostTime:13.4s , currentRepackMaxTime:312.1335081967213s
iter20		 Improve solution by repack 0.6693748320343994->0.6692448266595001 , unplacedBoxesSize:10
currentRepackCostTime:13.683s , currentRepackMaxTime:312.1335081967213s
iter1		 Improve solution by repack 0.6692448266595001->0.669021096479441 , unplacedBoxesSize:10
currentRepackCostTime:13.692s , currentRepackMaxTime:312.1335081967213s
iter12		 Improve solution by repack 0.669021096479441->0.6688974737973663 , unplacedBoxesSize:9
currentRepackCostTime:13.899000000000001s , currentRepackMaxTime:312.1335081967213s
iter16		 Improve solution by repack 0.6688974737973663->0.6676074979844128 , unplacedBoxesSize:9
currentRepackCostTime:14.181000000000001s , currentRepackMaxTime:312.1335081967213s
iter63		 Improve solution by repack 0.6676074979844128->0.6660339962375705 , unplacedBoxesSize:10
currentRepackCostTime:15.097s , currentRepackMaxTime:312.1335081967213s
iter71		 Improve solution by repack 0.6660339962375705->0.6571555025530772 , unplacedBoxesSize:10
currentRepackCostTime:16.227s , currentRepackMaxTime:312.1335081967213s
iter22		 Improve solution by repack 0.6571555025530772->0.6570318798710024 , unplacedBoxesSize:9
currentRepackCostTime:16.592s , currentRepackMaxTime:312.1335081967213s
iter60		 Improve solution by repack 0.6570318798710024->0.6566161650094061 , unplacedBoxesSize:7
currentRepackCostTime:17.507s , currentRepackMaxTime:312.1335081967213s
Selecting boards with low utilization for repacking...
iter24		 Improve solution by repack 0.9741509338887396->0.665715365493147 , unplacedBoxesSize:7
currentRepackCostTime:22.153s , currentRepackMaxTime:312.1335081967213s
iter110		 Improve solution by repack 0.665715365493147->0.6609491736092448 , unplacedBoxesSize:8
currentRepackCostTime:23.577s , currentRepackMaxTime:312.1335081967213s
iter77		 Improve solution by repack 0.6609491736092448->0.6606485151840903 , unplacedBoxesSize:8
currentRepackCostTime:24.739s , currentRepackMaxTime:312.1335081967213s
iter121		 Improve solution by repack 0.6606485151840903->0.6594819940876109 , unplacedBoxesSize:7
currentRepackCostTime:26.428s , currentRepackMaxTime:312.1335081967213s
iter128		 Improve solution by repack 0.6594819940876109->0.6585165278151035 , unplacedBoxesSize:7
currentRepackCostTime:28.222s , currentRepackMaxTime:312.1335081967213s
iter29		 Improve solution by repack 0.6585165278151035->0.6577667293738243 , unplacedBoxesSize:11
currentRepackCostTime:28.624000000000002s , currentRepackMaxTime:312.1335081967213s
iter21		 Improve solution by repack 0.6577667293738243->0.656924213920989 , unplacedBoxesSize:11
currentRepackCostTime:28.971s , currentRepackMaxTime:312.1335081967213s
iter2		 Improve solution by repack 0.656924213920989->0.6555499193765117 , unplacedBoxesSize:10
currentRepackCostTime:28.986s , currentRepackMaxTime:312.1335081967213s
iter2		 Improve solution by repack 0.6555499193765117->0.649881248320344 , unplacedBoxesSize:5
currentRepackCostTime:29.011s , currentRepackMaxTime:312.1335081967213s
iter189		 Improve solution by repack 0.649881248320344->0.6465335259338888 , unplacedBoxesSize:8
currentRepackCostTime:31.246000000000002s , currentRepackMaxTime:312.1335081967213s
iter18		 Improve solution by repack 0.6465335259338888->0.6456910104810535 , unplacedBoxesSize:8
currentRepackCostTime:31.533s , currentRepackMaxTime:312.1335081967213s
iter39		 Improve solution by repack 0.6456910104810535->0.6428008263907552 , unplacedBoxesSize:10
currentRepackCostTime:32.103s , currentRepackMaxTime:312.1335081967213s
iter14		 Improve solution by repack 0.6428008263907552->0.6390079951625907 , unplacedBoxesSize:12
currentRepackCostTime:32.315s , currentRepackMaxTime:312.1335081967213s
iter6		 Improve solution by repack 0.6390079951625907->0.6375586199946252 , unplacedBoxesSize:10
currentRepackCostTime:32.425s , currentRepackMaxTime:312.1335081967213s
iter171		 Improve solution by repack 0.6375586199946252->0.636139310669175 , unplacedBoxesSize:9
currentRepackCostTime:35.059s , currentRepackMaxTime:312.1335081967213s
iter49		 Improve solution by repack 0.636139310669175->0.6320157551733405 , unplacedBoxesSize:9
currentRepackCostTime:35.777s , currentRepackMaxTime:312.1335081967213s
iter37		 Improve solution by repack 0.6320157551733405->0.6312095202902446 , unplacedBoxesSize:9
currentRepackCostTime:36.304s , currentRepackMaxTime:312.1335081967213s
Selecting boards with low utilization for repacking...
iter2		 Improve solution by repack 0.9753054835044342->0.6351157282988443 , unplacedBoxesSize:9
currentRepackCostTime:40.541000000000004s , currentRepackMaxTime:312.1335081967213s
iter42		 Improve solution by repack 0.6351157282988443->0.6350391359849503 , unplacedBoxesSize:9
currentRepackCostTime:41.092s , currentRepackMaxTime:312.1335081967213s
iter3		 Improve solution by repack 0.6350391359849503->0.6312095202902446 , unplacedBoxesSize:9
currentRepackCostTime:41.128s , currentRepackMaxTime:312.1335081967213s
Selecting boards with low utilization for repacking...
iter6		 Improve solution by repack 0.97522889119054->0.640842179521634 , unplacedBoxesSize:8
currentRepackCostTime:46.074s , currentRepackMaxTime:312.1335081967213s
iter52		 Improve solution by repack 0.640842179521634->0.6393039505509271 , unplacedBoxesSize:7
currentRepackCostTime:46.869s , currentRepackMaxTime:312.1335081967213s
iter23		 Improve solution by repack 0.6393039505509271->0.6359594195108842 , unplacedBoxesSize:6
currentRepackCostTime:47.176s , currentRepackMaxTime:312.1335081967213s
iter40		 Improve solution by repack 0.6359594195108842->0.6344006987368986 , unplacedBoxesSize:6
currentRepackCostTime:47.673s , currentRepackMaxTime:312.1335081967213s
iter65		 Improve solution by repack 0.6344006987368986->0.6216243494006988 , unplacedBoxesSize:5
currentRepackCostTime:48.427s , currentRepackMaxTime:312.1335081967213s
Selecting boards with low utilization for repacking...
iter4		 Improve solution by repack 0.9788635447460361->0.6781725342649825 , unplacedBoxesSize:3
currentRepackCostTime:50.706s , currentRepackMaxTime:312.1335081967213s
iter6		 Improve solution by repack 0.6781725342649825->0.6596751545283526 , unplacedBoxesSize:9
currentRepackCostTime:50.763s , currentRepackMaxTime:312.1335081967213s
iter13		 Improve solution by repack 0.6596751545283526->0.6596549986562752 , unplacedBoxesSize:9
currentRepackCostTime:50.961s , currentRepackMaxTime:312.1335081967213s
iter15		 Improve solution by repack 0.6596549986562752->0.6505643644181672 , unplacedBoxesSize:5
currentRepackCostTime:51.168s , currentRepackMaxTime:312.1335081967213s
iter46		 Improve solution by repack 0.6505643644181672->0.6472158022037087 , unplacedBoxesSize:5
currentRepackCostTime:51.730000000000004s , currentRepackMaxTime:312.1335081967213s
iter53		 Improve solution by repack 0.6472158022037087->0.64093489653319 , unplacedBoxesSize:7
currentRepackCostTime:52.368s , currentRepackMaxTime:312.1335081967213s
iter18		 Improve solution by repack 0.64093489653319->0.640028890083311 , unplacedBoxesSize:8
currentRepackCostTime:52.603s , currentRepackMaxTime:312.1335081967213s
iter29		 Improve solution by repack 0.640028890083311->0.639850510615426 , unplacedBoxesSize:7
currentRepackCostTime:53.028s , currentRepackMaxTime:312.1335081967213s
iter32		 Improve solution by repack 0.639850510615426->0.6392347487234614 , unplacedBoxesSize:8
currentRepackCostTime:53.448s , currentRepackMaxTime:312.1335081967213s
iter33		 Improve solution by repack 0.6392347487234614->0.6383075786079011 , unplacedBoxesSize:8
currentRepackCostTime:53.974000000000004s , currentRepackMaxTime:312.1335081967213s
iter5		 Improve solution by repack 0.6383075786079011->0.6327925960763235 , unplacedBoxesSize:7
currentRepackCostTime:54.034s , currentRepackMaxTime:312.1335081967213s
iter55		 Improve solution by repack 0.6327925960763235->0.6322604810534802 , unplacedBoxesSize:7
currentRepackCostTime:54.809000000000005s , currentRepackMaxTime:312.1335081967213s
Selecting boards with low utilization for repacking...
iter10		 Improve solution by repack 0.980880979575383->0.6788081160978232 , unplacedBoxesSize:4
currentRepackCostTime:58.437000000000005s , currentRepackMaxTime:312.1335081967213s
iter41		 Improve solution by repack 0.6788081160978232->0.6636898683149691 , unplacedBoxesSize:7
currentRepackCostTime:58.922000000000004s , currentRepackMaxTime:312.1335081967213s
iter17		 Improve solution by repack 0.6636898683149691->0.6590217683418436 , unplacedBoxesSize:8
currentRepackCostTime:59.146s , currentRepackMaxTime:312.1335081967213s
iter16		 Improve solution by repack 0.6590217683418436->0.6576835864015049 , unplacedBoxesSize:8
currentRepackCostTime:59.383s , currentRepackMaxTime:312.1335081967213s
iter36		 Improve solution by repack 0.6576835864015049->0.654235420585864 , unplacedBoxesSize:8
currentRepackCostTime:59.927s , currentRepackMaxTime:312.1335081967213s
iter64		 Improve solution by repack 0.654235420585864->0.6539478634775597 , unplacedBoxesSize:5
currentRepackCostTime:60.889s , currentRepackMaxTime:312.1335081967213s
iter16		 Improve solution by repack 0.6539478634775597->0.6380204794732599 , unplacedBoxesSize:7
currentRepackCostTime:61.086s , currentRepackMaxTime:312.1335081967213s
iter48		 Improve solution by repack 0.6380204794732599->0.637328675087342 , unplacedBoxesSize:6
currentRepackCostTime:61.765s , currentRepackMaxTime:312.1335081967213s
iter21		 Improve solution by repack 0.637328675087342->0.6370827734479978 , unplacedBoxesSize:6
currentRepackCostTime:62.047000000000004s , currentRepackMaxTime:312.1335081967213s
iter13		 Improve solution by repack 0.6370827734479978->0.6362442891695781 , unplacedBoxesSize:6
currentRepackCostTime:62.219s , currentRepackMaxTime:312.1335081967213s
iter26		 Improve solution by repack 0.6362442891695781->0.6361891964525666 , unplacedBoxesSize:7
currentRepackCostTime:62.527s , currentRepackMaxTime:312.1335081967213s
iter52		 Improve solution by repack 0.6361891964525666->0.6356570814297232 , unplacedBoxesSize:7
currentRepackCostTime:63.207s , currentRepackMaxTime:312.1335081967213s
iter55		 Improve solution by repack 0.6356570814297232->0.6354582101585595 , unplacedBoxesSize:6
currentRepackCostTime:63.954s , currentRepackMaxTime:312.1335081967213s
Selecting boards with low utilization for repacking...
iter17		 Improve solution by repack 0.9791312819134641->0.9790587207739856 , unplacedBoxesSize:10
currentRepackCostTime:68.452s , currentRepackMaxTime:312.1335081967213s
iter13		 Improve solution by repack 0.9790587207739856->0.6669537758667025 , unplacedBoxesSize:10
currentRepackCostTime:68.636s , currentRepackMaxTime:312.1335081967213s
iter12		 Improve solution by repack 0.6669537758667025->0.663966675624832 , unplacedBoxesSize:10
currentRepackCostTime:68.803s , currentRepackMaxTime:312.1335081967213s
iter36		 Improve solution by repack 0.663966675624832->0.6589835942273582 , unplacedBoxesSize:10
currentRepackCostTime:69.325s , currentRepackMaxTime:312.1335081967213s
iter3		 Improve solution by repack 0.6589835942273582->0.6547209632141898 , unplacedBoxesSize:9
currentRepackCostTime:69.368s , currentRepackMaxTime:312.1335081967213s
iter21		 Improve solution by repack 0.6547209632141898->0.6538442287019619 , unplacedBoxesSize:10
currentRepackCostTime:69.71600000000001s , currentRepackMaxTime:312.1335081967213s
iter6		 Improve solution by repack 0.6538442287019619->0.6519910642300457 , unplacedBoxesSize:7
currentRepackCostTime:69.797s , currentRepackMaxTime:312.1335081967213s
iter40		 Improve solution by repack 0.6519910642300457->0.6470034936844934 , unplacedBoxesSize:8
currentRepackCostTime:70.395s , currentRepackMaxTime:312.1335081967213s
iter11		 Improve solution by repack 0.6470034936844934->0.6455442085460897 , unplacedBoxesSize:8
currentRepackCostTime:70.553s , currentRepackMaxTime:312.1335081967213s
iter26		 Improve solution by repack 0.6455442085460897->0.6440849234076861 , unplacedBoxesSize:8
currentRepackCostTime:70.96900000000001s , currentRepackMaxTime:312.1335081967213s
iter20		 Improve solution by repack 0.6440849234076861->0.6435528083848427 , unplacedBoxesSize:8
currentRepackCostTime:71.278s , currentRepackMaxTime:312.1335081967213s
iter35		 Improve solution by repack 0.6435528083848427->0.6430206933619994 , unplacedBoxesSize:8
currentRepackCostTime:71.791s , currentRepackMaxTime:312.1335081967213s
Selecting boards with low utilization for repacking...
iter3		 Improve solution by repack 0.974935669174953->0.6579192421392098 , unplacedBoxesSize:9
currentRepackCostTime:76.97200000000001s , currentRepackMaxTime:312.1335081967213s
iter5		 Improve solution by repack 0.6579192421392098->0.6572641762966944 , unplacedBoxesSize:9
currentRepackCostTime:77.061s , currentRepackMaxTime:312.1335081967213s
iter2		 Improve solution by repack 0.6572641762966944->0.656205993012631 , unplacedBoxesSize:11
currentRepackCostTime:77.10000000000001s , currentRepackMaxTime:312.1335081967213s
iter6		 Improve solution by repack 0.656205993012631->0.6515194168234345 , unplacedBoxesSize:9
currentRepackCostTime:77.18900000000001s , currentRepackMaxTime:312.1335081967213s
iter6		 Improve solution by repack 0.6515194168234345->0.6507786885245902 , unplacedBoxesSize:9
currentRepackCostTime:77.275s , currentRepackMaxTime:312.1335081967213s
iter32		 Improve solution by repack 0.6507786885245902->0.6487872883633432 , unplacedBoxesSize:9
currentRepackCostTime:77.81700000000001s , currentRepackMaxTime:312.1335081967213s
iter4		 Improve solution by repack 0.6487872883633432->0.6461270491803278 , unplacedBoxesSize:12
currentRepackCostTime:77.883s , currentRepackMaxTime:312.1335081967213s
iter10		 Improve solution by repack 0.6461270491803278->0.641280233808116 , unplacedBoxesSize:9
currentRepackCostTime:78.09100000000001s , currentRepackMaxTime:312.1335081967213s
iter4		 Improve solution by repack 0.641280233808116->0.6407435837140554 , unplacedBoxesSize:10
currentRepackCostTime:78.145s , currentRepackMaxTime:312.1335081967213s
iter33		 Improve solution by repack 0.6407435837140554->0.6373694907282988 , unplacedBoxesSize:10
currentRepackCostTime:78.672s , currentRepackMaxTime:312.1335081967213s
iter23		 Improve solution by repack 0.6373694907282988->0.6372546022574577 , unplacedBoxesSize:9
currentRepackCostTime:79.086s , currentRepackMaxTime:312.1335081967213s
iter84		 Improve solution by repack 0.6372546022574577->0.6339035205589895 , unplacedBoxesSize:13
currentRepackCostTime:80.34100000000001s , currentRepackMaxTime:312.1335081967213s
iter72		 Improve solution by repack 0.6339035205589895->0.6333714055361462 , unplacedBoxesSize:13
currentRepackCostTime:81.854s , currentRepackMaxTime:312.1335081967213s
iter33		 Improve solution by repack 0.6333714055361462->0.6317189599570008 , unplacedBoxesSize:11
currentRepackCostTime:82.545s , currentRepackMaxTime:312.1335081967213s
iter10		 Improve solution by repack 0.6317189599570008->0.6298558855146466 , unplacedBoxesSize:11
currentRepackCostTime:82.686s , currentRepackMaxTime:312.1335081967213s
iter39		 Improve solution by repack 0.6298558855146466->0.629455455522709 , unplacedBoxesSize:11
currentRepackCostTime:83.35300000000001s , currentRepackMaxTime:312.1335081967213s
iter5		 Improve solution by repack 0.629455455522709->0.6270004703036819 , unplacedBoxesSize:11
currentRepackCostTime:83.433s , currentRepackMaxTime:312.1335081967213s
iter1		 Improve solution by repack 0.6270004703036819->0.6261579548508466 , unplacedBoxesSize:11
currentRepackCostTime:83.44500000000001s , currentRepackMaxTime:312.1335081967213s
iter30		 Improve solution by repack 0.6261579548508466->0.6227878930395054 , unplacedBoxesSize:12
currentRepackCostTime:83.999s , currentRepackMaxTime:312.1335081967213s
iter77		 Improve solution by repack 0.6227878930395054->0.6206816044074174 , unplacedBoxesSize:12
currentRepackCostTime:85.57300000000001s , currentRepackMaxTime:312.1335081967213s
iter33		 Improve solution by repack 0.6206816044074174->0.6192760682612201 , unplacedBoxesSize:10
currentRepackCostTime:86.209s , currentRepackMaxTime:312.1335081967213s
iter150		 Improve solution by repack 0.6192760682612201->0.6173659634506853 , unplacedBoxesSize:9
currentRepackCostTime:88.753s , currentRepackMaxTime:312.1335081967213s
iter13		 Improve solution by repack 0.6173659634506853->0.6166635313087879 , unplacedBoxesSize:10
currentRepackCostTime:88.958s , currentRepackMaxTime:312.1335081967213s
Selecting boards with low utilization for repacking...
iter3		 Improve solution by repack 0.9788635447460361->0.6544438658962645 , unplacedBoxesSize:7
currentRepackCostTime:93.54s , currentRepackMaxTime:312.1335081967213s
iter3		 Improve solution by repack 0.6544438658962645->0.6536013504434292 , unplacedBoxesSize:7
currentRepackCostTime:93.566s , currentRepackMaxTime:312.1335081967213s
iter17		 Improve solution by repack 0.6536013504434292->0.6428646533190002 , unplacedBoxesSize:8
currentRepackCostTime:93.82300000000001s , currentRepackMaxTime:312.1335081967213s
iter7		 Improve solution by repack 0.6428646533190002->0.6413475880139747 , unplacedBoxesSize:12
currentRepackCostTime:93.93900000000001s , currentRepackMaxTime:312.1335081967213s
iter10		 Improve solution by repack 0.6413475880139747->0.6377002149959689 , unplacedBoxesSize:10
currentRepackCostTime:94.13s , currentRepackMaxTime:312.1335081967213s
iter1		 Improve solution by repack 0.6377002149959689->0.6336715600644988 , unplacedBoxesSize:9
currentRepackCostTime:94.147s , currentRepackMaxTime:312.1335081967213s
iter12		 Improve solution by repack 0.6336715600644988->0.6332543335124966 , unplacedBoxesSize:9
currentRepackCostTime:94.328s , currentRepackMaxTime:312.1335081967213s
iter8		 Improve solution by repack 0.6332543335124966->0.6279320075248589 , unplacedBoxesSize:10
currentRepackCostTime:94.468s , currentRepackMaxTime:312.1335081967213s
iter1		 Improve solution by repack 0.6279320075248589->0.6231369255576458 , unplacedBoxesSize:10
currentRepackCostTime:94.48100000000001s , currentRepackMaxTime:312.1335081967213s
iter2		 Improve solution by repack 0.6231369255576458->0.6229014377855415 , unplacedBoxesSize:12
currentRepackCostTime:94.509s , currentRepackMaxTime:312.1335081967213s
iter11		 Improve solution by repack 0.6229014377855415->0.6220085326525128 , unplacedBoxesSize:12
currentRepackCostTime:94.69200000000001s , currentRepackMaxTime:312.1335081967213s
iter3		 Improve solution by repack 0.6220085326525128->0.6215973528621339 , unplacedBoxesSize:11
currentRepackCostTime:94.729s , currentRepackMaxTime:312.1335081967213s
iter17		 Improve solution by repack 0.6215973528621339->0.6210652378392905 , unplacedBoxesSize:11
currentRepackCostTime:95.002s , currentRepackMaxTime:312.1335081967213s
iter23		 Improve solution by repack 0.6210652378392905->0.616694772910508 , unplacedBoxesSize:8
currentRepackCostTime:95.391s , currentRepackMaxTime:312.1335081967213s
iter6		 Improve solution by repack 0.616694772910508->0.6138771499596883 , unplacedBoxesSize:7
currentRepackCostTime:95.458s , currentRepackMaxTime:312.1335081967213s
Selecting boards with low utilization for repacking...
iter8		 Improve solution by repack 0.9788635447460361->0.6506271835528084 , unplacedBoxesSize:8
currentRepackCostTime:99.004s , currentRepackMaxTime:312.1335081967213s
iter27		 Improve solution by repack 0.6506271835528084->0.6490197527546359 , unplacedBoxesSize:7
currentRepackCostTime:99.394s , currentRepackMaxTime:312.1335081967213s
iter72		 Improve solution by repack 0.6490197527546359->0.6481409567320613 , unplacedBoxesSize:9
currentRepackCostTime:100.36s , currentRepackMaxTime:312.1335081967213s
iter14		 Improve solution by repack 0.6481409567320613->0.647608841709218 , unplacedBoxesSize:9
currentRepackCostTime:100.568s , currentRepackMaxTime:312.1335081967213s
iter2		 Improve solution by repack 0.647608841709218->0.6430947661918839 , unplacedBoxesSize:9
currentRepackCostTime:100.592s , currentRepackMaxTime:312.1335081967213s
iter6		 Improve solution by repack 0.6430947661918839->0.6382178849771567 , unplacedBoxesSize:7
currentRepackCostTime:100.69800000000001s , currentRepackMaxTime:312.1335081967213s
iter129		 Improve solution by repack 0.6382178849771567->0.6376857699543134 , unplacedBoxesSize:7
currentRepackCostTime:102.48100000000001s , currentRepackMaxTime:312.1335081967213s
iter53		 Improve solution by repack 0.6376857699543134->0.6368115090029561 , unplacedBoxesSize:8
currentRepackCostTime:103.206s , currentRepackMaxTime:312.1335081967213s
iter2		 Improve solution by repack 0.6368115090029561->0.6270194504165547 , unplacedBoxesSize:9
currentRepackCostTime:103.22800000000001s , currentRepackMaxTime:312.1335081967213s
iter3		 Improve solution by repack 0.6270194504165547->0.6189589492072024 , unplacedBoxesSize:5
currentRepackCostTime:103.291s , currentRepackMaxTime:312.1335081967213s
iter4		 Improve solution by repack 0.6189589492072024->0.6173525262026337 , unplacedBoxesSize:5
currentRepackCostTime:103.33200000000001s , currentRepackMaxTime:312.1335081967213s
iter44		 Improve solution by repack 0.6173525262026337->0.6168204111797904 , unplacedBoxesSize:5
currentRepackCostTime:103.932s , currentRepackMaxTime:312.1335081967213s
iter5		 Improve solution by repack 0.6168204111797904->0.6136304084923407 , unplacedBoxesSize:3
currentRepackCostTime:104.004s , currentRepackMaxTime:312.1335081967213s
iter60		 Improve solution by repack 0.6136304084923407->0.6126310131685031 , unplacedBoxesSize:5
currentRepackCostTime:104.613s , currentRepackMaxTime:312.1335081967213s
Selecting boards with low utilization for repacking...
iter2		 Improve solution by repack 0.9810173676431067->0.6511920518677775 , unplacedBoxesSize:6
currentRepackCostTime:108.96300000000001s , currentRepackMaxTime:312.1335081967213s
iter11		 Improve solution by repack 0.6511920518677775->0.6509068462778823 , unplacedBoxesSize:6
currentRepackCostTime:109.111s , currentRepackMaxTime:312.1335081967213s
iter5		 Improve solution by repack 0.6509068462778823->0.6494475611394787 , unplacedBoxesSize:6
currentRepackCostTime:109.174s , currentRepackMaxTime:312.1335081967213s
iter17		 Improve solution by repack 0.6494475611394787->0.6420140755173341 , unplacedBoxesSize:6
currentRepackCostTime:109.395s , currentRepackMaxTime:312.1335081967213s
iter3		 Improve solution by repack 0.6420140755173341->0.6396633969363075 , unplacedBoxesSize:10
currentRepackCostTime:109.43900000000001s , currentRepackMaxTime:312.1335081967213s
iter10		 Improve solution by repack 0.6396633969363075->0.6376694772910508 , unplacedBoxesSize:9
currentRepackCostTime:109.59s , currentRepackMaxTime:312.1335081967213s
iter5		 Improve solution by repack 0.6376694772910508->0.6371373622682075 , unplacedBoxesSize:9
currentRepackCostTime:109.643s , currentRepackMaxTime:312.1335081967213s
iter79		 Improve solution by repack 0.6371373622682075->0.6370236495565709 , unplacedBoxesSize:8
currentRepackCostTime:110.828s , currentRepackMaxTime:312.1335081967213s
iter5		 Improve solution by repack 0.6370236495565709->0.6317508734211233 , unplacedBoxesSize:9
currentRepackCostTime:110.881s , currentRepackMaxTime:312.1335081967213s
iter31		 Improve solution by repack 0.6317508734211233->0.6302915882827197 , unplacedBoxesSize:9
currentRepackCostTime:111.346s , currentRepackMaxTime:312.1335081967213s
iter7		 Improve solution by repack 0.6302915882827197->0.6251195915076593 , unplacedBoxesSize:8
currentRepackCostTime:111.465s , currentRepackMaxTime:312.1335081967213s
iter81		 Improve solution by repack 0.6251195915076593->0.6244821620532115 , unplacedBoxesSize:7
currentRepackCostTime:112.636s , currentRepackMaxTime:312.1335081967213s
iter44		 Improve solution by repack 0.6244821620532115->0.6231814364418167 , unplacedBoxesSize:7
currentRepackCostTime:113.239s , currentRepackMaxTime:312.1335081967213s
iter95		 Improve solution by repack 0.6231814364418167->0.6210701088417092 , unplacedBoxesSize:8
currentRepackCostTime:114.553s , currentRepackMaxTime:312.1335081967213s
iter18		 Improve solution by repack 0.6210701088417092->0.6187123757054556 , unplacedBoxesSize:7
currentRepackCostTime:114.83s , currentRepackMaxTime:312.1335081967213s
iter34		 Improve solution by repack 0.6187123757054556->0.6183680462241333 , unplacedBoxesSize:7
currentRepackCostTime:115.28s , currentRepackMaxTime:312.1335081967213s
iter25		 Improve solution by repack 0.6183680462241333->0.6179629131953776 , unplacedBoxesSize:11
currentRepackCostTime:115.629s , currentRepackMaxTime:312.1335081967213s
iter22		 Improve solution by repack 0.6179629131953776->0.6170731534856222 , unplacedBoxesSize:10
currentRepackCostTime:115.998s , currentRepackMaxTime:312.1335081967213s
iter101		 Improve solution by repack 0.6170731534856222->0.6135870733673743 , unplacedBoxesSize:14
currentRepackCostTime:117.71300000000001s , currentRepackMaxTime:312.1335081967213s
iter20		 Improve solution by repack 0.6135870733673743->0.6107538296156947 , unplacedBoxesSize:14
currentRepackCostTime:118.186s , currentRepackMaxTime:312.1335081967213s
iter22		 Improve solution by repack 0.6107538296156947->0.6104728231658156 , unplacedBoxesSize:9
currentRepackCostTime:118.607s , currentRepackMaxTime:312.1335081967213s
iter49		 Improve solution by repack 0.6104728231658156->0.6099407081429723 , unplacedBoxesSize:9
currentRepackCostTime:119.379s , currentRepackMaxTime:312.1335081967213s
iter126		 Improve solution by repack 0.6099407081429723->0.6093382155334588 , unplacedBoxesSize:8
currentRepackCostTime:121.31700000000001s , currentRepackMaxTime:312.1335081967213s
iter71		 Improve solution by repack 0.6093382155334588->0.6088605213652244 , unplacedBoxesSize:8
currentRepackCostTime:122.42s , currentRepackMaxTime:312.1335081967213s
Selecting boards with low utilization for repacking...
iter4		 Improve solution by repack 0.9790798844396666->0.9773402647137867 , unplacedBoxesSize:8
currentRepackCostTime:126.43900000000001s , currentRepackMaxTime:312.1335081967213s
iter10		 Improve solution by repack 0.9773402647137867->0.6461527479172265 , unplacedBoxesSize:7
currentRepackCostTime:126.58s , currentRepackMaxTime:312.1335081967213s
iter16		 Improve solution by repack 0.6461527479172265->0.6328735554958345 , unplacedBoxesSize:6
currentRepackCostTime:126.816s , currentRepackMaxTime:312.1335081967213s
iter28		 Improve solution by repack 0.6328735554958345->0.6292219833378124 , unplacedBoxesSize:5
currentRepackCostTime:127.221s , currentRepackMaxTime:312.1335081967213s
Selecting boards with low utilization for repacking...
iter2		 Improve solution by repack 0.9803025060467616->0.6350334251545283 , unplacedBoxesSize:8
currentRepackCostTime:131.548s , currentRepackMaxTime:312.1335081967213s
iter2		 Improve solution by repack 0.6350334251545283->0.6240363813490997 , unplacedBoxesSize:7
currentRepackCostTime:131.576s , currentRepackMaxTime:312.1335081967213s
iter5		 Improve solution by repack 0.6240363813490997->0.6185111529158829 , unplacedBoxesSize:7
currentRepackCostTime:131.64000000000001s , currentRepackMaxTime:312.1335081967213s
Selecting boards with low utilization for repacking...
iter1		 Improve solution by repack 0.9807340096748186->0.9801182477828541 , unplacedBoxesSize:13
currentRepackCostTime:136.705s , currentRepackMaxTime:312.1335081967213s
iter1		 Improve solution by repack 0.9801182477828541->0.9794631819403385 , unplacedBoxesSize:13
currentRepackCostTime:136.712s , currentRepackMaxTime:312.1335081967213s
iter8		 Improve solution by repack 0.9794631819403385->0.6233082504703037 , unplacedBoxesSize:9
currentRepackCostTime:136.843s , currentRepackMaxTime:312.1335081967213s
iter48		 Improve solution by repack 0.6233082504703037->0.6213168503090567 , unplacedBoxesSize:9
currentRepackCostTime:137.57s , currentRepackMaxTime:312.1335081967213s
iter34		 Improve solution by repack 0.6213168503090567->0.619857565170653 , unplacedBoxesSize:9
currentRepackCostTime:138.13s , currentRepackMaxTime:312.1335081967213s
iter45		 Improve solution by repack 0.619857565170653->0.6193254501478097 , unplacedBoxesSize:9
currentRepackCostTime:138.939s , currentRepackMaxTime:312.1335081967213s
iter102		 Improve solution by repack 0.6193254501478097->0.6185546560064499 , unplacedBoxesSize:5
currentRepackCostTime:140.593s , currentRepackMaxTime:312.1335081967213s
iter83		 Improve solution by repack 0.6185546560064499->0.6175829750067185 , unplacedBoxesSize:7
currentRepackCostTime:141.617s , currentRepackMaxTime:312.1335081967213s
iter50		 Improve solution by repack 0.6175829750067185->0.6175245229776942 , unplacedBoxesSize:12
currentRepackCostTime:142.312s , currentRepackMaxTime:312.1335081967213s
iter123		 Improve solution by repack 0.6175245229776942->0.6158925692018274 , unplacedBoxesSize:11
currentRepackCostTime:144.818s , currentRepackMaxTime:312.1335081967213s
iter17		 Improve solution by repack 0.6158925692018274->0.6157158693899489 , unplacedBoxesSize:8
currentRepackCostTime:145.167s , currentRepackMaxTime:312.1335081967213s
iter54		 Improve solution by repack 0.6157158693899489->0.6149313020693362 , unplacedBoxesSize:7
currentRepackCostTime:145.961s , currentRepackMaxTime:312.1335081967213s
iter40		 Improve solution by repack 0.6149313020693362->0.6149178648212846 , unplacedBoxesSize:8
currentRepackCostTime:146.595s , currentRepackMaxTime:312.1335081967213s
iter4		 Improve solution by repack 0.6149178648212846->0.614845303681806 , unplacedBoxesSize:8
currentRepackCostTime:146.661s , currentRepackMaxTime:312.1335081967213s
iter81		 Improve solution by repack 0.614845303681806->0.6074674146734749 , unplacedBoxesSize:8
currentRepackCostTime:147.951s , currentRepackMaxTime:312.1335081967213s
iter23		 Improve solution by repack 0.6074674146734749->0.6073928379467886 , unplacedBoxesSize:8
currentRepackCostTime:148.292s , currentRepackMaxTime:312.1335081967213s
iter48		 Improve solution by repack 0.6073928379467886->0.6058794678849772 , unplacedBoxesSize:9
currentRepackCostTime:149.089s , currentRepackMaxTime:312.1335081967213s
iter14		 Improve solution by repack 0.6058794678849772->0.6058069067454985 , unplacedBoxesSize:9
currentRepackCostTime:149.335s , currentRepackMaxTime:312.1335081967213s
iter11		 Improve solution by repack 0.6058069067454985->0.604556234883096 , unplacedBoxesSize:9
currentRepackCostTime:149.51500000000001s , currentRepackMaxTime:312.1335081967213s
iter13		 Improve solution by repack 0.604556234883096->0.6040963450685299 , unplacedBoxesSize:7
currentRepackCostTime:149.717s , currentRepackMaxTime:312.1335081967213s
iter35		 Improve solution by repack 0.6040963450685299->0.6032199005643644 , unplacedBoxesSize:9
currentRepackCostTime:150.167s , currentRepackMaxTime:312.1335081967213s
iter21		 Improve solution by repack 0.6032199005643644->0.6027892367643107 , unplacedBoxesSize:10
currentRepackCostTime:150.525s , currentRepackMaxTime:312.1335081967213s
iter6		 Improve solution by repack 0.6027892367643107->0.6027207067992475 , unplacedBoxesSize:10
currentRepackCostTime:150.645s , currentRepackMaxTime:312.1335081967213s
iter10		 Improve solution by repack 0.6027207067992475->0.6015234479978501 , unplacedBoxesSize:10
currentRepackCostTime:150.822s , currentRepackMaxTime:312.1335081967213s
iter27		 Improve solution by repack 0.6015234479978501->0.6006809325450148 , unplacedBoxesSize:10
currentRepackCostTime:151.346s , currentRepackMaxTime:312.1335081967213s
iter11		 Improve solution by repack 0.6006809325450148->0.5980935904326794 , unplacedBoxesSize:10
currentRepackCostTime:151.532s , currentRepackMaxTime:312.1335081967213s
iter17		 Improve solution by repack 0.5980935904326794->0.5979464525665145 , unplacedBoxesSize:10
currentRepackCostTime:151.867s , currentRepackMaxTime:312.1335081967213s
iter38		 Improve solution by repack 0.5979464525665145->0.597329682880946 , unplacedBoxesSize:10
currentRepackCostTime:152.596s , currentRepackMaxTime:312.1335081967213s
iter18		 Improve solution by repack 0.597329682880946->0.5964871674281107 , unplacedBoxesSize:10
currentRepackCostTime:152.928s , currentRepackMaxTime:312.1335081967213s
iter28		 Improve solution by repack 0.5964871674281107->0.5959281779091642 , unplacedBoxesSize:7
currentRepackCostTime:153.389s , currentRepackMaxTime:312.1335081967213s
iter32		 Improve solution by repack 0.5959281779091642->0.5956661515721581 , unplacedBoxesSize:7
currentRepackCostTime:153.809s , currentRepackMaxTime:312.1335081967213s
iter61		 Improve solution by repack 0.5956661515721581->0.5951340365493147 , unplacedBoxesSize:7
currentRepackCostTime:154.67000000000002s , currentRepackMaxTime:312.1335081967213s
Selecting boards with low utilization for repacking...
iter4		 Improve solution by repack 0.9804800456866433->0.6255384977156678 , unplacedBoxesSize:7
currentRepackCostTime:158.074s , currentRepackMaxTime:312.1335081967213s
iter12		 Improve solution by repack 0.6255384977156678->0.6242256785810266 , unplacedBoxesSize:9
currentRepackCostTime:158.212s , currentRepackMaxTime:312.1335081967213s
iter22		 Improve solution by repack 0.6242256785810266->0.6215902983069068 , unplacedBoxesSize:8
currentRepackCostTime:158.58700000000002s , currentRepackMaxTime:312.1335081967213s
iter11		 Improve solution by repack 0.6215902983069068->0.6202774791722656 , unplacedBoxesSize:10
currentRepackCostTime:158.75300000000001s , currentRepackMaxTime:312.1335081967213s
iter12		 Improve solution by repack 0.6202774791722656->0.6152878930395055 , unplacedBoxesSize:10
currentRepackCostTime:158.96s , currentRepackMaxTime:312.1335081967213s
iter18		 Improve solution by repack 0.6152878930395055->0.6150424952969632 , unplacedBoxesSize:11
currentRepackCostTime:159.255s , currentRepackMaxTime:312.1335081967213s
iter21		 Improve solution by repack 0.6150424952969632->0.6120553950550927 , unplacedBoxesSize:11
currentRepackCostTime:159.619s , currentRepackMaxTime:312.1335081967213s
iter25		 Improve solution by repack 0.6120553950550927->0.6110064498790648 , unplacedBoxesSize:12
currentRepackCostTime:160.106s , currentRepackMaxTime:312.1335081967213s
iter39		 Improve solution by repack 0.6110064498790648->0.6090661112604139 , unplacedBoxesSize:9
currentRepackCostTime:160.872s , currentRepackMaxTime:312.1335081967213s
iter58		 Improve solution by repack 0.6090661112604139->0.6083075786079011 , unplacedBoxesSize:9
currentRepackCostTime:161.705s , currentRepackMaxTime:312.1335081967213s
iter16		 Improve solution by repack 0.6083075786079011->0.6066044074173609 , unplacedBoxesSize:9
currentRepackCostTime:161.946s , currentRepackMaxTime:312.1335081967213s
iter146		 Improve solution by repack 0.6066044074173609->0.6053900161246977 , unplacedBoxesSize:9
currentRepackCostTime:164.133s , currentRepackMaxTime:312.1335081967213s
iter96		 Improve solution by repack 0.6053900161246977->0.603930730986294 , unplacedBoxesSize:9
currentRepackCostTime:165.597s , currentRepackMaxTime:312.1335081967213s
Selecting boards with low utilization for repacking...
iter6		 Improve solution by repack 0.9768822225208278->0.603930730986294 , unplacedBoxesSize:9
currentRepackCostTime:170.038s , currentRepackMaxTime:312.1335081967213s
Selecting boards with low utilization for repacking...
iter1		 Improve solution by repack 0.9879582101585596->0.9768096613813491 , unplacedBoxesSize:10
currentRepackCostTime:175.822s , currentRepackMaxTime:312.1335081967213s
iter5		 Improve solution by repack 0.9768096613813491->0.603930730986294 , unplacedBoxesSize:9
currentRepackCostTime:175.881s , currentRepackMaxTime:312.1335081967213s
Selecting boards with low utilization for repacking...
iter1		 Improve solution by repack 0.9890661112604138->0.603930730986294 , unplacedBoxesSize:9
currentRepackCostTime:181.704s , currentRepackMaxTime:312.1335081967213s
Selecting boards with low utilization for repacking...
iter2		 Improve solution by repack 0.9905351384036549->0.9888798374092985 , unplacedBoxesSize:8
currentRepackCostTime:187.598s , currentRepackMaxTime:312.1335081967213s
iter4		 Improve solution by repack 0.9888798374092985->0.9881663195377587 , unplacedBoxesSize:10
currentRepackCostTime:187.655s , currentRepackMaxTime:312.1335081967213s
iter2		 Improve solution by repack 0.9881663195377587->0.6226578876646063 , unplacedBoxesSize:11
currentRepackCostTime:187.673s , currentRepackMaxTime:312.1335081967213s
iter3		 Improve solution by repack 0.6226578876646063->0.6212525194840097 , unplacedBoxesSize:8
currentRepackCostTime:187.731s , currentRepackMaxTime:312.1335081967213s
iter11		 Improve solution by repack 0.6212525194840097->0.6188968019349638 , unplacedBoxesSize:9
currentRepackCostTime:187.897s , currentRepackMaxTime:312.1335081967213s
iter96		 Improve solution by repack 0.6188968019349638->0.6136122682074712 , unplacedBoxesSize:9
currentRepackCostTime:189.385s , currentRepackMaxTime:312.1335081967213s
iter2		 Improve solution by repack 0.6136122682074712->0.6108764445041656 , unplacedBoxesSize:11
currentRepackCostTime:189.413s , currentRepackMaxTime:312.1335081967213s
iter27		 Improve solution by repack 0.6108764445041656->0.6108687180865359 , unplacedBoxesSize:12
currentRepackCostTime:189.921s , currentRepackMaxTime:312.1335081967213s
iter3		 Improve solution by repack 0.6108687180865359->0.6107135178715399 , unplacedBoxesSize:13
currentRepackCostTime:189.963s , currentRepackMaxTime:312.1335081967213s
iter26		 Improve solution by repack 0.6107135178715399->0.6098710024187047 , unplacedBoxesSize:13
currentRepackCostTime:190.506s , currentRepackMaxTime:312.1335081967213s
iter10		 Improve solution by repack 0.6098710024187047->0.6096864082235959 , unplacedBoxesSize:9
currentRepackCostTime:190.711s , currentRepackMaxTime:312.1335081967213s
iter18		 Improve solution by repack 0.6096864082235959->0.6082271230851921 , unplacedBoxesSize:9
currentRepackCostTime:191.01500000000001s , currentRepackMaxTime:312.1335081967213s
iter10		 Improve solution by repack 0.6082271230851921->0.6074321418973394 , unplacedBoxesSize:11
currentRepackCostTime:191.162s , currentRepackMaxTime:312.1335081967213s
iter20		 Improve solution by repack 0.6074321418973394->0.6063370061811341 , unplacedBoxesSize:11
currentRepackCostTime:191.554s , currentRepackMaxTime:312.1335081967213s
iter27		 Improve solution by repack 0.6063370061811341->0.6058048911582908 , unplacedBoxesSize:11
currentRepackCostTime:192.097s , currentRepackMaxTime:312.1335081967213s
iter64		 Improve solution by repack 0.6058048911582908->0.6041655468959958 , unplacedBoxesSize:11
currentRepackCostTime:193.238s , currentRepackMaxTime:312.1335081967213s
iter7		 Improve solution by repack 0.6041655468959958->0.6022285675893577 , unplacedBoxesSize:12
currentRepackCostTime:193.385s , currentRepackMaxTime:312.1335081967213s
iter19		 Improve solution by repack 0.6022285675893577->0.6016695780704111 , unplacedBoxesSize:9
currentRepackCostTime:193.766s , currentRepackMaxTime:312.1335081967213s
iter7		 Improve solution by repack 0.6016695780704111->0.6002264176296694 , unplacedBoxesSize:10
currentRepackCostTime:193.866s , currentRepackMaxTime:312.1335081967213s
iter114		 Improve solution by repack 0.6002264176296694->0.5996943026068261 , unplacedBoxesSize:10
currentRepackCostTime:195.958s , currentRepackMaxTime:312.1335081967213s
iter28		 Improve solution by repack 0.5996943026068261->0.5984862940069874 , unplacedBoxesSize:8
currentRepackCostTime:196.482s , currentRepackMaxTime:312.1335081967213s
Selecting boards with low utilization for repacking...
iter1		 Improve solution by repack 0.991443954345606->0.9793875974200483 , unplacedBoxesSize:10
currentRepackCostTime:200.465s , currentRepackMaxTime:312.1335081967213s
iter1		 Improve solution by repack 0.9793875974200483->0.6357639075517334 , unplacedBoxesSize:12
currentRepackCostTime:200.479s , currentRepackMaxTime:312.1335081967213s
iter22		 Improve solution by repack 0.6357639075517334->0.6256994087610857 , unplacedBoxesSize:11
currentRepackCostTime:200.873s , currentRepackMaxTime:312.1335081967213s
iter15		 Improve solution by repack 0.6256994087610857->0.607389814565977 , unplacedBoxesSize:10
currentRepackCostTime:201.122s , currentRepackMaxTime:312.1335081967213s
iter6		 Improve solution by repack 0.607389814565977->0.6002264176296694 , unplacedBoxesSize:10
currentRepackCostTime:201.204s , currentRepackMaxTime:312.1335081967213s
iter22		 Improve solution by repack 0.6002264176296694->0.5996943026068261 , unplacedBoxesSize:10
currentRepackCostTime:201.574s , currentRepackMaxTime:312.1335081967213s
iter63		 Improve solution by repack 0.5996943026068261->0.5984862940069874 , unplacedBoxesSize:8
currentRepackCostTime:202.727s , currentRepackMaxTime:312.1335081967213s
Selecting boards with low utilization for repacking...
All low-utilization boards have been repacked once. Restarting repacking process...
Selecting boards with low utilization for repacking...
Selecting boards with low utilization for repacking...
iter1		 Improve solution by repack 0.9790798844396666->0.5997295753829616 , unplacedBoxesSize:8
currentRepackCostTime:209.484s , currentRepackMaxTime:312.1335081967213s
iter18		 Improve solution by repack 0.5997295753829616->0.5984862940069874 , unplacedBoxesSize:8
currentRepackCostTime:209.693s , currentRepackMaxTime:312.1335081967213s
Selecting boards with low utilization for repacking...
iter1		 Improve solution by repack 0.979460158559527->0.9793875974200483 , unplacedBoxesSize:10
currentRepackCostTime:215.273s , currentRepackMaxTime:312.1335081967213s
iter1		 Improve solution by repack 0.9793875974200483->0.6129178984144047 , unplacedBoxesSize:8
currentRepackCostTime:215.29s , currentRepackMaxTime:312.1335081967213s
iter5		 Improve solution by repack 0.6129178984144047->0.6099155133028755 , unplacedBoxesSize:10
currentRepackCostTime:215.366s , currentRepackMaxTime:312.1335081967213s
iter12		 Improve solution by repack 0.6099155133028755->0.6056384372480516 , unplacedBoxesSize:9
currentRepackCostTime:215.567s , currentRepackMaxTime:312.1335081967213s
iter4		 Improve solution by repack 0.6056384372480516->0.6040256315506585 , unplacedBoxesSize:10
currentRepackCostTime:215.624s , currentRepackMaxTime:312.1335081967213s
iter17		 Improve solution by repack 0.6040256315506585->0.6031831160978232 , unplacedBoxesSize:10
currentRepackCostTime:215.888s , currentRepackMaxTime:312.1335081967213s
iter5		 Improve solution by repack 0.6031831160978232->0.6030515990325181 , unplacedBoxesSize:10
currentRepackCostTime:215.982s , currentRepackMaxTime:312.1335081967213s
iter11		 Improve solution by repack 0.6030515990325181->0.60277344799785 , unplacedBoxesSize:9
currentRepackCostTime:216.179s , currentRepackMaxTime:312.1335081967213s
iter15		 Improve solution by repack 0.60277344799785->0.5990963450685299 , unplacedBoxesSize:8
currentRepackCostTime:216.38s , currentRepackMaxTime:312.1335081967213s
iter21		 Improve solution by repack 0.5990963450685299->0.5985642300456867 , unplacedBoxesSize:8
currentRepackCostTime:216.668s , currentRepackMaxTime:312.1335081967213s
iter88		 Improve solution by repack 0.5985642300456867->0.5979692958882021 , unplacedBoxesSize:8
currentRepackCostTime:217.998s , currentRepackMaxTime:312.1335081967213s
iter10		 Improve solution by repack 0.5979692958882021->0.5967260145122278 , unplacedBoxesSize:8
currentRepackCostTime:218.139s , currentRepackMaxTime:312.1335081967213s
Selecting boards with low utilization for repacking...
iter26		 Improve solution by repack 0.9816319537758667->0.6060788430529428 , unplacedBoxesSize:7
currentRepackCostTime:221.3s , currentRepackMaxTime:312.1335081967213s
iter38		 Improve solution by repack 0.6060788430529428->0.6053129199140016 , unplacedBoxesSize:7
currentRepackCostTime:221.791s , currentRepackMaxTime:312.1335081967213s
iter3		 Improve solution by repack 0.6053129199140016->0.6010017468422467 , unplacedBoxesSize:7
currentRepackCostTime:221.824s , currentRepackMaxTime:312.1335081967213s
Selecting boards with low utilization for repacking...
iter2		 Improve solution by repack 0.9812505038968019->0.6270355751142166 , unplacedBoxesSize:8
currentRepackCostTime:226.09900000000002s , currentRepackMaxTime:312.1335081967213s
iter122		 Improve solution by repack 0.6270355751142166->0.6236011824778285 , unplacedBoxesSize:8
currentRepackCostTime:227.87s , currentRepackMaxTime:312.1335081967213s
iter43		 Improve solution by repack 0.6236011824778285->0.6221417293738243 , unplacedBoxesSize:11
currentRepackCostTime:228.47s , currentRepackMaxTime:312.1335081967213s
iter16		 Improve solution by repack 0.6221417293738243->0.6217245028218221 , unplacedBoxesSize:11
currentRepackCostTime:228.74200000000002s , currentRepackMaxTime:312.1335081967213s
iter6		 Improve solution by repack 0.6217245028218221->0.6175371203977426 , unplacedBoxesSize:8
currentRepackCostTime:228.862s , currentRepackMaxTime:312.1335081967213s
iter31		 Improve solution by repack 0.6175371203977426->0.6167329011018543 , unplacedBoxesSize:8
currentRepackCostTime:229.369s , currentRepackMaxTime:312.1335081967213s
iter2		 Improve solution by repack 0.6167329011018543->0.6152623622682074 , unplacedBoxesSize:7
currentRepackCostTime:229.397s , currentRepackMaxTime:312.1335081967213s
iter128		 Improve solution by repack 0.6152623622682074->0.6106377653856491 , unplacedBoxesSize:8
currentRepackCostTime:231.166s , currentRepackMaxTime:312.1335081967213s
iter38		 Improve solution by repack 0.6106377653856491->0.6103072090835797 , unplacedBoxesSize:10
currentRepackCostTime:231.679s , currentRepackMaxTime:312.1335081967213s
iter24		 Improve solution by repack 0.6103072090835797->0.608522910507928 , unplacedBoxesSize:7
currentRepackCostTime:232.11700000000002s , currentRepackMaxTime:312.1335081967213s
Selecting boards with low utilization for repacking...
iter3		 Improve solution by repack 0.9774079548508465->0.9749647272238645 , unplacedBoxesSize:7
currentRepackCostTime:236.93s , currentRepackMaxTime:312.1335081967213s
iter1		 Improve solution by repack 0.9749647272238645->0.9732136858371405 , unplacedBoxesSize:12
currentRepackCostTime:236.942s , currentRepackMaxTime:312.1335081967213s
iter14		 Improve solution by repack 0.9732136858371405->0.635834117172803 , unplacedBoxesSize:8
currentRepackCostTime:237.213s , currentRepackMaxTime:312.1335081967213s
iter21		 Improve solution by repack 0.635834117172803->0.6339114149422198 , unplacedBoxesSize:10
currentRepackCostTime:237.522s , currentRepackMaxTime:312.1335081967213s
iter1		 Improve solution by repack 0.6339114149422198->0.6299470908357968 , unplacedBoxesSize:8
currentRepackCostTime:237.544s , currentRepackMaxTime:312.1335081967213s
iter25		 Improve solution by repack 0.6299470908357968->0.625154696318194 , unplacedBoxesSize:7
currentRepackCostTime:237.87s , currentRepackMaxTime:312.1335081967213s
iter4		 Improve solution by repack 0.625154696318194->0.619255744423542 , unplacedBoxesSize:7
currentRepackCostTime:237.916s , currentRepackMaxTime:312.1335081967213s
iter86		 Improve solution by repack 0.619255744423542->0.6188420451491534 , unplacedBoxesSize:7
currentRepackCostTime:239.012s , currentRepackMaxTime:312.1335081967213s
iter165		 Improve solution by repack 0.6188420451491534->0.6180411851652782 , unplacedBoxesSize:8
currentRepackCostTime:241.445s , currentRepackMaxTime:312.1335081967213s
iter5		 Improve solution by repack 0.6180411851652782->0.6140503224939532 , unplacedBoxesSize:8
currentRepackCostTime:241.51s , currentRepackMaxTime:312.1335081967213s
iter20		 Improve solution by repack 0.6140503224939532->0.6111104205858641 , unplacedBoxesSize:7
currentRepackCostTime:241.85500000000002s , currentRepackMaxTime:312.1335081967213s
iter32		 Improve solution by repack 0.6111104205858641->0.6105912389142704 , unplacedBoxesSize:8
currentRepackCostTime:242.40800000000002s , currentRepackMaxTime:312.1335081967213s
iter17		 Improve solution by repack 0.6105912389142704->0.6089606288632088 , unplacedBoxesSize:9
currentRepackCostTime:242.631s , currentRepackMaxTime:312.1335081967213s
iter8		 Improve solution by repack 0.6089606288632088->0.608726820747111 , unplacedBoxesSize:9
currentRepackCostTime:242.82s , currentRepackMaxTime:312.1335081967213s
iter26		 Improve solution by repack 0.608726820747111->0.6086542596076323 , unplacedBoxesSize:9
currentRepackCostTime:243.26s , currentRepackMaxTime:312.1335081967213s
iter75		 Improve solution by repack 0.6086542596076323->0.6081221445847891 , unplacedBoxesSize:9
currentRepackCostTime:244.525s , currentRepackMaxTime:312.1335081967213s
iter121		 Improve solution by repack 0.6081221445847891->0.6072467078742273 , unplacedBoxesSize:6
currentRepackCostTime:246.644s , currentRepackMaxTime:312.1335081967213s
iter15		 Improve solution by repack 0.6072467078742273->0.6026511690405805 , unplacedBoxesSize:6
currentRepackCostTime:246.81300000000002s , currentRepackMaxTime:312.1335081967213s
iter10		 Improve solution by repack 0.6026511690405805->0.6012080085998388 , unplacedBoxesSize:7
currentRepackCostTime:246.945s , currentRepackMaxTime:312.1335081967213s
iter33		 Improve solution by repack 0.6012080085998388->0.6006597688793336 , unplacedBoxesSize:6
currentRepackCostTime:247.479s , currentRepackMaxTime:312.1335081967213s
iter65		 Improve solution by repack 0.6006597688793336->0.6000107497984413 , unplacedBoxesSize:7
currentRepackCostTime:248.338s , currentRepackMaxTime:312.1335081967213s
iter9		 Improve solution by repack 0.6000107497984413->0.599748723461435 , unplacedBoxesSize:7
currentRepackCostTime:248.477s , currentRepackMaxTime:312.1335081967213s
iter11		 Improve solution by repack 0.599748723461435->0.5974509540446117 , unplacedBoxesSize:7
currentRepackCostTime:248.65200000000002s , currentRepackMaxTime:312.1335081967213s
iter1		 Improve solution by repack 0.5974509540446117->0.5968301531846277 , unplacedBoxesSize:6
currentRepackCostTime:248.659s , currentRepackMaxTime:312.1335081967213s
Selecting boards with low utilization for repacking...
iter6		 Improve solution by repack 0.9790798844396666->0.6175248589088954 , unplacedBoxesSize:4
currentRepackCostTime:253.804s , currentRepackMaxTime:312.1335081967213s
iter26		 Improve solution by repack 0.6175248589088954->0.5968301531846277 , unplacedBoxesSize:6
currentRepackCostTime:254.122s , currentRepackMaxTime:312.1335081967213s
Selecting boards with low utilization for repacking...
iter5		 Improve solution by repack 0.9790798844396666->0.6175248589088954 , unplacedBoxesSize:4
currentRepackCostTime:258.93s , currentRepackMaxTime:312.1335081967213s
iter16		 Improve solution by repack 0.6175248589088954->0.5968301531846277 , unplacedBoxesSize:6
currentRepackCostTime:259.119s , currentRepackMaxTime:312.1335081967213s
Selecting boards with low utilization for repacking...
iter3		 Improve solution by repack 0.9807909500134372->0.5973622682074712 , unplacedBoxesSize:6
currentRepackCostTime:264.11s , currentRepackMaxTime:312.1335081967213s
iter10		 Improve solution by repack 0.5973622682074712->0.5968301531846277 , unplacedBoxesSize:6
currentRepackCostTime:264.274s , currentRepackMaxTime:312.1335081967213s
Selecting boards with low utilization for repacking...
iter8		 Improve solution by repack 0.9825248589088955->0.6069269013705993 , unplacedBoxesSize:8
currentRepackCostTime:269.402s , currentRepackMaxTime:312.1335081967213s
iter1		 Improve solution by repack 0.6069269013705993->0.6062718355280838 , unplacedBoxesSize:8
currentRepackCostTime:269.41s , currentRepackMaxTime:312.1335081967213s
iter45		 Improve solution by repack 0.6062718355280838->0.6060098091910777 , unplacedBoxesSize:7
currentRepackCostTime:270.008s , currentRepackMaxTime:312.1335081967213s
iter24		 Improve solution by repack 0.6060098091910777->0.6012933351249664 , unplacedBoxesSize:7
currentRepackCostTime:270.298s , currentRepackMaxTime:312.1335081967213s
Selecting boards with low utilization for repacking...
iter5		 Improve solution by repack 0.9843274657350175->0.6422211771029293 , unplacedBoxesSize:10
currentRepackCostTime:274.294s , currentRepackMaxTime:312.1335081967213s
iter8		 Improve solution by repack 0.6422211771029293->0.6421445847890352 , unplacedBoxesSize:10
currentRepackCostTime:274.421s , currentRepackMaxTime:312.1335081967213s
iter1		 Improve solution by repack 0.6421445847890352->0.6416124697661919 , unplacedBoxesSize:10
currentRepackCostTime:274.444s , currentRepackMaxTime:312.1335081967213s
iter16		 Improve solution by repack 0.6416124697661919->0.6394425221714592 , unplacedBoxesSize:9
currentRepackCostTime:274.67s , currentRepackMaxTime:312.1335081967213s
iter18		 Improve solution by repack 0.6394425221714592->0.638600006718624 , unplacedBoxesSize:9
currentRepackCostTime:274.927s , currentRepackMaxTime:312.1335081967213s
iter23		 Improve solution by repack 0.638600006718624->0.6337308519215265 , unplacedBoxesSize:7
currentRepackCostTime:275.261s , currentRepackMaxTime:312.1335081967213s
iter133		 Improve solution by repack 0.6337308519215265->0.6315446116635313 , unplacedBoxesSize:9
currentRepackCostTime:277.062s , currentRepackMaxTime:312.1335081967213s
iter3		 Improve solution by repack 0.6315446116635313->0.6301081698468154 , unplacedBoxesSize:9
currentRepackCostTime:277.108s , currentRepackMaxTime:312.1335081967213s
iter10		 Improve solution by repack 0.6301081698468154->0.629112469766192 , unplacedBoxesSize:9
currentRepackCostTime:277.25100000000003s , currentRepackMaxTime:312.1335081967213s
iter11		 Improve solution by repack 0.629112469766192->0.6185353399623758 , unplacedBoxesSize:9
currentRepackCostTime:277.41s , currentRepackMaxTime:312.1335081967213s
iter10		 Improve solution by repack 0.6185353399623758->0.6183136253695244 , unplacedBoxesSize:10
currentRepackCostTime:277.557s , currentRepackMaxTime:312.1335081967213s
iter25		 Improve solution by repack 0.6183136253695244->0.6087202700886858 , unplacedBoxesSize:9
currentRepackCostTime:277.95s , currentRepackMaxTime:312.1335081967213s
iter1		 Improve solution by repack 0.6087202700886858->0.6086436777747917 , unplacedBoxesSize:9
currentRepackCostTime:277.966s , currentRepackMaxTime:312.1335081967213s
iter15		 Improve solution by repack 0.6086436777747917->0.6069017065305026 , unplacedBoxesSize:8
currentRepackCostTime:278.238s , currentRepackMaxTime:312.1335081967213s
iter105		 Improve solution by repack 0.6069017065305026->0.6060255979575383 , unplacedBoxesSize:8
currentRepackCostTime:279.70300000000003s , currentRepackMaxTime:312.1335081967213s
iter1		 Improve solution by repack 0.6060255979575383->0.5984846143509809 , unplacedBoxesSize:10
currentRepackCostTime:279.726s , currentRepackMaxTime:312.1335081967213s
iter48		 Improve solution by repack 0.5984846143509809->0.5984577398548777 , unplacedBoxesSize:7
currentRepackCostTime:280.534s , currentRepackMaxTime:312.1335081967213s
iter81		 Improve solution by repack 0.5984577398548777->0.5939606288632089 , unplacedBoxesSize:9
currentRepackCostTime:281.60200000000003s , currentRepackMaxTime:312.1335081967213s
Selecting boards with low utilization for repacking...
iter4		 Improve solution by repack 0.9843734883095941->0.6310198871271164 , unplacedBoxesSize:8
currentRepackCostTime:285.567s , currentRepackMaxTime:312.1335081967213s
iter19		 Improve solution by repack 0.6310198871271164->0.6229914673474872 , unplacedBoxesSize:6
currentRepackCostTime:285.776s , currentRepackMaxTime:312.1335081967213s
iter86		 Improve solution by repack 0.6229914673474872->0.6222473797366299 , unplacedBoxesSize:10
currentRepackCostTime:286.926s , currentRepackMaxTime:312.1335081967213s
iter9		 Improve solution by repack 0.6222473797366299->0.6092589357699543 , unplacedBoxesSize:9
currentRepackCostTime:287.051s , currentRepackMaxTime:312.1335081967213s
iter7		 Improve solution by repack 0.6092589357699543->0.608710696049449 , unplacedBoxesSize:8
currentRepackCostTime:287.148s , currentRepackMaxTime:312.1335081967213s
iter29		 Improve solution by repack 0.608710696049449->0.6087081765654394 , unplacedBoxesSize:7
currentRepackCostTime:287.565s , currentRepackMaxTime:312.1335081967213s
iter9		 Improve solution by repack 0.6087081765654394->0.6062844329481323 , unplacedBoxesSize:7
currentRepackCostTime:287.678s , currentRepackMaxTime:312.1335081967213s
iter58		 Improve solution by repack 0.6062844329481323->0.6048251478097285 , unplacedBoxesSize:7
currentRepackCostTime:288.424s , currentRepackMaxTime:312.1335081967213s
iter32		 Improve solution by repack 0.6048251478097285->0.6042930327868853 , unplacedBoxesSize:7
currentRepackCostTime:288.906s , currentRepackMaxTime:312.1335081967213s
iter55		 Improve solution by repack 0.6042930327868853->0.6040229441010481 , unplacedBoxesSize:8
currentRepackCostTime:289.632s , currentRepackMaxTime:312.1335081967213s
iter59		 Improve solution by repack 0.6040229441010481->0.6028413061005106 , unplacedBoxesSize:7
currentRepackCostTime:290.562s , currentRepackMaxTime:312.1335081967213s
iter7		 Improve solution by repack 0.6028413061005106->0.6019987906476754 , unplacedBoxesSize:7
currentRepackCostTime:290.653s , currentRepackMaxTime:312.1335081967213s
Selecting boards with low utilization for repacking...
iter8		 Improve solution by repack 0.9834020973179252->0.9806617844665412 , unplacedBoxesSize:10
currentRepackCostTime:293.312s , currentRepackMaxTime:312.1335081967213s
iter5		 Improve solution by repack 0.9806617844665412->0.6247658559527008 , unplacedBoxesSize:9
currentRepackCostTime:293.38800000000003s , currentRepackMaxTime:312.1335081967213s
iter4		 Improve solution by repack 0.6247658559527008->0.6230445444772911 , unplacedBoxesSize:8
currentRepackCostTime:293.452s , currentRepackMaxTime:312.1335081967213s
iter40		 Improve solution by repack 0.6230445444772911->0.6192454985219027 , unplacedBoxesSize:7
currentRepackCostTime:294.005s , currentRepackMaxTime:312.1335081967213s
iter6		 Improve solution by repack 0.6192454985219027->0.6187133834990594 , unplacedBoxesSize:7
currentRepackCostTime:294.06s , currentRepackMaxTime:312.1335081967213s
iter5		 Improve solution by repack 0.6187133834990594->0.6122094195108841 , unplacedBoxesSize:9
currentRepackCostTime:294.13800000000003s , currentRepackMaxTime:312.1335081967213s
iter13		 Improve solution by repack 0.6122094195108841->0.611947393173878 , unplacedBoxesSize:9
currentRepackCostTime:294.346s , currentRepackMaxTime:312.1335081967213s
iter2		 Improve solution by repack 0.611947393173878->0.5997997850040312 , unplacedBoxesSize:9
currentRepackCostTime:294.372s , currentRepackMaxTime:312.1335081967213s
iter15		 Improve solution by repack 0.5997997850040312->0.5989547500671862 , unplacedBoxesSize:8
currentRepackCostTime:294.622s , currentRepackMaxTime:312.1335081967213s
iter100		 Improve solution by repack 0.5989547500671862->0.5986470370868046 , unplacedBoxesSize:6
currentRepackCostTime:296.09000000000003s , currentRepackMaxTime:312.1335081967213s
iter4		 Improve solution by repack 0.5986470370868046->0.5962619255576458 , unplacedBoxesSize:7
currentRepackCostTime:296.152s , currentRepackMaxTime:312.1335081967213s
iter71		 Improve solution by repack 0.5962619255576458->0.5959918368718087 , unplacedBoxesSize:8
currentRepackCostTime:297.057s , currentRepackMaxTime:312.1335081967213s
Selecting boards with low utilization for repacking...
iter2		 Improve solution by repack 0.9834020973179252->0.9770508599838754 , unplacedBoxesSize:7
currentRepackCostTime:301.435s , currentRepackMaxTime:312.1335081967213s
iter11		 Improve solution by repack 0.9770508599838754->0.6213907551733405 , unplacedBoxesSize:6
currentRepackCostTime:301.584s , currentRepackMaxTime:312.1335081967213s
iter5		 Improve solution by repack 0.6213907551733405->0.6132573568933082 , unplacedBoxesSize:8
currentRepackCostTime:301.647s , currentRepackMaxTime:312.1335081967213s
iter3		 Improve solution by repack 0.6132573568933082->0.612414841440473 , unplacedBoxesSize:8
currentRepackCostTime:301.666s , currentRepackMaxTime:312.1335081967213s
iter7		 Improve solution by repack 0.612414841440473->0.6089802808384843 , unplacedBoxesSize:9
currentRepackCostTime:301.757s , currentRepackMaxTime:312.1335081967213s
iter40		 Improve solution by repack 0.6089802808384843->0.6081659836065574 , unplacedBoxesSize:7
currentRepackCostTime:302.414s , currentRepackMaxTime:312.1335081967213s
iter22		 Improve solution by repack 0.6081659836065574->0.6031579212577265 , unplacedBoxesSize:5
currentRepackCostTime:302.696s , currentRepackMaxTime:312.1335081967213s
iter145		 Improve solution by repack 0.6031579212577265->0.6030784735286213 , unplacedBoxesSize:8
currentRepackCostTime:304.389s , currentRepackMaxTime:312.1335081967213s
iter152		 Improve solution by repack 0.6030784735286213->0.6028164471916152 , unplacedBoxesSize:7
currentRepackCostTime:307.033s , currentRepackMaxTime:312.1335081967213s
iter61		 Improve solution by repack 0.6028164471916152->0.5970152512765385 , unplacedBoxesSize:7
currentRepackCostTime:307.922s , currentRepackMaxTime:312.1335081967213s
iter22		 Improve solution by repack 0.5970152512765385->0.5962619255576458 , unplacedBoxesSize:7
currentRepackCostTime:308.208s , currentRepackMaxTime:312.1335081967213s
iter94		 Improve solution by repack 0.5962619255576458->0.5944828339156141 , unplacedBoxesSize:8
currentRepackCostTime:309.461s , currentRepackMaxTime:312.1335081967213s
iter15		 Improve solution by repack 0.5944828339156141->0.594212745229777 , unplacedBoxesSize:9
currentRepackCostTime:309.66s , currentRepackMaxTime:312.1335081967213s
iter57		 Improve solution by repack 0.594212745229777->0.5928018341843591 , unplacedBoxesSize:11
currentRepackCostTime:310.532s , currentRepackMaxTime:312.1335081967213s
iter21		 Improve solution by repack 0.5928018341843591->0.5925398078473529 , unplacedBoxesSize:10
currentRepackCostTime:310.924s , currentRepackMaxTime:312.1335081967213s
