total number of nestable workpieces：278
Processing color group: 0 (1/2), boxes: 92
Allocated time: 198.6s
searchTime: 1000
Start nesting on the 1th large board, remaining blocks count: 57
Utilization of the 1th large board: 97.37547030368181, Time taken for this board: 0.186s
-------------------------------------------------------------------
Start nesting on the 2th large board, remaining blocks count: 55
Utilization of the 2th large board: 97.25426632625638, Time taken for this board: 0.34700000000000003s
-------------------------------------------------------------------
Start nesting on the 3th large board, remaining blocks count: 52
Utilization of the 3th large board: 97.23021365224403, Time taken for this board: 0.457s
-------------------------------------------------------------------
Start nesting on the 4th large board, remaining blocks count: 44
Utilization of the 4th large board: 94.67186240257995, Time taken for this board: 0.539s
-------------------------------------------------------------------
Start nesting on the 5th large board, remaining blocks count: 41
Utilization of the 5th large board: 96.18630744423541, Time taken for this board: 0.63s
-------------------------------------------------------------------
Start nesting on the 6th large board, remaining blocks count: 36
Utilization of the 6th large board: 97.99344934157484, Time taken for this board: 0.732s
-------------------------------------------------------------------
Start nesting on the 7th large board, remaining blocks count: 31
Utilization of the 7th large board: 97.96949744692287, Time taken for this board: 0.78s
-------------------------------------------------------------------
Start nesting on the 8th large board, remaining blocks count: 26
Utilization of the 8th large board: 96.78140956732061, Time taken for this board: 0.8210000000000001s
-------------------------------------------------------------------
Start nesting on the 9th large board, remaining blocks count: 20
Utilization of the 9th large board: 95.88282719699005, Time taken for this board: 0.851s
-------------------------------------------------------------------
Start nesting on the 10th large board, remaining blocks count: 14
Utilization of the 10th large board: 68.55663800053749, Time taken for this board: 0.857s
-------------------------------------------------------------------
Found solution: 10


Start improving solution by repacking.
Selecting boards with low utilization for repacking...
iter4		 Improve solution by repack 0.6855663800053748->0.6726756920182747 , unplacedBoxesSize:6
currentRepackCostTime:0.061s , currentRepackMaxTime:197.7041510791367s
iter18		 Improve solution by repack 0.6726756920182747->0.668241400161247 , unplacedBoxesSize:6
currentRepackCostTime:0.277s , currentRepackMaxTime:197.7041510791367s
iter1		 Improve solution by repack 0.668241400161247->0.6654682880945982 , unplacedBoxesSize:6
currentRepackCostTime:0.28400000000000003s , currentRepackMaxTime:197.7041510791367s
Selecting boards with low utilization for repacking...
iter9		 Improve solution by repack 0.9588282719699005->0.6817626310131685 , unplacedBoxesSize:7
currentRepackCostTime:1.05s , currentRepackMaxTime:197.7041510791367s
iter11		 Improve solution by repack 0.6817626310131685->0.679483337812416 , unplacedBoxesSize:6
currentRepackCostTime:1.18s , currentRepackMaxTime:197.7041510791367s
iter15		 Improve solution by repack 0.679483337812416->0.6781194571351787 , unplacedBoxesSize:5
currentRepackCostTime:1.341s , currentRepackMaxTime:197.7041510791367s
iter12		 Improve solution by repack 0.6781194571351787->0.6760501209352325 , unplacedBoxesSize:5
currentRepackCostTime:1.481s , currentRepackMaxTime:197.7041510791367s
iter19		 Improve solution by repack 0.6760501209352325->0.6703187987100242 , unplacedBoxesSize:8
currentRepackCostTime:1.681s , currentRepackMaxTime:197.7041510791367s
iter15		 Improve solution by repack 0.6703187987100242->0.6682494625100779 , unplacedBoxesSize:8
currentRepackCostTime:1.897s , currentRepackMaxTime:197.7041510791367s
iter2		 Improve solution by repack 0.6682494625100779->0.6673034802472454 , unplacedBoxesSize:8
currentRepackCostTime:1.93s , currentRepackMaxTime:197.7041510791367s
iter1		 Improve solution by repack 0.6673034802472454->0.6631648078473529 , unplacedBoxesSize:8
currentRepackCostTime:1.941s , currentRepackMaxTime:197.7041510791367s
iter10		 Improve solution by repack 0.6631648078473529->0.6616007121741467 , unplacedBoxesSize:8
currentRepackCostTime:2.069s , currentRepackMaxTime:197.7041510791367s
iter13		 Improve solution by repack 0.6616007121741467->0.6607138538027412 , unplacedBoxesSize:8
currentRepackCostTime:2.265s , currentRepackMaxTime:197.7041510791367s
iter19		 Improve solution by repack 0.6607138538027412->0.657415345337275 , unplacedBoxesSize:8
currentRepackCostTime:2.531s , currentRepackMaxTime:197.7041510791367s
iter12		 Improve solution by repack 0.657415345337275->0.651167696855684 , unplacedBoxesSize:7
currentRepackCostTime:2.706s , currentRepackMaxTime:197.7041510791367s
Selecting boards with low utilization for repacking...
iter4		 Improve solution by repack 0.9492418032786886->0.6782115022843322 , unplacedBoxesSize:7
currentRepackCostTime:3.342s , currentRepackMaxTime:197.7041510791367s
iter9		 Improve solution by repack 0.6782115022843322->0.6776602391830153 , unplacedBoxesSize:7
currentRepackCostTime:3.467s , currentRepackMaxTime:197.7041510791367s
iter1		 Improve solution by repack 0.6776602391830153->0.6767733808116099 , unplacedBoxesSize:7
currentRepackCostTime:3.475s , currentRepackMaxTime:197.7041510791367s
Selecting boards with low utilization for repacking...
iter3		 Improve solution by repack 0.9649643912926632->0.7554847487234614 , unplacedBoxesSize:9
currentRepackCostTime:4.247s , currentRepackMaxTime:197.7041510791367s
iter1		 Improve solution by repack 0.7554847487234614->0.7474244154797097 , unplacedBoxesSize:9
currentRepackCostTime:4.257s , currentRepackMaxTime:197.7041510791367s
iter3		 Improve solution by repack 0.7474244154797097->0.7386119322762698 , unplacedBoxesSize:7
currentRepackCostTime:4.297s , currentRepackMaxTime:197.7041510791367s
iter3		 Improve solution by repack 0.7386119322762698->0.7137214458478903 , unplacedBoxesSize:8
currentRepackCostTime:4.3340000000000005s , currentRepackMaxTime:197.7041510791367s
iter2		 Improve solution by repack 0.7137214458478903->0.69717448266595 , unplacedBoxesSize:4
currentRepackCostTime:4.358s , currentRepackMaxTime:197.7041510791367s
iter1		 Improve solution by repack 0.69717448266595->0.6958787960225746 , unplacedBoxesSize:5
currentRepackCostTime:4.373s , currentRepackMaxTime:197.7041510791367s
iter27		 Improve solution by repack 0.6958787960225746->0.6826205993012632 , unplacedBoxesSize:10
currentRepackCostTime:4.6530000000000005s , currentRepackMaxTime:197.7041510791367s
iter5		 Improve solution by repack 0.6826205993012632->0.6805512631013169 , unplacedBoxesSize:10
currentRepackCostTime:4.712s , currentRepackMaxTime:197.7041510791367s
iter4		 Improve solution by repack 0.6805512631013169->0.6796442488578339 , unplacedBoxesSize:8
currentRepackCostTime:4.787s , currentRepackMaxTime:197.7041510791367s
iter1		 Improve solution by repack 0.6796442488578339->0.6772074039236765 , unplacedBoxesSize:8
currentRepackCostTime:4.797s , currentRepackMaxTime:197.7041510791367s
Selecting boards with low utilization for repacking...
iter2		 Improve solution by repack 0.9555445444772911->0.71936979306638 , unplacedBoxesSize:8
currentRepackCostTime:5.59s , currentRepackMaxTime:197.7041510791367s
iter7		 Improve solution by repack 0.71936979306638->0.7126837543671056 , unplacedBoxesSize:8
currentRepackCostTime:5.695s , currentRepackMaxTime:197.7041510791367s
iter4		 Improve solution by repack 0.7126837543671056->0.7046516393442623 , unplacedBoxesSize:6
currentRepackCostTime:5.734s , currentRepackMaxTime:197.7041510791367s
iter1		 Improve solution by repack 0.7046516393442623->0.7023323703305563 , unplacedBoxesSize:7
currentRepackCostTime:5.745s , currentRepackMaxTime:197.7041510791367s
iter1		 Improve solution by repack 0.7023323703305563->0.7002489250201559 , unplacedBoxesSize:6
currentRepackCostTime:5.75s , currentRepackMaxTime:197.7041510791367s
iter4		 Improve solution by repack 0.7002489250201559->0.6964394651975276 , unplacedBoxesSize:6
currentRepackCostTime:5.795s , currentRepackMaxTime:197.7041510791367s
iter3		 Improve solution by repack 0.6964394651975276->0.6932158693899488 , unplacedBoxesSize:11
currentRepackCostTime:5.832s , currentRepackMaxTime:197.7041510791367s
iter1		 Improve solution by repack 0.6932158693899488->0.6770572426766999 , unplacedBoxesSize:6
currentRepackCostTime:5.847s , currentRepackMaxTime:197.7041510791367s
iter2		 Improve solution by repack 0.6770572426766999->0.6744678849771567 , unplacedBoxesSize:6
currentRepackCostTime:5.867s , currentRepackMaxTime:197.7041510791367s
iter8		 Improve solution by repack 0.6744678849771567->0.6728124160171998 , unplacedBoxesSize:8
currentRepackCostTime:5.976s , currentRepackMaxTime:197.7041510791367s
iter6		 Improve solution by repack 0.6728124160171998->0.6662486562751948 , unplacedBoxesSize:9
currentRepackCostTime:6.0600000000000005s , currentRepackMaxTime:197.7041510791367s
iter27		 Improve solution by repack 0.6662486562751948->0.6557336737436172 , unplacedBoxesSize:9
currentRepackCostTime:6.4350000000000005s , currentRepackMaxTime:197.7041510791367s
iter24		 Improve solution by repack 0.6557336737436172->0.6545975544208547 , unplacedBoxesSize:11
currentRepackCostTime:6.771s , currentRepackMaxTime:197.7041510791367s
iter20		 Improve solution by repack 0.6545975544208547->0.6538134909970438 , unplacedBoxesSize:9
currentRepackCostTime:7.115s , currentRepackMaxTime:197.7041510791367s
iter1		 Improve solution by repack 0.6538134909970438->0.6487879602257458 , unplacedBoxesSize:9
currentRepackCostTime:7.128s , currentRepackMaxTime:197.7041510791367s
iter19		 Improve solution by repack 0.6487879602257458->0.6466158290782048 , unplacedBoxesSize:11
currentRepackCostTime:7.401s , currentRepackMaxTime:197.7041510791367s
iter10		 Improve solution by repack 0.6466158290782048->0.6450866702499328 , unplacedBoxesSize:10
currentRepackCostTime:7.559s , currentRepackMaxTime:197.7041510791367s
Selecting boards with low utilization for repacking...
iter1		 Improve solution by repack 0.9608458747648481->0.6835437382424079 , unplacedBoxesSize:11
currentRepackCostTime:8.182s , currentRepackMaxTime:197.7041510791367s
iter3		 Improve solution by repack 0.6835437382424079->0.6682262832571889 , unplacedBoxesSize:11
currentRepackCostTime:8.218s , currentRepackMaxTime:197.7041510791367s
iter4		 Improve solution by repack 0.6682262832571889->0.6650137731792529 , unplacedBoxesSize:9
currentRepackCostTime:8.283s , currentRepackMaxTime:197.7041510791367s
iter19		 Improve solution by repack 0.6650137731792529->0.6584016393442623 , unplacedBoxesSize:6
currentRepackCostTime:8.558s , currentRepackMaxTime:197.7041510791367s
iter3		 Improve solution by repack 0.6584016393442623->0.6582655872077399 , unplacedBoxesSize:8
currentRepackCostTime:8.59s , currentRepackMaxTime:197.7041510791367s
iter3		 Improve solution by repack 0.6582655872077399->0.6573196049449073 , unplacedBoxesSize:8
currentRepackCostTime:8.634s , currentRepackMaxTime:197.7041510791367s
iter7		 Improve solution by repack 0.6573196049449073->0.6446862402579951 , unplacedBoxesSize:9
currentRepackCostTime:8.739s , currentRepackMaxTime:197.7041510791367s
iter29		 Improve solution by repack 0.6446862402579951->0.6417891695780704 , unplacedBoxesSize:8
currentRepackCostTime:9.200000000000001s , currentRepackMaxTime:197.7041510791367s
Selecting boards with low utilization for repacking...
iter1		 Improve solution by repack 0.9719312684762161->0.9717827868852459 , unplacedBoxesSize:10
currentRepackCostTime:9.743s , currentRepackMaxTime:197.7041510791367s
iter5		 Improve solution by repack 0.9717827868852459->0.6766057511421661 , unplacedBoxesSize:10
currentRepackCostTime:9.812s , currentRepackMaxTime:197.7041510791367s
iter3		 Improve solution by repack 0.6766057511421661->0.6738729508196721 , unplacedBoxesSize:10
currentRepackCostTime:9.862s , currentRepackMaxTime:197.7041510791367s
iter3		 Improve solution by repack 0.6738729508196721->0.6565607363611933 , unplacedBoxesSize:10
currentRepackCostTime:9.898s , currentRepackMaxTime:197.7041510791367s
Selecting boards with low utilization for repacking...
iter3		 Improve solution by repack 0.9750668503090566->0.6633404998656275 , unplacedBoxesSize:11
currentRepackCostTime:10.817s , currentRepackMaxTime:197.7041510791367s
iter4		 Improve solution by repack 0.6633404998656275->0.6624536414942219 , unplacedBoxesSize:11
currentRepackCostTime:10.877s , currentRepackMaxTime:197.7041510791367s
iter6		 Improve solution by repack 0.6624536414942219->0.6433038833646869 , unplacedBoxesSize:12
currentRepackCostTime:10.957s , currentRepackMaxTime:197.7041510791367s
iter4		 Improve solution by repack 0.6433038833646869->0.6399092985756517 , unplacedBoxesSize:11
currentRepackCostTime:11.027000000000001s , currentRepackMaxTime:197.7041510791367s
Selecting boards with low utilization for repacking...
iter4		 Improve solution by repack 0.9668449341574846->0.656029965063155 , unplacedBoxesSize:11
currentRepackCostTime:11.874s , currentRepackMaxTime:197.7041510791367s
iter4		 Improve solution by repack 0.656029965063155->0.6497614888470842 , unplacedBoxesSize:12
currentRepackCostTime:11.951s , currentRepackMaxTime:197.7041510791367s
iter1		 Improve solution by repack 0.6497614888470842->0.637048172534265 , unplacedBoxesSize:10
currentRepackCostTime:11.971s , currentRepackMaxTime:197.7041510791367s
iter24		 Improve solution by repack 0.637048172534265->0.632022641762967 , unplacedBoxesSize:10
currentRepackCostTime:12.31s , currentRepackMaxTime:197.7041510791367s
iter5		 Improve solution by repack 0.632022641762967->0.6307360252620263 , unplacedBoxesSize:10
currentRepackCostTime:12.386000000000001s , currentRepackMaxTime:197.7041510791367s
Selecting boards with low utilization for repacking...
iter1		 Improve solution by repack 0.9774973125503897->0.9719020424617039 , unplacedBoxesSize:11
currentRepackCostTime:13.419s , currentRepackMaxTime:197.7041510791367s
iter2		 Improve solution by repack 0.9719020424617039->0.6398407686105886 , unplacedBoxesSize:11
currentRepackCostTime:13.444s , currentRepackMaxTime:197.7041510791367s
iter22		 Improve solution by repack 0.6398407686105886->0.633006248320344 , unplacedBoxesSize:10
currentRepackCostTime:13.8s , currentRepackMaxTime:197.7041510791367s
Selecting boards with low utilization for repacking...
All low-utilization boards have been repacked once. Restarting repacking process...
Selecting boards with low utilization for repacking...
Selecting boards with low utilization for repacking...
iter4		 Improve solution by repack 0.9675859983875302->0.640958075786079 , unplacedBoxesSize:6
currentRepackCostTime:15.048s , currentRepackMaxTime:197.7041510791367s
iter25		 Improve solution by repack 0.640958075786079->0.633006248320344 , unplacedBoxesSize:10
currentRepackCostTime:15.366s , currentRepackMaxTime:197.7041510791367s
Selecting boards with low utilization for repacking...
iter5		 Improve solution by repack 0.969522641762967->0.9690970169309325 , unplacedBoxesSize:11
currentRepackCostTime:16.039s , currentRepackMaxTime:197.7041510791367s
iter9		 Improve solution by repack 0.9690970169309325->0.633006248320344 , unplacedBoxesSize:10
currentRepackCostTime:16.17s , currentRepackMaxTime:197.7041510791367s
Selecting boards with low utilization for repacking...
iter4		 Improve solution by repack 0.969522641762967->0.633006248320344 , unplacedBoxesSize:10
currentRepackCostTime:17.068s , currentRepackMaxTime:197.7041510791367s
Selecting boards with low utilization for repacking...
iter6		 Improve solution by repack 0.9713655603332437->0.640958075786079 , unplacedBoxesSize:6
currentRepackCostTime:18.174s , currentRepackMaxTime:197.7041510791367s
iter4		 Improve solution by repack 0.640958075786079->0.633006248320344 , unplacedBoxesSize:10
currentRepackCostTime:18.237000000000002s , currentRepackMaxTime:197.7041510791367s
Selecting boards with low utilization for repacking...
iter1		 Improve solution by repack 0.9723837678043536->0.652918234345606 , unplacedBoxesSize:10
currentRepackCostTime:19.122s , currentRepackMaxTime:197.7041510791367s
iter4		 Improve solution by repack 0.652918234345606->0.6517948804084923 , unplacedBoxesSize:10
currentRepackCostTime:19.174s , currentRepackMaxTime:197.7041510791367s
iter1		 Improve solution by repack 0.6517948804084923->0.6473636119322763 , unplacedBoxesSize:9
currentRepackCostTime:19.183s , currentRepackMaxTime:197.7041510791367s
iter8		 Improve solution by repack 0.6473636119322763->0.6462402579951626 , unplacedBoxesSize:9
currentRepackCostTime:19.31s , currentRepackMaxTime:197.7041510791367s
Selecting boards with low utilization for repacking...
iter1		 Improve solution by repack 0.974796089760817->0.6462402579951626 , unplacedBoxesSize:9
currentRepackCostTime:20.161s , currentRepackMaxTime:197.7041510791367s
Selecting boards with low utilization for repacking...
iter1		 Improve solution by repack 0.9768029427573233->0.9635366836871808 , unplacedBoxesSize:11
currentRepackCostTime:21.2s , currentRepackMaxTime:197.7041510791367s
iter4		 Improve solution by repack 0.9635366836871808->0.6553906879871002 , unplacedBoxesSize:11
currentRepackCostTime:21.266000000000002s , currentRepackMaxTime:197.7041510791367s
iter3		 Improve solution by repack 0.6553906879871002->0.6519531040043 , unplacedBoxesSize:11
currentRepackCostTime:21.31s , currentRepackMaxTime:197.7041510791367s
iter3		 Improve solution by repack 0.6519531040043->0.647518476216071 , unplacedBoxesSize:10
currentRepackCostTime:21.347s , currentRepackMaxTime:197.7041510791367s
iter2		 Improve solution by repack 0.647518476216071->0.6463850443429185 , unplacedBoxesSize:9
currentRepackCostTime:21.377s , currentRepackMaxTime:197.7041510791367s
iter4		 Improve solution by repack 0.6463850443429185->0.642910171996775 , unplacedBoxesSize:10
currentRepackCostTime:21.444s , currentRepackMaxTime:197.7041510791367s
iter16		 Improve solution by repack 0.642910171996775->0.6384194436979307 , unplacedBoxesSize:11
currentRepackCostTime:21.677s , currentRepackMaxTime:197.7041510791367s
iter1		 Improve solution by repack 0.6384194436979307->0.6375325853265251 , unplacedBoxesSize:11
currentRepackCostTime:21.69s , currentRepackMaxTime:197.7041510791367s
iter2		 Improve solution by repack 0.6375325853265251->0.6372362940069873 , unplacedBoxesSize:10
currentRepackCostTime:21.724s , currentRepackMaxTime:197.7041510791367s
iter13		 Improve solution by repack 0.6372362940069873->0.6344870330556301 , unplacedBoxesSize:10
currentRepackCostTime:21.931s , currentRepackMaxTime:197.7041510791367s
iter4		 Improve solution by repack 0.6344870330556301->0.6329918032786885 , unplacedBoxesSize:8
currentRepackCostTime:21.995s , currentRepackMaxTime:197.7041510791367s
iter6		 Improve solution by repack 0.6329918032786885->0.6294823300188122 , unplacedBoxesSize:8
currentRepackCostTime:22.062s , currentRepackMaxTime:197.7041510791367s
iter1		 Improve solution by repack 0.6294823300188122->0.6285363477559796 , unplacedBoxesSize:8
currentRepackCostTime:22.07s , currentRepackMaxTime:197.7041510791367s
iter21		 Improve solution by repack 0.6285363477559796->0.6283253829615695 , unplacedBoxesSize:7
currentRepackCostTime:22.362000000000002s , currentRepackMaxTime:197.7041510791367s
iter9		 Improve solution by repack 0.6283253829615695->0.6274385245901639 , unplacedBoxesSize:7
currentRepackCostTime:22.486s , currentRepackMaxTime:197.7041510791367s
iter2		 Improve solution by repack 0.6274385245901639->0.6264925423273313 , unplacedBoxesSize:7
currentRepackCostTime:22.52s , currentRepackMaxTime:197.7041510791367s
Selecting boards with low utilization for repacking...
iter1		 Improve solution by repack 0.972518476216071->0.6491746170384305 , unplacedBoxesSize:8
currentRepackCostTime:23.219s , currentRepackMaxTime:197.7041510791367s
iter6		 Improve solution by repack 0.6491746170384305->0.6321660843859178 , unplacedBoxesSize:6
currentRepackCostTime:23.299s , currentRepackMaxTime:197.7041510791367s
Selecting boards with low utilization for repacking...
iter2		 Improve solution by repack 0.9841400161246977->0.9777002149959688 , unplacedBoxesSize:9
currentRepackCostTime:24.153000000000002s , currentRepackMaxTime:197.7041510791367s
iter1		 Improve solution by repack 0.9777002149959688->0.967008868583714 , unplacedBoxesSize:11
currentRepackCostTime:24.168s , currentRepackMaxTime:197.7041510791367s
iter1		 Improve solution by repack 0.967008868583714->0.9664767535608708 , unplacedBoxesSize:10
currentRepackCostTime:24.177s , currentRepackMaxTime:197.7041510791367s
iter6		 Improve solution by repack 0.9664767535608708->0.6514626444504166 , unplacedBoxesSize:5
currentRepackCostTime:24.26s , currentRepackMaxTime:197.7041510791367s
iter20		 Improve solution by repack 0.6514626444504166->0.6491816715936576 , unplacedBoxesSize:6
currentRepackCostTime:24.475s , currentRepackMaxTime:197.7041510791367s
Selecting boards with low utilization for repacking...
All low-utilization boards have been repacked once. Restarting repacking process...
Selecting boards with low utilization for repacking...
Selecting boards with low utilization for repacking...
iter1		 Improve solution by repack 0.9552727761354475->0.9546247648481592 , unplacedBoxesSize:11
currentRepackCostTime:25.436s , currentRepackMaxTime:197.7041510791367s
iter6		 Improve solution by repack 0.9546247648481592->0.9537379064767536 , unplacedBoxesSize:11
currentRepackCostTime:25.527s , currentRepackMaxTime:197.7041510791367s
iter1		 Improve solution by repack 0.9537379064767536->0.9497164740661113 , unplacedBoxesSize:9
currentRepackCostTime:25.545s , currentRepackMaxTime:197.7041510791367s
iter3		 Improve solution by repack 0.9497164740661113->0.6785182074711099 , unplacedBoxesSize:9
currentRepackCostTime:25.580000000000002s , currentRepackMaxTime:197.7041510791367s
iter3		 Improve solution by repack 0.6785182074711099->0.6689525665143778 , unplacedBoxesSize:7
currentRepackCostTime:25.629s , currentRepackMaxTime:197.7041510791367s
iter2		 Improve solution by repack 0.6689525665143778->0.6584174281107229 , unplacedBoxesSize:9
currentRepackCostTime:25.651s , currentRepackMaxTime:197.7041510791367s
iter2		 Improve solution by repack 0.6584174281107229->0.6579770223058318 , unplacedBoxesSize:10
currentRepackCostTime:25.685000000000002s , currentRepackMaxTime:197.7041510791367s
iter4		 Improve solution by repack 0.6579770223058318->0.6572581295350712 , unplacedBoxesSize:13
currentRepackCostTime:25.754s , currentRepackMaxTime:197.7041510791367s
iter1		 Improve solution by repack 0.6572581295350712->0.6471455925826392 , unplacedBoxesSize:11
currentRepackCostTime:25.765s , currentRepackMaxTime:197.7041510791367s
Selecting boards with low utilization for repacking...
iter4		 Improve solution by repack 0.9601706530502553->0.6471455925826392 , unplacedBoxesSize:11
currentRepackCostTime:26.582s , currentRepackMaxTime:197.7041510791367s
Selecting boards with low utilization for repacking...
iter1		 Improve solution by repack 0.9601706530502553->0.6471455925826392 , unplacedBoxesSize:11
currentRepackCostTime:27.639s , currentRepackMaxTime:197.7041510791367s
Selecting boards with low utilization for repacking...
iter3		 Improve solution by repack 0.9675859983875302->0.9643986831496909 , unplacedBoxesSize:9
currentRepackCostTime:28.759s , currentRepackMaxTime:197.7041510791367s
iter3		 Improve solution by repack 0.9643986831496909->0.6475534130610051 , unplacedBoxesSize:12
currentRepackCostTime:28.799s , currentRepackMaxTime:197.7041510791367s
iter3		 Improve solution by repack 0.6475534130610051->0.6466665546895995 , unplacedBoxesSize:12
currentRepackCostTime:28.844s , currentRepackMaxTime:197.7041510791367s
iter3		 Improve solution by repack 0.6466665546895995->0.6442303816178447 , unplacedBoxesSize:10
currentRepackCostTime:28.889s , currentRepackMaxTime:197.7041510791367s
iter6		 Improve solution by repack 0.6442303816178447->0.6364653319000269 , unplacedBoxesSize:8
currentRepackCostTime:28.976s , currentRepackMaxTime:197.7041510791367s
Selecting boards with low utilization for repacking...
iter1		 Improve solution by repack 0.9721855683955926->0.9714915345337275 , unplacedBoxesSize:8
currentRepackCostTime:29.678s , currentRepackMaxTime:197.7041510791367s
iter3		 Improve solution by repack 0.9714915345337275->0.6944971109916689 , unplacedBoxesSize:10
currentRepackCostTime:29.713s , currentRepackMaxTime:197.7041510791367s
iter11		 Improve solution by repack 0.6944971109916689->0.6843828943832304 , unplacedBoxesSize:10
currentRepackCostTime:29.891000000000002s , currentRepackMaxTime:197.7041510791367s
iter4		 Improve solution by repack 0.6843828943832304->0.6834369121203978 , unplacedBoxesSize:10
currentRepackCostTime:29.941s , currentRepackMaxTime:197.7041510791367s
iter11		 Improve solution by repack 0.6834369121203978->0.6711391427035743 , unplacedBoxesSize:10
currentRepackCostTime:30.087s , currentRepackMaxTime:197.7041510791367s
iter30		 Improve solution by repack 0.6711391427035743->0.6619893845740392 , unplacedBoxesSize:7
currentRepackCostTime:30.536s , currentRepackMaxTime:197.7041510791367s
iter22		 Improve solution by repack 0.6619893845740392->0.6487426095135715 , unplacedBoxesSize:7
currentRepackCostTime:30.813000000000002s , currentRepackMaxTime:197.7041510791367s
iter20		 Improve solution by repack 0.6487426095135715->0.6484443026068262 , unplacedBoxesSize:7
currentRepackCostTime:31.066s , currentRepackMaxTime:197.7041510791367s
iter15		 Improve solution by repack 0.6484443026068262->0.6410030905670518 , unplacedBoxesSize:5
currentRepackCostTime:31.282s , currentRepackMaxTime:197.7041510791367s
Selecting boards with low utilization for repacking...
iter2		 Improve solution by repack 0.963324711099167->0.9524297903789305 , unplacedBoxesSize:11
currentRepackCostTime:32.024s , currentRepackMaxTime:197.7041510791367s
iter3		 Improve solution by repack 0.9524297903789305->0.7017048508465467 , unplacedBoxesSize:5
currentRepackCostTime:32.053s , currentRepackMaxTime:197.7041510791367s
iter5		 Improve solution by repack 0.7017048508465467->0.7000655065842516 , unplacedBoxesSize:6
currentRepackCostTime:32.112s , currentRepackMaxTime:197.7041510791367s
iter4		 Improve solution by repack 0.7000655065842516->0.698334117172803 , unplacedBoxesSize:7
currentRepackCostTime:32.173s , currentRepackMaxTime:197.7041510791367s
iter1		 Improve solution by repack 0.698334117172803->0.6982004165546896 , unplacedBoxesSize:7
currentRepackCostTime:32.2s , currentRepackMaxTime:197.7041510791367s
iter1		 Improve solution by repack 0.6982004165546896->0.6967535608707337 , unplacedBoxesSize:12
currentRepackCostTime:32.215s , currentRepackMaxTime:197.7041510791367s
iter2		 Improve solution by repack 0.6967535608707337->0.6940640956732061 , unplacedBoxesSize:12
currentRepackCostTime:32.242s , currentRepackMaxTime:197.7041510791367s
iter2		 Improve solution by repack 0.6940640956732061->0.6815862671324914 , unplacedBoxesSize:10
currentRepackCostTime:32.282000000000004s , currentRepackMaxTime:197.7041510791367s
iter3		 Improve solution by repack 0.6815862671324914->0.6786868449341574 , unplacedBoxesSize:9
currentRepackCostTime:32.326s , currentRepackMaxTime:197.7041510791367s
iter14		 Improve solution by repack 0.6786868449341574->0.6774150094060737 , unplacedBoxesSize:9
currentRepackCostTime:32.485s , currentRepackMaxTime:197.7041510791367s
iter1		 Improve solution by repack 0.6774150094060737->0.6753456732061274 , unplacedBoxesSize:9
currentRepackCostTime:32.495s , currentRepackMaxTime:197.7041510791367s
iter3		 Improve solution by repack 0.6753456732061274->0.6575016796560065 , unplacedBoxesSize:11
currentRepackCostTime:32.545s , currentRepackMaxTime:197.7041510791367s
iter7		 Improve solution by repack 0.6575016796560065->0.6439569336199946 , unplacedBoxesSize:11
currentRepackCostTime:32.654s , currentRepackMaxTime:197.7041510791367s
iter4		 Improve solution by repack 0.6439569336199946->0.6402092851384036 , unplacedBoxesSize:12
currentRepackCostTime:32.719s , currentRepackMaxTime:197.7041510791367s
iter31		 Improve solution by repack 0.6402092851384036->0.6290849234076861 , unplacedBoxesSize:12
currentRepackCostTime:33.238s , currentRepackMaxTime:197.7041510791367s
Selecting boards with low utilization for repacking...
iter1		 Improve solution by repack 0.973019013705993->0.6357319940876108 , unplacedBoxesSize:12
currentRepackCostTime:34.206s , currentRepackMaxTime:197.7041510791367s
iter3		 Improve solution by repack 0.6357319940876108->0.6290849234076861 , unplacedBoxesSize:12
currentRepackCostTime:34.254s , currentRepackMaxTime:197.7041510791367s
Selecting boards with low utilization for repacking...
iter2		 Improve solution by repack 0.9736045417898415->0.973019013705993 , unplacedBoxesSize:10
currentRepackCostTime:35.411s , currentRepackMaxTime:197.7041510791367s
iter2		 Improve solution by repack 0.973019013705993->0.6406604407417361 , unplacedBoxesSize:12
currentRepackCostTime:35.445s , currentRepackMaxTime:197.7041510791367s
iter2		 Improve solution by repack 0.6406604407417361->0.6370045014780973 , unplacedBoxesSize:12
currentRepackCostTime:35.478s , currentRepackMaxTime:197.7041510791367s
iter25		 Improve solution by repack 0.6370045014780973->0.6368136925557646 , unplacedBoxesSize:12
currentRepackCostTime:35.907000000000004s , currentRepackMaxTime:197.7041510791367s
iter5		 Improve solution by repack 0.6368136925557646->0.632420048374093 , unplacedBoxesSize:13
currentRepackCostTime:35.988s , currentRepackMaxTime:197.7041510791367s
iter5		 Improve solution by repack 0.632420048374093->0.6262711636656813 , unplacedBoxesSize:13
currentRepackCostTime:36.062s , currentRepackMaxTime:197.7041510791367s
iter11		 Improve solution by repack 0.6262711636656813->0.6233717414673475 , unplacedBoxesSize:12
currentRepackCostTime:36.274s , currentRepackMaxTime:197.7041510791367s
iter15		 Improve solution by repack 0.6233717414673475->0.6155065842515453 , unplacedBoxesSize:6
currentRepackCostTime:36.516s , currentRepackMaxTime:197.7041510791367s
Selecting boards with low utilization for repacking...
iter6		 Improve solution by repack 0.9777002149959688->0.9754226014512227 , unplacedBoxesSize:13
currentRepackCostTime:37.088s , currentRepackMaxTime:197.7041510791367s
iter12		 Improve solution by repack 0.9754226014512227->0.6494443697930663 , unplacedBoxesSize:8
currentRepackCostTime:37.301s , currentRepackMaxTime:197.7041510791367s
iter5		 Improve solution by repack 0.6494443697930663->0.6440640956732061 , unplacedBoxesSize:8
currentRepackCostTime:37.368s , currentRepackMaxTime:197.7041510791367s
iter11		 Improve solution by repack 0.6440640956732061->0.6412241332975006 , unplacedBoxesSize:6
currentRepackCostTime:37.517s , currentRepackMaxTime:197.7041510791367s
iter15		 Improve solution by repack 0.6412241332975006->0.6343657618919645 , unplacedBoxesSize:5
currentRepackCostTime:37.701s , currentRepackMaxTime:197.7041510791367s
iter10		 Improve solution by repack 0.6343657618919645->0.6334197796291319 , unplacedBoxesSize:5
currentRepackCostTime:37.841s , currentRepackMaxTime:197.7041510791367s
Selecting boards with low utilization for repacking...
All low-utilization boards have been repacked once. Restarting repacking process...
Processing color group: 1 (2/2), boxes: 186
Allocated time: 401.4s
searchTime: 1000
Start nesting on the 1th large board, remaining blocks count: 120
Utilization of the 1th large board: 98.35407148615963, Time taken for this board: 1.0s
-------------------------------------------------------------------
Start nesting on the 2th large board, remaining blocks count: 116
Utilization of the 2th large board: 98.14821284600913, Time taken for this board: 2.001s
-------------------------------------------------------------------
Start nesting on the 3th large board, remaining blocks count: 112
Utilization of the 3th large board: 97.98085192152647, Time taken for this board: 2.9370000000000003s
-------------------------------------------------------------------
Start nesting on the 4th large board, remaining blocks count: 106
Utilization of the 4th large board: 97.91037355549584, Time taken for this board: 3.868s
-------------------------------------------------------------------
Start nesting on the 5th large board, remaining blocks count: 98
Utilization of the 5th large board: 96.14082235958077, Time taken for this board: 4.5s
-------------------------------------------------------------------
Start nesting on the 6th large board, remaining blocks count: 92
Utilization of the 6th large board: 95.24045955388337, Time taken for this board: 4.878s
-------------------------------------------------------------------
Start nesting on the 7th large board, remaining blocks count: 88
Utilization of the 7th large board: 97.71230314431605, Time taken for this board: 5.184s
-------------------------------------------------------------------
Start nesting on the 8th large board, remaining blocks count: 84
Utilization of the 8th large board: 95.51934963719431, Time taken for this board: 5.522s
-------------------------------------------------------------------
Start nesting on the 9th large board, remaining blocks count: 79
Utilization of the 9th large board: 92.20465466272508, Time taken for this board: 5.71s
-------------------------------------------------------------------
Start nesting on the 10th large board, remaining blocks count: 75
Utilization of the 10th large board: 99.15815640956733, Time taken for this board: 5.901s
-------------------------------------------------------------------
Start nesting on the 11th large board, remaining blocks count: 67
Utilization of the 11th large board: 98.62473125503897, Time taken for this board: 6.0520000000000005s
-------------------------------------------------------------------
Start nesting on the 12th large board, remaining blocks count: 61
Utilization of the 12th large board: 97.16138134909971, Time taken for this board: 6.113s
-------------------------------------------------------------------
Start nesting on the 13th large board, remaining blocks count: 55
Utilization of the 13th large board: 97.26431066917496, Time taken for this board: 6.1770000000000005s
-------------------------------------------------------------------
Start nesting on the 14th large board, remaining blocks count: 51
Utilization of the 14th large board: 94.3949207202365, Time taken for this board: 6.247s
-------------------------------------------------------------------
Start nesting on the 15th large board, remaining blocks count: 41
Utilization of the 15th large board: 92.53480247245365, Time taken for this board: 6.2940000000000005s
-------------------------------------------------------------------
Start nesting on the 16th large board, remaining blocks count: 37
Utilization of the 16th large board: 91.98804084923408, Time taken for this board: 6.327s
-------------------------------------------------------------------
Start nesting on the 17th large board, remaining blocks count: 33
Utilization of the 17th large board: 90.966406879871, Time taken for this board: 6.356s
-------------------------------------------------------------------
Start nesting on the 18th large board, remaining blocks count: 29
Utilization of the 18th large board: 89.99469228701962, Time taken for this board: 6.363s
-------------------------------------------------------------------
Start nesting on the 19th large board, remaining blocks count: 23
Utilization of the 19th large board: 89.79884439666756, Time taken for this board: 6.372s
-------------------------------------------------------------------
Start nesting on the 20th large board, remaining blocks count: 19
Utilization of the 20th large board: 88.37201021230852, Time taken for this board: 6.3790000000000004s
-------------------------------------------------------------------
Start nesting on the 21th large board, remaining blocks count: 19
Utilization of the 21th large board: 87.98669712442891, Time taken for this board: 6.385s
-------------------------------------------------------------------
Start nesting on the 22th large board, remaining blocks count: 15
Utilization of the 22th large board: 86.02674012362269, Time taken for this board: 6.3870000000000005s
-------------------------------------------------------------------
Start nesting on the 23th large board, remaining blocks count: 9
Utilization of the 23th large board: 90.29441010481054, Time taken for this board: 6.390000000000001s
-------------------------------------------------------------------
Start nesting on the 24th large board, remaining blocks count: 5
Utilization of the 24th large board: 85.62321956463316, Time taken for this board: 6.390000000000001s
-------------------------------------------------------------------
Start nesting on the 25th large board, remaining blocks count: 5
Utilization of the 25th large board: 85.62321956463316, Time taken for this board: 6.390000000000001s
-------------------------------------------------------------------
Start nesting on the 26th large board, remaining blocks count: 5
Utilization of the 26th large board: 41.607632356893305, Time taken for this board: 6.390000000000001s
-------------------------------------------------------------------
Found solution: 26


Start improving solution by repacking.
Selecting boards with low utilization for repacking...
iter1		 Improve solution by repack 0.4160763235689331->0.40498387530233804 , unplacedBoxesSize:3
currentRepackCostTime:0.005s , currentRepackMaxTime:395.0488489208633s
iter1		 Improve solution by repack 0.40498387530233804->0.36882155334587474 , unplacedBoxesSize:4
currentRepackCostTime:0.008s , currentRepackMaxTime:395.0488489208633s
iter6		 Improve solution by repack 0.36882155334587474->0.3603137597420048 , unplacedBoxesSize:3
currentRepackCostTime:0.042s , currentRepackMaxTime:395.0488489208633s
iter3		 Improve solution by repack 0.3603137597420048->0.3559822628325719 , unplacedBoxesSize:3
currentRepackCostTime:0.059000000000000004s , currentRepackMaxTime:395.0488489208633s
iter3		 Improve solution by repack 0.3559822628325719->0.35355012093523247 , unplacedBoxesSize:3
currentRepackCostTime:0.069s , currentRepackMaxTime:395.0488489208633s
iter25		 Improve solution by repack 0.35355012093523247->0.3513511152915883 , unplacedBoxesSize:3
currentRepackCostTime:0.195s , currentRepackMaxTime:395.0488489208633s
iter16		 Improve solution by repack 0.3513511152915883->0.3510366836871809 , unplacedBoxesSize:4
currentRepackCostTime:0.274s , currentRepackMaxTime:395.0488489208633s
iter13		 Improve solution by repack 0.3510366836871809->0.349344262295082 , unplacedBoxesSize:4
currentRepackCostTime:0.342s , currentRepackMaxTime:395.0488489208633s
iter2		 Improve solution by repack 0.349344262295082->0.32893980112872884 , unplacedBoxesSize:3
currentRepackCostTime:0.34900000000000003s , currentRepackMaxTime:395.0488489208633s
iter32		 Improve solution by repack 0.32893980112872884->0.3213457941413598 , unplacedBoxesSize:1
currentRepackCostTime:0.505s , currentRepackMaxTime:395.0488489208633s
iter7		 Improve solution by repack 0.3213457941413598->0.3038061005106154 , unplacedBoxesSize:3
currentRepackCostTime:0.532s , currentRepackMaxTime:395.0488489208633s
iter9		 Improve solution by repack 0.3038061005106154->0.2756732061273851 , unplacedBoxesSize:3
currentRepackCostTime:0.592s , currentRepackMaxTime:395.0488489208633s
iter4		 Improve solution by repack 0.2756732061273851->0.2680005374899221 , unplacedBoxesSize:2
currentRepackCostTime:0.61s , currentRepackMaxTime:395.0488489208633s
iter9		 Improve solution by repack 0.2680005374899221->0.2619900564364418 , unplacedBoxesSize:2
currentRepackCostTime:0.651s , currentRepackMaxTime:395.0488489208633s
iter14		 Improve solution by repack 0.2619900564364418->0.24722923945176029 , unplacedBoxesSize:2
currentRepackCostTime:0.721s , currentRepackMaxTime:395.0488489208633s
iter30		 Improve solution by repack 0.24722923945176029->0.23718220908357968 , unplacedBoxesSize:2
currentRepackCostTime:0.855s , currentRepackMaxTime:395.0488489208633s
iter18		 Improve solution by repack 0.23718220908357968->0.2140580489115829 , unplacedBoxesSize:2
currentRepackCostTime:0.9480000000000001s , currentRepackMaxTime:395.0488489208633s
iter21		 Improve solution by repack 0.2140580489115829->0.209189062080086 , unplacedBoxesSize:2
currentRepackCostTime:1.049s , currentRepackMaxTime:395.0488489208633s
iter17		 Improve solution by repack 0.209189062080086->0.19090701424348294 , unplacedBoxesSize:2
currentRepackCostTime:1.133s , currentRepackMaxTime:395.0488489208633s
iter9		 Improve solution by repack 0.19090701424348294->0.18603802741198602 , unplacedBoxesSize:2
currentRepackCostTime:1.176s , currentRepackMaxTime:395.0488489208633s
iter5		 Improve solution by repack 0.18603802741198602->0.18129938188658962 , unplacedBoxesSize:2
currentRepackCostTime:1.201s , currentRepackMaxTime:395.0488489208633s
iter13		 Improve solution by repack 0.18129938188658962->0.17562819134641225 , unplacedBoxesSize:1
currentRepackCostTime:1.2650000000000001s , currentRepackMaxTime:395.0488489208633s
iter12		 Improve solution by repack 0.17562819134641225->0.16456866433754366 , unplacedBoxesSize:1
currentRepackCostTime:1.314s , currentRepackMaxTime:395.0488489208633s
Selecting boards with low utilization for repacking...
iter4		 Improve solution by repack 0.8925806234883096->0.18968959957000808 , unplacedBoxesSize:2
currentRepackCostTime:2.728s , currentRepackMaxTime:395.0488489208633s
iter14		 Improve solution by repack 0.18968959957000808->0.18129938188658962 , unplacedBoxesSize:2
currentRepackCostTime:2.797s , currentRepackMaxTime:395.0488489208633s
iter21		 Improve solution by repack 0.18129938188658962->0.16676766998118783 , unplacedBoxesSize:1
currentRepackCostTime:2.899s , currentRepackMaxTime:395.0488489208633s
iter16		 Improve solution by repack 0.16676766998118783->0.16456866433754366 , unplacedBoxesSize:1
currentRepackCostTime:2.97s , currentRepackMaxTime:395.0488489208633s
Selecting boards with low utilization for repacking...
iter2		 Improve solution by repack 0.8972446922870196->0.8579649287825853 , unplacedBoxesSize:5
currentRepackCostTime:5.295s , currentRepackMaxTime:395.0488489208633s
iter5		 Improve solution by repack 0.8579649287825853->0.2140580489115829 , unplacedBoxesSize:2
currentRepackCostTime:5.315s , currentRepackMaxTime:395.0488489208633s
iter4		 Improve solution by repack 0.2140580489115829->0.20445041655468962 , unplacedBoxesSize:2
currentRepackCostTime:5.33s , currentRepackMaxTime:395.0488489208633s
iter15		 Improve solution by repack 0.20445041655468962->0.198538027411986 , unplacedBoxesSize:2
currentRepackCostTime:5.414s , currentRepackMaxTime:395.0488489208633s
iter2		 Improve solution by repack 0.198538027411986->0.19534668099973126 , unplacedBoxesSize:2
currentRepackCostTime:5.415s , currentRepackMaxTime:395.0488489208633s
iter28		 Improve solution by repack 0.19534668099973126->0.18573904864283794 , unplacedBoxesSize:2
currentRepackCostTime:5.539s , currentRepackMaxTime:395.0488489208633s
iter6		 Improve solution by repack 0.18573904864283794->0.18187449610319809 , unplacedBoxesSize:1
currentRepackCostTime:5.575s , currentRepackMaxTime:395.0488489208633s
iter1		 Improve solution by repack 0.18187449610319809->0.17562819134641225 , unplacedBoxesSize:1
currentRepackCostTime:5.58s , currentRepackMaxTime:395.0488489208633s
iter2		 Improve solution by repack 0.17562819134641225->0.17109916689062082 , unplacedBoxesSize:1
currentRepackCostTime:5.59s , currentRepackMaxTime:395.0488489208633s
iter2		 Improve solution by repack 0.17109916689062082->0.16456866433754366 , unplacedBoxesSize:1
currentRepackCostTime:5.595s , currentRepackMaxTime:395.0488489208633s
iter243		 Improve solution by repack 0.16456866433754366->0.15452163396936308 , unplacedBoxesSize:1
currentRepackCostTime:6.644s , currentRepackMaxTime:395.0488489208633s
Selecting boards with low utilization for repacking...
iter2		 Improve solution by repack 0.8984043267938726->0.15452163396936308 , unplacedBoxesSize:1
currentRepackCostTime:9.183s , currentRepackMaxTime:395.0488489208633s
Selecting boards with low utilization for repacking...
iter2		 Improve solution by repack 0.9115143778554152->0.884681537221177 , unplacedBoxesSize:4
currentRepackCostTime:11.777000000000001s , currentRepackMaxTime:395.0488489208633s
iter1		 Improve solution by repack 0.884681537221177->0.8277774791722655 , unplacedBoxesSize:2
currentRepackCostTime:11.777000000000001s , currentRepackMaxTime:395.0488489208633s
iter3		 Improve solution by repack 0.8277774791722655->0.15452163396936308 , unplacedBoxesSize:1
currentRepackCostTime:11.792s , currentRepackMaxTime:395.0488489208633s
Selecting boards with low utilization for repacking...
iter1		 Improve solution by repack 0.9151007793603869->0.9025812953507122 , unplacedBoxesSize:3
currentRepackCostTime:14.327s , currentRepackMaxTime:395.0488489208633s
iter11		 Improve solution by repack 0.9025812953507122->0.22932545014780972 , unplacedBoxesSize:2
currentRepackCostTime:14.372s , currentRepackMaxTime:395.0488489208633s
iter41		 Improve solution by repack 0.22932545014780972->0.2257444235420586 , unplacedBoxesSize:2
currentRepackCostTime:14.56s , currentRepackMaxTime:395.0488489208633s
iter1		 Improve solution by repack 0.2257444235420586->0.20768610588551464 , unplacedBoxesSize:2
currentRepackCostTime:14.566s , currentRepackMaxTime:395.0488489208633s
iter4		 Improve solution by repack 0.20768610588551464->0.20445041655468962 , unplacedBoxesSize:2
currentRepackCostTime:14.587s , currentRepackMaxTime:395.0488489208633s
iter29		 Improve solution by repack 0.20445041655468962->0.1948427841977963 , unplacedBoxesSize:2
currentRepackCostTime:14.727s , currentRepackMaxTime:395.0488489208633s
iter120		 Improve solution by repack 0.1948427841977963->0.1722252082773448 , unplacedBoxesSize:2
currentRepackCostTime:15.315s , currentRepackMaxTime:395.0488489208633s
iter1		 Improve solution by repack 0.1722252082773448->0.16345606019887127 , unplacedBoxesSize:1
currentRepackCostTime:15.318s , currentRepackMaxTime:395.0488489208633s
iter7		 Improve solution by repack 0.16345606019887127->0.15452163396936308 , unplacedBoxesSize:1
currentRepackCostTime:15.339s , currentRepackMaxTime:395.0488489208633s
iter28		 Improve solution by repack 0.15452163396936308->0.14595404461166353 , unplacedBoxesSize:1
currentRepackCostTime:15.478s , currentRepackMaxTime:395.0488489208633s
Selecting boards with low utilization for repacking...
iter4		 Improve solution by repack 0.8277774791722655->0.8071499596882558 , unplacedBoxesSize:2
currentRepackCostTime:17.04s , currentRepackMaxTime:395.0488489208633s
iter4		 Improve solution by repack 0.8071499596882558->0.14595404461166353 , unplacedBoxesSize:1
currentRepackCostTime:17.053s , currentRepackMaxTime:395.0488489208633s
Selecting boards with low utilization for repacking...
iter3		 Improve solution by repack 0.8831873152378393->0.8593771835528083 , unplacedBoxesSize:5
currentRepackCostTime:19.679000000000002s , currentRepackMaxTime:395.0488489208633s
iter3		 Improve solution by repack 0.8593771835528083->0.18129938188658962 , unplacedBoxesSize:2
currentRepackCostTime:19.689s , currentRepackMaxTime:395.0488489208633s
iter58		 Improve solution by repack 0.18129938188658962->0.17219564633163126 , unplacedBoxesSize:2
currentRepackCostTime:19.934s , currentRepackMaxTime:395.0488489208633s
iter1		 Improve solution by repack 0.17219564633163126->0.17109916689062082 , unplacedBoxesSize:1
currentRepackCostTime:19.939s , currentRepackMaxTime:395.0488489208633s
iter3		 Improve solution by repack 0.17109916689062082->0.16456866433754366 , unplacedBoxesSize:1
currentRepackCostTime:19.949s , currentRepackMaxTime:395.0488489208633s
Selecting boards with low utilization for repacking...
iter3		 Improve solution by repack 0.8999274388605213->0.894209889814566 , unplacedBoxesSize:5
currentRepackCostTime:22.249s , currentRepackMaxTime:395.0488489208633s
iter3		 Improve solution by repack 0.894209889814566->0.20675692018274655 , unplacedBoxesSize:2
currentRepackCostTime:22.259s , currentRepackMaxTime:395.0488489208633s
iter12		 Improve solution by repack 0.20675692018274655->0.19958142972319268 , unplacedBoxesSize:2
currentRepackCostTime:22.316s , currentRepackMaxTime:395.0488489208633s
iter6		 Improve solution by repack 0.19958142972319268->0.18482061273851114 , unplacedBoxesSize:2
currentRepackCostTime:22.342s , currentRepackMaxTime:395.0488489208633s
iter1		 Improve solution by repack 0.18482061273851114->0.18008196721311476 , unplacedBoxesSize:2
currentRepackCostTime:22.342s , currentRepackMaxTime:395.0488489208633s
iter4		 Improve solution by repack 0.18008196721311476->0.16456866433754366 , unplacedBoxesSize:1
currentRepackCostTime:22.363s , currentRepackMaxTime:395.0488489208633s
Selecting boards with low utilization for repacking...
iter1		 Improve solution by repack 0.9058310937919914->0.867337745229777 , unplacedBoxesSize:3
currentRepackCostTime:24.86s , currentRepackMaxTime:395.0488489208633s
iter1		 Improve solution by repack 0.867337745229777->0.867125772641763 , unplacedBoxesSize:3
currentRepackCostTime:24.866s , currentRepackMaxTime:395.0488489208633s
iter18		 Improve solution by repack 0.867125772641763->0.23579145391023917 , unplacedBoxesSize:2
currentRepackCostTime:24.942s , currentRepackMaxTime:395.0488489208633s
iter5		 Improve solution by repack 0.23579145391023917->0.23256920182746574 , unplacedBoxesSize:3
currentRepackCostTime:24.967s , currentRepackMaxTime:395.0488489208633s
iter5		 Improve solution by repack 0.23256920182746574->0.2140580489115829 , unplacedBoxesSize:2
currentRepackCostTime:25.003s , currentRepackMaxTime:395.0488489208633s
iter36		 Improve solution by repack 0.2140580489115829->0.20445041655468962 , unplacedBoxesSize:2
currentRepackCostTime:25.177s , currentRepackMaxTime:395.0488489208633s
iter13		 Improve solution by repack 0.20445041655468962->0.1948427841977963 , unplacedBoxesSize:2
currentRepackCostTime:25.255s , currentRepackMaxTime:395.0488489208633s
iter148		 Improve solution by repack 0.1948427841977963->0.1940983606557377 , unplacedBoxesSize:2
currentRepackCostTime:25.963s , currentRepackMaxTime:395.0488489208633s
iter7		 Improve solution by repack 0.1940983606557377->0.19090701424348294 , unplacedBoxesSize:2
currentRepackCostTime:25.991s , currentRepackMaxTime:395.0488489208633s
iter8		 Improve solution by repack 0.19090701424348294->0.1884748723461435 , unplacedBoxesSize:2
currentRepackCostTime:26.029s , currentRepackMaxTime:395.0488489208633s
iter86		 Improve solution by repack 0.1884748723461435->0.1867824509540446 , unplacedBoxesSize:2
currentRepackCostTime:26.446s , currentRepackMaxTime:395.0488489208633s
iter12		 Improve solution by repack 0.1867824509540446->0.1796069604944907 , unplacedBoxesSize:2
currentRepackCostTime:26.484s , currentRepackMaxTime:395.0488489208633s
iter183		 Improve solution by repack 0.1796069604944907->0.17562819134641225 , unplacedBoxesSize:1
currentRepackCostTime:27.387s , currentRepackMaxTime:395.0488489208633s
iter1		 Improve solution by repack 0.17562819134641225->0.16676766998118783 , unplacedBoxesSize:1
currentRepackCostTime:27.392s , currentRepackMaxTime:395.0488489208633s
iter96		 Improve solution by repack 0.16676766998118783->0.16456866433754366 , unplacedBoxesSize:1
currentRepackCostTime:27.803s , currentRepackMaxTime:395.0488489208633s
Selecting boards with low utilization for repacking...
iter7		 Improve solution by repack 0.8484903251814029->0.2116259070142435 , unplacedBoxesSize:2
currentRepackCostTime:30.277s , currentRepackMaxTime:395.0488489208633s
iter10		 Improve solution by repack 0.2116259070142435->0.1948427841977963 , unplacedBoxesSize:2
currentRepackCostTime:30.314s , currentRepackMaxTime:395.0488489208633s
Selecting boards with low utilization for repacking...
iter1		 Improve solution by repack 0.8974012362268208->0.8793892770760549 , unplacedBoxesSize:5
currentRepackCostTime:33.071s , currentRepackMaxTime:395.0488489208633s
iter7		 Improve solution by repack 0.8793892770760549->0.868273985487772 , unplacedBoxesSize:5
currentRepackCostTime:33.1s , currentRepackMaxTime:395.0488489208633s
iter2		 Improve solution by repack 0.868273985487772->0.209189062080086 , unplacedBoxesSize:2
currentRepackCostTime:33.108000000000004s , currentRepackMaxTime:395.0488489208633s
iter1		 Improve solution by repack 0.209189062080086->0.19958142972319268 , unplacedBoxesSize:2
currentRepackCostTime:33.111000000000004s , currentRepackMaxTime:395.0488489208633s
iter40		 Improve solution by repack 0.19958142972319268->0.1948427841977963 , unplacedBoxesSize:2
currentRepackCostTime:33.306s , currentRepackMaxTime:395.0488489208633s
iter38		 Improve solution by repack 0.1948427841977963->0.18921459285138403 , unplacedBoxesSize:2
currentRepackCostTime:33.487s , currentRepackMaxTime:395.0488489208633s
iter12		 Improve solution by repack 0.18921459285138403->0.1867824509540446 , unplacedBoxesSize:2
currentRepackCostTime:33.545s , currentRepackMaxTime:395.0488489208633s
iter26		 Improve solution by repack 0.1867824509540446->0.1796069604944907 , unplacedBoxesSize:2
currentRepackCostTime:33.67s , currentRepackMaxTime:395.0488489208633s
iter65		 Improve solution by repack 0.1796069604944907->0.16456866433754366 , unplacedBoxesSize:1
currentRepackCostTime:33.974000000000004s , currentRepackMaxTime:395.0488489208633s
Selecting boards with low utilization for repacking...
iter4		 Improve solution by repack 0.8876605751142166->0.8739834721848966 , unplacedBoxesSize:6
currentRepackCostTime:35.696s , currentRepackMaxTime:395.0488489208633s
iter2		 Improve solution by repack 0.8739834721848966->0.24844665412523514 , unplacedBoxesSize:2
currentRepackCostTime:35.709s , currentRepackMaxTime:395.0488489208633s
iter2		 Improve solution by repack 0.24844665412523514->0.2438302875571083 , unplacedBoxesSize:2
currentRepackCostTime:35.717s , currentRepackMaxTime:395.0488489208633s
iter29		 Improve solution by repack 0.2438302875571083->0.23422265520021499 , unplacedBoxesSize:2
currentRepackCostTime:35.851s , currentRepackMaxTime:395.0488489208633s
iter10		 Improve solution by repack 0.23422265520021499->0.2206792528890083 , unplacedBoxesSize:2
currentRepackCostTime:35.906s , currentRepackMaxTime:395.0488489208633s
iter2		 Improve solution by repack 0.2206792528890083->0.21898683149690945 , unplacedBoxesSize:2
currentRepackCostTime:35.916000000000004s , currentRepackMaxTime:395.0488489208633s
iter6		 Improve solution by repack 0.21898683149690945->0.21335393711367912 , unplacedBoxesSize:3
currentRepackCostTime:35.946s , currentRepackMaxTime:395.0488489208633s
iter6		 Improve solution by repack 0.21335393711367912->0.20445041655468962 , unplacedBoxesSize:2
currentRepackCostTime:35.985s , currentRepackMaxTime:395.0488489208633s
iter5		 Improve solution by repack 0.20445041655468962->0.1948427841977963 , unplacedBoxesSize:2
currentRepackCostTime:36.001s , currentRepackMaxTime:395.0488489208633s
iter53		 Improve solution by repack 0.1948427841977963->0.18921459285138403 , unplacedBoxesSize:2
currentRepackCostTime:36.252s , currentRepackMaxTime:395.0488489208633s
iter9		 Improve solution by repack 0.18921459285138403->0.1796069604944907 , unplacedBoxesSize:2
currentRepackCostTime:36.288000000000004s , currentRepackMaxTime:395.0488489208633s
iter8		 Improve solution by repack 0.1796069604944907->0.16456866433754366 , unplacedBoxesSize:1
currentRepackCostTime:36.332s , currentRepackMaxTime:395.0488489208633s
Selecting boards with low utilization for repacking...
iter3		 Improve solution by repack 0.8921916151572158->0.8625201558720774 , unplacedBoxesSize:5
currentRepackCostTime:38.24s , currentRepackMaxTime:395.0488489208633s
iter15		 Improve solution by repack 0.8625201558720774->0.8620162590701425 , unplacedBoxesSize:5
currentRepackCostTime:38.308s , currentRepackMaxTime:395.0488489208633s
iter4		 Improve solution by repack 0.8620162590701425->0.25212039774254236 , unplacedBoxesSize:2
currentRepackCostTime:38.33s , currentRepackMaxTime:395.0488489208633s
iter12		 Improve solution by repack 0.25212039774254236->0.2508297500671862 , unplacedBoxesSize:3
currentRepackCostTime:38.39s , currentRepackMaxTime:395.0488489208633s
iter3		 Improve solution by repack 0.2508297500671862->0.24232195646331633 , unplacedBoxesSize:2
currentRepackCostTime:38.402s , currentRepackMaxTime:395.0488489208633s
iter9		 Improve solution by repack 0.24232195646331633->0.23799045955388337 , unplacedBoxesSize:2
currentRepackCostTime:38.441s , currentRepackMaxTime:395.0488489208633s
iter25		 Improve solution by repack 0.23799045955388337->0.23388470841171727 , unplacedBoxesSize:2
currentRepackCostTime:38.56s , currentRepackMaxTime:395.0488489208633s
iter19		 Improve solution by repack 0.23388470841171727->0.200878124160172 , unplacedBoxesSize:2
currentRepackCostTime:38.662s , currentRepackMaxTime:395.0488489208633s
iter17		 Improve solution by repack 0.200878124160172->0.19958142972319268 , unplacedBoxesSize:2
currentRepackCostTime:38.726s , currentRepackMaxTime:395.0488489208633s
iter16		 Improve solution by repack 0.19958142972319268->0.1948427841977963 , unplacedBoxesSize:2
currentRepackCostTime:38.796s , currentRepackMaxTime:395.0488489208633s
iter92		 Improve solution by repack 0.1948427841977963->0.17109916689062082 , unplacedBoxesSize:1
currentRepackCostTime:39.209s , currentRepackMaxTime:395.0488489208633s
iter234		 Improve solution by repack 0.17109916689062082->0.16456866433754366 , unplacedBoxesSize:1
currentRepackCostTime:40.167s , currentRepackMaxTime:395.0488489208633s
Selecting boards with low utilization for repacking...
iter6		 Improve solution by repack 0.9184086938994894->0.9053533996237572 , unplacedBoxesSize:9
currentRepackCostTime:42.046s , currentRepackMaxTime:395.0488489208633s
iter10		 Improve solution by repack 0.9053533996237572->0.8798790647675355 , unplacedBoxesSize:6
currentRepackCostTime:42.108000000000004s , currentRepackMaxTime:395.0488489208633s
iter4		 Improve solution by repack 0.8798790647675355->0.25865090029561943 , unplacedBoxesSize:2
currentRepackCostTime:42.128s , currentRepackMaxTime:395.0488489208633s
iter21		 Improve solution by repack 0.25865090029561943->0.25212039774254236 , unplacedBoxesSize:2
currentRepackCostTime:42.213s , currentRepackMaxTime:395.0488489208633s
iter44		 Improve solution by repack 0.25212039774254236->0.1948427841977963 , unplacedBoxesSize:2
currentRepackCostTime:42.399s , currentRepackMaxTime:395.0488489208633s
iter35		 Improve solution by repack 0.1948427841977963->0.19090701424348294 , unplacedBoxesSize:2
currentRepackCostTime:42.554s , currentRepackMaxTime:395.0488489208633s
iter5		 Improve solution by repack 0.19090701424348294->0.18129938188658962 , unplacedBoxesSize:2
currentRepackCostTime:42.583s , currentRepackMaxTime:395.0488489208633s
iter17		 Improve solution by repack 0.18129938188658962->0.1796069604944907 , unplacedBoxesSize:2
currentRepackCostTime:42.658s , currentRepackMaxTime:395.0488489208633s
iter7		 Improve solution by repack 0.1796069604944907->0.1705032249395324 , unplacedBoxesSize:2
currentRepackCostTime:42.704s , currentRepackMaxTime:395.0488489208633s
iter7		 Improve solution by repack 0.1705032249395324->0.16992072023649557 , unplacedBoxesSize:2
currentRepackCostTime:42.748s , currentRepackMaxTime:395.0488489208633s
iter28		 Improve solution by repack 0.16992072023649557->0.08218556839559259 , unplacedBoxesSize:1
currentRepackCostTime:42.9s , currentRepackMaxTime:395.0488489208633s
Selecting boards with low utilization for repacking...
iter1		 Improve solution by repack 0.9271439129266326->0.08218556839559259 , unplacedBoxesSize:1
currentRepackCostTime:44.767s , currentRepackMaxTime:395.0488489208633s
Selecting boards with low utilization for repacking...
iter2		 Improve solution by repack 0.9291339693630745->0.9264015049717819 , unplacedBoxesSize:7
currentRepackCostTime:47.476s , currentRepackMaxTime:395.0488489208633s
iter1		 Improve solution by repack 0.9264015049717819->0.9220155872077399 , unplacedBoxesSize:7
currentRepackCostTime:47.481s , currentRepackMaxTime:395.0488489208633s
iter2		 Improve solution by repack 0.9220155872077399->0.9188242407954851 , unplacedBoxesSize:7
currentRepackCostTime:47.491s , currentRepackMaxTime:395.0488489208633s
iter2		 Improve solution by repack 0.9188242407954851->0.13646331631281913 , unplacedBoxesSize:1
currentRepackCostTime:47.501s , currentRepackMaxTime:395.0488489208633s
iter52		 Improve solution by repack 0.13646331631281913->0.10702902445579145 , unplacedBoxesSize:1
currentRepackCostTime:47.730000000000004s , currentRepackMaxTime:395.0488489208633s
iter6		 Improve solution by repack 0.10702902445579145->0.09742139209889815 , unplacedBoxesSize:1
currentRepackCostTime:47.754s , currentRepackMaxTime:395.0488489208633s
Selecting boards with low utilization for repacking...
iter1		 Improve solution by repack 0.939550524052674->0.9167287019618382 , unplacedBoxesSize:6
currentRepackCostTime:50.111000000000004s , currentRepackMaxTime:395.0488489208633s
iter7		 Improve solution by repack 0.9167287019618382->0.18121741467347485 , unplacedBoxesSize:2
currentRepackCostTime:50.147s , currentRepackMaxTime:395.0488489208633s
iter5		 Improve solution by repack 0.18121741467347485->0.16676766998118783 , unplacedBoxesSize:1
currentRepackCostTime:50.173s , currentRepackMaxTime:395.0488489208633s
iter13		 Improve solution by repack 0.16676766998118783->0.16345606019887127 , unplacedBoxesSize:1
currentRepackCostTime:50.238s , currentRepackMaxTime:395.0488489208633s
iter6		 Improve solution by repack 0.16345606019887127->0.16312147272238645 , unplacedBoxesSize:2
currentRepackCostTime:50.254s , currentRepackMaxTime:395.0488489208633s
iter3		 Improve solution by repack 0.16312147272238645->0.15868180596613815 , unplacedBoxesSize:2
currentRepackCostTime:50.275s , currentRepackMaxTime:395.0488489208633s
iter3		 Improve solution by repack 0.15868180596613815->0.15698938457403924 , unplacedBoxesSize:2
currentRepackCostTime:50.287s , currentRepackMaxTime:395.0488489208633s
iter2		 Improve solution by repack 0.15698938457403924->0.13762933351249665 , unplacedBoxesSize:2
currentRepackCostTime:50.297000000000004s , currentRepackMaxTime:395.0488489208633s
iter167		 Improve solution by repack 0.13762933351249665->0.12408593120128997 , unplacedBoxesSize:2
currentRepackCostTime:51.114000000000004s , currentRepackMaxTime:395.0488489208633s
iter6		 Improve solution by repack 0.12408593120128997->0.12239350980919107 , unplacedBoxesSize:2
currentRepackCostTime:51.147s , currentRepackMaxTime:395.0488489208633s
iter252		 Improve solution by repack 0.12239350980919107->0.11022037086804623 , unplacedBoxesSize:1
currentRepackCostTime:52.489000000000004s , currentRepackMaxTime:395.0488489208633s
iter5		 Improve solution by repack 0.11022037086804623->0.10702902445579145 , unplacedBoxesSize:1
currentRepackCostTime:52.504s , currentRepackMaxTime:395.0488489208633s
iter68		 Improve solution by repack 0.10702902445579145->0.09742139209889815 , unplacedBoxesSize:1
currentRepackCostTime:52.782000000000004s , currentRepackMaxTime:395.0488489208633s
Selecting boards with low utilization for repacking...
iter2		 Improve solution by repack 0.9268288094598227->0.8999274388605213 , unplacedBoxesSize:3
currentRepackCostTime:54.368s , currentRepackMaxTime:395.0488489208633s
iter1		 Improve solution by repack 0.8999274388605213->0.8973011287288363 , unplacedBoxesSize:6
currentRepackCostTime:54.373000000000005s , currentRepackMaxTime:395.0488489208633s
iter4		 Improve solution by repack 0.8973011287288363->0.09742139209889815 , unplacedBoxesSize:1
currentRepackCostTime:54.396s , currentRepackMaxTime:395.0488489208633s
Selecting boards with low utilization for repacking...
iter3		 Improve solution by repack 0.9367858102660575->0.9316238914270358 , unplacedBoxesSize:7
currentRepackCostTime:56.987s , currentRepackMaxTime:395.0488489208633s
iter2		 Improve solution by repack 0.9316238914270358->0.91382289707068 , unplacedBoxesSize:7
currentRepackCostTime:56.992000000000004s , currentRepackMaxTime:395.0488489208633s
iter2		 Improve solution by repack 0.91382289707068->0.8927479172265519 , unplacedBoxesSize:4
currentRepackCostTime:57.002s , currentRepackMaxTime:395.0488489208633s
iter13		 Improve solution by repack 0.8927479172265519->0.890612738511153 , unplacedBoxesSize:5
currentRepackCostTime:57.06s , currentRepackMaxTime:395.0488489208633s
iter1		 Improve solution by repack 0.890612738511153->0.8798898145659768 , unplacedBoxesSize:5
currentRepackCostTime:57.062000000000005s , currentRepackMaxTime:395.0488489208633s
iter22		 Improve solution by repack 0.8798898145659768->0.8622218489653318 , unplacedBoxesSize:5
currentRepackCostTime:57.162s , currentRepackMaxTime:395.0488489208633s
iter7		 Improve solution by repack 0.8622218489653318->0.8506604407417362 , unplacedBoxesSize:6
currentRepackCostTime:57.191s , currentRepackMaxTime:395.0488489208633s
iter2		 Improve solution by repack 0.8506604407417362->0.8482081429723193 , unplacedBoxesSize:5
currentRepackCostTime:57.201s , currentRepackMaxTime:395.0488489208633s
iter5		 Improve solution by repack 0.8482081429723193->0.09742139209889815 , unplacedBoxesSize:1
currentRepackCostTime:57.216s , currentRepackMaxTime:395.0488489208633s
iter167		 Improve solution by repack 0.09742139209889815->0.09690607363611932 , unplacedBoxesSize:1
currentRepackCostTime:57.957s , currentRepackMaxTime:395.0488489208633s
iter28		 Improve solution by repack 0.09690607363611932->0.09174415479709755 , unplacedBoxesSize:1
currentRepackCostTime:58.082s , currentRepackMaxTime:395.0488489208633s
iter19		 Improve solution by repack 0.09174415479709755->0.08266057511421661 , unplacedBoxesSize:1
currentRepackCostTime:58.172000000000004s , currentRepackMaxTime:395.0488489208633s
Selecting boards with low utilization for repacking...
iter4		 Improve solution by repack 0.8981220908357967->0.8823978769148079 , unplacedBoxesSize:5
currentRepackCostTime:59.678000000000004s , currentRepackMaxTime:395.0488489208633s
iter7		 Improve solution by repack 0.8823978769148079->0.8790862671324914 , unplacedBoxesSize:5
currentRepackCostTime:59.713s , currentRepackMaxTime:395.0488489208633s
iter1		 Improve solution by repack 0.8790862671324914->0.16345606019887127 , unplacedBoxesSize:1
currentRepackCostTime:59.713s , currentRepackMaxTime:395.0488489208633s
iter11		 Improve solution by repack 0.16345606019887127->0.15409533727492608 , unplacedBoxesSize:2
currentRepackCostTime:59.772s , currentRepackMaxTime:395.0488489208633s
iter4		 Improve solution by repack 0.15409533727492608->0.12955455522708947 , unplacedBoxesSize:2
currentRepackCostTime:59.792s , currentRepackMaxTime:395.0488489208633s
iter13		 Improve solution by repack 0.12955455522708947->0.12907954850846545 , unplacedBoxesSize:2
currentRepackCostTime:59.844s , currentRepackMaxTime:395.0488489208633s
iter41		 Improve solution by repack 0.12907954850846545->0.09378796022574576 , unplacedBoxesSize:2
currentRepackCostTime:60.056000000000004s , currentRepackMaxTime:395.0488489208633s
iter7		 Improve solution by repack 0.09378796022574576->0.08755173340499867 , unplacedBoxesSize:1
currentRepackCostTime:60.092s , currentRepackMaxTime:395.0488489208633s
iter144		 Improve solution by repack 0.08755173340499867->0.08387798978769148 , unplacedBoxesSize:1
currentRepackCostTime:60.715s , currentRepackMaxTime:395.0488489208633s
iter230		 Improve solution by repack 0.08387798978769148->0.08218556839559259 , unplacedBoxesSize:1
currentRepackCostTime:61.739000000000004s , currentRepackMaxTime:395.0488489208633s
iter40		 Improve solution by repack 0.08218556839559259->0.07480381617844666 , unplacedBoxesSize:1
currentRepackCostTime:61.934000000000005s , currentRepackMaxTime:395.0488489208633s
iter3		 Improve solution by repack 0.07480381617844666->0.07143476216070949 , unplacedBoxesSize:1
currentRepackCostTime:61.940000000000005s , currentRepackMaxTime:395.0488489208633s
iter4		 Improve solution by repack 0.07143476216070949->0.07122278957269551 , unplacedBoxesSize:1
currentRepackCostTime:61.955s , currentRepackMaxTime:395.0488489208633s
Selecting boards with low utilization for repacking...
iter2		 Improve solution by repack 0.9333210158559527->0.9104991937651169 , unplacedBoxesSize:6
currentRepackCostTime:63.808s , currentRepackMaxTime:395.0488489208633s
iter5		 Improve solution by repack 0.9104991937651169->0.9104729911314163 , unplacedBoxesSize:6
currentRepackCostTime:63.838s , currentRepackMaxTime:395.0488489208633s
iter8		 Improve solution by repack 0.9104729911314163->0.9050047030368181 , unplacedBoxesSize:5
currentRepackCostTime:63.883s , currentRepackMaxTime:395.0488489208633s
iter2		 Improve solution by repack 0.9050047030368181->0.9002660575114216 , unplacedBoxesSize:5
currentRepackCostTime:63.896s , currentRepackMaxTime:395.0488489208633s
iter8		 Improve solution by repack 0.9002660575114216->0.8969054017737167 , unplacedBoxesSize:4
currentRepackCostTime:63.938s , currentRepackMaxTime:395.0488489208633s
iter12		 Improve solution by repack 0.8969054017737167->0.16676766998118783 , unplacedBoxesSize:1
currentRepackCostTime:63.988s , currentRepackMaxTime:395.0488489208633s
iter114		 Improve solution by repack 0.16676766998118783->0.16345606019887127 , unplacedBoxesSize:1
currentRepackCostTime:64.45400000000001s , currentRepackMaxTime:395.0488489208633s
iter119		 Improve solution by repack 0.16345606019887127->0.15452163396936308 , unplacedBoxesSize:1
currentRepackCostTime:64.922s , currentRepackMaxTime:395.0488489208633s
Selecting boards with low utilization for repacking...
iter3		 Improve solution by repack 0.9414243482934695->0.8791165009406074 , unplacedBoxesSize:7
currentRepackCostTime:66.297s , currentRepackMaxTime:395.0488489208633s
iter4		 Improve solution by repack 0.8791165009406074->0.8638732867508734 , unplacedBoxesSize:4
currentRepackCostTime:66.31400000000001s , currentRepackMaxTime:395.0488489208633s
iter13		 Improve solution by repack 0.8638732867508734->0.8542656543939801 , unplacedBoxesSize:4
currentRepackCostTime:66.372s , currentRepackMaxTime:395.0488489208633s
iter8		 Improve solution by repack 0.8542656543939801->0.2019131281913464 , unplacedBoxesSize:3
currentRepackCostTime:66.41s , currentRepackMaxTime:395.0488489208633s
iter6		 Improve solution by repack 0.2019131281913464->0.1948427841977963 , unplacedBoxesSize:2
currentRepackCostTime:66.44s , currentRepackMaxTime:395.0488489208633s
iter148		 Improve solution by repack 0.1948427841977963->0.19432746573501747 , unplacedBoxesSize:2
currentRepackCostTime:67.11s , currentRepackMaxTime:395.0488489208633s
iter11		 Improve solution by repack 0.19432746573501747->0.1906940338618651 , unplacedBoxesSize:3
currentRepackCostTime:67.175s , currentRepackMaxTime:395.0488489208633s
iter10		 Improve solution by repack 0.1906940338618651->0.18445780704111797 , unplacedBoxesSize:2
currentRepackCostTime:67.225s , currentRepackMaxTime:395.0488489208633s
iter2		 Improve solution by repack 0.18445780704111797->0.17597352862133836 , unplacedBoxesSize:3
currentRepackCostTime:67.235s , currentRepackMaxTime:395.0488489208633s
iter3		 Improve solution by repack 0.17597352862133836->0.16676766998118783 , unplacedBoxesSize:1
currentRepackCostTime:67.25s , currentRepackMaxTime:395.0488489208633s
iter60		 Improve solution by repack 0.16676766998118783->0.16456866433754366 , unplacedBoxesSize:1
currentRepackCostTime:67.498s , currentRepackMaxTime:395.0488489208633s
iter67		 Improve solution by repack 0.16456866433754366->0.16363343187315238 , unplacedBoxesSize:3
currentRepackCostTime:67.798s , currentRepackMaxTime:395.0488489208633s
iter44		 Improve solution by repack 0.16363343187315238->0.13521701155603333 , unplacedBoxesSize:2
currentRepackCostTime:68.033s , currentRepackMaxTime:395.0488489208633s
iter13		 Improve solution by repack 0.13521701155603333->0.10702902445579145 , unplacedBoxesSize:1
currentRepackCostTime:68.114s , currentRepackMaxTime:395.0488489208633s
iter1		 Improve solution by repack 0.10702902445579145->0.10459688255845202 , unplacedBoxesSize:1
currentRepackCostTime:68.114s , currentRepackMaxTime:395.0488489208633s
iter4		 Improve solution by repack 0.10459688255845202->0.09690607363611932 , unplacedBoxesSize:1
currentRepackCostTime:68.14s , currentRepackMaxTime:395.0488489208633s
Selecting boards with low utilization for repacking...
iter4		 Improve solution by repack 0.9465627519484009->0.9264465197527546 , unplacedBoxesSize:8
currentRepackCostTime:70.402s , currentRepackMaxTime:395.0488489208633s
iter13		 Improve solution by repack 0.9264465197527546->0.9239451760279495 , unplacedBoxesSize:6
currentRepackCostTime:70.508s , currentRepackMaxTime:395.0488489208633s
iter5		 Improve solution by repack 0.9239451760279495->0.9060561676968557 , unplacedBoxesSize:6
currentRepackCostTime:70.533s , currentRepackMaxTime:395.0488489208633s
iter3		 Improve solution by repack 0.9060561676968557->0.16653856490190808 , unplacedBoxesSize:2
currentRepackCostTime:70.543s , currentRepackMaxTime:395.0488489208633s
iter6		 Improve solution by repack 0.16653856490190808->0.1648461435098092 , unplacedBoxesSize:2
currentRepackCostTime:70.584s , currentRepackMaxTime:395.0488489208633s
iter16		 Improve solution by repack 0.1648461435098092->0.13646331631281913 , unplacedBoxesSize:1
currentRepackCostTime:70.663s , currentRepackMaxTime:395.0488489208633s
Selecting boards with low utilization for repacking...
iter1		 Improve solution by repack 0.9484251545283525->0.13646331631281913 , unplacedBoxesSize:1
currentRepackCostTime:73.051s , currentRepackMaxTime:395.0488489208633s
Selecting boards with low utilization for repacking...
iter1		 Improve solution by repack 0.9661871808653587->0.89878124160172 , unplacedBoxesSize:5
currentRepackCostTime:75.672s , currentRepackMaxTime:395.0488489208633s
iter1		 Improve solution by repack 0.89878124160172->0.8903816178446654 , unplacedBoxesSize:6
currentRepackCostTime:75.677s , currentRepackMaxTime:395.0488489208633s
iter2		 Improve solution by repack 0.8903816178446654->0.8871902714324107 , unplacedBoxesSize:6
currentRepackCostTime:75.682s , currentRepackMaxTime:395.0488489208633s
iter1		 Improve solution by repack 0.8871902714324107->0.8820223058317657 , unplacedBoxesSize:6
currentRepackCostTime:75.687s , currentRepackMaxTime:395.0488489208633s
iter7		 Improve solution by repack 0.8820223058317657->0.15376377317925288 , unplacedBoxesSize:3
currentRepackCostTime:75.726s , currentRepackMaxTime:395.0488489208633s
iter3		 Improve solution by repack 0.15376377317925288->0.14887261488847084 , unplacedBoxesSize:3
currentRepackCostTime:75.741s , currentRepackMaxTime:395.0488489208633s
iter10		 Improve solution by repack 0.14887261488847084->0.13646331631281913 , unplacedBoxesSize:1
currentRepackCostTime:75.791s , currentRepackMaxTime:395.0488489208633s
Selecting boards with low utilization for repacking...
All low-utilization boards have been repacked once. Restarting repacking process...
Selecting boards with low utilization for repacking...
Selecting boards with low utilization for repacking...
iter4		 Improve solution by repack 0.8676283257188927->0.8638168503090566 , unplacedBoxesSize:5
currentRepackCostTime:79.667s , currentRepackMaxTime:395.0488489208633s
iter4		 Improve solution by repack 0.8638168503090566->0.8576847621607095 , unplacedBoxesSize:5
currentRepackCostTime:79.682s , currentRepackMaxTime:395.0488489208633s
iter2		 Improve solution by repack 0.8576847621607095->0.16676766998118783 , unplacedBoxesSize:1
currentRepackCostTime:79.687s , currentRepackMaxTime:395.0488489208633s
iter2		 Improve solution by repack 0.16676766998118783->0.14887261488847084 , unplacedBoxesSize:3
currentRepackCostTime:79.69200000000001s , currentRepackMaxTime:395.0488489208633s
iter3		 Improve solution by repack 0.14887261488847084->0.13646331631281913 , unplacedBoxesSize:1
currentRepackCostTime:79.712s , currentRepackMaxTime:395.0488489208633s
Selecting boards with low utilization for repacking...
iter3		 Improve solution by repack 0.8576847621607095->0.1705032249395324 , unplacedBoxesSize:2
currentRepackCostTime:82.266s , currentRepackMaxTime:395.0488489208633s
iter4		 Improve solution by repack 0.1705032249395324->0.16437113679118517 , unplacedBoxesSize:2
currentRepackCostTime:82.29s , currentRepackMaxTime:395.0488489208633s
iter3		 Improve solution by repack 0.16437113679118517->0.16345606019887127 , unplacedBoxesSize:1
currentRepackCostTime:82.301s , currentRepackMaxTime:395.0488489208633s
iter45		 Improve solution by repack 0.16345606019887127->0.13646331631281913 , unplacedBoxesSize:1
currentRepackCostTime:82.507s , currentRepackMaxTime:395.0488489208633s
iter95		 Improve solution by repack 0.13646331631281913->0.13047836603063692 , unplacedBoxesSize:2
currentRepackCostTime:82.959s , currentRepackMaxTime:395.0488489208633s
iter8		 Improve solution by repack 0.13047836603063692->0.11524254232733136 , unplacedBoxesSize:2
currentRepackCostTime:82.994s , currentRepackMaxTime:395.0488489208633s
iter162		 Improve solution by repack 0.11524254232733136->0.11022037086804623 , unplacedBoxesSize:1
currentRepackCostTime:83.83500000000001s , currentRepackMaxTime:395.0488489208633s
iter2		 Improve solution by repack 0.11022037086804623->0.10702902445579145 , unplacedBoxesSize:1
currentRepackCostTime:83.845s , currentRepackMaxTime:395.0488489208633s
iter5		 Improve solution by repack 0.10702902445579145->0.09742139209889815 , unplacedBoxesSize:1
currentRepackCostTime:83.865s , currentRepackMaxTime:395.0488489208633s
iter3		 Improve solution by repack 0.09742139209889815->0.08266057511421661 , unplacedBoxesSize:1
currentRepackCostTime:83.88s , currentRepackMaxTime:395.0488489208633s
iter49		 Improve solution by repack 0.08266057511421661->0.08218556839559259 , unplacedBoxesSize:1
currentRepackCostTime:84.101s , currentRepackMaxTime:395.0488489208633s
Selecting boards with low utilization for repacking...
iter7		 Improve solution by repack 0.8742575920451491->0.08218556839559259 , unplacedBoxesSize:1
currentRepackCostTime:86.482s , currentRepackMaxTime:395.0488489208633s
Selecting boards with low utilization for repacking...
iter10		 Improve solution by repack 0.8742575920451491->0.09742139209889815 , unplacedBoxesSize:1
currentRepackCostTime:89.215s , currentRepackMaxTime:395.0488489208633s
iter65		 Improve solution by repack 0.09742139209889815->0.08755173340499867 , unplacedBoxesSize:1
currentRepackCostTime:89.492s , currentRepackMaxTime:395.0488489208633s
iter61		 Improve solution by repack 0.08755173340499867->0.08218556839559259 , unplacedBoxesSize:1
currentRepackCostTime:89.802s , currentRepackMaxTime:395.0488489208633s
Selecting boards with low utilization for repacking...
iter1		 Improve solution by repack 0.8869087610857296->0.8859815909701694 , unplacedBoxesSize:5
currentRepackCostTime:91.85300000000001s , currentRepackMaxTime:395.0488489208633s
iter1		 Improve solution by repack 0.8859815909701694->0.8742596076323569 , unplacedBoxesSize:8
currentRepackCostTime:91.858s , currentRepackMaxTime:395.0488489208633s
iter3		 Improve solution by repack 0.8742596076323569->0.854680193496372 , unplacedBoxesSize:7
currentRepackCostTime:91.873s , currentRepackMaxTime:395.0488489208633s
iter2		 Improve solution by repack 0.854680193496372->0.8033122816447191 , unplacedBoxesSize:5
currentRepackCostTime:91.888s , currentRepackMaxTime:395.0488489208633s
iter2		 Improve solution by repack 0.8033122816447191->0.8011959150765924 , unplacedBoxesSize:6
currentRepackCostTime:91.896s , currentRepackMaxTime:395.0488489208633s
iter29		 Improve solution by repack 0.8011959150765924->0.08218556839559259 , unplacedBoxesSize:1
currentRepackCostTime:92.06700000000001s , currentRepackMaxTime:395.0488489208633s
iter232		 Improve solution by repack 0.08218556839559259->0.07122278957269551 , unplacedBoxesSize:1
currentRepackCostTime:93.096s , currentRepackMaxTime:395.0488489208633s
Selecting boards with low utilization for repacking...
iter5		 Improve solution by repack 0.8659849502821823->0.8402069336199945 , unplacedBoxesSize:3
currentRepackCostTime:94.762s , currentRepackMaxTime:395.0488489208633s
iter1		 Improve solution by repack 0.8402069336199945->0.07122278957269551 , unplacedBoxesSize:1
currentRepackCostTime:94.762s , currentRepackMaxTime:395.0488489208633s
Selecting boards with low utilization for repacking...
iter4		 Improve solution by repack 0.8967011556033324->0.8870404461166354 , unplacedBoxesSize:7
currentRepackCostTime:97.70100000000001s , currentRepackMaxTime:395.0488489208633s
iter1		 Improve solution by repack 0.8870404461166354->0.8195794141359849 , unplacedBoxesSize:3
currentRepackCostTime:97.70100000000001s , currentRepackMaxTime:395.0488489208633s
iter10		 Improve solution by repack 0.8195794141359849->0.07122278957269551 , unplacedBoxesSize:1
currentRepackCostTime:97.752s , currentRepackMaxTime:395.0488489208633s
Selecting boards with low utilization for repacking...
iter3		 Improve solution by repack 0.8999274388605213->0.8393247782854072 , unplacedBoxesSize:4
currentRepackCostTime:100.657s , currentRepackMaxTime:395.0488489208633s
iter2		 Improve solution by repack 0.8393247782854072->0.8223266595001344 , unplacedBoxesSize:5
currentRepackCostTime:100.666s , currentRepackMaxTime:395.0488489208633s
iter5		 Improve solution by repack 0.8223266595001344->0.8195794141359849 , unplacedBoxesSize:3
currentRepackCostTime:100.687s , currentRepackMaxTime:395.0488489208633s
iter12		 Improve solution by repack 0.8195794141359849->0.07122278957269551 , unplacedBoxesSize:1
currentRepackCostTime:100.73700000000001s , currentRepackMaxTime:395.0488489208633s
iter6		 Improve solution by repack 0.07122278957269551->0.04689398011287288 , unplacedBoxesSize:1
currentRepackCostTime:100.79s , currentRepackMaxTime:395.0488489208633s
iter82		 Improve solution by repack 0.04689398011287288->0.037022305831765655 , unplacedBoxesSize:2
currentRepackCostTime:101.238s , currentRepackMaxTime:395.0488489208633s
iter1		 Improve solution by repack 0.037022305831765655->0.0 , unplacedBoxesSize:0
currentRepackCostTime:101.24000000000001s , currentRepackMaxTime:395.0488489208633s
Improved success.
Found solution 25
Start improving solution by repacking.
Selecting boards with low utilization for repacking...
iter15		 Improve solution by repack 0.8999274388605213->0.892768744961032 , unplacedBoxesSize:4
currentRepackCostTime:0.058s , currentRepackMaxTime:293.8088489208633s
iter5		 Improve solution by repack 0.892768744961032->0.885844531040043 , unplacedBoxesSize:8
currentRepackCostTime:0.08s , currentRepackMaxTime:293.8088489208633s
iter11		 Improve solution by repack 0.885844531040043->0.875810937919914 , unplacedBoxesSize:9
currentRepackCostTime:0.156s , currentRepackMaxTime:293.8088489208633s
iter22		 Improve solution by repack 0.875810937919914->0.8719900564364418 , unplacedBoxesSize:8
currentRepackCostTime:0.325s , currentRepackMaxTime:293.8088489208633s
iter1		 Improve solution by repack 0.8719900564364418->0.8714982531577532 , unplacedBoxesSize:9
currentRepackCostTime:0.339s , currentRepackMaxTime:293.8088489208633s
iter1		 Improve solution by repack 0.8714982531577532->0.8602176834184359 , unplacedBoxesSize:7
currentRepackCostTime:0.34800000000000003s , currentRepackMaxTime:293.8088489208633s
iter1		 Improve solution by repack 0.8602176834184359->0.858688524590164 , unplacedBoxesSize:6
currentRepackCostTime:0.357s , currentRepackMaxTime:293.8088489208633s
iter1		 Improve solution by repack 0.858688524590164->0.8527848696586939 , unplacedBoxesSize:4
currentRepackCostTime:0.358s , currentRepackMaxTime:293.8088489208633s
iter23		 Improve solution by repack 0.8527848696586939->0.847235958075786 , unplacedBoxesSize:8
currentRepackCostTime:0.468s , currentRepackMaxTime:293.8088489208633s
iter5		 Improve solution by repack 0.847235958075786->0.8426162321956463 , unplacedBoxesSize:5
currentRepackCostTime:0.494s , currentRepackMaxTime:293.8088489208633s
iter126		 Improve solution by repack 0.8426162321956463->0.84153386186509 , unplacedBoxesSize:4
currentRepackCostTime:1.069s , currentRepackMaxTime:293.8088489208633s
iter195		 Improve solution by repack 0.84153386186509->0.8398575651706531 , unplacedBoxesSize:7
currentRepackCostTime:1.926s , currentRepackMaxTime:293.8088489208633s
iter19		 Improve solution by repack 0.8398575651706531->0.8374254232733136 , unplacedBoxesSize:7
currentRepackCostTime:2.028s , currentRepackMaxTime:293.8088489208633s
iter32		 Improve solution by repack 0.8374254232733136->0.824217952163397 , unplacedBoxesSize:4
currentRepackCostTime:2.206s , currentRepackMaxTime:293.8088489208633s
Selecting boards with low utilization for repacking...
iter6		 Improve solution by repack 0.9247829884439668->0.9077284332168771 , unplacedBoxesSize:4
currentRepackCostTime:3.873s , currentRepackMaxTime:293.8088489208633s
iter18		 Improve solution by repack 0.9077284332168771->0.8746714592851383 , unplacedBoxesSize:3
currentRepackCostTime:3.966s , currentRepackMaxTime:293.8088489208633s
iter185		 Improve solution by repack 0.8746714592851383->0.867985420585864 , unplacedBoxesSize:3
currentRepackCostTime:4.7s , currentRepackMaxTime:293.8088489208633s
Selecting boards with low utilization for repacking...
iter1		 Improve solution by repack 0.9257054555227089->0.9227492609513571 , unplacedBoxesSize:4
currentRepackCostTime:6.096s , currentRepackMaxTime:293.8088489208633s
iter1		 Improve solution by repack 0.9227492609513571->0.8692878258532654 , unplacedBoxesSize:5
currentRepackCostTime:6.098s , currentRepackMaxTime:293.8088489208633s
iter5		 Improve solution by repack 0.8692878258532654->0.8619591507659231 , unplacedBoxesSize:7
currentRepackCostTime:6.123s , currentRepackMaxTime:293.8088489208633s
iter5		 Improve solution by repack 0.8619591507659231->0.8480428648212845 , unplacedBoxesSize:5
currentRepackCostTime:6.154s , currentRepackMaxTime:293.8088489208633s
iter1		 Improve solution by repack 0.8480428648212845->0.8392938726148885 , unplacedBoxesSize:5
currentRepackCostTime:6.159s , currentRepackMaxTime:293.8088489208633s
iter1		 Improve solution by repack 0.8392938726148885->0.8305139747379737 , unplacedBoxesSize:4
currentRepackCostTime:6.17s , currentRepackMaxTime:293.8088489208633s
iter7		 Improve solution by repack 0.8305139747379737->0.8289565976887934 , unplacedBoxesSize:4
currentRepackCostTime:6.2010000000000005s , currentRepackMaxTime:293.8088489208633s
iter17		 Improve solution by repack 0.8289565976887934->0.8285494490728299 , unplacedBoxesSize:4
currentRepackCostTime:6.291s , currentRepackMaxTime:293.8088489208633s
iter23		 Improve solution by repack 0.8285494490728299->0.8220189465197528 , unplacedBoxesSize:4
currentRepackCostTime:6.404s , currentRepackMaxTime:293.8088489208633s
iter8		 Improve solution by repack 0.8220189465197528->0.8187073367374361 , unplacedBoxesSize:4
currentRepackCostTime:6.437s , currentRepackMaxTime:293.8088489208633s
Selecting boards with low utilization for repacking...
iter2		 Improve solution by repack 0.8999274388605213->0.8319148078473528 , unplacedBoxesSize:7
currentRepackCostTime:8.588000000000001s , currentRepackMaxTime:293.8088489208633s
iter44		 Improve solution by repack 0.8319148078473528->0.8256187852727762 , unplacedBoxesSize:7
currentRepackCostTime:8.831s , currentRepackMaxTime:293.8088489208633s
iter232		 Improve solution by repack 0.8256187852727762->0.8220189465197528 , unplacedBoxesSize:4
currentRepackCostTime:10.121s , currentRepackMaxTime:293.8088489208633s
iter248		 Improve solution by repack 0.8220189465197528->0.8187073367374361 , unplacedBoxesSize:4
currentRepackCostTime:11.23s , currentRepackMaxTime:293.8088489208633s
Selecting boards with low utilization for repacking...
iter1		 Improve solution by repack 0.9268288094598227->0.8433042192958883 , unplacedBoxesSize:5
currentRepackCostTime:12.559000000000001s , currentRepackMaxTime:293.8088489208633s
iter32		 Improve solution by repack 0.8433042192958883->0.8283149690943294 , unplacedBoxesSize:4
currentRepackCostTime:12.731s , currentRepackMaxTime:293.8088489208633s
iter42		 Improve solution by repack 0.8283149690943294->0.8187073367374361 , unplacedBoxesSize:4
currentRepackCostTime:12.921000000000001s , currentRepackMaxTime:293.8088489208633s
Selecting boards with low utilization for repacking...
iter3		 Improve solution by repack 0.9346828809459823->0.9329904595538833 , unplacedBoxesSize:6
currentRepackCostTime:15.092s , currentRepackMaxTime:293.8088489208633s
iter4		 Improve solution by repack 0.9329904595538833->0.8999274388605213 , unplacedBoxesSize:3
currentRepackCostTime:15.115s , currentRepackMaxTime:293.8088489208633s
iter12		 Improve solution by repack 0.8999274388605213->0.8433042192958883 , unplacedBoxesSize:5
currentRepackCostTime:15.162s , currentRepackMaxTime:293.8088489208633s
iter23		 Improve solution by repack 0.8433042192958883->0.8342206396130072 , unplacedBoxesSize:5
currentRepackCostTime:15.283s , currentRepackMaxTime:293.8088489208633s
iter5		 Improve solution by repack 0.8342206396130072->0.83159634506853 , unplacedBoxesSize:5
currentRepackCostTime:15.3s , currentRepackMaxTime:293.8088489208633s
iter23		 Improve solution by repack 0.83159634506853->0.8241074307981725 , unplacedBoxesSize:5
currentRepackCostTime:15.41s , currentRepackMaxTime:293.8088489208633s
iter1		 Improve solution by repack 0.8241074307981725->0.8238954582101585 , unplacedBoxesSize:5
currentRepackCostTime:15.42s , currentRepackMaxTime:293.8088489208633s
iter7		 Improve solution by repack 0.8238954582101585->0.8187073367374361 , unplacedBoxesSize:4
currentRepackCostTime:15.453000000000001s , currentRepackMaxTime:293.8088489208633s
Selecting boards with low utilization for repacking...
iter1		 Improve solution by repack 0.9308841709217952->0.8187073367374361 , unplacedBoxesSize:4
currentRepackCostTime:17.545s , currentRepackMaxTime:293.8088489208633s
Selecting boards with low utilization for repacking...
iter3		 Improve solution by repack 0.9308841709217952->0.9169322762698199 , unplacedBoxesSize:8
currentRepackCostTime:20.001s , currentRepackMaxTime:293.8088489208633s
iter1		 Improve solution by repack 0.9169322762698199->0.8999274388605213 , unplacedBoxesSize:3
currentRepackCostTime:20.006s , currentRepackMaxTime:293.8088489208633s
iter1		 Improve solution by repack 0.8999274388605213->0.8187073367374361 , unplacedBoxesSize:4
currentRepackCostTime:20.006s , currentRepackMaxTime:293.8088489208633s
Selecting boards with low utilization for repacking...
iter5		 Improve solution by repack 0.9329904595538833->0.8999274388605213 , unplacedBoxesSize:3
currentRepackCostTime:22.53s , currentRepackMaxTime:293.8088489208633s
iter11		 Improve solution by repack 0.8999274388605213->0.8412039774254232 , unplacedBoxesSize:5
currentRepackCostTime:22.563s , currentRepackMaxTime:293.8088489208633s
iter31		 Improve solution by repack 0.8412039774254232->0.8402069336199945 , unplacedBoxesSize:3
currentRepackCostTime:22.721s , currentRepackMaxTime:293.8088489208633s
iter230		 Improve solution by repack 0.8402069336199945->0.8382968288094599 , unplacedBoxesSize:5
currentRepackCostTime:23.695s , currentRepackMaxTime:293.8088489208633s
iter18		 Improve solution by repack 0.8382968288094599->0.832000806234883 , unplacedBoxesSize:5
currentRepackCostTime:23.778000000000002s , currentRepackMaxTime:293.8088489208633s
iter39		 Improve solution by repack 0.832000806234883->0.8318865896264446 , unplacedBoxesSize:5
currentRepackCostTime:23.976s , currentRepackMaxTime:293.8088489208633s
iter3		 Improve solution by repack 0.8318865896264446->0.8312536952432142 , unplacedBoxesSize:5
currentRepackCostTime:23.992s , currentRepackMaxTime:293.8088489208633s
iter12		 Improve solution by repack 0.8312536952432142->0.8223931738779897 , unplacedBoxesSize:5
currentRepackCostTime:24.051000000000002s , currentRepackMaxTime:293.8088489208633s
iter242		 Improve solution by repack 0.8223931738779897->0.8201941682343455 , unplacedBoxesSize:5
currentRepackCostTime:25.227s , currentRepackMaxTime:293.8088489208633s
Selecting boards with low utilization for repacking...
iter2		 Improve solution by repack 0.9427331362536953->0.9258237033055631 , unplacedBoxesSize:8
currentRepackCostTime:27.77s , currentRepackMaxTime:293.8088489208633s
iter2		 Improve solution by repack 0.9258237033055631->0.8626928245095405 , unplacedBoxesSize:8
currentRepackCostTime:27.779s , currentRepackMaxTime:293.8088489208633s
iter3		 Improve solution by repack 0.8626928245095405->0.8558129535071217 , unplacedBoxesSize:8
currentRepackCostTime:27.801000000000002s , currentRepackMaxTime:293.8088489208633s
iter3		 Improve solution by repack 0.8558129535071217->0.8374254232733136 , unplacedBoxesSize:7
currentRepackCostTime:27.822s , currentRepackMaxTime:293.8088489208633s
iter47		 Improve solution by repack 0.8374254232733136->0.8342414673474872 , unplacedBoxesSize:7
currentRepackCostTime:28.087s , currentRepackMaxTime:293.8088489208633s
iter3		 Improve solution by repack 0.8342414673474872->0.8330784735286214 , unplacedBoxesSize:4
currentRepackCostTime:28.112000000000002s , currentRepackMaxTime:293.8088489208633s
iter14		 Improve solution by repack 0.8330784735286214->0.8305139747379737 , unplacedBoxesSize:4
currentRepackCostTime:28.184s , currentRepackMaxTime:293.8088489208633s
iter14		 Improve solution by repack 0.8305139747379737->0.8269383230314431 , unplacedBoxesSize:7
currentRepackCostTime:28.246000000000002s , currentRepackMaxTime:293.8088489208633s
iter82		 Improve solution by repack 0.8269383230314431->0.8247393173877989 , unplacedBoxesSize:7
currentRepackCostTime:28.719s , currentRepackMaxTime:293.8088489208633s
iter94		 Improve solution by repack 0.8247393173877989->0.8223071754904595 , unplacedBoxesSize:7
currentRepackCostTime:29.242s , currentRepackMaxTime:293.8088489208633s
Selecting boards with low utilization for repacking...
iter1		 Improve solution by repack 0.9457766729373824->0.9299845471647408 , unplacedBoxesSize:10
currentRepackCostTime:30.92s , currentRepackMaxTime:293.8088489208633s
iter6		 Improve solution by repack 0.9299845471647408->0.9071627250739049 , unplacedBoxesSize:9
currentRepackCostTime:30.958000000000002s , currentRepackMaxTime:293.8088489208633s
iter5		 Improve solution by repack 0.9071627250739049->0.8897037086804622 , unplacedBoxesSize:5
currentRepackCostTime:30.990000000000002s , currentRepackMaxTime:293.8088489208633s
iter8		 Improve solution by repack 0.8897037086804622->0.857269551195915 , unplacedBoxesSize:5
currentRepackCostTime:31.025000000000002s , currentRepackMaxTime:293.8088489208633s
iter236		 Improve solution by repack 0.857269551195915->0.8537201021230852 , unplacedBoxesSize:5
currentRepackCostTime:32.153s , currentRepackMaxTime:293.8088489208633s
iter5		 Improve solution by repack 0.8537201021230852->0.8489814565976888 , unplacedBoxesSize:5
currentRepackCostTime:32.179s , currentRepackMaxTime:293.8088489208633s
iter150		 Improve solution by repack 0.8489814565976888->0.8280818328406343 , unplacedBoxesSize:4
currentRepackCostTime:32.927s , currentRepackMaxTime:293.8088489208633s
iter26		 Improve solution by repack 0.8280818328406343->0.8258828271969901 , unplacedBoxesSize:4
currentRepackCostTime:33.037s , currentRepackMaxTime:293.8088489208633s
iter4		 Improve solution by repack 0.8258828271969901->0.8196775060467616 , unplacedBoxesSize:3
currentRepackCostTime:33.047000000000004s , currentRepackMaxTime:293.8088489208633s
iter3		 Improve solution by repack 0.8196775060467616->0.8195794141359849 , unplacedBoxesSize:3
currentRepackCostTime:33.052s , currentRepackMaxTime:293.8088489208633s
iter62		 Improve solution by repack 0.8195794141359849->0.8071499596882558 , unplacedBoxesSize:2
currentRepackCostTime:33.307s , currentRepackMaxTime:293.8088489208633s
Selecting boards with low utilization for repacking...
iter1		 Improve solution by repack 0.9375181402848697->0.9096815372211771 , unplacedBoxesSize:8
currentRepackCostTime:34.495s , currentRepackMaxTime:293.8088489208633s
iter4		 Improve solution by repack 0.9096815372211771->0.8869410104810536 , unplacedBoxesSize:6
currentRepackCostTime:34.517s , currentRepackMaxTime:293.8088489208633s
iter14		 Improve solution by repack 0.8869410104810536->0.8668247782854072 , unplacedBoxesSize:6
currentRepackCostTime:34.586s , currentRepackMaxTime:293.8088489208633s
iter16		 Improve solution by repack 0.8668247782854072->0.8651323568933083 , unplacedBoxesSize:6
currentRepackCostTime:34.662s , currentRepackMaxTime:293.8088489208633s
iter11		 Improve solution by repack 0.8651323568933083->0.8541695780704112 , unplacedBoxesSize:6
currentRepackCostTime:34.708s , currentRepackMaxTime:293.8088489208633s
iter99		 Improve solution by repack 0.8541695780704112->0.8498152378392905 , unplacedBoxesSize:6
currentRepackCostTime:35.262s , currentRepackMaxTime:293.8088489208633s
iter1		 Improve solution by repack 0.8498152378392905->0.8466238914270359 , unplacedBoxesSize:6
currentRepackCostTime:35.266s , currentRepackMaxTime:293.8088489208633s
iter14		 Improve solution by repack 0.8466238914270359->0.8334164203171192 , unplacedBoxesSize:3
currentRepackCostTime:35.337s , currentRepackMaxTime:293.8088489208633s
Selecting boards with low utilization for repacking...
iter1		 Improve solution by repack 0.9431953775866702->0.9397493953238376 , unplacedBoxesSize:8
currentRepackCostTime:37.059s , currentRepackMaxTime:293.8088489208633s
iter7		 Improve solution by repack 0.9397493953238376->0.9384419510884171 , unplacedBoxesSize:6
currentRepackCostTime:37.1s , currentRepackMaxTime:293.8088489208633s
iter15		 Improve solution by repack 0.9384419510884171->0.9178144316044075 , unplacedBoxesSize:6
currentRepackCostTime:37.174s , currentRepackMaxTime:293.8088489208633s
iter4		 Improve solution by repack 0.9178144316044075->0.9009802472453642 , unplacedBoxesSize:7
currentRepackCostTime:37.198s , currentRepackMaxTime:293.8088489208633s
iter6		 Improve solution by repack 0.9009802472453642->0.8911193227626981 , unplacedBoxesSize:3
currentRepackCostTime:37.246s , currentRepackMaxTime:293.8088489208633s
iter12		 Improve solution by repack 0.8911193227626981->0.8849845471647407 , unplacedBoxesSize:5
currentRepackCostTime:37.304s , currentRepackMaxTime:293.8088489208633s
iter3		 Improve solution by repack 0.8849845471647407->0.8540439398011287 , unplacedBoxesSize:3
currentRepackCostTime:37.325s , currentRepackMaxTime:293.8088489208633s
iter227		 Improve solution by repack 0.8540439398011287->0.8490553614619727 , unplacedBoxesSize:5
currentRepackCostTime:38.248s , currentRepackMaxTime:293.8088489208633s
iter4		 Improve solution by repack 0.8490553614619727->0.8468563558183283 , unplacedBoxesSize:5
currentRepackCostTime:38.263s , currentRepackMaxTime:293.8088489208633s
iter199		 Improve solution by repack 0.8468563558183283->0.805033593120129 , unplacedBoxesSize:3
currentRepackCostTime:39.301s , currentRepackMaxTime:293.8088489208633s
Selecting boards with low utilization for repacking...
iter1		 Improve solution by repack 0.9519484009674819->0.9381805966138135 , unplacedBoxesSize:5
currentRepackCostTime:40.918s , currentRepackMaxTime:293.8088489208633s
iter1		 Improve solution by repack 0.9381805966138135->0.9358022037086804 , unplacedBoxesSize:5
currentRepackCostTime:40.927s , currentRepackMaxTime:293.8088489208633s
iter1		 Improve solution by repack 0.9358022037086804->0.874840096748186 , unplacedBoxesSize:3
currentRepackCostTime:40.929s , currentRepackMaxTime:293.8088489208633s
iter45		 Improve solution by repack 0.874840096748186->0.8718980112872883 , unplacedBoxesSize:5
currentRepackCostTime:41.118s , currentRepackMaxTime:293.8088489208633s
iter15		 Improve solution by repack 0.8718980112872883->0.8651330287557109 , unplacedBoxesSize:5
currentRepackCostTime:41.188s , currentRepackMaxTime:293.8088489208633s
iter4		 Improve solution by repack 0.8651330287557109->0.860264041924214 , unplacedBoxesSize:5
currentRepackCostTime:41.209s , currentRepackMaxTime:293.8088489208633s
iter7		 Improve solution by repack 0.860264041924214->0.8600839828003224 , unplacedBoxesSize:5
currentRepackCostTime:41.241s , currentRepackMaxTime:293.8088489208633s
iter9		 Improve solution by repack 0.8600839828003224->0.8540735017468422 , unplacedBoxesSize:5
currentRepackCostTime:41.284s , currentRepackMaxTime:293.8088489208633s
iter74		 Improve solution by repack 0.8540735017468422->0.8500940607363612 , unplacedBoxesSize:5
currentRepackCostTime:41.683s , currentRepackMaxTime:293.8088489208633s
Selecting boards with low utilization for repacking...
iter3		 Improve solution by repack 0.9565076592313895->0.9323259876377318 , unplacedBoxesSize:3
currentRepackCostTime:43.648s , currentRepackMaxTime:293.8088489208633s
iter13		 Improve solution by repack 0.9323259876377318->0.8777895726955119 , unplacedBoxesSize:4
currentRepackCostTime:43.707s , currentRepackMaxTime:293.8088489208633s
iter34		 Improve solution by repack 0.8777895726955119->0.8770545552270894 , unplacedBoxesSize:7
currentRepackCostTime:43.852000000000004s , currentRepackMaxTime:293.8088489208633s
iter4		 Improve solution by repack 0.8770545552270894->0.8554273044880408 , unplacedBoxesSize:5
currentRepackCostTime:43.874s , currentRepackMaxTime:293.8088489208633s
iter4		 Improve solution by repack 0.8554273044880408->0.8536683687180866 , unplacedBoxesSize:6
currentRepackCostTime:43.889s , currentRepackMaxTime:293.8088489208633s
iter23		 Improve solution by repack 0.8536683687180866->0.8413047567858103 , unplacedBoxesSize:5
currentRepackCostTime:44.03s , currentRepackMaxTime:293.8088489208633s
iter2		 Improve solution by repack 0.8413047567858103->0.8348078473528621 , unplacedBoxesSize:5
currentRepackCostTime:44.041000000000004s , currentRepackMaxTime:293.8088489208633s
iter6		 Improve solution by repack 0.8348078473528621->0.8331154259607633 , unplacedBoxesSize:5
currentRepackCostTime:44.071s , currentRepackMaxTime:293.8088489208633s
iter18		 Improve solution by repack 0.8331154259607633->0.8277774791722655 , unplacedBoxesSize:2
currentRepackCostTime:44.152s , currentRepackMaxTime:293.8088489208633s
iter227		 Improve solution by repack 0.8277774791722655->0.8190338618650901 , unplacedBoxesSize:5
currentRepackCostTime:44.976s , currentRepackMaxTime:293.8088489208633s
iter23		 Improve solution by repack 0.8190338618650901->0.8166017199677506 , unplacedBoxesSize:5
currentRepackCostTime:45.096000000000004s , currentRepackMaxTime:293.8088489208633s
iter16		 Improve solution by repack 0.8166017199677506->0.8107497984412791 , unplacedBoxesSize:5
currentRepackCostTime:45.182s , currentRepackMaxTime:293.8088489208633s
iter32		 Improve solution by repack 0.8107497984412791->0.8083129535071217 , unplacedBoxesSize:5
currentRepackCostTime:45.329s , currentRepackMaxTime:293.8088489208633s
iter60		 Improve solution by repack 0.8083129535071217->0.8035743079817252 , unplacedBoxesSize:5
currentRepackCostTime:45.623s , currentRepackMaxTime:293.8088489208633s
Selecting boards with low utilization for repacking...
iter1		 Improve solution by repack 0.9485749798441279->0.8035743079817252 , unplacedBoxesSize:5
currentRepackCostTime:47.338s , currentRepackMaxTime:293.8088489208633s
Selecting boards with low utilization for repacking...
iter4		 Improve solution by repack 0.9485749798441279->0.9104380542864822 , unplacedBoxesSize:3
currentRepackCostTime:49.979s , currentRepackMaxTime:293.8088489208633s
iter47		 Improve solution by repack 0.9104380542864822->0.8862348830959419 , unplacedBoxesSize:6
currentRepackCostTime:50.161s , currentRepackMaxTime:293.8088489208633s
iter9		 Improve solution by repack 0.8862348830959419->0.8709990593926363 , unplacedBoxesSize:6
currentRepackCostTime:50.214s , currentRepackMaxTime:293.8088489208633s
iter5		 Improve solution by repack 0.8709990593926363->0.8604884439666757 , unplacedBoxesSize:6
currentRepackCostTime:50.25s , currentRepackMaxTime:293.8088489208633s
iter9		 Improve solution by repack 0.8604884439666757->0.8539451760279495 , unplacedBoxesSize:5
currentRepackCostTime:50.302s , currentRepackMaxTime:293.8088489208633s
iter3		 Improve solution by repack 0.8539451760279495->0.8534144047299113 , unplacedBoxesSize:6
currentRepackCostTime:50.314s , currentRepackMaxTime:293.8088489208633s
iter12		 Improve solution by repack 0.8534144047299113->0.8485454178984144 , unplacedBoxesSize:6
currentRepackCostTime:50.394s , currentRepackMaxTime:293.8088489208633s
iter13		 Improve solution by repack 0.8485454178984144->0.8473548777210427 , unplacedBoxesSize:5
currentRepackCostTime:50.469s , currentRepackMaxTime:293.8088489208633s
iter32		 Improve solution by repack 0.8473548777210427->0.8277774791722655 , unplacedBoxesSize:2
currentRepackCostTime:50.626s , currentRepackMaxTime:293.8088489208633s
iter145		 Improve solution by repack 0.8277774791722655->0.8236858371405537 , unplacedBoxesSize:7
currentRepackCostTime:51.136s , currentRepackMaxTime:293.8088489208633s
iter2		 Improve solution by repack 0.8236858371405537->0.8220189465197528 , unplacedBoxesSize:4
currentRepackCostTime:51.146s , currentRepackMaxTime:293.8088489208633s
iter8		 Improve solution by repack 0.8220189465197528->0.8187073367374361 , unplacedBoxesSize:4
currentRepackCostTime:51.186s , currentRepackMaxTime:293.8088489208633s
iter64		 Improve solution by repack 0.8187073367374361->0.8175947325987637 , unplacedBoxesSize:4
currentRepackCostTime:51.485s , currentRepackMaxTime:293.8088489208633s
iter13		 Improve solution by repack 0.8175947325987637->0.8084909970438054 , unplacedBoxesSize:4
currentRepackCostTime:51.555s , currentRepackMaxTime:293.8088489208633s
iter4		 Improve solution by repack 0.8084909970438054->0.8023589088954581 , unplacedBoxesSize:4
currentRepackCostTime:51.573s , currentRepackMaxTime:293.8088489208633s
iter9		 Improve solution by repack 0.8023589088954581->0.800092717011556 , unplacedBoxesSize:4
currentRepackCostTime:51.621s , currentRepackMaxTime:293.8088489208633s
Selecting boards with low utilization for repacking...
iter2		 Improve solution by repack 0.9403271969900564->0.8420048374092985 , unplacedBoxesSize:5
currentRepackCostTime:53.678000000000004s , currentRepackMaxTime:293.8088489208633s
iter3		 Improve solution by repack 0.8420048374092985->0.8071499596882558 , unplacedBoxesSize:2
currentRepackCostTime:53.693s , currentRepackMaxTime:293.8088489208633s
Selecting boards with low utilization for repacking...
iter2		 Improve solution by repack 0.9590573770491804->0.947807041117979 , unplacedBoxesSize:4
currentRepackCostTime:55.617000000000004s , currentRepackMaxTime:293.8088489208633s
iter1		 Improve solution by repack 0.947807041117979->0.8910279494759473 , unplacedBoxesSize:3
currentRepackCostTime:55.618s , currentRepackMaxTime:293.8088489208633s
iter3		 Improve solution by repack 0.8910279494759473->0.8893355280838485 , unplacedBoxesSize:3
currentRepackCostTime:55.63s , currentRepackMaxTime:293.8088489208633s
iter28		 Improve solution by repack 0.8893355280838485->0.8838457403923676 , unplacedBoxesSize:5
currentRepackCostTime:55.732s , currentRepackMaxTime:293.8088489208633s
iter5		 Improve solution by repack 0.8838457403923676->0.8814135984950282 , unplacedBoxesSize:5
currentRepackCostTime:55.762s , currentRepackMaxTime:293.8088489208633s
iter1		 Improve solution by repack 0.8814135984950282->0.8764848159097016 , unplacedBoxesSize:5
currentRepackCostTime:55.762s , currentRepackMaxTime:293.8088489208633s
iter163		 Improve solution by repack 0.8764848159097016->0.8386878527277614 , unplacedBoxesSize:4
currentRepackCostTime:56.518s , currentRepackMaxTime:293.8088489208633s
iter10		 Improve solution by repack 0.8386878527277614->0.8380549583445311 , unplacedBoxesSize:4
currentRepackCostTime:56.594s , currentRepackMaxTime:293.8088489208633s
iter11		 Improve solution by repack 0.8380549583445311->0.8071499596882558 , unplacedBoxesSize:2
currentRepackCostTime:56.641s , currentRepackMaxTime:293.8088489208633s
Selecting boards with low utilization for repacking...
iter1		 Improve solution by repack 0.9581665412523516->0.9568583176565439 , unplacedBoxesSize:8
currentRepackCostTime:57.828s , currentRepackMaxTime:293.8088489208633s
iter3		 Improve solution by repack 0.9568583176565439->0.9364942219833378 , unplacedBoxesSize:9
currentRepackCostTime:57.849000000000004s , currentRepackMaxTime:293.8088489208633s
iter3		 Improve solution by repack 0.9364942219833378->0.9191232195646332 , unplacedBoxesSize:7
currentRepackCostTime:57.872s , currentRepackMaxTime:293.8088489208633s
iter4		 Improve solution by repack 0.9191232195646332->0.9149045955388336 , unplacedBoxesSize:6
currentRepackCostTime:57.895s , currentRepackMaxTime:293.8088489208633s
iter6		 Improve solution by repack 0.9149045955388336->0.8877774791722656 , unplacedBoxesSize:7
currentRepackCostTime:57.92s , currentRepackMaxTime:293.8088489208633s
iter1		 Improve solution by repack 0.8877774791722656->0.8616232195646332 , unplacedBoxesSize:6
currentRepackCostTime:57.926s , currentRepackMaxTime:293.8088489208633s
iter49		 Improve solution by repack 0.8616232195646332->0.8540439398011287 , unplacedBoxesSize:3
currentRepackCostTime:58.163000000000004s , currentRepackMaxTime:293.8088489208633s
iter57		 Improve solution by repack 0.8540439398011287->0.8522917226552003 , unplacedBoxesSize:6
currentRepackCostTime:58.404s , currentRepackMaxTime:293.8088489208633s
iter5		 Improve solution by repack 0.8522917226552003->0.8430220370868046 , unplacedBoxesSize:6
currentRepackCostTime:58.441s , currentRepackMaxTime:293.8088489208633s
iter21		 Improve solution by repack 0.8430220370868046->0.8313880677237302 , unplacedBoxesSize:6
currentRepackCostTime:58.554s , currentRepackMaxTime:293.8088489208633s
iter30		 Improve solution by repack 0.8313880677237302->0.8274092985756518 , unplacedBoxesSize:5
currentRepackCostTime:58.724000000000004s , currentRepackMaxTime:293.8088489208633s
iter29		 Improve solution by repack 0.8274092985756518->0.8271694436979307 , unplacedBoxesSize:5
currentRepackCostTime:58.885s , currentRepackMaxTime:293.8088489208633s
iter13		 Improve solution by repack 0.8271694436979307->0.8240479709755443 , unplacedBoxesSize:5
currentRepackCostTime:58.947s , currentRepackMaxTime:293.8088489208633s
iter3		 Improve solution by repack 0.8240479709755443->0.8067421392098898 , unplacedBoxesSize:5
currentRepackCostTime:58.966s , currentRepackMaxTime:293.8088489208633s
Selecting boards with low utilization for repacking...
iter1		 Improve solution by repack 0.9411797903789305->0.8067421392098898 , unplacedBoxesSize:5
currentRepackCostTime:60.739000000000004s , currentRepackMaxTime:293.8088489208633s
Selecting boards with low utilization for repacking...
iter3		 Improve solution by repack 0.9437704918032787->0.9179924751410912 , unplacedBoxesSize:7
currentRepackCostTime:63.689s , currentRepackMaxTime:293.8088489208633s
iter2		 Improve solution by repack 0.9179924751410912->0.9022252082773448 , unplacedBoxesSize:3
currentRepackCostTime:63.696s , currentRepackMaxTime:293.8088489208633s
iter1		 Improve solution by repack 0.9022252082773448->0.8067421392098898 , unplacedBoxesSize:5
currentRepackCostTime:63.701s , currentRepackMaxTime:293.8088489208633s
Selecting boards with low utilization for repacking...
iter1		 Improve solution by repack 0.9686126041386723->0.9537120397742542 , unplacedBoxesSize:7
currentRepackCostTime:66.654s , currentRepackMaxTime:293.8088489208633s
iter1		 Improve solution by repack 0.9537120397742542->0.9531295350712174 , unplacedBoxesSize:6
currentRepackCostTime:66.659s , currentRepackMaxTime:293.8088489208633s
iter7		 Improve solution by repack 0.9531295350712174->0.8765620800859985 , unplacedBoxesSize:6
currentRepackCostTime:66.70400000000001s , currentRepackMaxTime:293.8088489208633s
iter4		 Improve solution by repack 0.8765620800859985->0.8697097554420855 , unplacedBoxesSize:8
currentRepackCostTime:66.714s , currentRepackMaxTime:293.8088489208633s
iter15		 Improve solution by repack 0.8697097554420855->0.8643335124966407 , unplacedBoxesSize:8
currentRepackCostTime:66.797s , currentRepackMaxTime:293.8088489208633s
iter9		 Improve solution by repack 0.8643335124966407->0.8595343993550121 , unplacedBoxesSize:6
currentRepackCostTime:66.84700000000001s , currentRepackMaxTime:293.8088489208633s
iter2		 Improve solution by repack 0.8595343993550121->0.8591964525665143 , unplacedBoxesSize:6
currentRepackCostTime:66.854s , currentRepackMaxTime:293.8088489208633s
iter44		 Improve solution by repack 0.8591964525665143->0.8458411717280302 , unplacedBoxesSize:7
currentRepackCostTime:67.109s , currentRepackMaxTime:293.8088489208633s
iter2		 Improve solution by repack 0.8458411717280302->0.8409520290244558 , unplacedBoxesSize:5
currentRepackCostTime:67.121s , currentRepackMaxTime:293.8088489208633s
iter27		 Improve solution by repack 0.8409520290244558->0.8315775329212577 , unplacedBoxesSize:5
currentRepackCostTime:67.252s , currentRepackMaxTime:293.8088489208633s
iter122		 Improve solution by repack 0.8315775329212577->0.8201545283525934 , unplacedBoxesSize:6
currentRepackCostTime:67.892s , currentRepackMaxTime:293.8088489208633s
iter154		 Improve solution by repack 0.8201545283525934->0.8120941951088417 , unplacedBoxesSize:6
currentRepackCostTime:68.746s , currentRepackMaxTime:293.8088489208633s
iter9		 Improve solution by repack 0.8120941951088417->0.8092703574307982 , unplacedBoxesSize:7
currentRepackCostTime:68.796s , currentRepackMaxTime:293.8088489208633s
iter15		 Improve solution by repack 0.8092703574307982->0.8051216070948669 , unplacedBoxesSize:5
currentRepackCostTime:68.874s , currentRepackMaxTime:293.8088489208633s
iter30		 Improve solution by repack 0.8051216070948669->0.797946116635313 , unplacedBoxesSize:5
currentRepackCostTime:69.032s , currentRepackMaxTime:293.8088489208633s
iter51		 Improve solution by repack 0.797946116635313->0.7883384842784197 , unplacedBoxesSize:5
currentRepackCostTime:69.264s , currentRepackMaxTime:293.8088489208633s
iter152		 Improve solution by repack 0.7883384842784197->0.7876511690405805 , unplacedBoxesSize:6
currentRepackCostTime:69.997s , currentRepackMaxTime:293.8088489208633s
iter52		 Improve solution by repack 0.7876511690405805->0.7772487234614351 , unplacedBoxesSize:4
currentRepackCostTime:70.295s , currentRepackMaxTime:293.8088489208633s
iter5		 Improve solution by repack 0.7772487234614351->0.7726578876646063 , unplacedBoxesSize:4
currentRepackCostTime:70.313s , currentRepackMaxTime:293.8088489208633s
iter36		 Improve solution by repack 0.7726578876646063->0.7644101048105348 , unplacedBoxesSize:4
currentRepackCostTime:70.509s , currentRepackMaxTime:293.8088489208633s
iter73		 Improve solution by repack 0.7644101048105348->0.763050255307713 , unplacedBoxesSize:4
currentRepackCostTime:70.825s , currentRepackMaxTime:293.8088489208633s
iter6		 Improve solution by repack 0.763050255307713->0.7606181134103736 , unplacedBoxesSize:4
currentRepackCostTime:70.854s , currentRepackMaxTime:293.8088489208633s
Selecting boards with low utilization for repacking...
iter1		 Improve solution by repack 0.9774717817790916->0.968811475409836 , unplacedBoxesSize:10
currentRepackCostTime:72.18s , currentRepackMaxTime:293.8088489208633s
iter9		 Improve solution by repack 0.968811475409836->0.8844356355818328 , unplacedBoxesSize:10
currentRepackCostTime:72.253s , currentRepackMaxTime:293.8088489208633s
iter2		 Improve solution by repack 0.8844356355818328->0.8595565708142973 , unplacedBoxesSize:9
currentRepackCostTime:72.265s , currentRepackMaxTime:293.8088489208633s
iter9		 Improve solution by repack 0.8595565708142973->0.8553507121741467 , unplacedBoxesSize:8
currentRepackCostTime:72.33s , currentRepackMaxTime:293.8088489208633s
iter2		 Improve solution by repack 0.8553507121741467->0.810147137866165 , unplacedBoxesSize:5
currentRepackCostTime:72.352s , currentRepackMaxTime:293.8088489208633s
iter15		 Improve solution by repack 0.810147137866165->0.8083129535071217 , unplacedBoxesSize:5
currentRepackCostTime:72.425s , currentRepackMaxTime:293.8088489208633s
Selecting boards with low utilization for repacking...
iter3		 Improve solution by repack 0.9848615963450686->0.9720706799247515 , unplacedBoxesSize:5
currentRepackCostTime:74.85300000000001s , currentRepackMaxTime:293.8088489208633s
iter2		 Improve solution by repack 0.9720706799247515->0.9642407954850846 , unplacedBoxesSize:3
currentRepackCostTime:74.863s , currentRepackMaxTime:293.8088489208633s
iter3		 Improve solution by repack 0.9642407954850846->0.9251988712711637 , unplacedBoxesSize:3
currentRepackCostTime:74.873s , currentRepackMaxTime:293.8088489208633s
iter51		 Improve solution by repack 0.9251988712711637->0.9247614888470841 , unplacedBoxesSize:5
currentRepackCostTime:75.068s , currentRepackMaxTime:293.8088489208633s
iter10		 Improve solution by repack 0.9247614888470841->0.9097635044342918 , unplacedBoxesSize:5
currentRepackCostTime:75.114s , currentRepackMaxTime:293.8088489208633s
iter47		 Improve solution by repack 0.9097635044342918->0.8985165278151034 , unplacedBoxesSize:5
currentRepackCostTime:75.316s , currentRepackMaxTime:293.8088489208633s
iter61		 Improve solution by repack 0.8985165278151034->0.8891359849502822 , unplacedBoxesSize:5
currentRepackCostTime:75.598s , currentRepackMaxTime:293.8088489208633s
iter83		 Improve solution by repack 0.8891359849502822->0.8835077936038699 , unplacedBoxesSize:5
currentRepackCostTime:75.996s , currentRepackMaxTime:293.8088489208633s
iter4		 Improve solution by repack 0.8835077936038699->0.8789169578070412 , unplacedBoxesSize:5
currentRepackCostTime:76.015s , currentRepackMaxTime:293.8088489208633s
iter7		 Improve solution by repack 0.8789169578070412->0.8764848159097016 , unplacedBoxesSize:5
currentRepackCostTime:76.051s , currentRepackMaxTime:293.8088489208633s
iter61		 Improve solution by repack 0.8764848159097016->0.8668771835528083 , unplacedBoxesSize:5
currentRepackCostTime:76.33500000000001s , currentRepackMaxTime:293.8088489208633s
iter155		 Improve solution by repack 0.8668771835528083->0.8579572023649557 , unplacedBoxesSize:3
currentRepackCostTime:77.093s , currentRepackMaxTime:293.8088489208633s
iter16		 Improve solution by repack 0.8579572023649557->0.8577452297769417 , unplacedBoxesSize:3
currentRepackCostTime:77.166s , currentRepackMaxTime:293.8088489208633s
iter107		 Improve solution by repack 0.8577452297769417->0.8540439398011287 , unplacedBoxesSize:3
currentRepackCostTime:77.63s , currentRepackMaxTime:293.8088489208633s
Selecting boards with low utilization for repacking...
All low-utilization boards have been repacked once. Restarting repacking process...
Selecting boards with low utilization for repacking...
Selecting boards with low utilization for repacking...
iter2		 Improve solution by repack 0.9022252082773448->0.8999274388605213 , unplacedBoxesSize:3
currentRepackCostTime:80.974s , currentRepackMaxTime:293.8088489208633s
iter9		 Improve solution by repack 0.8999274388605213->0.8083129535071217 , unplacedBoxesSize:5
currentRepackCostTime:81.005s , currentRepackMaxTime:293.8088489208633s
iter257		 Improve solution by repack 0.8083129535071217->0.8053191346412255 , unplacedBoxesSize:6
currentRepackCostTime:82.184s , currentRepackMaxTime:293.8088489208633s
iter9		 Improve solution by repack 0.8053191346412255->0.7957115022843322 , unplacedBoxesSize:6
currentRepackCostTime:82.224s , currentRepackMaxTime:293.8088489208633s
iter10		 Improve solution by repack 0.7957115022843322->0.7939673474872345 , unplacedBoxesSize:4
currentRepackCostTime:82.275s , currentRepackMaxTime:293.8088489208633s
iter4		 Improve solution by repack 0.7939673474872345->0.7932793603869928 , unplacedBoxesSize:6
currentRepackCostTime:82.289s , currentRepackMaxTime:293.8088489208633s
iter1		 Improve solution by repack 0.7932793603869928->0.7921680999731254 , unplacedBoxesSize:4
currentRepackCostTime:82.296s , currentRepackMaxTime:293.8088489208633s
iter38		 Improve solution by repack 0.7921680999731254->0.7915352055898951 , unplacedBoxesSize:4
currentRepackCostTime:82.462s , currentRepackMaxTime:293.8088489208633s
iter111		 Improve solution by repack 0.7915352055898951->0.7816655468959957 , unplacedBoxesSize:4
currentRepackCostTime:82.935s , currentRepackMaxTime:293.8088489208633s
iter132		 Improve solution by repack 0.7816655468959957->0.7767743886052136 , unplacedBoxesSize:4
currentRepackCostTime:83.52s , currentRepackMaxTime:293.8088489208633s
iter52		 Improve solution by repack 0.7767743886052136->0.7679138672399892 , unplacedBoxesSize:4
currentRepackCostTime:83.745s , currentRepackMaxTime:293.8088489208633s
Selecting boards with low utilization for repacking...
iter5		 Improve solution by repack 0.9126101854340232->0.7923602526202633 , unplacedBoxesSize:7
currentRepackCostTime:85.934s , currentRepackMaxTime:293.8088489208633s
iter167		 Improve solution by repack 0.7923602526202633->0.7754991937651169 , unplacedBoxesSize:4
currentRepackCostTime:86.925s , currentRepackMaxTime:293.8088489208633s
iter7		 Improve solution by repack 0.7754991937651169->0.7698710024187047 , unplacedBoxesSize:4
currentRepackCostTime:86.96000000000001s , currentRepackMaxTime:293.8088489208633s
iter38		 Improve solution by repack 0.7698710024187047->0.7688665681268476 , unplacedBoxesSize:6
currentRepackCostTime:87.12s , currentRepackMaxTime:293.8088489208633s
iter6		 Improve solution by repack 0.7688665681268476->0.7659352324643912 , unplacedBoxesSize:4
currentRepackCostTime:87.147s , currentRepackMaxTime:293.8088489208633s
Selecting boards with low utilization for repacking...
iter2		 Improve solution by repack 0.9022252082773448->0.8142918570276807 , unplacedBoxesSize:7
currentRepackCostTime:88.724s , currentRepackMaxTime:293.8088489208633s
iter125		 Improve solution by repack 0.8142918570276807->0.8073044880408492 , unplacedBoxesSize:8
currentRepackCostTime:89.415s , currentRepackMaxTime:293.8088489208633s
iter6		 Improve solution by repack 0.8073044880408492->0.8026847621607095 , unplacedBoxesSize:5
currentRepackCostTime:89.452s , currentRepackMaxTime:293.8088489208633s
iter19		 Improve solution by repack 0.8026847621607095->0.8002526202633701 , unplacedBoxesSize:5
currentRepackCostTime:89.542s , currentRepackMaxTime:293.8088489208633s
iter9		 Improve solution by repack 0.8002526202633701->0.8001719967750606 , unplacedBoxesSize:5
currentRepackCostTime:89.58200000000001s , currentRepackMaxTime:293.8088489208633s
iter3		 Improve solution by repack 0.8001719967750606->0.7817952163396936 , unplacedBoxesSize:4
currentRepackCostTime:89.59700000000001s , currentRepackMaxTime:293.8088489208633s
Selecting boards with low utilization for repacking...
iter7		 Improve solution by repack 0.9192811072292394->0.9179367105616769 , unplacedBoxesSize:6
currentRepackCostTime:91.352s , currentRepackMaxTime:293.8088489208633s
iter3		 Improve solution by repack 0.9179367105616769->0.8427969631819403 , unplacedBoxesSize:3
currentRepackCostTime:91.36200000000001s , currentRepackMaxTime:293.8088489208633s
iter4		 Improve solution by repack 0.8427969631819403->0.8334164203171192 , unplacedBoxesSize:3
currentRepackCostTime:91.382s , currentRepackMaxTime:293.8088489208633s
Selecting boards with low utilization for repacking...
iter2		 Improve solution by repack 0.9308996237570546->0.9276867777479172 , unplacedBoxesSize:9
currentRepackCostTime:93.685s , currentRepackMaxTime:293.8088489208633s
iter8		 Improve solution by repack 0.9276867777479172->0.9196345068529965 , unplacedBoxesSize:8
currentRepackCostTime:93.736s , currentRepackMaxTime:293.8088489208633s
iter4		 Improve solution by repack 0.9196345068529965->0.8492958882020962 , unplacedBoxesSize:8
currentRepackCostTime:93.766s , currentRepackMaxTime:293.8088489208633s
iter19		 Improve solution by repack 0.8492958882020962->0.847108304219296 , unplacedBoxesSize:5
currentRepackCostTime:93.877s , currentRepackMaxTime:293.8088489208633s
iter88		 Improve solution by repack 0.847108304219296->0.8466695780704112 , unplacedBoxesSize:6
currentRepackCostTime:94.279s , currentRepackMaxTime:293.8088489208633s
iter6		 Improve solution by repack 0.8466695780704112->0.8277774791722655 , unplacedBoxesSize:2
currentRepackCostTime:94.308s , currentRepackMaxTime:293.8088489208633s
iter24		 Improve solution by repack 0.8277774791722655->0.8227889008331093 , unplacedBoxesSize:4
currentRepackCostTime:94.403s , currentRepackMaxTime:293.8088489208633s
iter94		 Improve solution by repack 0.8227889008331093->0.8148790647675356 , unplacedBoxesSize:4
currentRepackCostTime:94.799s , currentRepackMaxTime:293.8088489208633s
iter26		 Improve solution by repack 0.8148790647675356->0.7851068261220102 , unplacedBoxesSize:4
currentRepackCostTime:94.906s , currentRepackMaxTime:293.8088489208633s
iter3		 Improve solution by repack 0.7851068261220102->0.782907820478366 , unplacedBoxesSize:4
currentRepackCostTime:94.926s , currentRepackMaxTime:293.8088489208633s
iter76		 Improve solution by repack 0.782907820478366->0.7780388336468691 , unplacedBoxesSize:4
currentRepackCostTime:95.252s , currentRepackMaxTime:293.8088489208633s
iter68		 Improve solution by repack 0.7780388336468691->0.7733001881214727 , unplacedBoxesSize:4
currentRepackCostTime:95.546s , currentRepackMaxTime:293.8088489208633s
Selecting boards with low utilization for repacking...
iter1		 Improve solution by repack 0.9286361193227627->0.9227492609513571 , unplacedBoxesSize:4
currentRepackCostTime:97.31700000000001s , currentRepackMaxTime:293.8088489208633s
iter1		 Improve solution by repack 0.9227492609513571->0.9170545552270895 , unplacedBoxesSize:9
currentRepackCostTime:97.322s , currentRepackMaxTime:293.8088489208633s
iter3		 Improve solution by repack 0.9170545552270895->0.9150107497984413 , unplacedBoxesSize:8
currentRepackCostTime:97.337s , currentRepackMaxTime:293.8088489208633s
iter1		 Improve solution by repack 0.9150107497984413->0.8171123353937114 , unplacedBoxesSize:5
currentRepackCostTime:97.342s , currentRepackMaxTime:293.8088489208633s
iter107		 Improve solution by repack 0.8171123353937114->0.814680193496372 , unplacedBoxesSize:5
currentRepackCostTime:97.837s , currentRepackMaxTime:293.8088489208633s
iter55		 Improve solution by repack 0.814680193496372->0.7999193765116904 , unplacedBoxesSize:5
currentRepackCostTime:98.075s , currentRepackMaxTime:293.8088489208633s
iter34		 Improve solution by repack 0.7999193765116904->0.7826746842246708 , unplacedBoxesSize:4
currentRepackCostTime:98.235s , currentRepackMaxTime:293.8088489208633s
iter275		 Improve solution by repack 0.7826746842246708->0.7804756785810266 , unplacedBoxesSize:4
currentRepackCostTime:99.431s , currentRepackMaxTime:293.8088489208633s
Selecting boards with low utilization for repacking...
iter1		 Improve solution by repack 0.9211663531308787->0.8942649825315775 , unplacedBoxesSize:7
currentRepackCostTime:100.98700000000001s , currentRepackMaxTime:293.8088489208633s
iter5		 Improve solution by repack 0.8942649825315775->0.8936122682074711 , unplacedBoxesSize:8
currentRepackCostTime:101.014s , currentRepackMaxTime:293.8088489208633s
iter5		 Improve solution by repack 0.8936122682074711->0.8924543133566245 , unplacedBoxesSize:7
currentRepackCostTime:101.049s , currentRepackMaxTime:293.8088489208633s
iter37		 Improve solution by repack 0.8924543133566245->0.8305761220102122 , unplacedBoxesSize:7
currentRepackCostTime:101.271s , currentRepackMaxTime:293.8088489208633s
iter21		 Improve solution by repack 0.8305761220102122->0.8206836199946251 , unplacedBoxesSize:5
currentRepackCostTime:101.373s , currentRepackMaxTime:293.8088489208633s
iter24		 Improve solution by repack 0.8206836199946251->0.8135081295350712 , unplacedBoxesSize:5
currentRepackCostTime:101.498s , currentRepackMaxTime:293.8088489208633s
Selecting boards with low utilization for repacking...
iter5		 Improve solution by repack 0.9273689868314968->0.8054259607632357 , unplacedBoxesSize:7
currentRepackCostTime:103.84s , currentRepackMaxTime:293.8088489208633s
iter3		 Improve solution by repack 0.8054259607632357->0.7992938726148885 , unplacedBoxesSize:7
currentRepackCostTime:103.86s , currentRepackMaxTime:293.8088489208633s
iter4		 Improve solution by repack 0.7992938726148885->0.7971062886320881 , unplacedBoxesSize:4
currentRepackCostTime:103.885s , currentRepackMaxTime:293.8088489208633s
iter4		 Improve solution by repack 0.7971062886320881->0.7925154528352593 , unplacedBoxesSize:4
currentRepackCostTime:103.906s , currentRepackMaxTime:293.8088489208633s
iter18		 Improve solution by repack 0.7925154528352593->0.79008331093792 , unplacedBoxesSize:4
currentRepackCostTime:103.982s , currentRepackMaxTime:293.8088489208633s
Selecting boards with low utilization for repacking...
iter1		 Improve solution by repack 0.9045471647406612->0.7947030368180596 , unplacedBoxesSize:7
currentRepackCostTime:106.239s , currentRepackMaxTime:293.8088489208633s
iter21		 Improve solution by repack 0.7947030368180596->0.785214324106423 , unplacedBoxesSize:4
currentRepackCostTime:106.369s , currentRepackMaxTime:293.8088489208633s
iter60		 Improve solution by repack 0.785214324106423->0.7780388336468691 , unplacedBoxesSize:4
currentRepackCostTime:106.649s , currentRepackMaxTime:293.8088489208633s
iter241		 Improve solution by repack 0.7780388336468691->0.7644954313356624 , unplacedBoxesSize:4
currentRepackCostTime:107.733s , currentRepackMaxTime:293.8088489208633s
Selecting boards with low utilization for repacking...
iter1		 Improve solution by repack 0.9408384842784197->0.9227149959688256 , unplacedBoxesSize:7
currentRepackCostTime:110.041s , currentRepackMaxTime:293.8088489208633s
iter5		 Improve solution by repack 0.9227149959688256->0.9200295619457135 , unplacedBoxesSize:8
currentRepackCostTime:110.074s , currentRepackMaxTime:293.8088489208633s
iter4		 Improve solution by repack 0.9200295619457135->0.8122923945176028 , unplacedBoxesSize:5
currentRepackCostTime:110.099s , currentRepackMaxTime:293.8088489208633s
iter35		 Improve solution by repack 0.8122923945176028->0.8082377049180328 , unplacedBoxesSize:8
currentRepackCostTime:110.26s , currentRepackMaxTime:293.8088489208633s
iter54		 Improve solution by repack 0.8082377049180328->0.8068966675624832 , unplacedBoxesSize:7
currentRepackCostTime:110.60600000000001s , currentRepackMaxTime:293.8088489208633s
iter3		 Improve solution by repack 0.8068966675624832->0.8028171190540178 , unplacedBoxesSize:5
currentRepackCostTime:110.625s , currentRepackMaxTime:293.8088489208633s
iter4		 Improve solution by repack 0.8028171190540178->0.8013222252082773 , unplacedBoxesSize:4
currentRepackCostTime:110.644s , currentRepackMaxTime:293.8088489208633s
iter148		 Improve solution by repack 0.8013222252082773->0.79653386186509 , unplacedBoxesSize:5
currentRepackCostTime:111.32000000000001s , currentRepackMaxTime:293.8088489208633s
Selecting boards with low utilization for repacking...
iter17		 Improve solution by repack 0.9411797903789305->0.9116527815103467 , unplacedBoxesSize:7
currentRepackCostTime:112.891s , currentRepackMaxTime:293.8088489208633s
iter3		 Improve solution by repack 0.9116527815103467->0.8999274388605213 , unplacedBoxesSize:3
currentRepackCostTime:112.909s , currentRepackMaxTime:293.8088489208633s
iter15		 Improve solution by repack 0.8999274388605213->0.8989646600376243 , unplacedBoxesSize:5
currentRepackCostTime:112.974s , currentRepackMaxTime:293.8088489208633s
iter1		 Improve solution by repack 0.8989646600376243->0.842436173071755 , unplacedBoxesSize:6
currentRepackCostTime:112.977s , currentRepackMaxTime:293.8088489208633s
iter1		 Improve solution by repack 0.842436173071755->0.840017468422467 , unplacedBoxesSize:5
currentRepackCostTime:112.98100000000001s , currentRepackMaxTime:293.8088489208633s
iter44		 Improve solution by repack 0.840017468422467->0.8270787422735824 , unplacedBoxesSize:4
currentRepackCostTime:113.19200000000001s , currentRepackMaxTime:293.8088489208633s
iter2		 Improve solution by repack 0.8270787422735824->0.8193805428648212 , unplacedBoxesSize:4
currentRepackCostTime:113.202s , currentRepackMaxTime:293.8088489208633s
iter38		 Improve solution by repack 0.8193805428648212->0.8097729105079279 , unplacedBoxesSize:4
currentRepackCostTime:113.373s , currentRepackMaxTime:293.8088489208633s
iter10		 Improve solution by repack 0.8097729105079279->0.8071499596882558 , unplacedBoxesSize:2
currentRepackCostTime:113.417s , currentRepackMaxTime:293.8088489208633s
iter32		 Improve solution by repack 0.8071499596882558->0.791402848696587 , unplacedBoxesSize:4
currentRepackCostTime:113.549s , currentRepackMaxTime:293.8088489208633s
iter33		 Improve solution by repack 0.791402848696587->0.7892864821284601 , unplacedBoxesSize:5
currentRepackCostTime:113.694s , currentRepackMaxTime:293.8088489208633s
Selecting boards with low utilization for repacking...
iter1		 Improve solution by repack 0.9507927976350443->0.9279709755442085 , unplacedBoxesSize:7
currentRepackCostTime:115.649s , currentRepackMaxTime:293.8088489208633s
iter1		 Improve solution by repack 0.9279709755442085->0.9238370061811342 , unplacedBoxesSize:7
currentRepackCostTime:115.654s , currentRepackMaxTime:293.8088489208633s
iter10		 Improve solution by repack 0.9238370061811342->0.8237207739854878 , unplacedBoxesSize:5
currentRepackCostTime:115.709s , currentRepackMaxTime:293.8088489208633s
iter3		 Improve solution by repack 0.8237207739854878->0.8072890352055899 , unplacedBoxesSize:4
currentRepackCostTime:115.724s , currentRepackMaxTime:293.8088489208633s
iter235		 Improve solution by repack 0.8072890352055899->0.7995229776941682 , unplacedBoxesSize:4
currentRepackCostTime:116.812s , currentRepackMaxTime:293.8088489208633s
iter47		 Improve solution by repack 0.7995229776941682->0.7970908357968288 , unplacedBoxesSize:4
currentRepackCostTime:117.031s , currentRepackMaxTime:293.8088489208633s
iter7		 Improve solution by repack 0.7970908357968288->0.7869255576457941 , unplacedBoxesSize:4
currentRepackCostTime:117.068s , currentRepackMaxTime:293.8088489208633s
iter31		 Improve solution by repack 0.7869255576457941->0.7786777747917226 , unplacedBoxesSize:4
currentRepackCostTime:117.214s , currentRepackMaxTime:293.8088489208633s
iter124		 Improve solution by repack 0.7786777747917226->0.7778849771566783 , unplacedBoxesSize:7
currentRepackCostTime:117.789s , currentRepackMaxTime:293.8088489208633s
iter11		 Improve solution by repack 0.7778849771566783->0.7764787691480785 , unplacedBoxesSize:4
currentRepackCostTime:117.861s , currentRepackMaxTime:293.8088489208633s
iter97		 Improve solution by repack 0.7764787691480785->0.7746371943026068 , unplacedBoxesSize:6
currentRepackCostTime:118.325s , currentRepackMaxTime:293.8088489208633s
iter2		 Improve solution by repack 0.7746371943026068->0.7745391023918302 , unplacedBoxesSize:6
currentRepackCostTime:118.33500000000001s , currentRepackMaxTime:293.8088489208633s
iter62		 Improve solution by repack 0.7745391023918302->0.7739062080085998 , unplacedBoxesSize:6
currentRepackCostTime:118.70400000000001s , currentRepackMaxTime:293.8088489208633s
Selecting boards with low utilization for repacking...
iter4		 Improve solution by repack 0.9162328675087342->0.8999274388605213 , unplacedBoxesSize:3
currentRepackCostTime:121.433s , currentRepackMaxTime:293.8088489208633s
iter10		 Improve solution by repack 0.8999274388605213->0.8405835124966407 , unplacedBoxesSize:7
currentRepackCostTime:121.474s , currentRepackMaxTime:293.8088489208633s
iter10		 Improve solution by repack 0.8405835124966407->0.7793926363880678 , unplacedBoxesSize:7
currentRepackCostTime:121.531s , currentRepackMaxTime:293.8088489208633s
iter5		 Improve solution by repack 0.7793926363880678->0.7771580220370868 , unplacedBoxesSize:7
currentRepackCostTime:121.566s , currentRepackMaxTime:293.8088489208633s
iter108		 Improve solution by repack 0.7771580220370868->0.774798441279226 , unplacedBoxesSize:4
currentRepackCostTime:122.22s , currentRepackMaxTime:293.8088489208633s
iter6		 Improve solution by repack 0.774798441279226->0.7701562080085999 , unplacedBoxesSize:5
currentRepackCostTime:122.24600000000001s , currentRepackMaxTime:293.8088489208633s
iter110		 Improve solution by repack 0.7701562080085999->0.7603319000268746 , unplacedBoxesSize:3
currentRepackCostTime:122.82600000000001s , currentRepackMaxTime:293.8088489208633s
iter53		 Improve solution by repack 0.7603319000268746->0.7580643644181672 , unplacedBoxesSize:4
currentRepackCostTime:123.04s , currentRepackMaxTime:293.8088489208633s
iter130		 Improve solution by repack 0.7580643644181672->0.7540855952700887 , unplacedBoxesSize:3
currentRepackCostTime:123.626s , currentRepackMaxTime:293.8088489208633s
Selecting boards with low utilization for repacking...
iter11		 Improve solution by repack 0.8999274388605213->0.7540855952700887 , unplacedBoxesSize:3
currentRepackCostTime:125.288s , currentRepackMaxTime:293.8088489208633s
Selecting boards with low utilization for repacking...
iter3		 Improve solution by repack 0.8999274388605213->0.8995048374092985 , unplacedBoxesSize:6
currentRepackCostTime:127.522s , currentRepackMaxTime:293.8088489208633s
iter11		 Improve solution by repack 0.8995048374092985->0.8020834453104004 , unplacedBoxesSize:5
currentRepackCostTime:127.572s , currentRepackMaxTime:293.8088489208633s
iter65		 Improve solution by repack 0.8020834453104004->0.782907820478366 , unplacedBoxesSize:4
currentRepackCostTime:127.897s , currentRepackMaxTime:293.8088489208633s
iter103		 Improve solution by repack 0.782907820478366->0.7804756785810266 , unplacedBoxesSize:4
currentRepackCostTime:128.374s , currentRepackMaxTime:293.8088489208633s
iter63		 Improve solution by repack 0.7804756785810266->0.7783593120128997 , unplacedBoxesSize:5
currentRepackCostTime:128.65s , currentRepackMaxTime:293.8088489208633s
iter17		 Improve solution by repack 0.7783593120128997->0.7598481590970169 , unplacedBoxesSize:4
currentRepackCostTime:128.733s , currentRepackMaxTime:293.8088489208633s
Selecting boards with low utilization for repacking...
iter1		 Improve solution by repack 0.9340976887933351->0.7598481590970169 , unplacedBoxesSize:4
currentRepackCostTime:130.083s , currentRepackMaxTime:293.8088489208633s
Selecting boards with low utilization for repacking...
iter1		 Improve solution by repack 0.9573105348024724->0.92470572426767 , unplacedBoxesSize:8
currentRepackCostTime:132.691s , currentRepackMaxTime:293.8088489208633s
iter2		 Improve solution by repack 0.92470572426767->0.7997299113141628 , unplacedBoxesSize:5
currentRepackCostTime:132.702s , currentRepackMaxTime:293.8088489208633s
iter72		 Improve solution by repack 0.7997299113141628->0.7829467884977156 , unplacedBoxesSize:5
currentRepackCostTime:133.061s , currentRepackMaxTime:293.8088489208633s
iter130		 Improve solution by repack 0.7829467884977156->0.7804756785810266 , unplacedBoxesSize:4
currentRepackCostTime:133.679s , currentRepackMaxTime:293.8088489208633s
Selecting boards with low utilization for repacking...
iter3		 Improve solution by repack 0.9521660843859178->0.9103063692555764 , unplacedBoxesSize:6
currentRepackCostTime:135.276s , currentRepackMaxTime:293.8088489208633s
iter2		 Improve solution by repack 0.9103063692555764->0.8409903251814028 , unplacedBoxesSize:5
currentRepackCostTime:135.286s , currentRepackMaxTime:293.8088489208633s
iter4		 Improve solution by repack 0.8409903251814028->0.8371150228433217 , unplacedBoxesSize:6
currentRepackCostTime:135.31300000000002s , currentRepackMaxTime:293.8088489208633s
iter11		 Improve solution by repack 0.8371150228433217->0.8332477828540715 , unplacedBoxesSize:5
currentRepackCostTime:135.371s , currentRepackMaxTime:293.8088489208633s
iter12		 Improve solution by repack 0.8332477828540715->0.823277344799785 , unplacedBoxesSize:6
currentRepackCostTime:135.434s , currentRepackMaxTime:293.8088489208633s
iter17		 Improve solution by repack 0.823277344799785->0.8107497984412791 , unplacedBoxesSize:5
currentRepackCostTime:135.52s , currentRepackMaxTime:293.8088489208633s
iter31		 Improve solution by repack 0.8107497984412791->0.7901222789572695 , unplacedBoxesSize:5
currentRepackCostTime:135.65200000000002s , currentRepackMaxTime:293.8088489208633s
Selecting boards with low utilization for repacking...
iter3		 Improve solution by repack 0.957438806772373->0.8999274388605213 , unplacedBoxesSize:3
currentRepackCostTime:138.02s , currentRepackMaxTime:293.8088489208633s
iter3		 Improve solution by repack 0.8999274388605213->0.7901222789572695 , unplacedBoxesSize:5
currentRepackCostTime:138.029s , currentRepackMaxTime:293.8088489208633s
iter74		 Improve solution by repack 0.7901222789572695->0.7829467884977156 , unplacedBoxesSize:5
currentRepackCostTime:138.398s , currentRepackMaxTime:293.8088489208633s
iter151		 Improve solution by repack 0.7829467884977156->0.7826108572964258 , unplacedBoxesSize:4
currentRepackCostTime:139.137s , currentRepackMaxTime:293.8088489208633s
iter17		 Improve solution by repack 0.7826108572964258->0.7718879333512496 , unplacedBoxesSize:4
currentRepackCostTime:139.215s , currentRepackMaxTime:293.8088489208633s
iter4		 Improve solution by repack 0.7718879333512496->0.7622803009943563 , unplacedBoxesSize:4
currentRepackCostTime:139.231s , currentRepackMaxTime:293.8088489208633s
Selecting boards with low utilization for repacking...
iter4		 Improve solution by repack 0.9647581295350712->0.9283310937919914 , unplacedBoxesSize:9
currentRepackCostTime:140.614s , currentRepackMaxTime:293.8088489208633s
iter10		 Improve solution by repack 0.9283310937919914->0.9212080085998388 , unplacedBoxesSize:9
currentRepackCostTime:140.673s , currentRepackMaxTime:293.8088489208633s
iter13		 Improve solution by repack 0.9212080085998388->0.9209960360118247 , unplacedBoxesSize:9
currentRepackCostTime:140.756s , currentRepackMaxTime:293.8088489208633s
iter4		 Improve solution by repack 0.9209960360118247->0.7918425826390755 , unplacedBoxesSize:6
currentRepackCostTime:140.781s , currentRepackMaxTime:293.8088489208633s
iter171		 Improve solution by repack 0.7918425826390755->0.7813951222789574 , unplacedBoxesSize:5
currentRepackCostTime:141.762s , currentRepackMaxTime:293.8088489208633s
iter58		 Improve solution by repack 0.7813951222789574->0.7784184359043268 , unplacedBoxesSize:4
currentRepackCostTime:142.062s , currentRepackMaxTime:293.8088489208633s
iter2		 Improve solution by repack 0.7784184359043268->0.7718879333512496 , unplacedBoxesSize:4
currentRepackCostTime:142.072s , currentRepackMaxTime:293.8088489208633s
Selecting boards with low utilization for repacking...
iter1		 Improve solution by repack 0.9240681268476216->0.7865224402042461 , unplacedBoxesSize:2
currentRepackCostTime:143.388s , currentRepackMaxTime:293.8088489208633s
iter3		 Improve solution by repack 0.7865224402042461->0.7784184359043268 , unplacedBoxesSize:4
currentRepackCostTime:143.398s , currentRepackMaxTime:293.8088489208633s
iter33		 Improve solution by repack 0.7784184359043268->0.7718879333512496 , unplacedBoxesSize:4
currentRepackCostTime:143.55700000000002s , currentRepackMaxTime:293.8088489208633s
Selecting boards with low utilization for repacking...
iter3		 Improve solution by repack 0.9663598495028218->0.9344826659500134 , unplacedBoxesSize:4
currentRepackCostTime:145.942s , currentRepackMaxTime:293.8088489208633s
iter5		 Improve solution by repack 0.9344826659500134->0.9160951357162053 , unplacedBoxesSize:3
currentRepackCostTime:145.965s , currentRepackMaxTime:293.8088489208633s
iter3		 Improve solution by repack 0.9160951357162053->0.8954676162321956 , unplacedBoxesSize:3
currentRepackCostTime:145.976s , currentRepackMaxTime:293.8088489208633s
iter18		 Improve solution by repack 0.8954676162321956->0.8819537758667025 , unplacedBoxesSize:3
currentRepackCostTime:146.048s , currentRepackMaxTime:293.8088489208633s
iter32		 Improve solution by repack 0.8819537758667025->0.8802459016393442 , unplacedBoxesSize:5
currentRepackCostTime:146.178s , currentRepackMaxTime:293.8088489208633s
iter5		 Improve solution by repack 0.8802459016393442->0.8071499596882558 , unplacedBoxesSize:2
currentRepackCostTime:146.20000000000002s , currentRepackMaxTime:293.8088489208633s
Selecting boards with low utilization for repacking...
iter2		 Improve solution by repack 0.9730657081429722->0.8687980381617845 , unplacedBoxesSize:4
currentRepackCostTime:147.999s , currentRepackMaxTime:293.8088489208633s
iter20		 Improve solution by repack 0.8687980381617845->0.8671781779091642 , unplacedBoxesSize:5
currentRepackCostTime:148.083s , currentRepackMaxTime:293.8088489208633s
iter4		 Improve solution by repack 0.8671781779091642->0.8571056167696856 , unplacedBoxesSize:4
currentRepackCostTime:148.097s , currentRepackMaxTime:293.8088489208633s
iter28		 Improve solution by repack 0.8571056167696856->0.8554857565170654 , unplacedBoxesSize:5
currentRepackCostTime:148.222s , currentRepackMaxTime:293.8088489208633s
iter7		 Improve solution by repack 0.8554857565170654->0.8535084654662726 , unplacedBoxesSize:4
currentRepackCostTime:148.257s , currentRepackMaxTime:293.8088489208633s
iter12		 Improve solution by repack 0.8535084654662726->0.8469779629131954 , unplacedBoxesSize:4
currentRepackCostTime:148.317s , currentRepackMaxTime:293.8088489208633s
iter25		 Improve solution by repack 0.8469779629131954->0.8464579414135984 , unplacedBoxesSize:4
currentRepackCostTime:148.422s , currentRepackMaxTime:293.8088489208633s
iter1		 Improve solution by repack 0.8464579414135984->0.8304004299919376 , unplacedBoxesSize:4
currentRepackCostTime:148.422s , currentRepackMaxTime:293.8088489208633s
iter29		 Improve solution by repack 0.8304004299919376->0.8213934426229508 , unplacedBoxesSize:4
currentRepackCostTime:148.552s , currentRepackMaxTime:293.8088489208633s
Selecting boards with low utilization for repacking...
iter1		 Improve solution by repack 0.9839193093254501->0.9726642703574309 , unplacedBoxesSize:8
currentRepackCostTime:150.45000000000002s , currentRepackMaxTime:293.8088489208633s
iter5		 Improve solution by repack 0.9726642703574309->0.9560763235689331 , unplacedBoxesSize:9
currentRepackCostTime:150.485s , currentRepackMaxTime:293.8088489208633s
iter4		 Improve solution by repack 0.9560763235689331->0.9213833646869122 , unplacedBoxesSize:8
currentRepackCostTime:150.511s , currentRepackMaxTime:293.8088489208633s
iter5		 Improve solution by repack 0.9213833646869122->0.9056926901370599 , unplacedBoxesSize:7
currentRepackCostTime:150.54s , currentRepackMaxTime:293.8088489208633s
iter12		 Improve solution by repack 0.9056926901370599->0.8948206127385112 , unplacedBoxesSize:6
currentRepackCostTime:150.604s , currentRepackMaxTime:293.8088489208633s
iter4		 Improve solution by repack 0.8948206127385112->0.8897460360118247 , unplacedBoxesSize:6
currentRepackCostTime:150.629s , currentRepackMaxTime:293.8088489208633s
iter7		 Improve solution by repack 0.8897460360118247->0.8884701693093254 , unplacedBoxesSize:5
currentRepackCostTime:150.665s , currentRepackMaxTime:293.8088489208633s
iter18		 Improve solution by repack 0.8884701693093254->0.8852788228970706 , unplacedBoxesSize:5
currentRepackCostTime:150.747s , currentRepackMaxTime:293.8088489208633s
iter16		 Improve solution by repack 0.8852788228970706->0.8831852996506315 , unplacedBoxesSize:6
currentRepackCostTime:150.817s , currentRepackMaxTime:293.8088489208633s
iter16		 Improve solution by repack 0.8831852996506315->0.8823118785272775 , unplacedBoxesSize:5
currentRepackCostTime:150.903s , currentRepackMaxTime:293.8088489208633s
iter3		 Improve solution by repack 0.8823118785272775->0.8733848427841978 , unplacedBoxesSize:6
currentRepackCostTime:150.92000000000002s , currentRepackMaxTime:293.8088489208633s
iter34		 Improve solution by repack 0.8733848427841978->0.8709708411717281 , unplacedBoxesSize:5
currentRepackCostTime:151.114s , currentRepackMaxTime:293.8088489208633s
iter14		 Improve solution by repack 0.8709708411717281->0.8657692824509541 , unplacedBoxesSize:5
currentRepackCostTime:151.175s , currentRepackMaxTime:293.8088489208633s
iter9		 Improve solution by repack 0.8657692824509541->0.8615345337274927 , unplacedBoxesSize:5
currentRepackCostTime:151.224s , currentRepackMaxTime:293.8088489208633s
iter6		 Improve solution by repack 0.8615345337274927->0.8508116097823165 , unplacedBoxesSize:5
currentRepackCostTime:151.254s , currentRepackMaxTime:293.8088489208633s
iter3		 Improve solution by repack 0.8508116097823165->0.8374482665950013 , unplacedBoxesSize:5
currentRepackCostTime:151.268s , currentRepackMaxTime:293.8088489208633s
iter37		 Improve solution by repack 0.8374482665950013->0.8256611126041387 , unplacedBoxesSize:3
currentRepackCostTime:151.449s , currentRepackMaxTime:293.8088489208633s
iter24		 Improve solution by repack 0.8256611126041387->0.8071499596882558 , unplacedBoxesSize:2
currentRepackCostTime:151.562s , currentRepackMaxTime:293.8088489208633s
Selecting boards with low utilization for repacking...
All low-utilization boards have been repacked once. Restarting repacking process...
Selecting boards with low utilization for repacking...
Selecting boards with low utilization for repacking...
iter3		 Improve solution by repack 0.9241373286750874->0.8541695780704112 , unplacedBoxesSize:6
currentRepackCostTime:153.79500000000002s , currentRepackMaxTime:293.8088489208633s
iter2		 Improve solution by repack 0.8541695780704112->0.8411199946251008 , unplacedBoxesSize:4
currentRepackCostTime:153.804s , currentRepackMaxTime:293.8088489208633s
iter41		 Improve solution by repack 0.8411199946251008->0.8316265788766461 , unplacedBoxesSize:4
currentRepackCostTime:153.995s , currentRepackMaxTime:293.8088489208633s
iter92		 Improve solution by repack 0.8316265788766461->0.83159634506853 , unplacedBoxesSize:5
currentRepackCostTime:154.421s , currentRepackMaxTime:293.8088489208633s
iter5		 Improve solution by repack 0.83159634506853->0.8302364955657082 , unplacedBoxesSize:5
currentRepackCostTime:154.452s , currentRepackMaxTime:293.8088489208633s
iter2		 Improve solution by repack 0.8302364955657082->0.8223266595001344 , unplacedBoxesSize:5
currentRepackCostTime:154.462s , currentRepackMaxTime:293.8088489208633s
iter6		 Improve solution by repack 0.8223266595001344->0.8071499596882558 , unplacedBoxesSize:2
currentRepackCostTime:154.496s , currentRepackMaxTime:293.8088489208633s
Selecting boards with low utilization for repacking...
iter1		 Improve solution by repack 0.9206107229239452->0.911777076054824 , unplacedBoxesSize:8
currentRepackCostTime:155.957s , currentRepackMaxTime:293.8088489208633s
iter2		 Improve solution by repack 0.911777076054824->0.908037489922064 , unplacedBoxesSize:9
currentRepackCostTime:155.969s , currentRepackMaxTime:293.8088489208633s
iter2		 Improve solution by repack 0.908037489922064->0.8712644450416555 , unplacedBoxesSize:6
currentRepackCostTime:155.978s , currentRepackMaxTime:293.8088489208633s
iter7		 Improve solution by repack 0.8712644450416555->0.8651323568933083 , unplacedBoxesSize:6
currentRepackCostTime:156.011s , currentRepackMaxTime:293.8088489208633s
iter5		 Improve solution by repack 0.8651323568933083->0.8611535877452298 , unplacedBoxesSize:5
currentRepackCostTime:156.03900000000002s , currentRepackMaxTime:293.8088489208633s
iter23		 Improve solution by repack 0.8611535877452298->0.8561045417898415 , unplacedBoxesSize:5
currentRepackCostTime:156.138s , currentRepackMaxTime:293.8088489208633s
iter1		 Improve solution by repack 0.8561045417898415->0.8489814565976888 , unplacedBoxesSize:5
currentRepackCostTime:156.14000000000001s , currentRepackMaxTime:293.8088489208633s
iter48		 Improve solution by repack 0.8489814565976888->0.8400470303681805 , unplacedBoxesSize:5
currentRepackCostTime:156.352s , currentRepackMaxTime:293.8088489208633s
iter12		 Improve solution by repack 0.8400470303681805->0.8344188390217683 , unplacedBoxesSize:5
currentRepackCostTime:156.399s , currentRepackMaxTime:293.8088489208633s
iter30		 Improve solution by repack 0.8344188390217683->0.8310729642569202 , unplacedBoxesSize:4
currentRepackCostTime:156.55700000000002s , currentRepackMaxTime:293.8088489208633s
iter9		 Improve solution by repack 0.8310729642569202->0.8208324375167966 , unplacedBoxesSize:4
currentRepackCostTime:156.603s , currentRepackMaxTime:293.8088489208633s
iter6		 Improve solution by repack 0.8208324375167966->0.8163034130610051 , unplacedBoxesSize:4
currentRepackCostTime:156.631s , currentRepackMaxTime:293.8088489208633s
Selecting boards with low utilization for repacking...
iter1		 Improve solution by repack 0.9309392636388067->0.9307975006718623 , unplacedBoxesSize:3
currentRepackCostTime:158.482s , currentRepackMaxTime:293.8088489208633s
iter3		 Improve solution by repack 0.9307975006718623->0.9101699811878526 , unplacedBoxesSize:3
currentRepackCostTime:158.492s , currentRepackMaxTime:293.8088489208633s
iter34		 Improve solution by repack 0.9101699811878526->0.8767320612738512 , unplacedBoxesSize:5
currentRepackCostTime:158.608s , currentRepackMaxTime:293.8088489208633s
iter13		 Improve solution by repack 0.8767320612738512->0.8665251276538565 , unplacedBoxesSize:5
currentRepackCostTime:158.672s , currentRepackMaxTime:293.8088489208633s
iter1		 Improve solution by repack 0.8665251276538565->0.8658922332706263 , unplacedBoxesSize:5
currentRepackCostTime:158.678s , currentRepackMaxTime:293.8088489208633s
iter23		 Improve solution by repack 0.8658922332706263->0.8592622950819672 , unplacedBoxesSize:5
currentRepackCostTime:158.791s , currentRepackMaxTime:293.8088489208633s
iter58		 Improve solution by repack 0.8592622950819672->0.8543933082504703 , unplacedBoxesSize:5
currentRepackCostTime:159.059s , currentRepackMaxTime:293.8088489208633s
iter69		 Improve solution by repack 0.8543933082504703->0.844785675893577 , unplacedBoxesSize:5
currentRepackCostTime:159.412s , currentRepackMaxTime:293.8088489208633s
iter29		 Improve solution by repack 0.844785675893577->0.8413887395861327 , unplacedBoxesSize:5
currentRepackCostTime:159.549s , currentRepackMaxTime:293.8088489208633s
iter13		 Improve solution by repack 0.8413887395861327->0.8291595001343725 , unplacedBoxesSize:5
currentRepackCostTime:159.605s , currentRepackMaxTime:293.8088489208633s
iter1		 Improve solution by repack 0.8291595001343725->0.824811206664875 , unplacedBoxesSize:5
currentRepackCostTime:159.61s , currentRepackMaxTime:293.8088489208633s
iter4		 Improve solution by repack 0.824811206664875->0.824217952163397 , unplacedBoxesSize:4
currentRepackCostTime:159.629s , currentRepackMaxTime:293.8088489208633s
iter235		 Improve solution by repack 0.824217952163397->0.8163034130610051 , unplacedBoxesSize:4
currentRepackCostTime:160.687s , currentRepackMaxTime:293.8088489208633s
iter118		 Improve solution by repack 0.8163034130610051->0.8071499596882558 , unplacedBoxesSize:2
currentRepackCostTime:161.196s , currentRepackMaxTime:293.8088489208633s
Selecting boards with low utilization for repacking...
iter2		 Improve solution by repack 0.934587476484816->0.929436979306638 , unplacedBoxesSize:8
currentRepackCostTime:163.017s , currentRepackMaxTime:293.8088489208633s
iter11		 Improve solution by repack 0.929436979306638->0.8910279494759473 , unplacedBoxesSize:3
currentRepackCostTime:163.077s , currentRepackMaxTime:293.8088489208633s
iter16		 Improve solution by repack 0.8910279494759473->0.8708042192958882 , unplacedBoxesSize:6
currentRepackCostTime:163.137s , currentRepackMaxTime:293.8088489208633s
iter4		 Improve solution by repack 0.8708042192958882->0.8617300456866434 , unplacedBoxesSize:6
currentRepackCostTime:163.157s , currentRepackMaxTime:293.8088489208633s
iter1		 Improve solution by repack 0.8617300456866434->0.8459177640419242 , unplacedBoxesSize:5
currentRepackCostTime:163.162s , currentRepackMaxTime:293.8088489208633s
iter41		 Improve solution by repack 0.8459177640419242->0.8413887395861327 , unplacedBoxesSize:5
currentRepackCostTime:163.353s , currentRepackMaxTime:293.8088489208633s
iter5		 Improve solution by repack 0.8413887395861327->0.8071499596882558 , unplacedBoxesSize:2
currentRepackCostTime:163.379s , currentRepackMaxTime:293.8088489208633s
Selecting boards with low utilization for repacking...
iter13		 Improve solution by repack 0.9014969094329481->0.8999274388605213 , unplacedBoxesSize:3
currentRepackCostTime:165.14600000000002s , currentRepackMaxTime:293.8088489208633s
iter10		 Improve solution by repack 0.8999274388605213->0.8508116097823165 , unplacedBoxesSize:5
currentRepackCostTime:165.181s , currentRepackMaxTime:293.8088489208633s
iter23		 Improve solution by repack 0.8508116097823165->0.8441722655200214 , unplacedBoxesSize:4
currentRepackCostTime:165.292s , currentRepackMaxTime:293.8088489208633s
iter30		 Improve solution by repack 0.8441722655200214->0.8071499596882558 , unplacedBoxesSize:2
currentRepackCostTime:165.44s , currentRepackMaxTime:293.8088489208633s
Selecting boards with low utilization for repacking...
iter1		 Improve solution by repack 0.9325087342112335->0.9161367911851652 , unplacedBoxesSize:8
currentRepackCostTime:167.19s , currentRepackMaxTime:293.8088489208633s
iter17		 Improve solution by repack 0.9161367911851652->0.8918919645256651 , unplacedBoxesSize:6
currentRepackCostTime:167.308s , currentRepackMaxTime:293.8088489208633s
iter31		 Improve solution by repack 0.8918919645256651->0.8803681805966138 , unplacedBoxesSize:6
currentRepackCostTime:167.459s , currentRepackMaxTime:293.8088489208633s
iter54		 Improve solution by repack 0.8803681805966138->0.8489814565976888 , unplacedBoxesSize:5
currentRepackCostTime:167.709s , currentRepackMaxTime:293.8088489208633s
iter20		 Improve solution by repack 0.8489814565976888->0.8337456328943832 , unplacedBoxesSize:5
currentRepackCostTime:167.803s , currentRepackMaxTime:293.8088489208633s
iter27		 Improve solution by repack 0.8337456328943832->0.8258828271969901 , unplacedBoxesSize:4
currentRepackCostTime:167.934s , currentRepackMaxTime:293.8088489208633s
iter35		 Improve solution by repack 0.8258828271969901->0.8150006718624027 , unplacedBoxesSize:5
currentRepackCostTime:168.122s , currentRepackMaxTime:293.8088489208633s
iter15		 Improve solution by repack 0.8150006718624027->0.8064928782585327 , unplacedBoxesSize:4
currentRepackCostTime:168.189s , currentRepackMaxTime:293.8088489208633s
iter4		 Improve solution by repack 0.8064928782585327->0.798583042192959 , unplacedBoxesSize:4
currentRepackCostTime:168.213s , currentRepackMaxTime:293.8088489208633s
iter164		 Improve solution by repack 0.798583042192959->0.7961280569739317 , unplacedBoxesSize:5
currentRepackCostTime:168.971s , currentRepackMaxTime:293.8088489208633s
iter66		 Improve solution by repack 0.7961280569739317->0.7831597688793336 , unplacedBoxesSize:4
currentRepackCostTime:169.324s , currentRepackMaxTime:293.8088489208633s
iter3		 Improve solution by repack 0.7831597688793336->0.7735548239720506 , unplacedBoxesSize:4
currentRepackCostTime:169.33700000000002s , currentRepackMaxTime:293.8088489208633s
iter24		 Improve solution by repack 0.7735548239720506->0.771122682074711 , unplacedBoxesSize:4
currentRepackCostTime:169.457s , currentRepackMaxTime:293.8088489208633s
iter35		 Improve solution by repack 0.771122682074711->0.7694557914539102 , unplacedBoxesSize:4
currentRepackCostTime:169.616s , currentRepackMaxTime:293.8088489208633s
iter10		 Improve solution by repack 0.7694557914539102->0.7598481590970169 , unplacedBoxesSize:4
currentRepackCostTime:169.669s , currentRepackMaxTime:293.8088489208633s
Selecting boards with low utilization for repacking...
iter1		 Improve solution by repack 0.9308996237570546->0.9022252082773448 , unplacedBoxesSize:3
currentRepackCostTime:171.153s , currentRepackMaxTime:293.8088489208633s
iter1		 Improve solution by repack 0.9022252082773448->0.7598481590970169 , unplacedBoxesSize:4
currentRepackCostTime:171.156s , currentRepackMaxTime:293.8088489208633s
Selecting boards with low utilization for repacking...
iter1		 Improve solution by repack 0.9567797635044343->0.92464324106423 , unplacedBoxesSize:7
currentRepackCostTime:173.726s , currentRepackMaxTime:293.8088489208633s
iter5		 Improve solution by repack 0.92464324106423->0.8345726955119591 , unplacedBoxesSize:7
currentRepackCostTime:173.754s , currentRepackMaxTime:293.8088489208633s
iter7		 Improve solution by repack 0.8345726955119591->0.8208465466272508 , unplacedBoxesSize:7
currentRepackCostTime:173.791s , currentRepackMaxTime:293.8088489208633s
iter138		 Improve solution by repack 0.8208465466272508->0.7829467884977156 , unplacedBoxesSize:5
currentRepackCostTime:174.53300000000002s , currentRepackMaxTime:293.8088489208633s
iter76		 Improve solution by repack 0.7829467884977156->0.7739727223864553 , unplacedBoxesSize:4
currentRepackCostTime:174.906s , currentRepackMaxTime:293.8088489208633s
iter1		 Improve solution by repack 0.7739727223864553->0.7688108035474335 , unplacedBoxesSize:4
currentRepackCostTime:174.912s , currentRepackMaxTime:293.8088489208633s
iter47		 Improve solution by repack 0.7688108035474335->0.76771096479441 , unplacedBoxesSize:5
currentRepackCostTime:175.142s , currentRepackMaxTime:293.8088489208633s
iter17		 Improve solution by repack 0.76771096479441->0.7592031711905401 , unplacedBoxesSize:4
currentRepackCostTime:175.224s , currentRepackMaxTime:293.8088489208633s
iter175		 Improve solution by repack 0.7592031711905401->0.752672668637463 , unplacedBoxesSize:4
currentRepackCostTime:176.037s , currentRepackMaxTime:293.8088489208633s
Selecting boards with low utilization for repacking...
iter1		 Improve solution by repack 0.941050792797635->0.9219114485353399 , unplacedBoxesSize:7
currentRepackCostTime:177.702s , currentRepackMaxTime:293.8088489208633s
iter5		 Improve solution by repack 0.9219114485353399->0.8312825853265251 , unplacedBoxesSize:8
currentRepackCostTime:177.722s , currentRepackMaxTime:293.8088489208633s
iter8		 Improve solution by repack 0.8312825853265251->0.8227747917226552 , unplacedBoxesSize:7
currentRepackCostTime:177.767s , currentRepackMaxTime:293.8088489208633s
iter75		 Improve solution by repack 0.8227747917226552->0.7829467884977156 , unplacedBoxesSize:5
currentRepackCostTime:178.187s , currentRepackMaxTime:293.8088489208633s
Selecting boards with low utilization for repacking...
iter2		 Improve solution by repack 0.9492871539908627->0.9411797903789305 , unplacedBoxesSize:6
currentRepackCostTime:180.461s , currentRepackMaxTime:293.8088489208633s
iter2		 Improve solution by repack 0.9411797903789305->0.8520639613007257 , unplacedBoxesSize:6
currentRepackCostTime:180.471s , currentRepackMaxTime:293.8088489208633s
iter45		 Improve solution by repack 0.8520639613007257->0.8407450954044612 , unplacedBoxesSize:6
currentRepackCostTime:180.717s , currentRepackMaxTime:293.8088489208633s
iter3		 Improve solution by repack 0.8407450954044612->0.8297275597957539 , unplacedBoxesSize:6
currentRepackCostTime:180.735s , currentRepackMaxTime:293.8088489208633s
iter23		 Improve solution by repack 0.8297275597957539->0.8214653319000269 , unplacedBoxesSize:4
currentRepackCostTime:180.87s , currentRepackMaxTime:293.8088489208633s
iter6		 Improve solution by repack 0.8214653319000269->0.8163034130610051 , unplacedBoxesSize:4
currentRepackCostTime:180.893s , currentRepackMaxTime:293.8088489208633s
iter45		 Improve solution by repack 0.8163034130610051->0.8086603063692556 , unplacedBoxesSize:4
currentRepackCostTime:181.1s , currentRepackMaxTime:293.8088489208633s
Selecting boards with low utilization for repacking...
iter1		 Improve solution by repack 0.9469893845740394->0.9350322493953239 , unplacedBoxesSize:4
currentRepackCostTime:183.108s , currentRepackMaxTime:293.8088489208633s
iter2		 Improve solution by repack 0.9350322493953239->0.8898105348024724 , unplacedBoxesSize:3
currentRepackCostTime:183.119s , currentRepackMaxTime:293.8088489208633s
iter55		 Improve solution by repack 0.8898105348024724->0.8749677506046761 , unplacedBoxesSize:5
currentRepackCostTime:183.327s , currentRepackMaxTime:293.8088489208633s
iter3		 Improve solution by repack 0.8749677506046761->0.8632753292125772 , unplacedBoxesSize:5
currentRepackCostTime:183.347s , currentRepackMaxTime:293.8088489208633s
iter7		 Improve solution by repack 0.8632753292125772->0.8548327062617576 , unplacedBoxesSize:5
currentRepackCostTime:183.379s , currentRepackMaxTime:293.8088489208633s
iter13		 Improve solution by repack 0.8548327062617576->0.8500940607363612 , unplacedBoxesSize:5
currentRepackCostTime:183.455s , currentRepackMaxTime:293.8088489208633s
iter16		 Improve solution by repack 0.8500940607363612->0.8400470303681805 , unplacedBoxesSize:5
currentRepackCostTime:183.529s , currentRepackMaxTime:293.8088489208633s
iter92		 Improve solution by repack 0.8400470303681805->0.8344188390217683 , unplacedBoxesSize:5
currentRepackCostTime:183.984s , currentRepackMaxTime:293.8088489208633s
iter9		 Improve solution by repack 0.8344188390217683->0.8071499596882558 , unplacedBoxesSize:2
currentRepackCostTime:184.019s , currentRepackMaxTime:293.8088489208633s
Selecting boards with low utilization for repacking...
iter1		 Improve solution by repack 0.9271230851921526->0.9002217145928514 , unplacedBoxesSize:8
currentRepackCostTime:185.286s , currentRepackMaxTime:293.8088489208633s
iter5		 Improve solution by repack 0.9002217145928514->0.844395323837678 , unplacedBoxesSize:5
currentRepackCostTime:185.31300000000002s , currentRepackMaxTime:293.8088489208633s
iter1		 Improve solution by repack 0.844395323837678->0.8391574845471648 , unplacedBoxesSize:5
currentRepackCostTime:185.318s , currentRepackMaxTime:293.8088489208633s
iter22		 Improve solution by repack 0.8391574845471648->0.8342884977156678 , unplacedBoxesSize:5
currentRepackCostTime:185.431s , currentRepackMaxTime:293.8088489208633s
iter142		 Improve solution by repack 0.8342884977156678->0.8071499596882558 , unplacedBoxesSize:2
currentRepackCostTime:186.124s , currentRepackMaxTime:293.8088489208633s
Selecting boards with low utilization for repacking...
iter3		 Improve solution by repack 0.9267861461972589->0.9184211233539371 , unplacedBoxesSize:8
currentRepackCostTime:187.475s , currentRepackMaxTime:293.8088489208633s
iter3		 Improve solution by repack 0.9184211233539371->0.8675087342112334 , unplacedBoxesSize:6
currentRepackCostTime:187.497s , currentRepackMaxTime:293.8088489208633s
iter32		 Improve solution by repack 0.8675087342112334->0.8565640956732061 , unplacedBoxesSize:5
currentRepackCostTime:187.656s , currentRepackMaxTime:293.8088489208633s
iter4		 Improve solution by repack 0.8565640956732061->0.8533727492609513 , unplacedBoxesSize:5
currentRepackCostTime:187.67600000000002s , currentRepackMaxTime:293.8088489208633s
iter7		 Improve solution by repack 0.8533727492609513->0.8528688524590164 , unplacedBoxesSize:5
currentRepackCostTime:187.71800000000002s , currentRepackMaxTime:293.8088489208633s
iter137		 Improve solution by repack 0.8528688524590164->0.8522930663800055 , unplacedBoxesSize:5
currentRepackCostTime:188.383s , currentRepackMaxTime:293.8088489208633s
iter63		 Improve solution by repack 0.8522930663800055->0.8513417092179522 , unplacedBoxesSize:3
currentRepackCostTime:188.643s , currentRepackMaxTime:293.8088489208633s
iter45		 Improve solution by repack 0.8513417092179522->0.8480300994356356 , unplacedBoxesSize:3
currentRepackCostTime:188.857s , currentRepackMaxTime:293.8088489208633s
iter21		 Improve solution by repack 0.8480300994356356->0.8305280838484278 , unplacedBoxesSize:3
currentRepackCostTime:188.933s , currentRepackMaxTime:293.8088489208633s
iter218		 Improve solution by repack 0.8305280838484278->0.8071499596882558 , unplacedBoxesSize:2
currentRepackCostTime:189.854s , currentRepackMaxTime:293.8088489208633s
Selecting boards with low utilization for repacking...
iter1		 Improve solution by repack 0.9341514377855414->0.9129924751410912 , unplacedBoxesSize:8
currentRepackCostTime:190.90800000000002s , currentRepackMaxTime:293.8088489208633s
iter8		 Improve solution by repack 0.9129924751410912->0.869278419779629 , unplacedBoxesSize:5
currentRepackCostTime:190.959s , currentRepackMaxTime:293.8088489208633s
iter7		 Improve solution by repack 0.869278419779629->0.8617804353668369 , unplacedBoxesSize:5
currentRepackCostTime:190.989s , currentRepackMaxTime:293.8088489208633s
iter3		 Improve solution by repack 0.8617804353668369->0.8611535877452298 , unplacedBoxesSize:5
currentRepackCostTime:190.999s , currentRepackMaxTime:293.8088489208633s
iter6		 Improve solution by repack 0.8611535877452298->0.8577506046761624 , unplacedBoxesSize:6
currentRepackCostTime:191.025s , currentRepackMaxTime:293.8088489208633s
iter7		 Improve solution by repack 0.8577506046761624->0.8522930663800055 , unplacedBoxesSize:5
currentRepackCostTime:191.065s , currentRepackMaxTime:293.8088489208633s
iter42		 Improve solution by repack 0.8522930663800055->0.8433015318462779 , unplacedBoxesSize:3
currentRepackCostTime:191.263s , currentRepackMaxTime:293.8088489208633s
iter1		 Improve solution by repack 0.8433015318462779->0.8071499596882558 , unplacedBoxesSize:2
currentRepackCostTime:191.268s , currentRepackMaxTime:293.8088489208633s
Selecting boards with low utilization for repacking...
iter1		 Improve solution by repack 0.9411797903789305->0.9006839559258264 , unplacedBoxesSize:8
currentRepackCostTime:193.042s , currentRepackMaxTime:293.8088489208633s
iter5		 Improve solution by repack 0.9006839559258264->0.8992844665412524 , unplacedBoxesSize:8
currentRepackCostTime:193.07500000000002s , currentRepackMaxTime:293.8088489208633s
iter9		 Improve solution by repack 0.8992844665412524->0.8952371674281108 , unplacedBoxesSize:6
currentRepackCostTime:193.136s , currentRepackMaxTime:293.8088489208633s
iter14		 Improve solution by repack 0.8952371674281108->0.8904985219027143 , unplacedBoxesSize:6
currentRepackCostTime:193.201s , currentRepackMaxTime:293.8088489208633s
iter2		 Improve solution by repack 0.8904985219027143->0.8698710024187046 , unplacedBoxesSize:6
currentRepackCostTime:193.208s , currentRepackMaxTime:293.8088489208633s
iter3		 Improve solution by repack 0.8698710024187046->0.860264041924214 , unplacedBoxesSize:5
currentRepackCostTime:193.225s , currentRepackMaxTime:293.8088489208633s
iter11		 Improve solution by repack 0.860264041924214->0.8444907282988444 , unplacedBoxesSize:3
currentRepackCostTime:193.27100000000002s , currentRepackMaxTime:293.8088489208633s
iter12		 Improve solution by repack 0.8444907282988444->0.839752082773448 , unplacedBoxesSize:3
currentRepackCostTime:193.333s , currentRepackMaxTime:293.8088489208633s
iter14		 Improve solution by repack 0.839752082773448->0.8386089088954581 , unplacedBoxesSize:3
currentRepackCostTime:193.401s , currentRepackMaxTime:293.8088489208633s
iter15		 Improve solution by repack 0.8386089088954581->0.8364062080085998 , unplacedBoxesSize:2
currentRepackCostTime:193.451s , currentRepackMaxTime:293.8088489208633s
iter4		 Improve solution by repack 0.8364062080085998->0.8357733136253696 , unplacedBoxesSize:2
currentRepackCostTime:193.466s , currentRepackMaxTime:293.8088489208633s
iter10		 Improve solution by repack 0.8357733136253696->0.8312442891695782 , unplacedBoxesSize:2
currentRepackCostTime:193.50900000000001s , currentRepackMaxTime:293.8088489208633s
iter34		 Improve solution by repack 0.8312442891695782->0.8269127922601451 , unplacedBoxesSize:2
currentRepackCostTime:193.635s , currentRepackMaxTime:293.8088489208633s
Selecting boards with low utilization for repacking...
iter3		 Improve solution by repack 0.9562086804622413->0.9559029830690675 , unplacedBoxesSize:10
currentRepackCostTime:195.248s , currentRepackMaxTime:293.8088489208633s
iter1		 Improve solution by repack 0.9559029830690675->0.8819537758667025 , unplacedBoxesSize:3
currentRepackCostTime:195.251s , currentRepackMaxTime:293.8088489208633s
iter10		 Improve solution by repack 0.8819537758667025->0.8577506046761624 , unplacedBoxesSize:6
currentRepackCostTime:195.291s , currentRepackMaxTime:293.8088489208633s
iter8		 Improve solution by repack 0.8577506046761624->0.8522930663800055 , unplacedBoxesSize:5
currentRepackCostTime:195.338s , currentRepackMaxTime:293.8088489208633s
iter190		 Improve solution by repack 0.8522930663800055->0.8513417092179522 , unplacedBoxesSize:3
currentRepackCostTime:196.312s , currentRepackMaxTime:293.8088489208633s
iter230		 Improve solution by repack 0.8513417092179522->0.8477660575114216 , unplacedBoxesSize:6
currentRepackCostTime:197.275s , currentRepackMaxTime:293.8088489208633s
iter216		 Improve solution by repack 0.8477660575114216->0.8240224402042461 , unplacedBoxesSize:5
currentRepackCostTime:198.46s , currentRepackMaxTime:293.8088489208633s
iter18		 Improve solution by repack 0.8240224402042461->0.8071499596882558 , unplacedBoxesSize:2
currentRepackCostTime:198.558s , currentRepackMaxTime:293.8088489208633s
Selecting boards with low utilization for repacking...
iter1		 Improve solution by repack 0.960073179252889->0.9585151840902983 , unplacedBoxesSize:7
currentRepackCostTime:200.239s , currentRepackMaxTime:293.8088489208633s
iter1		 Improve solution by repack 0.9585151840902983->0.9555798172534264 , unplacedBoxesSize:7
currentRepackCostTime:200.246s , currentRepackMaxTime:293.8088489208633s
iter3		 Improve solution by repack 0.9555798172534264->0.9555697393173878 , unplacedBoxesSize:8
currentRepackCostTime:200.25900000000001s , currentRepackMaxTime:293.8088489208633s
iter3		 Improve solution by repack 0.9555697393173878->0.9534567320612739 , unplacedBoxesSize:7
currentRepackCostTime:200.288s , currentRepackMaxTime:293.8088489208633s
iter1		 Improve solution by repack 0.9534567320612739->0.9490493147003494 , unplacedBoxesSize:7
currentRepackCostTime:200.294s , currentRepackMaxTime:293.8088489208633s
iter5		 Improve solution by repack 0.9490493147003494->0.9168986831496909 , unplacedBoxesSize:6
currentRepackCostTime:200.328s , currentRepackMaxTime:293.8088489208633s
iter9		 Improve solution by repack 0.9168986831496909->0.9072910507927976 , unplacedBoxesSize:6
currentRepackCostTime:200.372s , currentRepackMaxTime:293.8088489208633s
iter2		 Improve solution by repack 0.9072910507927976->0.8946425692018275 , unplacedBoxesSize:6
currentRepackCostTime:200.38400000000001s , currentRepackMaxTime:293.8088489208633s
iter1		 Improve solution by repack 0.8946425692018275->0.8912966944369792 , unplacedBoxesSize:5
currentRepackCostTime:200.389s , currentRepackMaxTime:293.8088489208633s
iter22		 Improve solution by repack 0.8912966944369792->0.8861347755979576 , unplacedBoxesSize:5
currentRepackCostTime:200.488s , currentRepackMaxTime:293.8088489208633s
iter75		 Improve solution by repack 0.8861347755979576->0.8796042730448804 , unplacedBoxesSize:5
currentRepackCostTime:200.845s , currentRepackMaxTime:293.8088489208633s
Selecting boards with low utilization for repacking...
iter1		 Improve solution by repack 0.9623495028218221->0.9364707067992475 , unplacedBoxesSize:7
currentRepackCostTime:203.01500000000001s , currentRepackMaxTime:293.8088489208633s
iter3		 Improve solution by repack 0.9364707067992475->0.8796916151572157 , unplacedBoxesSize:6
currentRepackCostTime:203.024s , currentRepackMaxTime:293.8088489208633s
iter1		 Improve solution by repack 0.8796916151572157->0.8653453372749261 , unplacedBoxesSize:6
currentRepackCostTime:203.031s , currentRepackMaxTime:293.8088489208633s
iter9		 Improve solution by repack 0.8653453372749261->0.8653251814028488 , unplacedBoxesSize:6
currentRepackCostTime:203.078s , currentRepackMaxTime:293.8088489208633s
iter4		 Improve solution by repack 0.8653251814028488->0.8591930932545014 , unplacedBoxesSize:6
currentRepackCostTime:203.097s , currentRepackMaxTime:293.8088489208633s
iter27		 Improve solution by repack 0.8591930932545014->0.8495854608976081 , unplacedBoxesSize:6
currentRepackCostTime:203.258s , currentRepackMaxTime:293.8088489208633s
iter49		 Improve solution by repack 0.8495854608976081->0.8410776672937382 , unplacedBoxesSize:5
currentRepackCostTime:203.513s , currentRepackMaxTime:293.8088489208633s
iter83		 Improve solution by repack 0.8410776672937382->0.8376249664068798 , unplacedBoxesSize:4
currentRepackCostTime:203.929s , currentRepackMaxTime:293.8088489208633s
iter13		 Improve solution by repack 0.8376249664068798->0.8326320209621069 , unplacedBoxesSize:6
currentRepackCostTime:203.988s , currentRepackMaxTime:293.8088489208633s
iter3		 Improve solution by repack 0.8326320209621069->0.8254565305025531 , unplacedBoxesSize:6
currentRepackCostTime:204.002s , currentRepackMaxTime:293.8088489208633s
iter9		 Improve solution by repack 0.8254565305025531->0.8222651840902984 , unplacedBoxesSize:6
currentRepackCostTime:204.048s , currentRepackMaxTime:293.8088489208633s
iter17		 Improve solution by repack 0.8222651840902984->0.8162765385649019 , unplacedBoxesSize:4
currentRepackCostTime:204.133s , currentRepackMaxTime:293.8088489208633s
iter4		 Improve solution by repack 0.8162765385649019->0.8071499596882558 , unplacedBoxesSize:2
currentRepackCostTime:204.153s , currentRepackMaxTime:293.8088489208633s
Selecting boards with low utilization for repacking...
iter1		 Improve solution by repack 0.939672131147541->0.8780939263638806 , unplacedBoxesSize:6
currentRepackCostTime:205.351s , currentRepackMaxTime:293.8088489208633s
iter13		 Improve solution by repack 0.8780939263638806->0.8749993281375974 , unplacedBoxesSize:6
currentRepackCostTime:205.43800000000002s , currentRepackMaxTime:293.8088489208633s
iter4		 Improve solution by repack 0.8749993281375974->0.8733069067454986 , unplacedBoxesSize:6
currentRepackCostTime:205.454s , currentRepackMaxTime:293.8088489208633s
iter7		 Improve solution by repack 0.8733069067454986->0.8402499328137598 , unplacedBoxesSize:5
currentRepackCostTime:205.499s , currentRepackMaxTime:293.8088489208633s
iter22		 Improve solution by repack 0.8402499328137598->0.8277774791722655 , unplacedBoxesSize:2
currentRepackCostTime:205.6s , currentRepackMaxTime:293.8088489208633s
iter75		 Improve solution by repack 0.8277774791722655->0.8071499596882558 , unplacedBoxesSize:2
currentRepackCostTime:205.87s , currentRepackMaxTime:293.8088489208633s
iter18		 Improve solution by repack 0.8071499596882558->0.8067831228164472 , unplacedBoxesSize:4
currentRepackCostTime:205.939s , currentRepackMaxTime:293.8088489208633s
Selecting boards with low utilization for repacking...
iter6		 Improve solution by repack 0.9505038968019349->0.9337489922063961 , unplacedBoxesSize:8
currentRepackCostTime:207.824s , currentRepackMaxTime:293.8088489208633s
iter8		 Improve solution by repack 0.9337489922063961->0.8316265788766461 , unplacedBoxesSize:4
currentRepackCostTime:207.879s , currentRepackMaxTime:293.8088489208633s
iter73		 Improve solution by repack 0.8316265788766461->0.8292300456866433 , unplacedBoxesSize:5
currentRepackCostTime:208.22s , currentRepackMaxTime:293.8088489208633s
iter60		 Improve solution by repack 0.8292300456866433->0.8243610588551464 , unplacedBoxesSize:5
currentRepackCostTime:208.52s , currentRepackMaxTime:293.8088489208633s
iter31		 Improve solution by repack 0.8243610588551464->0.8196224133297502 , unplacedBoxesSize:5
currentRepackCostTime:208.669s , currentRepackMaxTime:293.8088489208633s
iter7		 Improve solution by repack 0.8196224133297502->0.8111146197258802 , unplacedBoxesSize:4
currentRepackCostTime:208.71s , currentRepackMaxTime:293.8088489208633s
iter5		 Improve solution by repack 0.8111146197258802->0.8071499596882558 , unplacedBoxesSize:2
currentRepackCostTime:208.733s , currentRepackMaxTime:293.8088489208633s
Selecting boards with low utilization for repacking...
iter1		 Improve solution by repack 0.9717764041924214->0.9145928513840366 , unplacedBoxesSize:8
currentRepackCostTime:210.025s , currentRepackMaxTime:293.8088489208633s
iter1		 Improve solution by repack 0.9145928513840366->0.9124052674012363 , unplacedBoxesSize:5
currentRepackCostTime:210.025s , currentRepackMaxTime:293.8088489208633s
iter4		 Improve solution by repack 0.9124052674012363->0.8917777479172265 , unplacedBoxesSize:5
currentRepackCostTime:210.03900000000002s , currentRepackMaxTime:293.8088489208633s
iter5		 Improve solution by repack 0.8917777479172265->0.8752311206664874 , unplacedBoxesSize:7
currentRepackCostTime:210.06900000000002s , currentRepackMaxTime:293.8088489208633s
iter44		 Improve solution by repack 0.8752311206664874->0.8737338753023381 , unplacedBoxesSize:5
currentRepackCostTime:210.334s , currentRepackMaxTime:293.8088489208633s
iter1		 Improve solution by repack 0.8737338753023381->0.8475796156947057 , unplacedBoxesSize:4
currentRepackCostTime:210.338s , currentRepackMaxTime:293.8088489208633s
iter17		 Improve solution by repack 0.8475796156947057->0.8380428648212845 , unplacedBoxesSize:4
currentRepackCostTime:210.41400000000002s , currentRepackMaxTime:293.8088489208633s
iter9		 Improve solution by repack 0.8380428648212845->0.8357249395323838 , unplacedBoxesSize:4
currentRepackCostTime:210.446s , currentRepackMaxTime:293.8088489208633s
Selecting boards with low utilization for repacking...
iter2		 Improve solution by repack 0.9732067992475141->0.9644557914539101 , unplacedBoxesSize:10
currentRepackCostTime:212.485s , currentRepackMaxTime:293.8088489208633s
iter2		 Improve solution by repack 0.9644557914539101->0.9469692287019618 , unplacedBoxesSize:6
currentRepackCostTime:212.499s , currentRepackMaxTime:293.8088489208633s
iter3		 Improve solution by repack 0.9469692287019618->0.9468214189733943 , unplacedBoxesSize:4
currentRepackCostTime:212.518s , currentRepackMaxTime:293.8088489208633s
iter3		 Improve solution by repack 0.9468214189733943->0.8540439398011287 , unplacedBoxesSize:3
currentRepackCostTime:212.528s , currentRepackMaxTime:293.8088489208633s
iter74		 Improve solution by repack 0.8540439398011287->0.8473579011018544 , unplacedBoxesSize:3
currentRepackCostTime:212.85s , currentRepackMaxTime:293.8088489208633s
iter77		 Improve solution by repack 0.8473579011018544->0.8393422467078743 , unplacedBoxesSize:4
currentRepackCostTime:213.159s , currentRepackMaxTime:293.8088489208633s
iter3		 Improve solution by repack 0.8393422467078743->0.8389465197527546 , unplacedBoxesSize:5
currentRepackCostTime:213.171s , currentRepackMaxTime:293.8088489208633s
iter5		 Improve solution by repack 0.8389465197527546->0.8386085729642568 , unplacedBoxesSize:5
currentRepackCostTime:213.195s , currentRepackMaxTime:293.8088489208633s
iter200		 Improve solution by repack 0.8386085729642568->0.8257545014780973 , unplacedBoxesSize:5
currentRepackCostTime:214.201s , currentRepackMaxTime:293.8088489208633s
iter52		 Improve solution by repack 0.8257545014780973->0.8071499596882558 , unplacedBoxesSize:2
currentRepackCostTime:214.459s , currentRepackMaxTime:293.8088489208633s
Selecting boards with low utilization for repacking...
iter2		 Improve solution by repack 0.9814398011287288->0.9654662725073904 , unplacedBoxesSize:9
currentRepackCostTime:215.952s , currentRepackMaxTime:293.8088489208633s
iter1		 Improve solution by repack 0.9654662725073904->0.9393926363880678 , unplacedBoxesSize:8
currentRepackCostTime:215.959s , currentRepackMaxTime:293.8088489208633s
iter1		 Improve solution by repack 0.9393926363880678->0.9383095941951088 , unplacedBoxesSize:8
currentRepackCostTime:215.964s , currentRepackMaxTime:293.8088489208633s
iter4		 Improve solution by repack 0.9383095941951088->0.8958754367105617 , unplacedBoxesSize:6
currentRepackCostTime:215.989s , currentRepackMaxTime:293.8088489208633s
iter2		 Improve solution by repack 0.8958754367105617->0.8665714861596345 , unplacedBoxesSize:4
currentRepackCostTime:215.994s , currentRepackMaxTime:293.8088489208633s
iter13		 Improve solution by repack 0.8665714861596345->0.8664733942488579 , unplacedBoxesSize:4
currentRepackCostTime:216.048s , currentRepackMaxTime:293.8088489208633s
iter8		 Improve solution by repack 0.8664733942488579->0.8613262563826929 , unplacedBoxesSize:3
currentRepackCostTime:216.09300000000002s , currentRepackMaxTime:293.8088489208633s
iter1		 Improve solution by repack 0.8613262563826929->0.8577452297769417 , unplacedBoxesSize:3
currentRepackCostTime:216.098s , currentRepackMaxTime:293.8088489208633s
Selecting boards with low utilization for repacking...
iter1		 Improve solution by repack 0.9839193093254501->0.9692085460897608 , unplacedBoxesSize:9
currentRepackCostTime:218.392s , currentRepackMaxTime:293.8088489208633s
iter33		 Improve solution by repack 0.9692085460897608->0.9677986428379468 , unplacedBoxesSize:9
currentRepackCostTime:218.606s , currentRepackMaxTime:293.8088489208633s
iter14		 Improve solution by repack 0.9677986428379468->0.8785847218489653 , unplacedBoxesSize:3
currentRepackCostTime:218.699s , currentRepackMaxTime:293.8088489208633s
iter46		 Improve solution by repack 0.8785847218489653->0.8568301531846277 , unplacedBoxesSize:5
currentRepackCostTime:218.889s , currentRepackMaxTime:293.8088489208633s
Selecting boards with low utilization for repacking...
All low-utilization boards have been repacked once. Restarting repacking process...
